item_name,price,link_to_item,link_to_item_image
"iO Series 8 Electric Toothbrush with 3 Oral-B Replacement Brush Heads, Violet Ametrine",$199.94,https://www.amazon.com/gp/slredirect/picassoRedirect.html/ref=pa_sp_atf_aps_sr_pg1_1?ie=UTF8&adId=A09035121Z607NFU1A5RP&qualifier=1670362110&id=1768275868641310&widgetName=sp_atf&url=%2FOral-B-Electric-Toothbrush-Violet-Ametrine%2Fdp%2FB088CK4X7G%2Fref%3Dsr_1_1_sspa%3Fcrid%3D1ETD973V81N4Y%26keywords%3Dtoothbrush%26qid%3D1670362110%26sprefix%3Dtoothbrush%252Caps%252C70%26sr%3D8-1-spons%26psc%3D1,https://m.media-amazon.com/images/I/612T6LTSZhL._AC_UL320_.jpg
"Oral-B Genius X Limited, Electric Toothbrush with Artificial Intelligence, 1 Replacement Brush Head, 1 Travel Case, Midnight Black",$199.99,https://www.amazon.com/gp/slredirect/picassoRedirect.html/ref=pa_sp_atf_aps_sr_pg1_1?ie=UTF8&adId=A08202742T0RQ59PC87S7&qualifier=1670362110&id=1768275868641310&widgetName=sp_atf&url=%2FOral-B-Rechargeable-Toothbrush-Intelligence-Replacement%2Fdp%2FB084PPRXB5%2Fref%3Dsr_1_2_sspa%3Fcrid%3D1ETD973V81N4Y%26keywords%3Dtoothbrush%26qid%3D1670362110%26sprefix%3Dtoothbrush%252Caps%252C70%26sr%3D8-2-spons%26psc%3D1,https://m.media-amazon.com/images/I/718iGPGdiFL._AC_UL320_.jpg
Aquasonic Black Series Ultra Whitening Toothbrush – ADA Accepted Electric Toothbrush - 8 Brush Heads & Travel Case - Ultra Sonic Motor & Wireless Charging - 4 Modes w Smart Timer - Sonic Electric,$24.95,https://www.amazon.com/gp/slredirect/picassoRedirect.html/ref=pa_sp_atf_aps_sr_pg1_1?ie=UTF8&adId=A04082362BAPPTFTPZDYE&qualifier=1670362110&id=1768275868641310&widgetName=sp_atf&url=%2FAquaSonic-Black-Ultra-Whitening-Toothbrush%2Fdp%2FB072YVWBXH%2Fref%3Dsr_1_3_sspa%3Fcrid%3D1ETD973V81N4Y%26keywords%3Dtoothbrush%26qid%3D1670362110%26sprefix%3Dtoothbrush%252Caps%252C70%26sr%3D8-3-spons%26psc%3D1,https://m.media-amazon.com/images/I/716hFx-iA3L._AC_UL320_.jpg
"JTF Sonic Electric Toothbrush for Adults with 6 Brush Heads and Travel Case, Wireless Fast Charge and Long Lasting, Smart Timer 5 Modes Whitening Toothbrushes, White",$44.99,https://www.amazon.com/gp/slredirect/picassoRedirect.html/ref=pa_sp_atf_aps_sr_pg1_1?ie=UTF8&adId=A00360943AZA0TUOG8GEN&qualifier=1670362110&id=1768275868641310&widgetName=sp_atf&url=%2FElectric-Toothbrush-Whitening-Toothbrushes-JTF%2Fdp%2FB09WCQYCM3%2Fref%3Dsr_1_4_sspa%3Fcrid%3D1ETD973V81N4Y%26keywords%3Dtoothbrush%26qid%3D1670362110%26sprefix%3Dtoothbrush%252Caps%252C70%26sr%3D8-4-spons%26psc%3D1,https://m.media-amazon.com/images/I/61fp0T+JbTL._AC_UL320_.jpg
"Colgate Extra Clean Toothbrush, Soft Toothbrush for Adults, 6 Pack",$4.44,https://www.amazon.com/Colgate-Extra-Clean-Toothbrush-Count/dp/B00CC6XSSQ/ref=sr_1_5?crid=1ETD973V81N4Y&keywords=toothbrush&qid=1670362110&sprefix=toothbrush%2Caps%2C70&sr=8-5,https://m.media-amazon.com/images/I/81l2bK1kAcL._AC_UL320_.jpg
"Philips Sonicare 4100 Power Toothbrush, Rechargeable Electric Toothbrush with Pressure Sensor, Black HX3681/24",$39.99,https://www.amazon.com/Philips-Sonicare-Toothbrush-Rechargeable-HX3681/dp/B09LD7WRVS/ref=sr_1_6?crid=1ETD973V81N4Y&keywords=toothbrush&qid=1670362110&sprefix=toothbrush%2Caps%2C70&sr=8-6,https://m.media-amazon.com/images/I/713c7c3UWrL._AC_UL320_.jpg
"Oral-B Pro 1000 CrossAction Electric Toothbrush, Black",$39.97,https://www.amazon.com/Oral-B-Black-Pro-1000-Rechargeable/dp/B01AKGRTUM/ref=sr_1_7?crid=1ETD973V81N4Y&keywords=toothbrush&qid=1670362110&sprefix=toothbrush%2Caps%2C70&sr=8-7,https://m.media-amazon.com/images/I/51rG8juGtnL._AC_UL320_.jpg
"PHYLIAN Sonic Electric Toothbrush for Adults and Kids - High Power Rechargeable Toothbrushes H7 with 8 Brush Heads, 5 Modes, 3 Hours Fast Charge for 120 Days, Smart Timer Black",$24.99,https://www.amazon.com/Electric-Toothbrush-Adults-Rechargeable-Toothbrushes/dp/B099KQCV35/ref=sr_1_8?crid=1ETD973V81N4Y&keywords=toothbrush&qid=1670362110&sprefix=toothbrush%2Caps%2C70&sr=8-8,https://m.media-amazon.com/images/I/718wj+lKa1L._AC_UL320_.jpg
"Oral-B Pro 1000 Power Rechargeable Electric Toothbrush Powered by Braun ,1 count , White (Packaging may vary)",$39.97,https://www.amazon.com/Oral-B-1000-Rechargeable-Electric-Toothbrush/dp/B003UKM9CO/ref=sr_1_9?crid=1ETD973V81N4Y&keywords=toothbrush&qid=1670362110&sprefix=toothbrush%2Caps%2C70&sr=8-9,https://m.media-amazon.com/images/I/71tk0kk89CL._AC_UL320_.jpg
"Colgate 360 Whole Mouth Clean Toothbrush, Medium Toothbrush for Adults, 4 Pack",$8.87,https://www.amazon.com/Colgate-Adult-Toothbrush-Medium-Count/dp/B00H88K9EE/ref=sr_1_10?crid=1ETD973V81N4Y&keywords=toothbrush&qid=1670362110&sprefix=toothbrush%2Caps%2C70&sr=8-10,https://m.media-amazon.com/images/I/817BAlmNpyL._AC_UL320_.jpg
"Oral-B Genius X Limited, Electric Toothbrush with Artificial Intelligence, 1 Replacement Brush Head, 1 Travel Case, Midnight Black",$199.99,https://www.amazon.com/Oral-B-Rechargeable-Toothbrush-Intelligence-Replacement/dp/B084PPRXB5/ref=sr_1_11?crid=1ETD973V81N4Y&keywords=toothbrush&qid=1670362110&sprefix=toothbrush%2Caps%2C70&sr=8-11,https://m.media-amazon.com/images/I/718iGPGdiFL._AC_UL320_.jpg
Colgate Toothbrushes Premier Extra Clean ( 12 Toothbrushes),$7.19,https://www.amazon.com/Colgate-Toothbrushes-Premier-Extra-Clean/dp/B00I7HPNHS/ref=sr_1_12?crid=1ETD973V81N4Y&keywords=toothbrush&qid=1670362110&sprefix=toothbrush%2Caps%2C70&sr=8-12,https://m.media-amazon.com/images/I/912IDUOaQdL._AC_UL320_.jpg
Amazon Basics Rechargeable Toothbrush with Action Clean Brush Heads and Charger,$17.97,https://www.amazon.com/gp/slredirect/picassoRedirect.html/ref=pa_sp_mtf_aps_sr_pg1_1?ie=UTF8&adId=A0570202IAA12PQS92QA&qualifier=1670362110&id=1768275868641310&widgetName=sp_mtf&url=%2FAmazon-Basics-Rechargeable-Toothbrush-Charger%2Fdp%2FB08N7D5TSP%2Fref%3Dsr_1_13_sspa%3Fcrid%3D1ETD973V81N4Y%26keywords%3Dtoothbrush%26qid%3D1670362110%26sprefix%3Dtoothbrush%252Caps%252C70%26sr%3D8-13-spons%26psc%3D1,https://m.media-amazon.com/images/I/718NpfZ83kL._AC_UL320_.jpg
"hum by Colgate Smart Battery Toothbrush Kit, Sonic Toothbrush Handle with 2 Refill Heads and Travel Case, Teal, Amazon exclusive",$38.85,https://www.amazon.com/gp/slredirect/picassoRedirect.html/ref=pa_sp_mtf_aps_sr_pg1_1?ie=UTF8&adId=A05250835C1G6602R4C8&qualifier=1670362110&id=1768275868641310&widgetName=sp_mtf&url=%2FColgate-Battery-Toothbrush-Travel-Replacement%2Fdp%2FB0899M4CHX%2Fref%3Dsr_1_14_sspa%3Fcrid%3D1ETD973V81N4Y%26keywords%3Dtoothbrush%26qid%3D1670362110%26sprefix%3Dtoothbrush%252Caps%252C70%26sr%3D8-14-spons%26psc%3D1,https://m.media-amazon.com/images/I/51QStpXY6ZL._AC_UL320_.jpg
"hum by Colgate Smart Rhythm Sonic Toothbrush Kit, Battery-Powered, Slate Grey",$24.97,https://www.amazon.com/gp/slredirect/picassoRedirect.html/ref=pa_sp_mtf_aps_sr_pg1_1?ie=UTF8&adId=A02781312RBEU0ICJI0QK&qualifier=1670362110&id=1768275868641310&widgetName=sp_mtf&url=%2FColgate-Smart-Rhythm-Toothbrush-Battery-Powered%2Fdp%2FB09SBYG6ZT%2Fref%3Dsr_1_15_sspa%3Fcrid%3D1ETD973V81N4Y%26keywords%3Dtoothbrush%26qid%3D1670362110%26sprefix%3Dtoothbrush%252Caps%252C70%26sr%3D8-15-spons%26psc%3D1,https://m.media-amazon.com/images/I/71o5b8pWNDL._AC_UL320_.jpg
"PHYLIAN Sonic Electric Toothbrush for Adults - Rechargeable Power Electronic Toothbrushes with 5 Modes and Timer, Wireless Charge, 8 Brush Heads, Travel Case and Toothbrush Holder, H15 Black",$26.99,https://www.amazon.com/gp/slredirect/picassoRedirect.html/ref=pa_sp_mtf_aps_sr_pg1_1?ie=UTF8&adId=A003325018I2C3BTK2GCQ&qualifier=1670362110&id=1768275868641310&widgetName=sp_mtf&url=%2FPHYLIAN-Sonic-Electric-Toothbrush-Adults%2Fdp%2FB0B2484MNZ%2Fref%3Dsr_1_16_sspa%3Fcrid%3D1ETD973V81N4Y%26keywords%3Dtoothbrush%26qid%3D1670362110%26sprefix%3Dtoothbrush%252Caps%252C70%26sr%3D8-16-spons%26psc%3D1,https://m.media-amazon.com/images/I/71QpcXpoeWL._AC_UL320_.jpg
"Colgate 360 Optic White Advanced Toothbrush, Medium Toothbrush for Adults, 2 Pack",$6.99,https://www.amazon.com/Colgate-Advanced-Optic-Toothbrush-Medium/dp/B07S9GV83R/ref=sr_1_17?crid=1ETD973V81N4Y&keywords=toothbrush&qid=1670362110&rdc=1&sprefix=toothbrush%2Caps%2C70&sr=8-17,https://m.media-amazon.com/images/I/81-LE6UYmsL._AC_UL320_.jpg
"PHYLIAN Sonic Electric Toothbrush for Adults and Women - Rechargeable Electric Toothbrush with 8 Brush Heads, Travel Case, Sonic Toothbrush 3 Hours Fast Charge for 120 Days ,H8 Pink",$27.99,https://www.amazon.com/Electric-Toothbrush-Adults-Travel-Rechargeable/dp/B09NSTXLK1/ref=sr_1_18?crid=1ETD973V81N4Y&keywords=toothbrush&qid=1670362110&sprefix=toothbrush%2Caps%2C70&sr=8-18,https://m.media-amazon.com/images/I/71mk1WSjsoL._AC_UL320_.jpg
"REACH Essentials Toothbrush with Toothbrush Caps, Multi-Zoned Angled Soft Bristles, Contoured Handle, Tongue Scraper, 6 Count (Pack of 1)",$3.22,https://www.amazon.com/Reach-Essentials-Toothbrush-Brush-Bristles/dp/B08JQCZ71B/ref=sr_1_19?crid=1ETD973V81N4Y&keywords=toothbrush&qid=1670362110&sprefix=toothbrush%2Caps%2C70&sr=8-19,https://m.media-amazon.com/images/I/712qHc-N5oL._AC_UL320_.jpg
"Oral-B iO Series 3 Limited Electric Toothbrush with (2) Brush Heads, Rechargeable, Black",$99.99,https://www.amazon.com/Oral-B-iO-Electric-Toothbrush-Rechargeable/dp/B0B5HRWH1S/ref=sr_1_20?crid=1ETD973V81N4Y&keywords=toothbrush&qid=1670362110&sprefix=toothbrush%2Caps%2C70&sr=8-20,https://m.media-amazon.com/images/I/71k+Kxu6pOL._AC_UL320_.jpg
"Oral-B Pro 5000 Smartseries Power Rechargeable Electric Toothbrush with Bluetooth Connectivity, Black Edition",$96.98,https://www.amazon.com/Oral-B-Smartseries-Toothbrush-Bluetooth-Connectivity/dp/B07KQ47SJ4/ref=sr_1_21?crid=1ETD973V81N4Y&keywords=toothbrush&qid=1670362110&sprefix=toothbrush%2Caps%2C70&sr=8-21,https://m.media-amazon.com/images/I/81FJkm0Sp0L._AC_UL320_.jpg
"SHAOJIER Sonic Electric Toothbrush , Electronic Toothbrush for Adults with 8 Brush Heads,Rechargeable Electric Toothbrush with Travel case, 40 Day Endurance, 3 Modes and Timer, (Pink)",$9.99,https://www.amazon.com/SHAOJIER-Toothbrush-Electronic-Rechargeable-Endurance/dp/B0B8NWZY1F/ref=sr_1_22?crid=1ETD973V81N4Y&keywords=toothbrush&qid=1670362110&sprefix=toothbrush%2Caps%2C70&sr=8-22,https://m.media-amazon.com/images/I/61A5-HUVtBL._AC_UL320_.jpg
"Philips Sonicare ProtectiveClean 5300 Rechargeable Electric Power Toothbrush, Black, HX6423/34",$99.96,https://www.amazon.com/Philips-Sonicare-ProtectiveClean-Rechargeable-HX6423/dp/B084TM4XKG/ref=sr_1_23?crid=1ETD973V81N4Y&keywords=toothbrush&qid=1670362110&sprefix=toothbrush%2Caps%2C70&sr=8-23,https://m.media-amazon.com/images/I/81e58wQ0DrL._AC_UL320_.jpg
12 Pack Colgate Toothbrush Firm Hard Full Head Extra Clean New,$12.90,https://www.amazon.com/Pack-Colgate-Toothbrush-Extra-Clean/dp/B0180TQHKO/ref=sr_1_24?crid=1ETD973V81N4Y&keywords=toothbrush&qid=1670362110&sprefix=toothbrush%2Caps%2C70&sr=8-24,https://m.media-amazon.com/images/I/51-hAVlL9WL._AC_UL320_.jpg
"Bitvae Ultrasonic Electric Toothbrushes - Sonic Electric Toothbrush for Adults , American Dental Association Accepted , Rechargeable Travel Toothbrush with 8 Heads , Soft Bristle Toothbrush, Black D2",$19.67,https://www.amazon.com/gp/slredirect/picassoRedirect.html/ref=pa_sp_mtf_aps_sr_pg1_1?ie=UTF8&adId=A06600331VEXOXZH9NC65&qualifier=1670362110&id=1768275868641310&widgetName=sp_mtf&url=%2FBitvae-Toothbrush-Electronic-Rechargeable-Ultrasonic%2Fdp%2FB09T9F8PYG%2Fref%3Dsr_1_25_sspa%3Fcrid%3D1ETD973V81N4Y%26keywords%3Dtoothbrush%26qid%3D1670362110%26sprefix%3Dtoothbrush%252Caps%252C70%26sr%3D8-25-spons%26psc%3D1,https://m.media-amazon.com/images/I/71AImsUsCQL._AC_UL320_.jpg
AquaSonic Home Dental Center PRO – Flossing Made Easy – Brush & Floss – Ultrasonic Electric Toothbrush & Water Flosser – Whiter Teeth & Healthier Gums – Black Series Pro+Oral Irrigator – ADA Approved,$69.95,https://www.amazon.com/gp/slredirect/picassoRedirect.html/ref=pa_sp_mtf_aps_sr_pg1_1?ie=UTF8&adId=A04718072KGEZ5F49IQLS&qualifier=1670362110&id=1768275868641310&widgetName=sp_mtf&url=%2FAquaSonic-Home-Dental-Center-PRO%2Fdp%2FB09N52421L%2Fref%3Dsr_1_26_sspa%3Fcrid%3D1ETD973V81N4Y%26keywords%3Dtoothbrush%26qid%3D1670362110%26sprefix%3Dtoothbrush%252Caps%252C70%26sr%3D8-26-spons%26psc%3D1,https://m.media-amazon.com/images/I/71-USwqlWuL._AC_UL320_.jpg
"Aquasonic Duo Dual Handle Ultra Whitening 40,000 VPM Wireless Charging Electric ToothBrushes - 3 Modes with Smart Timers - 10 Dupont Brush Heads & 2 Travel Cases Included",$49.95,https://www.amazon.com/gp/slredirect/picassoRedirect.html/ref=pa_sp_mtf_aps_sr_pg1_1?ie=UTF8&adId=A09353791LBJ5BYE1QZJW&qualifier=1670362110&id=1768275868641310&widgetName=sp_mtf&url=%2FAquaSonic-DUO-Whitening-Rechargeable-ToothBrushes%2Fdp%2FB07HFG93GK%2Fref%3Dsr_1_27_sspa%3Fcrid%3D1ETD973V81N4Y%26keywords%3Dtoothbrush%26qid%3D1670362110%26sprefix%3Dtoothbrush%252Caps%252C70%26sr%3D8-27-spons%26psc%3D1,https://m.media-amazon.com/images/I/7117K2Ej9AS._AC_UL320_.jpg
"kingheroes Sonic Electric Toothbrush with 8 Brush Heads & Travel Case，4 Modes, One Charge for 60 Days, 42000 VPM Motor，Black Electric Toothbrush Set",$15.91,https://www.amazon.com/gp/slredirect/picassoRedirect.html/ref=pa_sp_mtf_aps_sr_pg1_1?ie=UTF8&adId=A04489193F8OHPIC7FIH5&qualifier=1670362110&id=1768275868641310&widgetName=sp_mtf&url=%2Fkingheroes-Black-personality-whitening-Toothbrush%2Fdp%2FB08L78KPWJ%2Fref%3Dsr_1_28_sspa%3Fcrid%3D1ETD973V81N4Y%26keywords%3Dtoothbrush%26qid%3D1670362110%26sprefix%3Dtoothbrush%252Caps%252C70%26sr%3D8-28-spons%26psc%3D1,https://m.media-amazon.com/images/I/7107L82z9dL._AC_UL320_.jpg
"PHYLIAN Sonic Electric Toothbrush for Adults and Women - Rechargeable Power Electronic Toothbrushes with 5 Modes and Timer, Wireless Charge, 8 Brush Heads, Travel Case and Toothbrush Holder, H15 Pink",$26.99,https://www.amazon.com/PHYLIAN-Sonic-Electric-Toothbrush-Adults/dp/B0B248BFQH/ref=sr_1_29?crid=1ETD973V81N4Y&keywords=toothbrush&qid=1670362110&sprefix=toothbrush%2Caps%2C70&sr=8-29,https://m.media-amazon.com/images/I/71xZAyuH3mL._AC_UL320_.jpg
Aquasonic Black Series Ultra Whitening Toothbrush – ADA Accepted Electric Toothbrush - 8 Brush Heads & Travel Case - Ultra Sonic Motor & Wireless Charging - 4 Modes w Smart Timer - Sonic Electric,$24.95,https://www.amazon.com/AquaSonic-Black-Ultra-Whitening-Toothbrush/dp/B072YVWBXH/ref=sr_1_30?crid=1ETD973V81N4Y&keywords=toothbrush&qid=1670362110&sprefix=toothbrush%2Caps%2C70&sr=8-30,https://m.media-amazon.com/images/I/716hFx-iA3L._AC_UL320_.jpg
Aim® Massage Pro Toothbrush Soft 6-Pack,$8.23,https://www.amazon.com/Aim%C2%AE-Massage-Toothbrush-Soft-6-Pack/dp/B00TP000GK/ref=sr_1_31?crid=1ETD973V81N4Y&keywords=toothbrush&qid=1670362110&sprefix=toothbrush%2Caps%2C70&sr=8-31,https://m.media-amazon.com/images/I/91K2n2AtvtL._AC_UL320_.jpg
"Oral-B Charcoal Toothbrush Whitening Therapy, Soft 4ct",$9.99,https://www.amazon.com/Oral-B-Charcoal-Toothbrush-Whitening-Therapy/dp/B083YG28C2/ref=sr_1_32?crid=1ETD973V81N4Y&keywords=toothbrush&qid=1670362110&sprefix=toothbrush%2Caps%2C70&sr=8-32,https://m.media-amazon.com/images/I/81iMgLC0bVL._AC_UL320_.jpg
"Oral-B Indicator Color Collection Manual Toothbrush, Soft, 2 Count",$3.99,https://www.amazon.com/Oral-B-Indicator-Contour-Manual-Toothbrush/dp/B0787MWSLR/ref=sr_1_33?crid=1ETD973V81N4Y&keywords=toothbrush&qid=1670362110&sprefix=toothbrush%2Caps%2C70&sr=8-33,https://m.media-amazon.com/images/I/81-RhcY9p8L._AC_UL320_.jpg
"Philips One by Sonicare Rechargeable Toothbrush, Shimmer, HY1200/05",$25.96,https://www.amazon.com/Philips-Sonicare-Rechargeable-Toothbrush-Shimmer/dp/B09B1C9L85/ref=sr_1_34?crid=1ETD973V81N4Y&keywords=toothbrush&qid=1670362110&sprefix=toothbrush%2Caps%2C70&sr=8-34,https://m.media-amazon.com/images/I/71uOqpP+B7L._AC_UL320_.jpg
"Bitvae Ultrasonic Electric Toothbrushes - Sonic Electric Toothbrush for Adults , American Dental Association Accepted , Rechargeable Travel Toothbrush with 8 Heads , Soft Bristle Toothbrush, Black D2",$19.67,https://www.amazon.com/Bitvae-Toothbrush-Electronic-Rechargeable-Ultrasonic/dp/B09T9F8PYG/ref=sr_1_35?crid=1ETD973V81N4Y&keywords=toothbrush&qid=1670362110&sprefix=toothbrush%2Caps%2C70&sr=8-35,https://m.media-amazon.com/images/I/71AImsUsCQL._AC_UL320_.jpg
"Colgate 360 Optic White Whitening Toothbrush, Soft - 4 Count",$8.98,https://www.amazon.com/Colgate-Optic-White-Whitening-Toothbrush/dp/B00HC75THI/ref=sr_1_36?crid=1ETD973V81N4Y&keywords=toothbrush&qid=1670362110&sprefix=toothbrush%2Caps%2C70&sr=8-36,https://m.media-amazon.com/images/I/81VJPqnYQAL._AC_UL320_.jpg
"7AM2M Sonic Electric Toothbrush with 6 Brush Heads for Adults and Kids, One Charge for 90 Days, Wireless Fast Charge, 5 Modes with 2 Minutes Build in Smart Timer, Electric Toothbrushes(Black)",$25.99,https://www.amazon.com/Electric-Toothbrush-Wireless-Minutes-Toothbrushes/dp/B097RFPPYT/ref=sr_1_37?crid=1ETD973V81N4Y&keywords=toothbrush&qid=1670362110&sprefix=toothbrush%2Caps%2C70&sr=8-37,https://m.media-amazon.com/images/I/71LC4l63UML._AC_UL320_.jpg
"BTFO Sonic Electric Toothbrush with 5 Modes, 2pcs Replacement Brush Heads USB Rechargeable Smart Electronic Toothbrush with Holder for Adults IPX7 Waterproof Timing Fast Charging (Black, 1741-01)",$8.99,https://www.amazon.com/BTFO-Toothbrush-Replacement-Rechargeable-Electronic/dp/B099RJSSWP/ref=sr_1_38?crid=1ETD973V81N4Y&keywords=toothbrush&qid=1670362110&sprefix=toothbrush%2Caps%2C70&sr=8-38,https://m.media-amazon.com/images/I/71Rs0bWw6dL._AC_UL320_.jpg
"Philips Sonicare ProtectiveClean 6500 Rechargeable Electric Power Toothbrush with Charging Travel Case and Extra Brush Head, Navy Blue, HX6462/07",$169.96,https://www.amazon.com/Philips-Sonicare-ProtectiveClean-Rechargeable-HX6462/dp/B084X7BKF3/ref=sr_1_39?crid=1ETD973V81N4Y&keywords=toothbrush&qid=1670362110&sprefix=toothbrush%2Caps%2C70&sr=8-39,https://m.media-amazon.com/images/I/81qjzGGtfKL._AC_UL320_.jpg
"Colgate Total Advanced 360 Floss Tip Sonic Battery Powered Toothbrush, 2 Pack",$9.96,https://www.amazon.com/Colgate-Advanced-Floss-Tip-Vibrating-Toothbrush/dp/B0787G4D3Q/ref=sr_1_40?crid=1ETD973V81N4Y&keywords=toothbrush&qid=1670362110&rdc=1&sprefix=toothbrush%2Caps%2C70&sr=8-40,https://m.media-amazon.com/images/I/7100USN68eL._AC_UL320_.jpg
"Oral-B CrossAction All In One Manual Toothbrush, Soft, 4 count",$11.97,https://www.amazon.com/Oral-B-Pro-Health-Toothbrush-Count-Color/dp/B06WWQBWDV/ref=sr_1_41?crid=1ETD973V81N4Y&keywords=toothbrush&qid=1670362110&sprefix=toothbrush%2Caps%2C70&sr=8-41,https://m.media-amazon.com/images/I/81PYx1KtyfL._AC_UL320_.jpg
"Sensodyne Sensitive Toothbrush Soft Sensitive Teeth, 3 Count (Pack of 2)",$6.74,https://www.amazon.com/Sensodyne-Sensitive-Toothbrush-Soft-Teeth/dp/B01E8OK2YC/ref=sr_1_42?crid=1ETD973V81N4Y&keywords=toothbrush&qid=1670362110&sprefix=toothbrush%2Caps%2C70&sr=8-42,https://m.media-amazon.com/images/I/61uXPRyVu0L._AC_UL320_.jpg
"Colgate 360 Optic White Battery Powered Sonic Toothbrush, Soft, 1 Pack",$5.96,https://www.amazon.com/Colgate-Optic-Powered-Vibrating-Toothbrush/dp/B0746NTZRW/ref=sr_1_43?crid=1ETD973V81N4Y&keywords=toothbrush&qid=1670362110&sprefix=toothbrush%2Caps%2C70&sr=8-43,https://m.media-amazon.com/images/I/81ZSIgVmNtL._AC_UL320_.jpg
N-amboo Extra Hard Bamoo Toothbrush 8 Pieces of One Pack Firm Bristles Super Hard Toothbrush,$10.20,https://www.amazon.com/N-amboo-Extra-Toothbrush-Pieces-Bristles/dp/B0B5KDRWT6/ref=sr_1_44?crid=1ETD973V81N4Y&keywords=toothbrush&qid=1670362110&sprefix=toothbrush%2Caps%2C70&sr=8-44,https://m.media-amazon.com/images/I/61+mXQmUt6L._AC_UL320_.jpg
"Amazon Basics Clean Plus Toothbrushes, Soft, Full, 10 Count, 1 Pack (Previously Solimo)",$6.66,https://www.amazon.com/Amazon-Basics-Clean-Toothbrushes-Count/dp/B08QWYMMYL/ref=sr_1_45?crid=1ETD973V81N4Y&keywords=toothbrush&qid=1670362110&sprefix=toothbrush%2Caps%2C70&sr=8-45,https://m.media-amazon.com/images/I/718r9jEAzqL._AC_UL320_.jpg
"Oral-B Gum Care Extra Soft Toothbrush for Sensitive Teeth and Gums, Compact Small Head, (Colors Vary) - Pack of 3",$10.99,https://www.amazon.com/Oral-B-Toothbrush-Sensitive-Compact-Colors/dp/B0BBYTGCJN/ref=sr_1_46?crid=1ETD973V81N4Y&keywords=toothbrush&qid=1670362110&sprefix=toothbrush%2Caps%2C70&sr=8-46,https://m.media-amazon.com/images/I/51xhX75WxpL._AC_UL320_.jpg
"Oral-B 3D White Luxe Pro-Flex Manual Soft Toothbrush, 4 Count (5823815673)",$12.99,https://www.amazon.com/Oral-B-White-Pro-Flex-Manual-Toothbrush/dp/B07B37WBB7/ref=sr_1_47?crid=1ETD973V81N4Y&keywords=toothbrush&qid=1670362110&sprefix=toothbrush%2Caps%2C70&sr=8-47,https://m.media-amazon.com/images/I/81Crd1ObRFL._AC_UL320_.jpg
"Oral-B 35 Soft Bristles Vivid Toothbrush, White, 4 Count (Packaging and Product Color May Vary)",$8.99,https://www.amazon.com/Oral-B-Bristles-Vivid-Toothbrush-White/dp/B06XK2M3H3/ref=sr_1_49?crid=1ETD973V81N4Y&keywords=toothbrush&qid=1670362110&sprefix=toothbrush%2Caps%2C70&sr=8-49,https://m.media-amazon.com/images/I/81rJTc06o-L._AC_UL320_.jpg
"Nimbus Extra Soft Toothbrushes (Regular Size Head), Periodontist Design Tapered Bristles for Sensitive Teeth and Receding Gums, Individually Wrapped Plaque Remover Travel Toothbrush (5 Pack, Colors May Vary)",$18.99,https://www.amazon.com/Nimbus%C2%AE-Microfine%C2%AE-Toothbrush-REGULAR-Colors/dp/B005LB75NI/ref=sr_1_51?crid=1ETD973V81N4Y&keywords=toothbrush&qid=1670362110&sprefix=toothbrush%2Caps%2C70&sr=8-51,https://m.media-amazon.com/images/I/812XqaoiFZS._AC_UL320_.jpg
"Oral-B Pro Smart Limited Power Rechargeable Electric Toothbrush with (2) Brush Heads and Travel Case, White",$124.66,https://www.amazon.com/Smart-Limited-Electronic-Toothbrush-White/dp/B08KFQYXGG/ref=sr_1_52?crid=1ETD973V81N4Y&keywords=toothbrush&qid=1670362110&sprefix=toothbrush%2Caps%2C70&sr=8-52,https://m.media-amazon.com/images/I/71SA87f3SuL._AC_UL320_.jpg
Oral B 3D White Luxe 4 Pack Pulsar Battery Powered Toothbrushes,$24.05,https://www.amazon.com/Oral-Pulsar-Battery-Powered-Toothbrushes/dp/B00OZ9NFC2/ref=sr_1_53?crid=1ETD973V81N4Y&keywords=toothbrush&qid=1670362110&sprefix=toothbrush%2Caps%2C70&sr=8-53,https://m.media-amazon.com/images/I/91Q8qqXUI9L._AC_UL320_.jpg
"Oralphi Smiling Guardian Toothbrush - Medium Bristles for Adults, 6 Count",$9.99,https://www.amazon.com/Oralphi-Smiling-Guardian-Toothbrush-Bristles/dp/B09KZK914K/ref=sr_1_54?crid=1ETD973V81N4Y&keywords=toothbrush&qid=1670362110&sprefix=toothbrush%2Caps%2C70&sr=8-54,https://m.media-amazon.com/images/I/714J0vVMBOL._AC_UL320_.jpg
"Oral-B Pro Crossaction Health All In One Soft Toothbrushes, 6 Count",$17.99,https://www.amazon.com/Oral-B-Health-Soft-Toothbrushes-Count/dp/B01KZ6V00W/ref=sr_1_55?crid=1ETD973V81N4Y&keywords=toothbrush&qid=1670362110&sprefix=toothbrush%2Caps%2C70&sr=8-55,https://m.media-amazon.com/images/I/7107VqOXj0L._AC_UL320_.jpg
"GREENZLA Bamboo Toothbrushes (12 Pack) | BPA Free Soft Bristles Toothbrushes | Eco-Friendly, Natural Bamboo Toothbrush Set | Biodegradable & Compostable Charcoal Wooden Toothbrushes",$8.99,https://www.amazon.com/Toothbrushes-Eco-Friendly-Toothbrush-Biodegradable-Compostable/dp/B089B574B4/ref=sr_1_56?crid=1ETD973V81N4Y&keywords=toothbrush&qid=1670362110&sprefix=toothbrush%2Caps%2C70&sr=8-56,https://m.media-amazon.com/images/I/818HQZIZgZL._AC_UL320_.jpg
"Preserve Eco Friendly Adult Toothbrushes, Made in The USA from Recycled Plastic, Lightweight Pouch, Soft Bristles, Colors Vary, 6 Count",$16.98,https://www.amazon.com/Preserve-Toothbrushes-Lightweight-Bristles-6-Count/dp/B004CW3HYI/ref=sr_1_57?crid=1ETD973V81N4Y&keywords=toothbrush&qid=1670362110&sprefix=toothbrush%2Caps%2C70&sr=8-57,https://m.media-amazon.com/images/I/81uf2x+rdmL._AC_UL320_.jpg
"NUDUKO Bamboo Toothbrushes Soft Bristles, Biodegradable Eco-Friendly Toothbrush 10 Pack, BPA Free Charcoal Bamboo Tooth Brush, Organic, Natural, Green and Compostable Tooth Brushes",$7.99,https://www.amazon.com/Toothbrushes-Biodegradable-Eco-Friendly-Toothbrush-Compostable/dp/B09XBGG1VT/ref=sr_1_58?crid=1ETD973V81N4Y&keywords=toothbrush&qid=1670362110&sprefix=toothbrush%2Caps%2C70&sr=8-58,https://m.media-amazon.com/images/I/81CMBOybn6L._AC_UL320_.jpg
"Spinbrush PRO CLEAN Battery Powered Toothbrush, Soft Bristles, 1 Count, Gold or Blue Color May Vary",$4.89,https://www.amazon.com/Spinbrush-Proclean-Battery-Powered-Toothbrush/dp/B001J4ID5K/ref=sr_1_59?crid=1ETD973V81N4Y&keywords=toothbrush&qid=1670362110&sprefix=toothbrush%2Caps%2C70&sr=8-59,https://m.media-amazon.com/images/I/61ZQA4CFb-L._AC_UL320_.jpg
"Sonic Electric Toothbrush for Adults, USB Rechargeable Sonic Toothbrush with 8 Brush Heads, Smart Timer, 5 Modes, 2-Hour Fast Charge Last 30 Days, Pink",$13.99,https://www.amazon.com/Electric-Toothbrush-Adults-Rechargeable-2-Hour/dp/B0B9RQJFDV/ref=sr_1_60?crid=1ETD973V81N4Y&keywords=toothbrush&qid=1670362110&sprefix=toothbrush%2Caps%2C70&sr=8-60,https://m.media-amazon.com/images/I/61H8XXeTIyL._AC_UL320_.jpg
