item_name,price,link_to_item,link_to_item_image
"Amazon Basics Heavy Duty Twin-Over-Full Metal Bunk Bed, Easy Assembly with Enhanced Upper-Level Guardrail, Black",$259.50,https://www.amazon.com/gp/slredirect/picassoRedirect.html/ref=pa_sp_atf_aps_sr_pg1_1?ie=UTF8&adId=A0256098K2CXICIK6V0U&qualifier=1670362066&id=7678520700906839&widgetName=sp_atf&url=%2FAmazonBasics-Twin-Over-Full-Assembly-Upper-Level-Guardrail%2Fdp%2FB081HLCCHF%2Fref%3Dsr_1_1_sspa%3Fcrid%3D1ETD973V81N4Y%26keywords%3Dbed%26qid%3D1670362066%26sprefix%3Dbed%252Caps%252C70%26sr%3D8-1-spons%26psc%3D1,https://m.media-amazon.com/images/I/91ERbSb4NML._AC_UL320_.jpg
"Sleep Innovations Shiloh 14 Inch Memory Foam Mattress with Ventilated Suretemp™ Foam for Breathability, Twin Size, Bed in a Box, Medium Firm Support",$399.99,https://www.amazon.com/gp/slredirect/picassoRedirect.html/ref=pa_sp_atf_aps_sr_pg1_1?ie=UTF8&adId=A027516212LRSPAIGPV69&qualifier=1670362066&id=7678520700906839&widgetName=sp_atf&url=%2FSleep-Innovations-14-inch-Mattress-Warranty%2Fdp%2FB00EZ5TC7I%2Fref%3Dsr_1_2_sspa%3Fcrid%3D1ETD973V81N4Y%26keywords%3Dbed%26qid%3D1670362066%26sprefix%3Dbed%252Caps%252C70%26sr%3D8-2-spons%26psc%3D1,https://m.media-amazon.com/images/I/91gY3IQy5mS._AC_UL320_.jpg
"Allewie Upholstered Queen Size Platform Bed Frame with 4 Storage Drawers and Headboard, Diamond Stitched Button Tufted Mattress Foundation with Wooden Slats Support, No Box Spring Needed, Dark Grey",$189.99,https://www.amazon.com/gp/slredirect/picassoRedirect.html/ref=pa_sp_atf_aps_sr_pg1_1?ie=UTF8&adId=A09748813F5HLVLP2ZR3D&qualifier=1670362066&id=7678520700906839&widgetName=sp_atf&url=%2FAllewie-Headboard-Upholstered-Matttress-Foundation%2Fdp%2FB08KWM42R3%2Fref%3Dsr_1_3_sspa%3Fcrid%3D1ETD973V81N4Y%26keywords%3Dbed%26qid%3D1670362066%26sprefix%3Dbed%252Caps%252C70%26sr%3D8-3-spons%26psc%3D1,https://m.media-amazon.com/images/I/81QRy3WiHEL._AC_UL320_.jpg
"S SECRETLAND Queen Mattress, 10 inch Gel Memory Foam Mattress with CertiPUR-US Bed Mattress in a Box for Sleep Cooler & Pressure Relief, Queen Size",$239.99,https://www.amazon.com/gp/slredirect/picassoRedirect.html/ref=pa_sp_atf_aps_sr_pg1_1?ie=UTF8&adId=A0241503R91Z6I0DRP5O&qualifier=1670362066&id=7678520700906839&widgetName=sp_atf&url=%2FMattress-Ssecretland-CertiPUR-US-Certified-Feels-Bed%2Fdp%2FB07PLS41D7%2Fref%3Dsr_1_4_sspa%3Fcrid%3D1ETD973V81N4Y%26keywords%3Dbed%26qid%3D1670362066%26sprefix%3Dbed%252Caps%252C70%26sr%3D8-4-spons%26psc%3D1%26smid%3DA3CRU9WH2CQKVE,https://m.media-amazon.com/images/I/71Or8Aaz-sL._AC_UL320_.jpg
"Allewie Upholstered King Size Platform Bed Frame with 4 Storage Drawers and Headboard, Square Stitched Button Tufted Mattress Foundation with Wooden Slats Support, No Box Spring Needed, Dark Grey",$299.99,https://www.amazon.com/Allewie-Upholstered-Platform-Headboard-Foundation/dp/B0BLW8WSXV/ref=sr_1_5?crid=1ETD973V81N4Y&keywords=bed&qid=1670362066&sprefix=bed%2Caps%2C70&sr=8-5,https://m.media-amazon.com/images/I/718SG+P6Y+L._AC_UL320_.jpg
"Flolinda Full Size Bed Frame, Upholstered Full Bed Frame with Tufted Velvet Headboard, Mattress Foundation, Strong Wood Slat Support Double Bed Frame, No Box Spring Needed, Easy Assembly",$109.99,https://www.amazon.com/Flolinda-Full-Size-Upholstered-Foundation/dp/B09VX94QWB/ref=sr_1_6?crid=1ETD973V81N4Y&keywords=bed&qid=1670362066&sprefix=bed%2Caps%2C70&sr=8-6,https://m.media-amazon.com/images/I/71TWlUv9m6L._AC_UL320_.jpg
"Yaheetech Upholstered Bed Frame, Platform Bed Frame with Adjustable Headboard, Mattress Foundation, Strong Wooden Slats Support, No Box Spring Needed, Dark Grey, Full",$122.99,https://www.amazon.com/Yaheetech-Upholstered-Foundation-Adjustable-Headboard/dp/B09H43ZG4N/ref=sr_1_7?crid=1ETD973V81N4Y&keywords=bed&qid=1670362066&sprefix=bed%2Caps%2C70&sr=8-7,https://m.media-amazon.com/images/I/91jCorCfnZL._AC_UL320_.jpg
"AMERLIFE Queen Size Bed Frame Industrial Platform Bed with Charging Station, 2-Tier Storage Headboard/ No Box Spring Needed/ Noise-Free/ Dark Brown",$159.99,https://www.amazon.com/AMERLIFE-Industrial-Platform-Headboard-Noise-Free/dp/B0BMPSSDHN/ref=sr_1_8?crid=1ETD973V81N4Y&keywords=bed&qid=1670362066&sprefix=bed%2Caps%2C70&sr=8-8,https://m.media-amazon.com/images/I/81Q-CflLrIL._AC_UL320_.jpg
"Karl home Full Bedframe Wood Bed Frame with Headboard Wooden Platform Bed with Footboard, 12 Wood Slat Support, No Box Spring Needed, White",$169.99,https://www.amazon.com/Karl-home-Bedframe-Headboard-Footboard/dp/B0BLCBS2W8/ref=sr_1_9?crid=1ETD973V81N4Y&keywords=bed&qid=1670362066&sprefix=bed%2Caps%2C70&sr=8-9,https://m.media-amazon.com/images/I/614oCuypCtL._AC_UL320_.jpg
"ANCTOR Queen Bed Frame with Storage Headboard & Footboard, Upholstered Platform Bed with USB Ports & Outlets, Strong Steel Slats Support Mattress Foundation, No Box Spring Needed",$199.99,https://www.amazon.com/ANCTOR-Headboard-Footboard-Upholstered-Foundation/dp/B0BNDN7ZJJ/ref=sr_1_10?crid=1ETD973V81N4Y&keywords=bed&qid=1670362066&sprefix=bed%2Caps%2C70&sr=8-10,https://m.media-amazon.com/images/I/91iEPm477BL._AC_UL320_.jpg
"Allewie Full Size Bed Frame with 4 Storage Drawers and Wingback Headboard, Button Tufted Design, No Box Spring Needed, Dark Grey",$249.99,https://www.amazon.com/Allewie-Storage-Drawers-Wingback-Headboard/dp/B0BGSYWBBV/ref=sr_1_11?crid=1ETD973V81N4Y&keywords=bed&qid=1670362066&sprefix=bed%2Caps%2C70&sr=8-11,https://m.media-amazon.com/images/I/818MPfzAWIL._AC_UL320_.jpg
"Keyluv Upholstered Platform Bed Frame with Button Tufted Headboard, Faux Leather, Wooden Slats Support, No Box Spring Needed, Easy Assembly, Full Size, White",$119.99,https://www.amazon.com/Upholstered-Platform-Headboard-Leather-Assembly/dp/B09L89W8NK/ref=sr_1_12?crid=1ETD973V81N4Y&keywords=bed&qid=1670362066&sprefix=bed%2Caps%2C70&sr=8-12,https://m.media-amazon.com/images/I/81KBTHdZjjL._AC_UL320_.jpg
"SHA CERLIN Upholstered Modern Bed Frame with LED Headboard / Mattress Foundation / No Box Spring Needed / Strong Wood Slats Support / Easy Assembly, Black, Full",$229.99,https://www.amazon.com/gp/slredirect/picassoRedirect.html/ref=pa_sp_mtf_aps_sr_pg1_1?ie=UTF8&adId=A0921864195L2RYIHDIYT&qualifier=1670362066&id=7678520700906839&widgetName=sp_mtf&url=%2FSHA-CERLIN-Upholstered-Headboard-Foundation%2Fdp%2FB08Q7QGFX3%2Fref%3Dsr_1_13_sspa%3Fcrid%3D1ETD973V81N4Y%26keywords%3Dbed%26qid%3D1670362066%26sprefix%3Dbed%252Caps%252C70%26sr%3D8-13-spons%26psc%3D1,https://m.media-amazon.com/images/I/81hB13x3HtS._AC_UL320_.jpg
"ENYOFE Pure Linen Sheets Set,100% French Flax Linen Sheets Set for Queen Size Bed,Moisture-Wicking Breathable Farmhouse Bedding,4PCS Sheet Set-1Flat Sheet,1Fitted Sheet,2Pillowcases(Linen,Queen)",$99.99,https://www.amazon.com/gp/slredirect/picassoRedirect.html/ref=pa_sp_mtf_aps_sr_pg1_1?ie=UTF8&adId=A04572402HT5GBZ4LA1QM&qualifier=1670362066&id=7678520700906839&widgetName=sp_mtf&url=%2FMoisture-Wicking-Breathable-Farmhouse-Set-1Flat-2Pillowcases%2Fdp%2FB09NKXR5M6%2Fref%3Dsr_1_14_sspa%3Fcrid%3D1ETD973V81N4Y%26keywords%3Dbed%26qid%3D1670362066%26sprefix%3Dbed%252Caps%252C70%26sr%3D8-14-spons%26psc%3D1,https://m.media-amazon.com/images/I/61JFAh7ThVL._AC_UL320_.jpg
"HITHOS Queen Size Bed Frame, Upholstered Bed Frame with Button Tufted Headboard, Heavy Duty Metal Mattress Foundation with Wooden Slats, Easy Assembly, No Box Spring Needed (Golden/Off White, Queen)",$189.99,https://www.amazon.com/gp/slredirect/picassoRedirect.html/ref=pa_sp_mtf_aps_sr_pg1_1?ie=UTF8&adId=A03254663FD9QTCTL4EXZ&qualifier=1670362066&id=7678520700906839&widgetName=sp_mtf&url=%2FHITHOS-Upholstered-Headboard-Mattress-Foundation%2Fdp%2FB09TPJJW6W%2Fref%3Dsr_1_15_sspa%3Fcrid%3D1ETD973V81N4Y%26keywords%3Dbed%26qid%3D1670362066%26sprefix%3Dbed%252Caps%252C70%26sr%3D8-15-spons%26psc%3D1,https://m.media-amazon.com/images/I/71sWcK9spjL._AC_UL320_.jpg
"Full Mattress 10 Inch Gel Memory Foam Mattresses for Cool Sleep Pressure Relief, Gel Multi Layered Full Size Memory Foam Bed Mattress in a Box (Full)",$379.99,https://www.amazon.com/gp/slredirect/picassoRedirect.html/ref=pa_sp_mtf_aps_sr_pg1_1?ie=UTF8&adId=A09199322JBV1STKGG2FX&qualifier=1670362066&id=7678520700906839&widgetName=sp_mtf&url=%2FMattress-Memory-Mattresses-Pressure-Layered%2Fdp%2FB0B9NXL5CT%2Fref%3Dsr_1_16_sspa%3Fcrid%3D1ETD973V81N4Y%26keywords%3Dbed%26qid%3D1670362066%26sprefix%3Dbed%252Caps%252C70%26sr%3D8-16-spons%26psc%3D1,https://m.media-amazon.com/images/I/81lNSHnysSL._AC_UL320_.jpg
"AMERLIFE Full Bed Frame with RGBW LED Lights Headboard & 4 Storage Drawers, Upholstered Smart Platform Bed with USB & USB-C Ports, Box Spring Optional, Dark Grey",$219.99,https://www.amazon.com/AMERLIFE-Headboard-Upholstered-Platform-Optional/dp/B0BN63GX4C/ref=sr_1_17?crid=1ETD973V81N4Y&keywords=bed&qid=1670362066&sprefix=bed%2Caps%2C70&sr=8-17,https://m.media-amazon.com/images/I/81+Tg2fiIOL._AC_UL320_.jpg
"Zinus 6 Inch Green Tea Memory Foam Mattress / CertiPUR-US Certified / Bed-in-a-Box / Pressure Relieving, Twin, White",$112.99,https://www.amazon.com/Zinus-Memory-Foam-Green-Mattress/dp/B01MR51N1S/ref=sr_1_18?crid=1ETD973V81N4Y&keywords=bed&qid=1670362066&sprefix=bed%2Caps%2C70&sr=8-18,https://m.media-amazon.com/images/I/811Lmbp1EwL._AC_UL320_.jpg
Allewie Full Size Upholstered Platform Bed Frame / Wood Slats Support / Low Profile Bed Frame / No Box Spring Needed / Easy Assembly / Dark Grey,$69.99,https://www.amazon.com/Allewie-Upholstered-Platform-Support-Assembly/dp/B0BGXMK7HF/ref=sr_1_19?crid=1ETD973V81N4Y&keywords=bed&qid=1670362066&sprefix=bed%2Caps%2C70&sr=8-19,https://m.media-amazon.com/images/I/91C+2n8ImtL._AC_UL320_.jpg
"Walker Edison Timothee Urban Industrial Metal Twin over Loft Bunk Bed, Twin Size, White",$217.62,https://www.amazon.com/Walker-Edison-Twin-Metal-White/dp/B003B3NQVI/ref=sr_1_20?crid=1ETD973V81N4Y&keywords=bed&qid=1670362066&sprefix=bed%2Caps%2C70&sr=8-20,https://m.media-amazon.com/images/I/612rmcn7KeL._AC_UL320_.jpg
"KEYLUV Queen Upholstered Smart LED Bed Frame with Headboard, Durable Sleigh Low Profile Platform Bed, Color Changing with Music, App Control, Smart Bedroom Series, Black",$199.99,https://www.amazon.com/Upholstered-Headboard-Durable-Platform-Changing/dp/B09LXWPKHT/ref=sr_1_21?crid=1ETD973V81N4Y&keywords=bed&qid=1670362066&sprefix=bed%2Caps%2C70&sr=8-21,https://m.media-amazon.com/images/I/71kTJlizVcL._AC_UL320_.jpg
"HOSTACK Full Size Bed Frame with 4 Storage Drawers, Modern Upholstered Platform Bed with Adjustable Headboard,Button Tufted Bed Frame with Wood Slat Support,No Box Spring Needed(Beige, Full)",$199.99,https://www.amazon.com/HOSTACK-Upholstered-Platform-Adjustable-Headboard/dp/B0BNNRWQFY/ref=sr_1_22?crid=1ETD973V81N4Y&keywords=bed&qid=1670362066&sprefix=bed%2Caps%2C70&sr=8-22,https://m.media-amazon.com/images/I/81suJ8QkRWL._AC_UL320_.jpg
"Tiptiper Queen Bed Frame with USB Ports and Outlets, Upholstered Platform Bed with Storage Headboard, Storage Bed Frame Queen Size with Shelf Headboard, 12 Wood Slats, No Box Spring Needed, Dark Grey",$199.99,https://www.amazon.com/Tiptiper-Storage-Headboard-Upholstered-Platform/dp/B09CPTRWXX/ref=sr_1_23?crid=1ETD973V81N4Y&keywords=bed&qid=1670362066&sprefix=bed%2Caps%2C70&sr=8-23,https://m.media-amazon.com/images/I/811HVlySbUL._AC_UL320_.jpg
"Keyluv Modern Upholstered Bed Frame with 4 Drawers, Button Tufted Headboard Design, Solid Wooden Slat Support, Easy Assembly, Queen Size, White",$239.99,https://www.amazon.com/Upholstered-Drawers-Headboard-Support-Assembly/dp/B09TD8WGNR/ref=sr_1_24?crid=1ETD973V81N4Y&keywords=bed&qid=1670362066&sprefix=bed%2Caps%2C70&sr=8-24,https://m.media-amazon.com/images/I/716N5ZjibEL._AC_UL320_.jpg
"SHA CERLIN Upholstered Queen Size Platform Bed Frame with 4 Storage Drawers and Wingback Headboard, Diamond Stitched Button Tufted Design, No Box Spring Needed, Light Grey",$215.99,https://www.amazon.com/gp/slredirect/picassoRedirect.html/ref=pa_sp_mtf_aps_sr_pg1_1?ie=UTF8&adId=A0020178TSMNVBOM3WSZ&qualifier=1670362066&id=7678520700906839&widgetName=sp_mtf&url=%2FSHA-CERLIN-Upholstered-Platform-Headboard%2Fdp%2FB0BFW55JZ3%2Fref%3Dsr_1_25_sspa%3Fcrid%3D1ETD973V81N4Y%26keywords%3Dbed%26qid%3D1670362066%26sprefix%3Dbed%252Caps%252C70%26sr%3D8-25-spons%26psc%3D1,https://m.media-amazon.com/images/I/814zwyZzvtL._AC_UL320_.jpg
"GAZHOME Twin XL Velvet Bed Frame, Upholstered Platform Bed with Adjustable Tufted Headboard, Rivet Ornament, Wood Slat Support, No Box Spring Needed, Easy Assembly, Grey",$157.89,https://www.amazon.com/gp/slredirect/picassoRedirect.html/ref=pa_sp_mtf_aps_sr_pg1_1?ie=UTF8&adId=A02481352OPTLB8D1RGE2&qualifier=1670362066&id=7678520700906839&widgetName=sp_mtf&url=%2FGAZHOME-Upholstered-Platform-Adjustable-Headboard%2Fdp%2FB0BKP3DH3L%2Fref%3Dsr_1_26_sspa%3Fcrid%3D1ETD973V81N4Y%26keywords%3Dbed%26qid%3D1670362066%26sprefix%3Dbed%252Caps%252C70%26sr%3D8-26-spons%26psc%3D1,https://m.media-amazon.com/images/I/719VQ0wkk2L._AC_UL320_.jpg
"IRONCK Queen Bed Frame, Platform Bed with Headboard and Footboard, 13 Heavy Duty Steel Slats, More Stronger, Easy Assembly, Noise-Free, No Box Spring Needed",$119.99,https://www.amazon.com/gp/slredirect/picassoRedirect.html/ref=pa_sp_mtf_aps_sr_pg1_1?ie=UTF8&adId=A03141581HIMOY8KY87SK&qualifier=1670362066&id=7678520700906839&widgetName=sp_mtf&url=%2FIRONCK-Platform-Headboard-Footboard-Noise-Free%2Fdp%2FB08K3D6142%2Fref%3Dsr_1_27_sspa%3Fcrid%3D1ETD973V81N4Y%26keywords%3Dbed%26qid%3D1670362066%26sprefix%3Dbed%252Caps%252C70%26sr%3D8-27-spons%26psc%3D1,https://m.media-amazon.com/images/I/810OyYvsgSL._AC_UL320_.jpg
"SHA CERLIN Queen Bed Frame, Upholstered Platform Bed with Geometric Headboard and Wingback, Wood Slat Support, No Box Spring Needed, Grey",$145.99,https://www.amazon.com/gp/slredirect/picassoRedirect.html/ref=pa_sp_mtf_aps_sr_pg1_1?ie=UTF8&adId=A027640320HHSRB5JY7QR&qualifier=1670362066&id=7678520700906839&widgetName=sp_mtf&url=%2FSHA-CERLIN-Upholstered-Geometric-Headboard%2Fdp%2FB096FNX74K%2Fref%3Dsr_1_28_sspa%3Fcrid%3D1ETD973V81N4Y%26keywords%3Dbed%26qid%3D1670362066%26sprefix%3Dbed%252Caps%252C70%26sr%3D8-28-spons%26psc%3D1,https://m.media-amazon.com/images/I/81iuaWpdQcL._AC_UL320_.jpg
"Allewie King Bed Frame with Adjustable Diamond Stitched Button Tufted Headboard / Faux Leather Upholstered Platform Bed with Easy-Assembly Wood slats, White",$189.99,https://www.amazon.com/Allewie-Adjustable-Headboard-Upholstered-Easy-Assembly/dp/B09J2HY74W/ref=sr_1_29?crid=1ETD973V81N4Y&keywords=bed&qid=1670362066&sprefix=bed%2Caps%2C70&sr=8-29,https://m.media-amazon.com/images/I/81OndciVh1L._AC_UL320_.jpg
"ZINUS Shalini Upholstered Platform Bed Frame / Mattress Foundation / Wood Slat Support / No Box Spring Needed / Easy Assembly, Dark Grey, Full",$219.12,https://www.amazon.com/Zinus-Upholstered-Stitched-Platform-Foundation/dp/B01M580E2K/ref=sr_1_30?crid=1ETD973V81N4Y&keywords=bed&qid=1670362066&sprefix=bed%2Caps%2C70&sr=8-30,https://m.media-amazon.com/images/I/81BFhQ7r+8L._AC_UL320_.jpg
"IMUsee Loft Bed Frame for Juniors&Adults, Metal Loft Bed Twin Size with Safety Guardrail&Removable Ladder, Space-Saving, Noise Free, Matte Black",$206.99,https://www.amazon.com/IMUsee-Twin-Guardrail-Removable-Space-Saving/dp/B09H6PZK9P/ref=sr_1_31?crid=1ETD973V81N4Y&keywords=bed&qid=1670362066&sprefix=bed%2Caps%2C70&sr=8-31,https://m.media-amazon.com/images/I/71e8EANp6ML._AC_UL320_.jpg
"Allewie Full Size Bed Frame, Platform Bed Frame with Upholstered Headboard, Modern Deluxe Wingback, Wood Slat Support, Mattress Foundation, Light Grey",$109.99,https://www.amazon.com/Allewie-Platform-Upholstered-Headboard-Foundation/dp/B08SGNHJS1/ref=sr_1_32?crid=1ETD973V81N4Y&keywords=bed&qid=1670362066&sprefix=bed%2Caps%2C70&sr=8-32,https://m.media-amazon.com/images/I/81hLUIbm-wL._AC_UL320_.jpg
PaPaJet Tufted Upholstered Platform Bed Frame King Size Velvet Low Profile Platform Beds Raised Wingback Headboard with Strong Wooden Slats/Mattress Foundation/Easy Assembly,$399.99,https://www.amazon.com/PaPaJet-Upholstered-Bed-Frame-Velvet/dp/B0BKZP82LC/ref=sr_1_33?crid=1ETD973V81N4Y&keywords=bed&qid=1670362066&sprefix=bed%2Caps%2C70&sr=8-33,https://m.media-amazon.com/images/I/71Yv6iccnQL._AC_UL320_.jpg
"iPormis Queen Size Wingback Platform Bed Frame with Upholstered Button Tufted Headboard /8"" Under-Bed Storage Space/ Wooden Slats / Noise-Free / Box Spring Optional / Easy Assembly, Light Grey",$153.99,https://www.amazon.com/iPormis-Upholstered-Headboard-Foundation-Noise-Free/dp/B09Y32V8KC/ref=sr_1_34?crid=1ETD973V81N4Y&keywords=bed&qid=1670362066&sprefix=bed%2Caps%2C70&sr=8-34,https://m.media-amazon.com/images/I/91Mk7idhyZL._AC_UL320_.jpg
"BOFENG Black Queen Size Bed Frames with Wood Headboard and Footboard,Heavy Duty Platform Bed Frame with Storage No Box Spring Needed,Steel Slats Mattress Foundation Square Pipe Design Noise Free,Brown",$189.99,https://www.amazon.com/BOFENG-Headboard-Platform-Foundation-Replacement/dp/B09C3KJ69C/ref=sr_1_35?crid=1ETD973V81N4Y&keywords=bed&qid=1670362066&sprefix=bed%2Caps%2C70&sr=8-35,https://m.media-amazon.com/images/I/91wJUgw5haL._AC_UL320_.jpg
"Allewie Full Bed Frame with 4 Storage Drawers and Adjustable Height Headboard, Faux Leather Diamond Button Tufted Design, Mattress Foundation with Wooden Slats, No Box Spring Needed, Black-Brown",$179.99,https://www.amazon.com/Allewie-Adjustable-Headboard-Foundation-Black-Brown/dp/B0BFRPRXJJ/ref=sr_1_36?crid=1ETD973V81N4Y&keywords=bed&qid=1670362066&sprefix=bed%2Caps%2C70&sr=8-36,https://m.media-amazon.com/images/I/81VGP2ALMvL._AC_UL320_.jpg
"HOSTACK Queen Size Bed Frame, Linen Fabric Upholstered Platform Bed Frame with Adjustable Headboard, Diamond Tufted Mattress Foundation with Wood Slats, Easy Assembly, No Box Spring Needed, Beige",$159.99,https://www.amazon.com/HOSTACK-Upholstered-Adjustable-Headboard-Foundation/dp/B0B5ZH2K7D/ref=sr_1_37?crid=1ETD973V81N4Y&keywords=bed&qid=1670362066&sprefix=bed%2Caps%2C70&sr=8-37,https://m.media-amazon.com/images/I/71HOjRO3rML._AC_UL320_.jpg
"IMUsee Queen Size Platform Bed with Storage, 3 Large Drawers on Wheels, Fabric Upholstered Platform Bed, No Box Spring Needed, Solid Wood Slats Support, Easy Assembly, Dark Grey",$178.99,https://www.amazon.com/IMUsee-Platform-Storage-Upholstered-Assembly/dp/B0BJDVVDTM/ref=sr_1_38?crid=1ETD973V81N4Y&keywords=bed&qid=1670362066&sprefix=bed%2Caps%2C70&sr=8-38,https://m.media-amazon.com/images/I/81sFtQ0GGaL._AC_UL320_.jpg
"Yaheetech Twin Size Bed Frames/Metal Bed Frame Twin with Headboard and Footboard/No Box Spring Needed/Easy Assembly, Black",$59.88,https://www.amazon.com/YAHEETECH-Headboard-Footboard-Foundation-Structure/dp/B08VJ7M2FK/ref=sr_1_39?crid=1ETD973V81N4Y&keywords=bed&qid=1670362066&sprefix=bed%2Caps%2C70&sr=8-39,https://m.media-amazon.com/images/I/91XDXeQLouL._AC_UL320_.jpg
"LIKIMIO Full Size Bed Frame with Tall Bookcase Headboard and Charging Station, Solid and Stable Platform Bed, Noise Free, No Box Spring Needed, Vintage Brown",$199.99,https://www.amazon.com/LIKIMIO-Bookcase-Headboard-Charging-Platform/dp/B0BMXL769B/ref=sr_1_40?crid=1ETD973V81N4Y&keywords=bed&qid=1670362066&sprefix=bed%2Caps%2C70&sr=8-40,https://m.media-amazon.com/images/I/91g0r-LxJSL._AC_UL320_.jpg
"YALAXON Vintage Sturdy Queen Size Metal Bed Frame with Headboard and Footboard Basic Bed Frame No Box Spring Needed (Queen,Black)",$135.99,https://www.amazon.com/Vintage-Sturdy-Headboard-Footboard-Spring/dp/B083JRQY2S/ref=sr_1_41?crid=1ETD973V81N4Y&keywords=bed&qid=1670362066&sprefix=bed%2Caps%2C70&sr=8-41,https://m.media-amazon.com/images/I/817PBF6LAPL._AC_UL320_.jpg
"HIFIT Queen Bed Frame, Button Tufted Upholstered Platform with Adjustable Headboard, Mattress Foundation with Sturdy Frame, No Box Spring Needed, Easy Assembly, Dark Grey",$129.99,https://www.amazon.com/HIFIT-Upholstered-Adjustable-Headboard-Foundation/dp/B09G6FFSYS/ref=sr_1_42?crid=1ETD973V81N4Y&keywords=bed&qid=1670362066&sprefix=bed%2Caps%2C70&sr=8-42,https://m.media-amazon.com/images/I/81XisXoovtL._AC_UL320_.jpg
BONSOIR Queen Size Bed Frame Upholstered Traditional Low Profile Platform with Tufted Wing Back Headboard/No Box Spring Needed/No Bed Skirt Needed/ Linen Fabric Upholstery/Color of Sand,$169.95,https://www.amazon.com/BONSOIR-Upholstered-Traditional-Headboard-Upholstery/dp/B0BNNZW2TW/ref=sr_1_43?crid=1ETD973V81N4Y&keywords=bed&qid=1670362066&sprefix=bed%2Caps%2C70&sr=8-43,https://m.media-amazon.com/images/I/61qL85wceqL._AC_UL320_.jpg
"4 Pack Headboard Stoppers, Adjustable Bed Noise Stopper for Wall, Bed Frame Post Anti-Shake Tool, Head Board Stabilizer Pad Support Bumper Guards, Threaded Fixer Keep from Squeaking, 30-105mm",$15.99,https://www.amazon.com/Headboard-Adjustable-Anti-Shake-Stabilizer-Squeaking/dp/B0B995JHJC/ref=sr_1_44?crid=1ETD973V81N4Y&keywords=bed&qid=1670362066&sprefix=bed%2Caps%2C70&sr=8-44,https://m.media-amazon.com/images/I/61ql58GvWHL._AC_UL320_.jpg
"VECELO Queen Size Metal Platform Bed Frame with Headboard and Footboard, 12'' Under-Bed Storage & Strong Slats Support, No Box Spring Needed",$92.99,https://www.amazon.com/VECELO-Queen-Metal-Platform-Frame/dp/B0BN2DKFK6/ref=sr_1_45?crid=1ETD973V81N4Y&keywords=bed&qid=1670362066&sprefix=bed%2Caps%2C70&sr=8-45,https://m.media-amazon.com/images/I/81xLMfBB4ZL._AC_UL320_.jpg
"ZINUS Korey Metal Platform Bed Frame with Upholstered Headboard / Wood Slat Support / No Box Spring / Easy Assembly, Full",$157.26,https://www.amazon.com/Zinus-Platform-Upholstered-Headboard-Foundation/dp/B06XGKPDHH/ref=sr_1_46?crid=1ETD973V81N4Y&keywords=bed&qid=1670362066&sprefix=bed%2Caps%2C70&sr=8-46,https://m.media-amazon.com/images/I/41MGIMTBSUL._AC_UL320_.jpg
"IKIFLY Twin Size Loft Bed with Desk and Shelves, Metal Loft Bed Frame with 2 Built-in Ladders, Safety Guard Rail, Space-Saving Design, Noise Free - No Box Spring Needed - Black",$189.99,https://www.amazon.com/IKIFLY-Shelves-Built-Ladders-Space-Saving/dp/B0BMTHNYGW/ref=sr_1_47?crid=1ETD973V81N4Y&keywords=bed&qid=1670362066&sprefix=bed%2Caps%2C70&sr=8-47,https://m.media-amazon.com/images/I/81gcv0TzyWL._AC_UL320_.jpg
"Maenizi King Size Bed Frame No Box Spring Needed, 14 Inch Heavy Duty King Platform Bed Frame Support Up to 3000 lbs , Easy Assembly, Noise Free, Black",$138.99,https://www.amazon.com/Maenizi-Spring-Platform-Support-Assembly/dp/B09Q1YYHYW/ref=sr_1_48?crid=1ETD973V81N4Y&keywords=bed&qid=1670362066&sprefix=bed%2Caps%2C70&sr=8-48,https://m.media-amazon.com/images/I/61cukbrDqiL._AC_UL320_.jpg
Edenbrook Delta Queen Bed Frame with Headboard – Wood Platform Bed Frame - Wood Slat Support- No Box Spring Needed - Compatible with All Mattress Types - Southern Oak,$239.99,https://www.amazon.com/Edenbrook-Delta-Wood-Platform-Queen-Southern/dp/B092LHR59Y/ref=sr_1_49?crid=1ETD973V81N4Y&keywords=bed&qid=1670362066&sprefix=bed%2Caps%2C70&sr=8-49,https://m.media-amazon.com/images/I/91EddfeQ4kL._AC_UL320_.jpg
"Queen Modern Upholstered Platform Bed Frame Wave-Like Curve Led Bed Frame with Headboard Low Profile Bed Frame with LED Lights Underneath,Faux Leather,Easy Assemble,Strong Wood Slats Support,Black",$229.99,https://www.amazon.com/Upholstered-Wave-Like-Headboard-LED-Underneath/dp/B0BJ736PVV/ref=sr_1_50?crid=1ETD973V81N4Y&keywords=bed&qid=1670362066&sprefix=bed%2Caps%2C70&sr=8-50,https://m.media-amazon.com/images/I/71oKEXM5jZL._AC_UL320_.jpg
"TUSEER Metal Bed Frame Full Size with Vintage Headboard and Footboard Platform Base Wrought Iron Bed Frame (Full,Black)",$118.99,https://www.amazon.com/1707Metal-Vintage-Headboard-Footboard-Platform/dp/B081J14T47/ref=sr_1_51?crid=1ETD973V81N4Y&keywords=bed&qid=1670362066&sprefix=bed%2Caps%2C70&sr=8-51,https://m.media-amazon.com/images/I/81pALq2ATPL._AC_UL320_.jpg
Bme Vivian 14 Inch Deluxe Bed Frame with Headboard - Rustic & Scandinavian Style with Solid Acacia Wood - No Box Spring Needed - 12 Strong Wood Slat Support - Easy Assembly - King,$459.99,https://www.amazon.com/Bme-Vivian-Deluxe-Frame-Headboard/dp/B0B3MQTGL1/ref=sr_1_52?crid=1ETD973V81N4Y&keywords=bed&qid=1670362066&sprefix=bed%2Caps%2C70&sr=8-52,https://m.media-amazon.com/images/I/712MietrnPL._AC_UL320_.jpg
"HOOMIC King Size Upholstered Platform Bed Frame with Modern Geometric Wingback Headboard, Wooden Slats, No Box Spring Needed, Mattress Foundation, Light Beige",$275.99,https://www.amazon.com/Upholstered-Platform-Geometric-Headboard-Foundation/dp/B09PFYG4KS/ref=sr_1_53?crid=1ETD973V81N4Y&keywords=bed&qid=1670362066&sprefix=bed%2Caps%2C70&sr=8-53,https://m.media-amazon.com/images/I/81KNnpJF5TL._AC_UL320_.jpg
"ESHINE Adjustable Bed with Mattress - 14“ Luxury Cool Gel Memory Foam Hybrid Mattress, 609 Independent Pocket Springs, 5 Minutes Installation, Massage, 3000 Premium Series","$1,199.98",https://www.amazon.com/ESHINE-Adjustable-Bed-Mattress-Installation/dp/B0BC1CR4Q5/ref=sr_1_54?crid=1ETD973V81N4Y&keywords=bed&qid=1670362066&sprefix=bed%2Caps%2C70&sr=8-54,https://m.media-amazon.com/images/I/91Aqm5Y8svL._AC_UL320_.jpg
Bed Assembly - Storage Bed,$190.00,https://www.amazon.com/Bed-Assembly-Storage/dp/B00STRWXLA/ref=sr_1_55?crid=1ETD973V81N4Y&keywords=bed&qid=1670362066&sprefix=bed%2Caps%2C70&sr=8-55,https://m.media-amazon.com/images/I/51dq1ilM6YL._AC_UL320_.jpg
"HOSTACK Full Size Bed Frame, Modern Upholstered Platform Bed with Adjustable Headboard, Heavy Duty Button Tufted Bed Frame with Wood Slat Support, Easy Assembly, No Box Spring Needed (Grey, Full)",$129.99,https://www.amazon.com/HOSTACK-Upholstered-Platform-Adjustable-Headboard/dp/B09KXTZM3Z/ref=sr_1_56?crid=1ETD973V81N4Y&keywords=bed&qid=1670362066&sprefix=bed%2Caps%2C70&sr=8-56,https://m.media-amazon.com/images/I/811Y0C-arEL._AC_UL320_.jpg
"ADORNEVE Queen Bed Frame with 4 Drawers, LED Bed Frame with 2 USB Charging Station, Upholstered Platform Bed with Storage & LED Lights Headboard, No Box Spring Needed, Easy Assembly, Dark Grey",$269.99,https://www.amazon.com/ADORNEVE-Charging-Upholstered-Platform-Headboard/dp/B0B1Q1MDHJ/ref=sr_1_57?crid=1ETD973V81N4Y&keywords=bed&qid=1670362066&sprefix=bed%2Caps%2C70&sr=8-57,https://m.media-amazon.com/images/I/81U1O6N2A4L._AC_UL320_.jpg
"IDEALHOUSE Full Bed Frame with 4 Storage Drawers and Adjustable Headboard,Modern Grey Upholstered Bed",$239.99,https://www.amazon.com/IDEALHOUSE-Storage-Adjustable-Headboard-Upholstered/dp/B0B588WKT9/ref=sr_1_58?crid=1ETD973V81N4Y&keywords=bed&qid=1670362066&sprefix=bed%2Caps%2C70&sr=8-58,https://m.media-amazon.com/images/I/81wSk-+bp+L._AC_UL320_.jpg
"IMUsee Platform Queen Size Metal Bed Frame with Vintage Headboard and Footboard, Heavy Duty Bed Frame with Large Storage, No Box Spring Needed, Easy Assembly, Black",$109.98,https://www.amazon.com/IMUsee-Platform-Headboard-Footboard-Assembly/dp/B0BHT1DJTV/ref=sr_1_59?crid=1ETD973V81N4Y&keywords=bed&qid=1670362066&sprefix=bed%2Caps%2C70&sr=8-59,https://m.media-amazon.com/images/I/71hFjMOoYsL._AC_UL320_.jpg
"Allewie Queen Size Platform Bed Frame,Faux Leather Headboard with Adjustable Function,Sturdy Wood Slat Support, Easy Assembly, No Box Spring Needed,Black",$118.98,https://www.amazon.com/Allewie-Platform-Headboard-Adjustable-Function/dp/B09SHHJ49B/ref=sr_1_60?crid=1ETD973V81N4Y&keywords=bed&qid=1670362066&sprefix=bed%2Caps%2C70&sr=8-60,https://m.media-amazon.com/images/I/81AQyle2DcL._AC_UL320_.jpg
