item_name,price,link_to_item,link_to_item_image
"365 by Whole Foods Market, Beef Hot Dog Uncured Grass Fed Organic Step 4, 12 Ounce",$6.99,https://www.amazon.com/365-Whole-Foods-Market-Uncured/dp/B07G2C27RP/ref=sr_1_1_f3_0o_wf?crid=1ETD973V81N4Y&keywords=hot+dog&qid=1670362049&sprefix=hot+dog%2Caps%2C70&sr=8-1,https://m.media-amazon.com/images/I/81ycYYexqlL._AC_UL320_.jpg
"Applegate Farms Organic Uncured Beef Hot Dogs, 10 OZ",$7.99,https://www.amazon.com/APPLEGATE-FARMS-Organic-Uncured-Beef/dp/B08CBZXQ5Z/ref=sr_1_2_f3_0o_wf?crid=1ETD973V81N4Y&keywords=hot+dog&qid=1670362049&sprefix=hot+dog%2Caps%2C70&sr=8-2,https://m.media-amazon.com/images/I/81enHBZCLdL._AC_UL320_.jpg
"365 by Whole Foods Market, Roll Hot Dog White Fresh 8 Count, 15 Ounce",$3.29,https://www.amazon.com/365-Everyday-Value-White-Buns/dp/B074H6S8CR/ref=sr_1_3_f3_0o_wf?crid=1ETD973V81N4Y&keywords=hot+dog&qid=1670362049&sprefix=hot+dog%2Caps%2C70&sr=8-3,https://m.media-amazon.com/images/I/61oLHx-+onL._AC_UL320_.jpg
"Whole Foods Market, Brioche Hot Dog Buns, 6 ct",$6.99,https://www.amazon.com/Whole-Foods-Market-Brioche-Frozen/dp/B07CWZ6X9X/ref=sr_1_4_f3_0o_wf?crid=1ETD973V81N4Y&keywords=hot+dog&qid=1670362049&sprefix=hot+dog%2Caps%2C70&sr=8-4,https://m.media-amazon.com/images/I/71AlCAB3qHL._AC_UL320_.jpg
"Applegate Farms Organic Uncured Beef Hot Dogs, 14 OZ",$8.99,https://www.amazon.com/APPLEGATE-FARMS-Organic-Uncured-Beef/dp/B08CBSZ81G/ref=sr_1_5_f3_0o_wf?crid=1ETD973V81N4Y&keywords=hot+dog&qid=1670362049&sprefix=hot+dog%2Caps%2C70&sr=8-5,https://m.media-amazon.com/images/I/91XMLhVt+BL._AC_UL320_.jpg
"Applegate Great Organic Turkey Hot Dog Uncured, 10oz",$7.99,https://www.amazon.com/Applegate-Great-Organic-Uncured-Turkey/dp/B01N4ERULQ/ref=sr_1_6_f3_0o_wf?crid=1ETD973V81N4Y&keywords=hot+dog&qid=1670362049&sprefix=hot+dog%2Caps%2C70&sr=8-6,https://m.media-amazon.com/images/I/81tlq6ZIL6L._AC_UL320_.jpg
"Seyomi 17.7 inches Food Hot Dog Plush Stuffed Pillow, Cartoon Creative Soft Sofa Cushion, Cute Children's Toys, Home Decoration",$18.99,https://www.amazon.com/Seyomi-Stuffed-Creative-Childrens-Decoration/dp/B097BP7N3Q/ref=sr_1_7?crid=1ETD973V81N4Y&keywords=hot+dog&qid=1670362049&sprefix=hot+dog%2Caps%2C70&sr=8-7,https://m.media-amazon.com/images/I/616BjNLAmjS._AC_UL320_.jpg
"Feltman's of Coney Island Uncured Beef Hot Dog, 12 OZ",$7.99,https://www.amazon.com/Feltmans-Coney-Island-Uncured-Beef/dp/B09T25KSZJ/ref=sr_1_8_f3_0o_wf?crid=1ETD973V81N4Y&keywords=hot+dog&qid=1670362049&sprefix=hot+dog%2Caps%2C70&sr=8-8,https://m.media-amazon.com/images/I/71LmOBAR94L._AC_UL320_.jpg
"365 by Whole Foods Market, Buns Hot Dog Whole Wheat 8 Count Organic, 16 Ounce",$3.79,https://www.amazon.com/365-Everyday-Value-Organic-Frozen/dp/B07FWNFTK4/ref=sr_1_9_f3_0o_wf?crid=1ETD973V81N4Y&keywords=hot+dog&qid=1670362049&sprefix=hot+dog%2Caps%2C70&sr=8-9,https://m.media-amazon.com/images/I/812V5OaJStL._AC_UL320_.jpg
"365 by Whole Foods Market, Buns Hot Dog White 8 Count Organic, 16 Ounce",$3.79,https://www.amazon.com/365-Everyday-Value-White-Organic/dp/B07FWNFTK1/ref=sr_1_10_f3_0o_wf?crid=1ETD973V81N4Y&keywords=hot+dog&qid=1670362049&sprefix=hot+dog%2Caps%2C70&sr=8-10,https://m.media-amazon.com/images/I/61XCYxAwx7L._AC_UL320_.jpg
"Niman Ranch Beef, Hot Dogs Fearless Beef Franks Uncured, 11oz",$6.99,https://www.amazon.com/Niman-Ranch-Fearless-Franks-Uncured/dp/B00V61TQ84/ref=sr_1_11_f3_0o_wf?crid=1ETD973V81N4Y&keywords=hot+dog&qid=1670362049&sprefix=hot+dog%2Caps%2C70&sr=8-11,https://m.media-amazon.com/images/I/91IqRpeYdRL._AC_UL320_.jpg
Inflatable Mattress for Pool Hotdog Intex,$8.99,https://www.amazon.com/Inflatable-Mattress-Pool-Hotdog-Intex/dp/B07HKV8W8C/ref=sr_1_12?crid=1ETD973V81N4Y&keywords=hot+dog&qid=1670362049&sprefix=hot+dog%2Caps%2C70&sr=8-12,https://m.media-amazon.com/images/I/61MIyqHpyLL._AC_UL320_.jpg
"365 by Whole Foods Market, Hot Dog Bites, Mini, Everything Pastry, 8.7 Ounce",$5.29,https://www.amazon.com/365-Everyday-Value-Everything-Uncured/dp/B07HRJ42GQ/ref=sr_1_13_f3_0o_wf?crid=1ETD973V81N4Y&keywords=hot+dog&qid=1670362049&sprefix=hot+dog%2Caps%2C70&sr=8-13,https://m.media-amazon.com/images/I/61XB1aYj2KL._AC_UL320_.jpg
Nature's Own Hot Dog Butter Buns - 15 oz Package,$4.69,https://www.amazon.com/Natures-Own-Butter-Sandwich-Hotdog/dp/B008XOZ7VC/ref=sr_1_14_f3_0o_wf?crid=1ETD973V81N4Y&keywords=hot+dog&qid=1670362049&sprefix=hot+dog%2Caps%2C70&sr=8-14,https://m.media-amazon.com/images/I/61nteX69jNL._AC_UL320_.jpg
"Udi's Gluten Free Classic Hot Dog Buns, Frozen, 14.3 Ounce",$4.99,https://www.amazon.com/Udis-Gluten-Classic-Delicious-Frozen/dp/B00DZ44V1W/ref=sr_1_15_f3_0o_wf?crid=1ETD973V81N4Y&keywords=hot+dog&qid=1670362049&sprefix=hot+dog%2Caps%2C70&sr=8-15,https://m.media-amazon.com/images/I/81mWXHRjeQS._AC_UL320_.jpg
"Wellshire Farms, Premium All-Natural Uncured Beef Franks, 16 oz",$7.99,https://www.amazon.com/Wellshire-Farms-Premium-All-Natural-Uncured/dp/B074VD73XF/ref=sr_1_18_f3_0o_wf?crid=1ETD973V81N4Y&keywords=hot+dog&qid=1670362049&sprefix=hot+dog%2Caps%2C70&sr=8-18,https://m.media-amazon.com/images/I/81OxX4ZgMLL._AC_UL320_.jpg
Kurt Adler Noble Gems Hot Dog Christmas Ornament,$11.81,https://www.amazon.com/Kurt-Adler-Noble-Christmas-Ornament/dp/B005LKJT8I/ref=sr_1_19?crid=1ETD973V81N4Y&keywords=hot+dog&qid=1670362049&sprefix=hot+dog%2Caps%2C70&sr=8-19,https://m.media-amazon.com/images/I/71bnO9+2rZL._AC_UL320_.jpg
"Fork In The Road Foods, Mighty Good Dogs, 12 Ounce",$7.99,https://www.amazon.com/Fork-Road-Mighty-Pasture-Raised/dp/B07W7W5LNY/ref=sr_1_20_f3_0o_wf?crid=1ETD973V81N4Y&keywords=hot+dog&qid=1670362049&sprefix=hot+dog%2Caps%2C70&sr=8-20,https://m.media-amazon.com/images/I/81Nv+ArLAIL._AC_UL320_.jpg
"Fork In The Road Foods, Honest Dogs, 12 Ounce",$7.99,https://www.amazon.com/Fork-Road-Foods-Honest-Ounce/dp/B074VDKMLP/ref=sr_1_21_f3_0o_wf?crid=1ETD973V81N4Y&keywords=hot+dog&qid=1670362049&sprefix=hot+dog%2Caps%2C70&sr=8-21,https://m.media-amazon.com/images/I/81oLJ2JneOL._AC_UL320_.jpg
SLOTDOG - Hot Dog Slicing Tool - 10 inch - Red,$19.99,https://www.amazon.com/SLOTDOG-EMW9018136-Red/dp/B00X6UTAVQ/ref=sr_1_22?crid=1ETD973V81N4Y&keywords=hot+dog&qid=1670362049&sprefix=hot+dog%2Caps%2C70&sr=8-22,https://m.media-amazon.com/images/I/817mUdknMKL._AC_UL320_.jpg
"Fork In The Road Foods, Little Goodies, 12 Ounce",$7.99,https://www.amazon.com/WFM-365-Dogs-Little-Goodies/dp/B074V3PTKR/ref=sr_1_23_f3_0o_wf?crid=1ETD973V81N4Y&keywords=hot+dog&qid=1670362049&sprefix=hot+dog%2Caps%2C70&sr=8-23,https://m.media-amazon.com/images/I/818Qs1CY8cL._AC_UL320_.jpg
"LIGHTLIFE FOODS Smart Dogs, 12 OZ",$4.69,https://www.amazon.com/Lightlife-Smart-Veggie-Protein-Links/dp/B000PSZ9M6/ref=sr_1_24_f3_0o_wf?crid=1ETD973V81N4Y&keywords=hot+dog&qid=1670362049&sprefix=hot+dog%2Caps%2C70&sr=8-24,https://m.media-amazon.com/images/I/81JSlg-j5+L._AC_UL320_.jpg
"Bulk Individually Wrapped Oscar Mayer Gummy Hot Dog Candies, Ballpark Dogs Gummies Halloween Trick or Treat and Party Favors (40 Count)",$18.27,https://www.amazon.com/Individually-Wrapped-Candies-Ballpark-Halloween/dp/B0B9T7QVNC/ref=sr_1_25_mod_primary_new?crid=1ETD973V81N4Y&keywords=hot+dog&qid=1670362049&sbo=RZvfv%2F%2FHxDF%2BO5021pAnSA%3D%3D&sprefix=hot+dog%2Caps%2C70&sr=8-25,https://m.media-amazon.com/images/I/71FQ2f4Lo9L._AC_UL320_.jpg
"Nostalgia Extra Large Diner-Style Coca-Cola Hot Dog Steamer and Bun Warmer, 24 Hot Dog and 12 Bun Capacity, Steam Bratwursts, Sausages, Vegetables, Fish, Dumplings, Red",$39.99,https://www.amazon.com/Nostalgia-Diner-Style-Coca-Cola-Bratwursts-Vegetables/dp/B0B4PL7WXJ/ref=sr_1_26?crid=1ETD973V81N4Y&keywords=hot+dog&qid=1670362049&sprefix=hot+dog%2Caps%2C70&sr=8-26,https://m.media-amazon.com/images/I/71+0+DX5q4L._AC_UL320_.jpg
"Nostalgia Extra Large Diner-Style Steamer 20 Hot Dogs and 6 Bun Capacity, Perfect for Breakfast Sausages, Brats, Vegetables, Fish",$39.99,https://www.amazon.com/Nostalgia-Diner-Style-Capacity-Breakfast-Vegetables/dp/B09V8BG18L/ref=sr_1_27?crid=1ETD973V81N4Y&keywords=hot+dog&qid=1670362049&sprefix=hot+dog%2Caps%2C70&sr=8-27,https://m.media-amazon.com/images/I/71h5NUSP7+S._AC_UL320_.jpg
"Hot Dog Gummies Candy, Soft Chewy Gummy Candy, 16-Pack Gummi",$8.99,https://www.amazon.com/Gummi-Pack-Hot-Gummies-16-Pack/dp/B08GNL4NDG/ref=sr_1_28?crid=1ETD973V81N4Y&keywords=hot+dog&qid=1670362049&sprefix=hot+dog%2Caps%2C70&sr=8-28,https://m.media-amazon.com/images/I/71QHvOUmyXL._AC_UL320_.jpg
"MasterChef Corn Dog Maker -Electric Nonstick Kitchen Baker, Perfect for Hot Dogs on a Stick, Cheese Mozzarella Sticks, Cake Pops, BBQ, Holiday Parties,Christmas Gift Exchange -Recipe Guide +50 skewers",$35.99,https://www.amazon.com/MasterChef-Corn-Dog-Maker-Specialty/dp/B09MY4NZJM/ref=sr_1_29?crid=1ETD973V81N4Y&keywords=hot+dog&qid=1670362049&sprefix=hot+dog%2Caps%2C70&sr=8-29,https://m.media-amazon.com/images/I/61UrrvlVeHL._AC_UL320_.jpg
"Whole Foods Market, Organic Chicken Sausage, Bratwurst (GAP - Step 3), 12 Ounce",$7.99,https://www.amazon.com/Whole-Foods-Market-Chicken-Bratwurst/dp/B07NRFRFL7/ref=sr_1_30_f3_0o_wf?crid=1ETD973V81N4Y&keywords=hot+dog&qid=1670362049&sprefix=hot+dog%2Caps%2C70&sr=8-30,https://m.media-amazon.com/images/I/81etoLmMIWL._AC_UL320_.jpg
"365 by Whole Foods Market, Corn On The Cob Organic, 6 Count",$4.29,https://www.amazon.com/365-Everyday-Value-Organic-Yellow/dp/B074H7KL69/ref=sr_1_31_f3_0o_wf?crid=1ETD973V81N4Y&keywords=hot+dog&qid=1670362049&sprefix=hot+dog%2Caps%2C70&sr=8-31,https://m.media-amazon.com/images/I/81JIT6knicL._AC_UL320_.jpg
"Alexia Crispy Seasoned Potato Puffs Roasted Garlic and Cracked Black Pepper, 19 oz (Frozen)",$7.29,https://www.amazon.com/Alexia-Crispy-Seasoned-Roasted-Cracked/dp/B076CLTSH7/ref=sr_1_32_f3_0o_wf?crid=1ETD973V81N4Y&keywords=hot+dog&qid=1670362049&sprefix=hot+dog%2Caps%2C70&sr=8-32,https://m.media-amazon.com/images/I/71j6j7urirL._AC_UL320_.jpg
Im Not A Hot Mess Im A Spicy Disaster Spatula Funny Chili Pepper Heat Cooking Utensil (SpicyDisaster),$12.99,https://www.amazon.com/Disaster-Spatula-Cooking-Utensil-SpicyDisaster/dp/B0BJW5WRL6/ref=sr_1_33?crid=1ETD973V81N4Y&keywords=hot+dog&qid=1670362049&sprefix=hot+dog%2Caps%2C70&sr=8-33,https://m.media-amazon.com/images/I/61znN8arnlL._AC_UL320_.jpg
Checkered Hot Dog Trays (250 Pack) - Retro Red & White Checked Food Boats for Hot Dogs Grease Resistant Checkered Trays - Recyclable & Disposable Paperboard Trays for Hot Dogs - Stock Your Home,$27.99,https://www.amazon.com/Checkered-Hot-Dog-Trays-Pack/dp/B099X3L6J2/ref=sr_1_34?crid=1ETD973V81N4Y&keywords=hot+dog&qid=1670362049&sprefix=hot+dog%2Caps%2C70&sr=8-34,https://m.media-amazon.com/images/I/A19F1ArKXJL._AC_UL320_.jpg
Hot Dog... The Movie,$19.99,https://www.amazon.com/Hot-Movie-Blu-ray-David-Naughton/dp/B082BY4X4H/ref=sr_1_35?crid=1ETD973V81N4Y&keywords=hot+dog&qid=1670362049&sprefix=hot+dog%2Caps%2C70&sr=8-35,https://m.media-amazon.com/images/I/81uynRoVHVL._AC_UL320_.jpg
"Field Roast, Grain Meat Frankfurters, 16 oz (Frozen)",$7.79,https://www.amazon.com/Field-Roast-Grain-Frankfurters-Frozen/dp/B00B42RE70/ref=sr_1_36_f3_0o_wf?crid=1ETD973V81N4Y&keywords=hot+dog&qid=1670362049&sprefix=hot+dog%2Caps%2C70&sr=8-36,https://m.media-amazon.com/images/I/81iIfYnnm+L._AC_UL320_.jpg
"Hot Dog and Ketchup Flavored Christmas Candy Cane Variety Pack | Stocking Stuffer, Candy Cane Roulette, Funny Novelty Weird Candy | with June Street Market Christmas Sticker | 12 count - 6 of each Flavor",$21.95,https://www.amazon.com/Flavored-Christmas-June-Street-Market/dp/B0BKLVQKV4/ref=sr_1_37?crid=1ETD973V81N4Y&keywords=hot+dog&qid=1670362049&sprefix=hot+dog%2Caps%2C70&sr=8-37,https://m.media-amazon.com/images/I/61+LhMLWw0L._AC_UL320_.jpg
"Annie's Three Cheese Mini Frozen Pizza Bagels, 9 Bagels, 6.65 oz.",$6.39,https://www.amazon.com/Annies-Bagels-Cheese-Frozen-Snacks/dp/B00O05H04A/ref=sr_1_38_f3_0o_wf?crid=1ETD973V81N4Y&keywords=hot+dog&qid=1670362049&sprefix=hot+dog%2Caps%2C70&sr=8-38,https://m.media-amazon.com/images/I/81NEpTtGL6L._AC_UL320_.jpg
"BigMouth Inc Giant Beach Blanket, Oversized Beach Towel, Ulta-Soft Microfiber Towel, Washing Machine Friendly",$19.99,https://www.amazon.com/BigMouth-Inc-Oversized-Ulta-Soft-Microfiber/dp/B078WCY8LP/ref=sr_1_39?crid=1ETD973V81N4Y&keywords=hot+dog&qid=1670362049&sprefix=hot+dog%2Caps%2C70&sr=8-39,https://m.media-amazon.com/images/I/71G-h8lstiL._AC_UL320_.jpg
"365 by Whole Foods Market, Beans Baked Traditional Organic, 15 Ounce",$1.39,https://www.amazon.com/365-Everyday-Value-Organic-Traditional/dp/B074H5ZHT2/ref=sr_1_40_f3_0o_wf?crid=1ETD973V81N4Y&keywords=hot+dog&qid=1670362049&sprefix=hot+dog%2Caps%2C70&sr=8-40,https://m.media-amazon.com/images/I/81S7R7U9ouL._AC_UL320_.jpg
Field Roast Signature Stadium Plant-Based Hot Dogs 10 oz,$6.99,https://www.amazon.com/FIELD-ROAST-Plant-Signature-American/dp/B08KG6G28K/ref=sr_1_41_f3_0o_wf?crid=1ETD973V81N4Y&keywords=hot+dog&qid=1670362049&sprefix=hot+dog%2Caps%2C70&sr=8-41,https://m.media-amazon.com/images/I/81G5mcsFzaL._AC_UL320_.jpg
"Pretzilla, Soft Pretzel Sausage Buns, 10.4 oz (frozen)",$4.19,https://www.amazon.com/Pretzilla-Soft-Pretzel-Sausage-Buns/dp/B003Z3K3GU/ref=sr_1_42_f3_0o_wf?crid=1ETD973V81N4Y&keywords=hot+dog&qid=1670362049&sprefix=hot+dog%2Caps%2C70&sr=8-42,https://m.media-amazon.com/images/I/71e0QnMMSjL._AC_UL320_.jpg
Sneaky Pete's Original Hot Dog Sauce,$12.99,https://www.amazon.com/Sneaky-Petes-Original-Hot-Sauce/dp/B07NPZJSCG/ref=sr_1_43?crid=1ETD973V81N4Y&keywords=hot+dog&qid=1670362049&sprefix=hot+dog%2Caps%2C70&sr=8-43,https://m.media-amazon.com/images/I/41gZkZbeSgL._AC_UL320_.jpg
"Realistic Hot Dog Charm Necklace, Hypoallergenic Nickel Free for Sensitive Skin, Carnival Food Themed Jewelry, Baseball Jewelry for Hot Dog Lovers, Foodie Gifts, 20"" Stainless Steel Cable Chain",$22.95,https://www.amazon.com/Realistic-Necklace-Hypoallergenic-Sensitive-Stainless/dp/B0994SZM9Z/ref=sr_1_44?crid=1ETD973V81N4Y&keywords=hot+dog&qid=1670362049&sprefix=hot+dog%2Caps%2C70&sr=8-44,https://m.media-amazon.com/images/I/61UmM0nts+S._AC_UL320_.jpg
"GoGo squeeZ Organic Fruit on the Go Variety Pack, Apple/Banana/Strawberry, 3.2 oz. (12 Pouches) - Made from Organic Apples, Bananas & Strawberries - Gluten Free Snacks - Nut & Dairy Free - Vegan Snack",$7.99,https://www.amazon.com/GoGo-Applesauce-Strawberry-Unsweetened-Recloseable/dp/B07C341MRK/ref=sr_1_45?crid=1ETD973V81N4Y&keywords=hot+dog&qid=1670362049&sprefix=hot+dog%2Caps%2C70&sr=8-45,https://m.media-amazon.com/images/I/81dKRjAmd9L._AC_UL320_.jpg
"Applegate, Organic Uncured Sunday Bacon, 8oz",$5.39,https://www.amazon.com/Applegate-Organic-Uncured-Sunday-Bacon/dp/B000VHSIE2/ref=sr_1_46_f3_0o_wf?crid=1ETD973V81N4Y&keywords=hot+dog&qid=1670362049&sprefix=hot+dog%2Caps%2C70&sr=8-46,https://m.media-amazon.com/images/I/61A94UEgvCL._AC_UL320_.jpg
"Frank's RedHot Original Hot Sauce (Keto Friendly), 12 fl oz",$3.26,https://www.amazon.com/Franks-RedHot-Original-Cayenne-Pepper/dp/B000XGGX6G/ref=sr_1_47?crid=1ETD973V81N4Y&keywords=hot+dog&qid=1670362049&rdc=1&sprefix=hot+dog%2Caps%2C70&sr=8-47,https://m.media-amazon.com/images/I/71IfEU81rDL._AC_UL320_.jpg
"Swiss Miss Salted Caramel Flavored Hot Cocoa Mix, 1.38 oz 8 ct",$6.07,https://www.amazon.com/Swiss-Miss-Indulgent-Collection-Caramel/dp/B07H3C5PBH/ref=sr_1_48?crid=1ETD973V81N4Y&keywords=hot+dog&qid=1670362049&sprefix=hot+dog%2Caps%2C70&sr=8-48,https://m.media-amazon.com/images/I/91pBIWK2hkS._AC_UL320_.jpg
