item_name,price,link_to_item,link_to_item_image
"GUND Fuzzy Teddy Bear Stuffed Animal Plush, Chocolate Brown, 13.5""",$14.99,https://www.amazon.com/gp/slredirect/picassoRedirect.html/ref=pa_sp_atf_aps_sr_pg1_1?ie=UTF8&adId=A00400116SXKBPC18XN9&qualifier=1670362106&id=3617005411889683&widgetName=sp_atf&url=%2FGUND-Fuzzy-Stuffed-Animal-Chocolate%2Fdp%2FB004N8RVVQ%2Fref%3Dsr_1_1_sspa%3Fcrid%3D1ETD973V81N4Y%26keywords%3Dteddy%2Bbear%26qid%3D1670362106%26sprefix%3Dteddy%2Bbear%252Caps%252C70%26sr%3D8-1-spons%26psc%3D1,https://m.media-amazon.com/images/I/81ko9oJwjPL._AC_UL320_.jpg
"Fluffuns Teddy Bear Plush - Cute Teddy Bears Stuffed Animals in 3 Colors - 3-Pack of Stuffed Bears - 9 Inch Height (Dark Brown, Golden, White)",$24.99,https://www.amazon.com/gp/slredirect/picassoRedirect.html/ref=pa_sp_atf_aps_sr_pg1_1?ie=UTF8&adId=A023007624ONEJ9Y87GO7&qualifier=1670362106&id=3617005411889683&widgetName=sp_atf&url=%2FPluffins-Teddy-Bear-Plush-Stuffed%2Fdp%2FB07HVM949Q%2Fref%3Dsr_1_2_sspa%3Fcrid%3D1ETD973V81N4Y%26keywords%3Dteddy%2Bbear%26qid%3D1670362106%26sprefix%3Dteddy%2Bbear%252Caps%252C70%26sr%3D8-2-spons%26psc%3D1,https://m.media-amazon.com/images/I/71hv3MPe7BL._AC_UL320_.jpg
"LotFancy 10'' Teddy Bear Stuffed Animal, Brown Baby Bear Plush Toy, Gift for Kids Boys Girls",$14.99,https://www.amazon.com/Teddy-Stuffed-Animal-Brown-Plush/dp/B08YF1HKRH/ref=sr_1_3?crid=1ETD973V81N4Y&keywords=teddy+bear&qid=1670362106&sprefix=teddy+bear%2Caps%2C70&sr=8-3,https://m.media-amazon.com/images/I/81FefTBtlvL._AC_UL320_.jpg
"WILDREAM Teddy Bear Stuffed Animal Helloween Toys with Ribbon Bow-Ties, Cute Teddy Bears Stuffed Animals Plush for Kids Toddlers Boys Girls, Gifts for Helloween/Birthday/Christmas- 8 Inch (Beige)",$11.99,https://www.amazon.com/WILDREAM-Bow-Ties-Birthday-Christmas-Valentines/dp/B075J8NR4W/ref=sr_1_4?crid=1ETD973V81N4Y&keywords=teddy+bear&qid=1670362106&sprefix=teddy+bear%2Caps%2C70&sr=8-4,https://m.media-amazon.com/images/I/71eNpwYCMEL._AC_UL320_.jpg
"LotFancy 20 inch Teddy Bear Stuffed Animals, Soft Cuddly Stuffed Plush Bear, Cute Stuffed Animals Toy with Footprints, Gifts for Kids Baby Toddlers on Baby Shower, Birthday, Easter, Tan Color",$26.80,https://www.amazon.com/LotFancy-Stuffed-Animal-Birthday-inches/dp/B079BG1425/ref=sr_1_5?crid=1ETD973V81N4Y&keywords=teddy+bear&qid=1670362106&sprefix=teddy+bear%2Caps%2C70&sr=8-5,https://m.media-amazon.com/images/I/91gbfULvW0L._AC_UL320_.jpg
"GUND Philbin Teddy Bear Stuffed Animal Plush, Chocolate Brown, 12""",$22.25,https://www.amazon.com/GUND-Philbin-Stuffed-Animal-Chocolate/dp/B003S7EYZY/ref=sr_1_6?crid=1ETD973V81N4Y&keywords=teddy+bear&qid=1670362106&sprefix=teddy+bear%2Caps%2C70&sr=8-6,https://m.media-amazon.com/images/I/81VYSMtgT7L._AC_UL320_.jpg
"Souriant Teddy Bears, Soft Plush Stuffed Animal with Coffee Hoodie, Miguel,Small",$18.99,https://www.amazon.com/Souriant-Stuffed-Animal-Coffee-Hoodie/dp/B08ZYV6Y3H/ref=sr_1_7?crid=1ETD973V81N4Y&keywords=teddy+bear&qid=1670362106&sprefix=teddy+bear%2Caps%2C70&sr=8-7,https://m.media-amazon.com/images/I/61wUZDeaG2L._AC_UL320_.jpg
"Bearington Lil' Honey Brown Plush Stuffed Animal Teddy Bear, 12 inches",$19.99,https://www.amazon.com/Bearington-Honey-Stuffed-Animal-inches/dp/B07PBZN2RX/ref=sr_1_8?crid=1ETD973V81N4Y&keywords=teddy+bear&qid=1670362106&sprefix=teddy+bear%2Caps%2C70&sr=8-8,https://m.media-amazon.com/images/I/61ws+hQj7xL._AC_UL320_.jpg
"KIDS PREFERRED Sustain a-mals Kai The Black Bear Stuffed Animal Plush, Made with Recycled Materials",$11.59,https://www.amazon.com/KIDS-PREFERRED-Sustain-Recycled-Materials/dp/B0B35876K6/ref=sr_1_9?crid=1ETD973V81N4Y&keywords=teddy+bear&qid=1670362106&sprefix=teddy+bear%2Caps%2C70&sr=8-9,https://m.media-amazon.com/images/I/81D0vr45tjL._AC_UL320_.jpg
"Aurora World - Bear - 10.5"" Coco Bear, Brown",$13.99,https://www.amazon.com/Aurora-World-Small-Coco-Plush/dp/B00LXWGWNI/ref=sr_1_10?crid=1ETD973V81N4Y&keywords=teddy+bear&qid=1670362106&sprefix=teddy+bear%2Caps%2C70&sr=8-10,https://m.media-amazon.com/images/I/A19hGHNgxIL._AC_UL320_.jpg
MaoGoLan Giant Teddy Bear Big 4 Feet Stuffed Animal Stuffed Bear Baby Shower Life Size Large Teddy for Girlfriend Boyfriend Wife Children,$40.99,https://www.amazon.com/Giant-Teddy-Stuffed-Animal-Shower/dp/B01N0NRD0M/ref=sr_1_11?crid=1ETD973V81N4Y&keywords=teddy+bear&qid=1670362106&sprefix=teddy+bear%2Caps%2C70&sr=8-11,https://m.media-amazon.com/images/I/71MtYVt1L0L._AC_UL320_.jpg
GUND 'Hubble' Brown Teddy Bear Plush,$19.99,https://www.amazon.com/GUND-Hubble-Brown-Teddy-Plush/dp/B00B36D9NK/ref=sr_1_12?crid=1ETD973V81N4Y&keywords=teddy+bear&qid=1670362106&sprefix=teddy+bear%2Caps%2C70&sr=8-12,https://m.media-amazon.com/images/I/81wm+7g+RgL._AC_UL320_.jpg
"Nleio Teddy Bear Stuffed Animals, 15.7"" Stuffed Bear Plush, Cute Stuffed Animal with Hat & Pillow, Small Teddy Bear for Kids Baby Toddlers Girlfriend, Gifts for Valentine's Day/Birthday/Christmas",$19.99,https://www.amazon.com/Toddlers-Girlfriend-Valentines-Birthday-Christmas/dp/B09GB3Z5B4/ref=sr_1_13?crid=1ETD973V81N4Y&keywords=teddy+bear&qid=1670362106&sprefix=teddy+bear%2Caps%2C70&sr=8-13,https://m.media-amazon.com/images/I/81fp4CKY6EL._AC_UL320_.jpg
"Oits-cute Small Baby Teddy Bear with Cloth Cute Stuffed Animal Soft Plush Toy 10"" (Pink Dress with Rabbit)",$15.88,https://www.amazon.com/Oitscute-Small-Stuffed-Animal-Rabbit/dp/B07P6HXB5Q/ref=sr_1_14?crid=1ETD973V81N4Y&keywords=teddy+bear&qid=1670362106&sprefix=teddy+bear%2Caps%2C70&sr=8-14,https://m.media-amazon.com/images/I/71xMpBNuCHL._AC_UL320_.jpg
"Vermont Teddy Bear Stuffed Animals - 18 Inch, Almond Brown, Super Soft",$34.99,https://www.amazon.com/Vermont-Teddy-Bear-Amazon-Exclusive/dp/B07573KQZQ/ref=sr_1_15?crid=1ETD973V81N4Y&keywords=teddy+bear&qid=1670362106&sprefix=teddy+bear%2Caps%2C70&sr=8-15,https://m.media-amazon.com/images/I/61avFpj379L._AC_UL320_.jpg
"Bearington Remington Plush Stuffed Animal Teddy Bear with Rose, 9.5 Inches",$20.99,https://www.amazon.com/Bearington-Remington-Stuffed-Animal-Inches/dp/B083F6TQG2/ref=sr_1_16?crid=1ETD973V81N4Y&keywords=teddy+bear&qid=1670362106&sprefix=teddy+bear%2Caps%2C70&sr=8-16,https://m.media-amazon.com/images/I/51YIidspFQL._AC_UL320_.jpg
"DOLDOA Giant Teddy Bear Soft Stuffed Animals Plush Big Bear Toy for Kids, Girlfriend 35.4 inch(Beige)",$37.99,https://www.amazon.com/gp/slredirect/picassoRedirect.html/ref=pa_sp_mtf_aps_sr_pg1_1?ie=UTF8&adId=A10134612UCY5425QJKKT&qualifier=1670362106&id=3617005411889683&widgetName=sp_mtf&url=%2FDOLDOA-Giant-Stuffed-Animals-Girlfriend%2Fdp%2FB07YJJ9LPR%2Fref%3Dsr_1_17_sspa%3Fcrid%3D1ETD973V81N4Y%26keywords%3Dteddy%2Bbear%26qid%3D1670362106%26sprefix%3Dteddy%2Bbear%252Caps%252C70%26sr%3D8-17-spons%26psc%3D1,https://m.media-amazon.com/images/I/71rqdQg0TiL._AC_UL320_.jpg
"LotFancy 10'' Teddy Bear Stuffed Animal, Brown Baby Bear Plush Toy, Gift for Kids Boys Girls",$14.99,https://www.amazon.com/gp/slredirect/picassoRedirect.html/ref=pa_sp_mtf_aps_sr_pg1_1?ie=UTF8&adId=A0954915M6MNRM3DM7I8&qualifier=1670362106&id=3617005411889683&widgetName=sp_mtf&url=%2FTeddy-Stuffed-Animal-Brown-Plush%2Fdp%2FB08YF1HKRH%2Fref%3Dsr_1_18_sspa%3Fcrid%3D1ETD973V81N4Y%26keywords%3Dteddy%2Bbear%26qid%3D1670362106%26sprefix%3Dteddy%2Bbear%252Caps%252C70%26sr%3D8-18-spons%26psc%3D1,https://m.media-amazon.com/images/I/81FefTBtlvL._AC_UL320_.jpg
"Vermont Teddy Bear Stuffed Animals - 18 Inch, Almond Brown, Super Soft",$34.99,https://www.amazon.com/gp/slredirect/picassoRedirect.html/ref=pa_sp_mtf_aps_sr_pg1_1?ie=UTF8&adId=A02528873HFU1ZF091ZSG&qualifier=1670362106&id=3617005411889683&widgetName=sp_mtf&url=%2FVermont-Teddy-Bear-Amazon-Exclusive%2Fdp%2FB07573KQZQ%2Fref%3Dsr_1_19_sspa%3Fcrid%3D1ETD973V81N4Y%26keywords%3Dteddy%2Bbear%26qid%3D1670362106%26sprefix%3Dteddy%2Bbear%252Caps%252C70%26sr%3D8-19-spons%26psc%3D1,https://m.media-amazon.com/images/I/61avFpj379L._AC_UL320_.jpg
MaoGoLan Giant Teddy Bear Big 4 Feet Stuffed Animal Stuffed Bear Baby Shower Life Size Large Teddy for Girlfriend Boyfriend Wife Children,$40.99,https://www.amazon.com/gp/slredirect/picassoRedirect.html/ref=pa_sp_mtf_aps_sr_pg1_1?ie=UTF8&adId=A02201761WZDCHHMKKH4P&qualifier=1670362106&id=3617005411889683&widgetName=sp_mtf&url=%2FGiant-Teddy-Stuffed-Animal-Shower%2Fdp%2FB01N0NRD0M%2Fref%3Dsr_1_20_sspa%3Fcrid%3D1ETD973V81N4Y%26keywords%3Dteddy%2Bbear%26qid%3D1670362106%26sprefix%3Dteddy%2Bbear%252Caps%252C70%26sr%3D8-20-spons%26psc%3D1,https://m.media-amazon.com/images/I/71MtYVt1L0L._AC_UL320_.jpg
"GUND Toothpick, Classic Teddy Bear Stuffed Animal for Ages 1 and Up, Beige, 15”",$23.99,https://www.amazon.com/GUND-Toothpick-Teddy-Stuffed-Animal/dp/B00HV3XI5I/ref=sr_1_21_mod_primary_new?crid=1ETD973V81N4Y&keywords=teddy+bear&qid=1670362106&sbo=RZvfv%2F%2FHxDF%2BO5021pAnSA%3D%3D&sprefix=teddy+bear%2Caps%2C70&sr=8-21,https://m.media-amazon.com/images/I/81NmnshwK9L._AC_UL320_.jpg
"Quaakssi Teddy Bears Bulk 5 Packs Teddy Bear Stuffed Animal Plush Toys Gift for Kid Girlfriend,13.5 Inches Stuffed Bears for Christmas Valentine’s Day Birthday Wedding Party",$33.59,https://www.amazon.com/Quaakssi-Girlfriend-Christmas-Valentines-Birthday/dp/B09ZXFP2MF/ref=sr_1_22?crid=1ETD973V81N4Y&keywords=teddy+bear&qid=1670362106&sprefix=teddy+bear%2Caps%2C70&sr=8-22,https://m.media-amazon.com/images/I/71Br8TtlysL._AC_UL320_.jpg
"Oits-cute Teddy Bears Baby Cute Soft Plush Stuffed Animal Toy for Girl Women 16"" (Brown Bear Wearing White Sleepwear)",$22.88,https://www.amazon.com/Oitscute-Stuffed-Animal-Wearing-Sleepwear/dp/B07RT88RGL/ref=sr_1_23?crid=1ETD973V81N4Y&keywords=teddy+bear&qid=1670362106&sprefix=teddy+bear%2Caps%2C70&sr=8-23,https://m.media-amazon.com/images/I/81fhxPRpp1L._AC_UL320_.jpg
"GUND Ripple Toothpick Teddy Bear, Textured Plush Stuffed Animal for Ages 1 and Up, 15"", Blue",$19.89,https://www.amazon.com/GUND-Ripple-Toothpick-Textured-Stuffed/dp/B08QTZBZH5/ref=sr_1_24?crid=1ETD973V81N4Y&keywords=teddy+bear&qid=1670362106&sprefix=teddy+bear%2Caps%2C70&sr=8-24,https://m.media-amazon.com/images/I/81Qkff3UEeL._AC_UL320_.jpg
"Seyomi 13.7 inches 3 Packs of Soft Stuffed Teddy Bear Plush Dolls, Children’s Sleeping and Playing Toys, Home Decorations",$24.99,https://www.amazon.com/Seyomi-Stuffed-Childrens-Sleeping-Decorations/dp/B098NBNXTG/ref=sr_1_25?crid=1ETD973V81N4Y&keywords=teddy+bear&qid=1670362106&sprefix=teddy+bear%2Caps%2C70&sr=8-25,https://m.media-amazon.com/images/I/61GPEmmHvsL._AC_UL320_.jpg
"BenBen 10 inch Teddy Bear Stuffed Animals, 2 Pack Small Baby Bear Plush, Soft Toy for Kids, Boys, Girls",$20.99,https://www.amazon.com/Teddy-Stuffed-Animals-Small-Plush/dp/B08Y5738NG/ref=sr_1_26?crid=1ETD973V81N4Y&keywords=teddy+bear&qid=1670362106&sprefix=teddy+bear%2Caps%2C70&sr=8-26,https://m.media-amazon.com/images/I/81jAF--u5cL._AC_UL320_.jpg
"Misscindy Giant Teddy Bear Plush Stuffed Animals for Girlfriend or Kids 47 inch, (White)",$40.99,https://www.amazon.com/Misscindy-Giant-Stuffed-Animals-Girlfriend/dp/B07BFR9GP9/ref=sr_1_27?crid=1ETD973V81N4Y&keywords=teddy+bear&qid=1670362106&sprefix=teddy+bear%2Caps%2C70&sr=8-27,https://m.media-amazon.com/images/I/71w5Z4THfgL._AC_UL320_.jpg
"Plush Stuffed Animal Bear with Rose Funny Cute Stuffed Animal Plush Valentine's Day Gifts for Kids Toddler Girlfriend Mother's Day, 11.8 Inches (Beige)",$14.99,https://www.amazon.com/Stuffed-Valentines-Toddler-Girlfriend-Mothers/dp/B09NKL6SZG/ref=sr_1_28?crid=1ETD973V81N4Y&keywords=teddy+bear&qid=1670362106&sprefix=teddy+bear%2Caps%2C70&sr=8-28,https://m.media-amazon.com/images/I/71bMAGZbvwL._AC_UL320_.jpg
DOLDOA Big Teddy Bear Stuffed Animals with Footprints Plush Toy for Girlfriend 51 inch (Brown),$65.99,https://www.amazon.com/gp/slredirect/picassoRedirect.html/ref=pa_sp_mtf_aps_sr_pg1_1?ie=UTF8&adId=A03507832J3Y8OOSMFEC6&qualifier=1670362106&id=3617005411889683&widgetName=sp_mtf&url=%2FDOLDOA-Stuffed-Animals-Footprints-Girlfriend%2Fdp%2FB06XRR8LN9%2Fref%3Dsr_1_29_sspa%3Fcrid%3D1ETD973V81N4Y%26keywords%3Dteddy%2Bbear%26qid%3D1670362106%26sprefix%3Dteddy%2Bbear%252Caps%252C70%26sr%3D8-29-spons%26psc%3D1,https://m.media-amazon.com/images/I/61iFb0YDIfL._AC_UL320_.jpg
"TINY HEADED KINGDOM Stuffed Animal, Pip Bear for Girls and Boys, Adorable Bear Stuffed Animals, Big Plushies Small Head, Little Head Bear, Bear Stuffed Animal with Small Head, 15 in",$34.97,https://www.amazon.com/gp/slredirect/picassoRedirect.html/ref=pa_sp_mtf_aps_sr_pg1_1?ie=UTF8&adId=A01637922P92402O9NSK4&qualifier=1670362106&id=3617005411889683&widgetName=sp_mtf&url=%2FKingdom-Stuffed-Adorable-Animals-Plushies%2Fdp%2FB099MS7ZS8%2Fref%3Dsr_1_30_sspa%3Fcrid%3D1ETD973V81N4Y%26keywords%3Dteddy%2Bbear%26qid%3D1670362106%26sprefix%3Dteddy%2Bbear%252Caps%252C70%26sr%3D8-30-spons%26psc%3D1,https://m.media-amazon.com/images/I/61DBuG8KLDL._AC_UL320_.jpg
"Tezituor Teddy Bear Stuffed Animals 18inch, White Teddy Bear Plush Toy Gifts for Girls, Girlfriend, Wife on Valentine's, Birthday, Easter",$19.99,https://www.amazon.com/gp/slredirect/picassoRedirect.html/ref=pa_sp_mtf_aps_sr_pg1_1?ie=UTF8&adId=A0125550KI8TCIMLNO1K&qualifier=1670362106&id=3617005411889683&widgetName=sp_mtf&url=%2FTezituor-Stuffed-Animals-18inch-Little%2Fdp%2FB08MDS2DJZ%2Fref%3Dsr_1_31_sspa%3Fcrid%3D1ETD973V81N4Y%26keywords%3Dteddy%2Bbear%26qid%3D1670362106%26sprefix%3Dteddy%2Bbear%252Caps%252C70%26sr%3D8-31-spons%26psc%3D1,https://m.media-amazon.com/images/I/617qxaeWZzL._AC_UL320_.jpg
"Teddy Bear Plush Toy Teddy Bear Stuffed Animal with Rose, Kawaii Brown Stuffed Teddy Bear Plush Bear Bear Plushie Toy for Kids Girl Girlfriend Birthday Valentine's Day Gifts",$13.99,https://www.amazon.com/gp/slredirect/picassoRedirect.html/ref=pa_sp_mtf_aps_sr_pg1_1?ie=UTF8&adId=A07060993RDZIF2UM7EB&qualifier=1670362106&id=3617005411889683&widgetName=sp_mtf&url=%2FStuffed-Plushie-Girlfriend-Birthday-Valentines%2Fdp%2FB0BJJN5YQD%2Fref%3Dsr_1_32_sspa%3Fcrid%3D1ETD973V81N4Y%26keywords%3Dteddy%2Bbear%26qid%3D1670362106%26sprefix%3Dteddy%2Bbear%252Caps%252C70%26sr%3D8-32-spons%26psc%3D1,https://m.media-amazon.com/images/I/71NCNRuWJZL._AC_UL320_.jpg
MaoGoLan Soft Teddy Bear Stuffed Animal 2-Pack of White and Brown Cute Stuffed Bears 18 Inches Bulk Christmas Birthday Gift for Kids Adults,$29.99,https://www.amazon.com/MaoGoLan-Stuffed-Animal-2-Pack-Birthday/dp/B09NR86XFZ/ref=sr_1_33?crid=1ETD973V81N4Y&keywords=teddy+bear&qid=1670362106&sprefix=teddy+bear%2Caps%2C70&sr=8-33,https://m.media-amazon.com/images/I/61jIaVUPJmL._AC_UL320_.jpg
"DOLDOA Giant Teddy Bear Soft Stuffed Animals Plush Big Bear Toy for Kids, Girlfriend 35.4 inch(Beige)",$37.99,https://www.amazon.com/DOLDOA-Giant-Stuffed-Animals-Girlfriend/dp/B07YJJ9LPR/ref=sr_1_34?crid=1ETD973V81N4Y&keywords=teddy+bear&qid=1670362106&sprefix=teddy+bear%2Caps%2C70&sr=8-34,https://m.media-amazon.com/images/I/71rqdQg0TiL._AC_UL320_.jpg
"GUND Pinchy Brown Smiling Teddy Bear Plush Stuffed Animal, 17""",$20.54,https://www.amazon.com/GUND-Pinchy-Smiling-Stuffed-Animal/dp/B00HV3XHL8/ref=sr_1_35?crid=1ETD973V81N4Y&keywords=teddy+bear&qid=1670362106&sprefix=teddy+bear%2Caps%2C70&sr=8-35,https://m.media-amazon.com/images/I/81pVJGxd9PL._AC_UL320_.jpg
HollyHOME Teddy Bear Plush Giant Teddy Bears Stuffed Animals Teddy Bear Love 36 inch Tan,$34.99,https://www.amazon.com/HollyHOME-Teddy-Plush-Stuffed-Animals/dp/B06Y5788SC/ref=sr_1_36?crid=1ETD973V81N4Y&keywords=teddy+bear&qid=1670362106&sprefix=teddy+bear%2Caps%2C70&sr=8-36,https://m.media-amazon.com/images/I/71qtAiNUCpL._AC_UL320_.jpg
"GUND Cindy Teddy Bear Plush Vintage Classic Stuffed Animal, 8""",$17.99,https://www.amazon.com/GUND-Vintage-Classic-Stuffed-Animal/dp/B08BFB5PBJ/ref=sr_1_37?crid=1ETD973V81N4Y&keywords=teddy+bear&qid=1670362106&sprefix=teddy+bear%2Caps%2C70&sr=8-37,https://m.media-amazon.com/images/I/81OAj-UuJHL._AC_UL320_.jpg
"60cm Teddy Bear Cute Stuffed Animal Plush Toys Bear Cuddly Doll Gift for Kids Boys Girls Birthday Christmas Valentine's Day, Dark Brown",$22.99,https://www.amazon.com/Stuffed-Animal-Birthday-Christmas-Valentines/dp/B0B62QFYN6/ref=sr_1_38?crid=1ETD973V81N4Y&keywords=teddy+bear&qid=1670362106&sprefix=teddy+bear%2Caps%2C70&sr=8-38,https://m.media-amazon.com/images/I/61mWLdt9ECL._AC_UL320_.jpg
"GUND Zi-Bo Panda Teddy Bear Stuffed Animal Plush, 17-inch Length, Black and White",$22.95,https://www.amazon.com/GUND-Zi-Bo-Panda-Stuffed-Animal/dp/B007KAKLAC/ref=sr_1_39?crid=1ETD973V81N4Y&keywords=teddy+bear&qid=1670362106&sprefix=teddy+bear%2Caps%2C70&sr=8-39,https://m.media-amazon.com/images/I/81UkMI5tIaL._AC_UL320_.jpg
"GUND Slumbers Teddy Bear, Premium Large Classic Plush Stuffed Animal, Brown, 17”",$28.84,https://www.amazon.com/GUND-Slumbers-Teddy-Stuffed-Animal/dp/B007KALG8I/ref=sr_1_40?crid=1ETD973V81N4Y&keywords=teddy+bear&qid=1670362106&sprefix=teddy+bear%2Caps%2C70&sr=8-40,https://m.media-amazon.com/images/I/61Z21m1ZDuL._AC_UL320_.jpg
"Adorlynetty 19.7 inch Teddy Bear Stuffed Animal, Cute Plush Teddy Bear with Shirt, Soft Stuffed Plush Bear Toy Gift for Kids, Girlfriend, Birthday（Brown）",$23.98,https://www.amazon.com/Teddy-Stuffed-Animal-Girlfriend-Birthday%EF%BC%88Brown%EF%BC%89/dp/B09ZP9RQC3/ref=sr_1_41?crid=1ETD973V81N4Y&keywords=teddy+bear&qid=1670362106&sprefix=teddy+bear%2Caps%2C70&sr=8-41,https://m.media-amazon.com/images/I/71IeRkqhcHL._AC_UL320_.jpg
Melissa & Doug Burrow Bunny Rabbit Stuffed Animal (9 inches),$11.19,https://www.amazon.com/Melissa-Doug-Stuffed-Washable-Surface/dp/B004N7NFSK/ref=sr_1_42?crid=1ETD973V81N4Y&keywords=teddy+bear&qid=1670362106&sprefix=teddy+bear%2Caps%2C70&sr=8-42,https://m.media-amazon.com/images/I/71U+5ATT0gL._AC_UL320_.jpg
HollyHOME Teddy Bear Stuffed Animal Plush Giant Teddy Bears with Footprints Big Bear 36 inch Chocolate,$29.99,https://www.amazon.com/HollyHOME-Stuffed-Animal-Footprints-Chocolate/dp/B08G18T7GJ/ref=sr_1_43?crid=1ETD973V81N4Y&keywords=teddy+bear&qid=1670362106&sprefix=teddy+bear%2Caps%2C70&sr=8-43,https://m.media-amazon.com/images/I/71MGrqdzdJL._AC_UL320_.jpg
"MorisMos Giant Teddy Bear Mommy and Baby Bear Soft Plush Bear Stuffed Animal for Mom and Child,Tan,39 Inches",$38.99,https://www.amazon.com/MorisMos-Giant-Stuffed-Animal-Inches/dp/B07TPRSVD1/ref=sr_1_44?crid=1ETD973V81N4Y&keywords=teddy+bear&qid=1670362106&sprefix=teddy+bear%2Caps%2C70&sr=8-44,https://m.media-amazon.com/images/I/615jV0URNrL._AC_UL320_.jpg
"MorisMos Giant Teddy Bear Stuffed Animal-35.4'' Large Teddy Bear, Soft Large Teddy Bear Plush Toy, Brown Teddy Bear, Big Stuffed Bear for Girl Boy Girlfriend Valentines Christmas Birthday, Light Brown",$37.99,https://www.amazon.com/MorisMos-Plush-35-4-Girlfriend-Childrens-Valentines/dp/B08CD93LBB/ref=sr_1_45?crid=1ETD973V81N4Y&keywords=teddy+bear&qid=1670362106&sprefix=teddy+bear%2Caps%2C70&sr=8-45,https://m.media-amazon.com/images/I/91wi9cXSBBL._AC_UL320_.jpg
"MorisMos 3 Packs Teddy Bear Stuffed Animals Plush - 13.7 Inches Height Cute Plush Toys in 3 Color Light Brown,Dark Brown,White Teddy Bears - 3 Pcs Little Bear Stuffed Animals",$24.99,https://www.amazon.com/MorisMos-Packs-Teddy-Stuffed-Animals/dp/B083LBR4S8/ref=sr_1_46?crid=1ETD973V81N4Y&keywords=teddy+bear&qid=1670362106&sprefix=teddy+bear%2Caps%2C70&sr=8-46,https://m.media-amazon.com/images/I/51PgxEEr7xS._AC_UL320_.jpg
"Tezituor Small Teddy Bear Stuffed Animals 18inch, Cute Little Teddy Bear Plush Toys for Kid Girl Boy (Brown)",$19.99,https://www.amazon.com/Tezituor-Stuffed-Animals-Classic-Girlfriend/dp/B08MQ3JRY9/ref=sr_1_47?crid=1ETD973V81N4Y&keywords=teddy+bear&qid=1670362106&sprefix=teddy+bear%2Caps%2C70&sr=8-47,https://m.media-amazon.com/images/I/61QRdElDEgL._AC_UL320_.jpg
"Steiff Jimmy Teddy Bear, Premium Teddy Bear Stuffed Animal, Teddy Bear Toys, Stuffed Teddy Bear, Teddy Bear Plush, Plushy Toy for Girls Boys and Kids, Soft Cuddly Friends (Light Brown, 16"")",$43.95,https://www.amazon.com/Steiff-Cuddly-Friends-Stuffed-Animal/dp/B07PTC65T3/ref=sr_1_48?crid=1ETD973V81N4Y&keywords=teddy+bear&qid=1670362106&sprefix=teddy+bear%2Caps%2C70&sr=8-48,https://m.media-amazon.com/images/I/91Jh0Ps1+UL._AC_UL320_.jpg
"Bearington Baby's First Bear, Large Blue Stuffed Animal Teddy, 18""",$21.99,https://www.amazon.com/Bearington-Babys-First-Stuffed-Animal/dp/B01BCTA2PU/ref=sr_1_49?crid=1ETD973V81N4Y&keywords=teddy+bear&qid=1670362106&sprefix=teddy+bear%2Caps%2C70&sr=8-49,https://m.media-amazon.com/images/I/71w3yOFCX0L._AC_UL320_.jpg
4 Pieces Bear Stuffed Animals 7.8 Inch Plush Bears Toys Soft Bear Doll Bulk for Wedding Present Baby Shower Gender Reveal Birthday Party Gift Favors,$24.99,https://www.amazon.com/Stuffed-Animals-Wedding-Present-Birthday/dp/B0B7RJ18MC/ref=sr_1_50?crid=1ETD973V81N4Y&keywords=teddy+bear&qid=1670362106&sprefix=teddy+bear%2Caps%2C70&sr=8-50,https://m.media-amazon.com/images/I/81h91J9f3hL._AC_UL320_.jpg
"Gund Stitchie 14"" Bear Plush",$39.99,https://www.amazon.com/Gund-Stitchie-14-Bear-Plush/dp/B00400TF8E/ref=sr_1_51?crid=1ETD973V81N4Y&keywords=teddy+bear&qid=1670362106&sprefix=teddy+bear%2Caps%2C70&sr=8-51,https://m.media-amazon.com/images/I/81M3ujA0YYL._AC_UL320_.jpg
"Teddy Bear Plush Shinning Star Stuffed Animals, Soft Plush Toy for Kids Boys Girls, Best Gifts for Birthday, 13inch Bear (Purple)",$12.99,https://www.amazon.com/Shinning-Stuffed-Animals-Birthday-15inch/dp/B094XSHYP3/ref=sr_1_52?crid=1ETD973V81N4Y&keywords=teddy+bear&qid=1670362106&sprefix=teddy+bear%2Caps%2C70&sr=8-52,https://m.media-amazon.com/images/I/81b6SJH+TDL._AC_UL320_.jpg
"Little Live Pets Cozy Dozy Cubbles The Bear - Over 25 Sounds and Reactions | Bedtime Buddies, Blanket and Pacifier Included | Stuffed Animal, Best Nap Time, Interactive Teddy Bear, 14.9 Ounces",$29.99,https://www.amazon.com/Little-Live-Pets-Cozy-Cubbles/dp/B07NSMN9ZK/ref=sr_1_53?crid=1ETD973V81N4Y&keywords=teddy+bear&qid=1670362106&sprefix=teddy+bear%2Caps%2C70&sr=8-53,https://m.media-amazon.com/images/I/91+pKp9h94L._AC_UL320_.jpg
Togolkap 4 Pack Teddy Bear Stuffed Animals Plush 14 Inch with Ribbon Bow Plushies Gift for Kids Boys Girls Birthday Valentines Day Baby Shower Xmas Party Favor Decorations,$29.99,https://www.amazon.com/Togolkap-Plushies-Birthday-Valentines-Decorations/dp/B0B9S2BS59/ref=sr_1_54?crid=1ETD973V81N4Y&keywords=teddy+bear&qid=1670362106&sprefix=teddy+bear%2Caps%2C70&sr=8-54,https://m.media-amazon.com/images/I/81hngP9aB-L._AC_UL320_.jpg
"Bearington Lil' Bogey Plush Stuffed Animal Teddy Bear, 12 inch",$16.99,https://www.amazon.com/Bearington-Bogey-Plush-Stuffed-Animal/dp/B07V968BHD/ref=sr_1_55?crid=1ETD973V81N4Y&keywords=teddy+bear&qid=1670362106&sprefix=teddy+bear%2Caps%2C70&sr=8-55,https://m.media-amazon.com/images/I/61n-MlfweyL._AC_UL320_.jpg
"Threan 8 Pieces Mini Plush Bears 4 Inch Small Bear Stuffed Animal Toys Soft Bear Doll Wedding Present Box Stuffers for 2022 Graduation Baby Shower Birthday Party Favors (4 Inch, Brown, Apricot)",$16.99,https://www.amazon.com/Stuffed-Wedding-Stuffers-Graduation-Birthday/dp/B09JKGHYKC/ref=sr_1_56?crid=1ETD973V81N4Y&keywords=teddy+bear&qid=1670362106&sprefix=teddy+bear%2Caps%2C70&sr=8-56,https://m.media-amazon.com/images/I/81TRvKihj6L._AC_UL320_.jpg
DOLDOA Big Teddy Bear Stuffed Animals with Footprints Plush Toy for Girlfriend 51 inch (Brown),$65.99,https://www.amazon.com/DOLDOA-Stuffed-Animals-Footprints-Girlfriend/dp/B06XRR8LN9/ref=sr_1_57?crid=1ETD973V81N4Y&keywords=teddy+bear&qid=1670362106&sprefix=teddy+bear%2Caps%2C70&sr=8-57,https://m.media-amazon.com/images/I/61iFb0YDIfL._AC_UL320_.jpg
Adorlynetty 11.4” Small Teddy Bear with Heart Cute White Teddy Bear Stuffed Animals for Valentines Day Soft Stuffed Bear Plush Bear Plushie Toys Gifts for Girlfriend Boyfriend Kid,$15.98,https://www.amazon.com/Stuffed-Animals-Valentines-Girlfriend-Boyfriend/dp/B09MF1MB3L/ref=sr_1_58?crid=1ETD973V81N4Y&keywords=teddy+bear&qid=1670362106&sprefix=teddy+bear%2Caps%2C70&sr=8-58,https://m.media-amazon.com/images/I/61JDO9ItiXL._AC_UL320_.jpg
"MorisMos Christmas Pink Teddy Bears Stuffed Animal 15-Inch,Pink Tie Dye Cute Bear Plush Toy in Christmas Hat,First Teddy Bear for Kids or Girlfriend Soft Gifts on Birthday,Christmas Day Baby Shower.",$20.99,https://www.amazon.com/gp/slredirect/picassoRedirect.html/ref=pa_sp_btf_aps_sr_pg1_1?ie=UTF8&adId=A01207333IBXL5JDI2P3K&qualifier=1670362106&id=3617005411889683&widgetName=sp_btf&url=%2FMorisMos-Christmas-Stuffed-Girlfriend-Birthday%2Fdp%2FB0B4ZKR9CK%2Fref%3Dsr_1_59_sspa%3Fcrid%3D1ETD973V81N4Y%26keywords%3Dteddy%2Bbear%26qid%3D1670362106%26sprefix%3Dteddy%2Bbear%252Caps%252C70%26sr%3D8-59-spons%26psc%3D1,https://m.media-amazon.com/images/I/81dVNiaNXYL._AC_UL320_.jpg
"12 Pieces Bears Stuffed Animals Soft Plush Toy Cute Bears with Ribbon Bow for Birthday Valentine's Day Baby Shower Bear Party Favor (Multicolor, 12 Inch)",$53.99,https://www.amazon.com/gp/slredirect/picassoRedirect.html/ref=pa_sp_btf_aps_sr_pg1_1?ie=UTF8&adId=A0491699186796VFSU52J&qualifier=1670362106&id=3617005411889683&widgetName=sp_btf&url=%2FStuffed-Animals-Birthday-Valentines-Multicolor%2Fdp%2FB0B92V3NRR%2Fref%3Dsr_1_60_sspa%3Fcrid%3D1ETD973V81N4Y%26keywords%3Dteddy%2Bbear%26qid%3D1670362106%26sprefix%3Dteddy%2Bbear%252Caps%252C70%26sr%3D8-60-spons%26psc%3D1,https://m.media-amazon.com/images/I/71kljL8Re9L._AC_UL320_.jpg
