item_name,price,link_to_item,link_to_item_image
"NaturVet Glucosamine for Dogs – Dog Supplement with Glucosamine, MSM, Chondroitin & Hyaluronic Acid – Soft Chews & Chewable Tablets",$102.99,https://www.amazon.com/gp/slredirect/picassoRedirect.html/ref=pa_sp_atf_aps_sr_pg1_1?ie=UTF8&adId=A0778916172XZZACSASVN&qualifier=1670361963&id=7404197513913447&widgetName=sp_atf&url=%2FNaturVet-Clinically-ArthriSoothe-GOLD-Advanced-ChewableTablets%2Fdp%2FB004XCQL2C%2Fref%3Dsr_1_1_sspa%3Fcrid%3D1ETD973V81N4Y%26keywords%3Dcat%26qid%3D1670361963%26sprefix%3Dcat%252Caps%252C70%26sr%3D8-1-spons%26psc%3D1,https://m.media-amazon.com/images/I/71F00PFxhAL._AC_UL320_.jpg
"Cat Window Perch, Cat Hammock Window Seat, Space Saving Window Mounted Cat Bed for Large Cats Premium Set",$24.99,https://www.amazon.com/Window-Hammock-Saving-Mounted-Premium/dp/B07MH7WTSN/ref=sr_1_2?crid=1ETD973V81N4Y&keywords=cat&qid=1670361963&sprefix=cat%2Caps%2C70&sr=8-2,https://m.media-amazon.com/images/I/81sq7e-WSNL._AC_UL320_.jpg
"Cat Grooming Brush, Self Cleaning Slicker Brushes for Dogs Cats Pet Grooming Brush Tool Gently Removes Loose Undercoat, Mats Tangled Hair Slicker Brush for Pet Massage-Self Cleaning (Purple)",$7.98,https://www.amazon.com/Grooming-Cleaning-Slicker-Undercoat-Massage-Self/dp/B097XHL1DV/ref=sr_1_3?crid=1ETD973V81N4Y&keywords=cat&qid=1670361963&sprefix=cat%2Caps%2C70&sr=8-3,https://m.media-amazon.com/images/I/61lC+cTlb1L._AC_UL320_.jpg
"WOPET Automatic Cat Feeder FT30,Timed Cat Feeder Pet Dry Food Dispenser with Desiccant Bag, Programmable Portion Control 1-6 Meals Per Day, 10s Voice Recorder for Cats and Dogs",$29.39,https://www.amazon.com/WOPET-Automatic-Dispenser-Desiccant-Programmable/dp/B0B38PTQX3/ref=sr_1_4?crid=1ETD973V81N4Y&keywords=cat&qid=1670361963&sprefix=cat%2Caps%2C70&sr=8-4,https://m.media-amazon.com/images/I/614Q2vGb7oL._AC_UL320_.jpg
JUNSPOW Cat Bed Dog Bed Pet Hammock Bed Free-Standing Cat Sleeping Cat Bed Cat Supplies Pet Supplies Whole Wash Stable Structure Detachable Excellent Breathability Easy Assembly Indoors Outdoors,$29.99,https://www.amazon.com/Free-Standing-Structure-Detachable-Excellent-Breathability/dp/B08CVQ6NCJ/ref=sr_1_5?crid=1ETD973V81N4Y&keywords=cat&qid=1670361963&sprefix=cat%2Caps%2C70&sr=8-5,https://m.media-amazon.com/images/I/51ctj31OceL._AC_UL320_.jpg
"AGYM Cat Scratching Post with 2 Cat Toys Ball Tracks, Natural Sisal and Wood, Interactive Cat Toys for Indoor Cats, Keep Cats Fit and Protect Furniture",$29.99,https://www.amazon.com/AGYM-Scratching-Scratcher-Interactive-Furniture/dp/B09XR2GFRJ/ref=sr_1_6?crid=1ETD973V81N4Y&keywords=cat&qid=1670361963&sprefix=cat%2Caps%2C70&sr=8-6,https://m.media-amazon.com/images/I/81RM5UBADiL._AC_UL320_.jpg
"MILIFUN Cat Bowls, Cat Food Bowls Elevated Tilted, Anti Vomiting Kitty Bowls for Puppy and Bunny, Orthopedic Cat Bowls for Indoor Cats.",$13.99,https://www.amazon.com/MILIFUN-Elevated-Tilted-Vomiting-Orthopedic/dp/B083VWG5RL/ref=sr_1_7?crid=1ETD973V81N4Y&keywords=cat&qid=1670361963&sprefix=cat%2Caps%2C70&sr=8-7,https://m.media-amazon.com/images/I/61r5QUMSYKS._AC_UL320_.jpg
PetSafe Slimcat Feeder Ball - Interactive Game for Your Cat - Fill with Food and Treats - Great for Portion Control and Fast Eaters,$7.95,https://www.amazon.com/PetSafe-SlimCat-Meal-Dispensing-Great-Treats/dp/B0018CG40O/ref=sr_1_8?crid=1ETD973V81N4Y&keywords=cat&qid=1670361963&sprefix=cat%2Caps%2C70&sr=8-8,https://m.media-amazon.com/images/I/814sIl8CSFL._AC_UL320_.jpg
"Fuzzy Socks for Women - Cute Funny Fluffy Socks, Women's Warm Soft Cozy fuzzy Socks, Funny Novelty Socks, Slipper Socks for women, 5 Packs/3 packs",$11.48,https://www.amazon.com/Pair-Fuzzy-Socks-Women-Novelty/dp/B0B295C8SC/ref=sr_1_9?crid=1ETD973V81N4Y&keywords=cat&qid=1670361963&sprefix=cat%2Caps%2C70&sr=8-9,https://m.media-amazon.com/images/I/71u016b7fUL._AC_UL320_.jpg
"Kalimdor Interactive Cat Feather Toys,Retractable Cat Teaser Toy ，Hanging Interactive cat Toys for Indoor Cats Kitten Play Chase Exercise, Kitten Fun Mental Physical Exercise Puzzle Kitten Toys",$7.99,https://www.amazon.com/Kalimdor-Interactive-Retractable-%EF%BC%8CHanging-Exercise/dp/B09JFJQZ1T/ref=sr_1_11?crid=1ETD973V81N4Y&keywords=cat&qid=1670361963&sprefix=cat%2Caps%2C70&sr=8-11,https://m.media-amazon.com/images/I/61KfFkdwC4L._AC_UL320_.jpg
"Gavenia Donut Dog Cat Bed, Soft Plush Pet Cushion,Long Plush Calming & Self-Warming Bed for Cat & Dog,Cat Bed with Machine Washable, Waterproof Bottom ,Improved Sleep for Cats Small Medium Dogs(Beige)",$23.99,https://www.amazon.com/Gavenia-Indoor-20x20-Washable-Cushion%EF%BC%8CWaterproof/dp/B08CHDV8K9/ref=sr_1_12?crid=1ETD973V81N4Y&keywords=cat&qid=1670361963&sprefix=cat%2Caps%2C70&sr=8-12,https://m.media-amazon.com/images/I/71TeL-5lJsS._AC_UL320_.jpg
"Made4Pets Cat Scratching Post, Cactus Cat Scratcher Kitten Scratch Pole with Natural Sisal Rope for Indoor Cats Claw Scratcher, Cute Green Cat Tree with Dangling Balls for Kitties",$19.99,https://www.amazon.com/Made4Pets-Scratching-Natural-Scratcher-Kittens/dp/B08NB542M4/ref=sr_1_13?crid=1ETD973V81N4Y&keywords=cat&qid=1670361963&sprefix=cat%2Caps%2C70&sr=8-13,https://m.media-amazon.com/images/I/71RyTHljOdL._AC_UL320_.jpg
Cats,$2.99,https://www.amazon.com/Cats-Dermot-Mulroney/dp/B082LQ4QQK/ref=sr_1_14?crid=1ETD973V81N4Y&keywords=cat&qid=1670361963&sprefix=cat%2Caps%2C70&sr=8-14,https://m.media-amazon.com/images/I/71wNfZIpRqL._AC_UL320_.jpg
Vintage Best Cat Mom Ever Cat shirts for Women - Funny Cat T-Shirt,$17.98,https://www.amazon.com/Vintage-Best-Ever-shirts-Women/dp/B09T3RLYHS/ref=sr_1_15?crid=1ETD973V81N4Y&keywords=cat&qid=1670361963&sprefix=cat%2Caps%2C70&sr=8-15,https://m.media-amazon.com/images/I/71B+NH2vRfL._AC_UL320_.jpg
"Airtag Cat Collar Breakaway, Reflective Kitten Collar with Apple Air Tag Holder and Bell for Girl Boy Cats, 0.4 Inches in Width and Lightweight",$5.98,https://www.amazon.com/Airtag-Collar-Breakaway-Reflective-Lightweight/dp/B0B5RX3KXY/ref=sr_1_16?crid=1ETD973V81N4Y&keywords=cat&qid=1670361963&sprefix=cat%2Caps%2C70&sr=8-16,https://m.media-amazon.com/images/I/61SUHdXjgDL._AC_UL320_.jpg
"L&W BROS. Dog Nail Grinder, Rechargeable Dog Nail Grinder for Large Dogs, Pet Nail Grinder for Small Medium Dogs Cats Claw Care & Grooming Electric Dog Nail Trimmer",$18.99,https://www.amazon.com/gp/slredirect/picassoRedirect.html/ref=pa_sp_mtf_aps_sr_pg1_1?ie=UTF8&adId=A099153528HCYN4FVGFAV&qualifier=1670361963&id=7404197513913447&widgetName=sp_mtf&url=%2FBROS-Rechargeable-Grinder-Grooming-Electric%2Fdp%2FB09S33ZKZV%2Fref%3Dsr_1_17_sspa%3Fcrid%3D1ETD973V81N4Y%26keywords%3Dcat%26qid%3D1670361963%26sprefix%3Dcat%252Caps%252C70%26sr%3D8-17-spons%26psc%3D1,https://m.media-amazon.com/images/I/61XGqRyQBtL._AC_UL320_.jpg
"Kitty Up 1 Ingredient Chicken Breast Treats-One Ingredient, Gently Dehydrated Chicken Cat Treat-Grain Free, High Protein, Low Fat, and Low Calorie-All Natural Cat Treats Made in The USA",$13.49,https://www.amazon.com/gp/slredirect/picassoRedirect.html/ref=pa_sp_mtf_aps_sr_pg1_1?ie=UTF8&adId=A0043566ZJJJGDEALIA4&qualifier=1670361963&id=7404197513913447&widgetName=sp_mtf&url=%2FKitty-Up-Ingredient-Treat-Grain-Calorie-All%2Fdp%2FB0BL22QZZ2%2Fref%3Dsr_1_18_sspa%3Fcrid%3D1ETD973V81N4Y%26keywords%3Dcat%26qid%3D1670361963%26sprefix%3Dcat%252Caps%252C70%26sr%3D8-18-spons%26psc%3D1,https://m.media-amazon.com/images/I/71grOfzuRtL._AC_UL320_.jpg
"KZLAA Large Dog Stroller Pet Stroller Foldable for Medium Large Multiple Dogs with Rotating Front Wheels Rear Brakes, Portable Cat Puppy Cart Carrier Travel Carriage Wagon",$319.99,https://www.amazon.com/gp/slredirect/picassoRedirect.html/ref=pa_sp_mtf_aps_sr_pg1_1?ie=UTF8&adId=A10424391WF0QMFWIVA77&qualifier=1670361963&id=7404197513913447&widgetName=sp_mtf&url=%2FKZLAA-Stroller-Foldable-Multiple-Rotating%2Fdp%2FB0B7Q9LLZQ%2Fref%3Dsr_1_19_sspa%3Fcrid%3D1ETD973V81N4Y%26keywords%3Dcat%26qid%3D1670361963%26sprefix%3Dcat%252Caps%252C70%26sr%3D8-19-spons%26psc%3D1,https://m.media-amazon.com/images/I/71LM0gTbqvL._AC_UL320_.jpg
"4MP Indoor Security Camera, WUUK Pan Tilt Cam for Baby Monitor, Wi-Fi Home Security Pet Camera for Dog or Cat, Motion Detection & Tracking, Night Vision, 2-Way Audio, Compatible with Alexa & Google",$39.99,https://www.amazon.com/gp/slredirect/picassoRedirect.html/ref=pa_sp_mtf_aps_sr_pg1_1?ie=UTF8&adId=A03991212PB7HGC2XGR1J&qualifier=1670361963&id=7404197513913447&widgetName=sp_mtf&url=%2FSecurity-WUUK-Detection-Tracking-Compatible%2Fdp%2FB0B7MKSLT6%2Fref%3Dsr_1_20_sspa%3Fcrid%3D1ETD973V81N4Y%26keywords%3Dcat%26qid%3D1670361963%26sprefix%3Dcat%252Caps%252C70%26sr%3D8-20-spons%26psc%3D1%26smid%3DA1ONYJ2TVKA3KS,https://m.media-amazon.com/images/I/61fnzpEBOgL._AC_UL320_.jpg
365 Cats Page-A-Day Calendar 2021,$5.01,https://www.amazon.com/Cats-Page-Day-Calendar-2021/dp/1523508590/ref=sr_1_21?crid=1ETD973V81N4Y&keywords=cat&qid=1670361963&sprefix=cat%2Caps%2C70&sr=8-21,https://m.media-amazon.com/images/I/815SMlZX-UL._AC_UL320_.jpg
"WOPET Cat Water Fountain, Automatic Pet Water Fountain, 67oz/2L Cat Water Dispenser with Replacement Filter for Cats, Dogs, Multiple Pets Without Light",$8.99,https://www.amazon.com/WOPET-Automatic-Dispenser-W300-Replacement/dp/B0B4NJH6BN/ref=sr_1_22?crid=1ETD973V81N4Y&keywords=cat&qid=1670361963&sprefix=cat%2Caps%2C70&sr=8-22,https://m.media-amazon.com/images/I/61NABiU50JL._AC_UL320_.jpg
"Pearhead Pet Paw Print Clean-Touch Ink Pad and Imprint Cards, Pet Memory Keepsake, Ink Pad for Cats or Dogs, Pet Owner Must Have Item",$5.79,https://www.amazon.com/Pearhead-Print-Clean-Imprint-Perfect/dp/B079QF2SSX/ref=sr_1_23?crid=1ETD973V81N4Y&keywords=cat&qid=1670361963&sprefix=cat%2Caps%2C70&sr=8-23,https://m.media-amazon.com/images/I/81ZPThULq8L._AC_UL320_.jpg
Texsens Innovative Traveler Bubble Backpack Pet Carriers for Cats and Dogs,$24.99,https://www.amazon.com/Texsens-Innovative-Traveler-Backpack-Carriers/dp/B07KHPLFMS/ref=sr_1_24?crid=1ETD973V81N4Y&keywords=cat&qid=1670361963&sprefix=cat%2Caps%2C70&sr=8-24,https://m.media-amazon.com/images/I/61tatOQzdLL._AC_UL320_.jpg
"Valonii Rechargeable Motion Activated Cat Laser Toy Automatic,Interactive Cat Toys for Indoor Kitten/Dogs/Puppy,Fast and Slow Mode,1200 mAh Battery,Adjustable Circling Ranges (Adjustable)",$25.00,https://www.amazon.com/Rechargeable-Activated-Automatic-Interactive-Installation/dp/B092ZK1HL2/ref=sr_1_25?crid=1ETD973V81N4Y&keywords=cat&qid=1670361963&sprefix=cat%2Caps%2C70&sr=8-25,https://m.media-amazon.com/images/I/51oYS0pmBNL._AC_UL320_.jpg
"Pesofer Cat Tree, Small Cat Tower with Sisal Scratching Post and Hammock",$34.99,https://www.amazon.com/Pesofer-Cactus-Small-Scratching-Hammock/dp/B0B7BHSL2L/ref=sr_1_26?crid=1ETD973V81N4Y&keywords=cat&qid=1670361963&sprefix=cat%2Caps%2C70&sr=8-26,https://m.media-amazon.com/images/I/81QrhmeS+7L._AC_UL320_.jpg
"OurPets Play-N-Squeak Real Birds Cat Toys (Cat Toys for Indoor Cats, Catnip Toys, Catnip Toys for Cats with Real Chirping Bird Electronic Sound) [Interactive Cat Toys for Indoor Cats with Catnip]",$6.44,https://www.amazon.com/OurPets-Play-N-Squeak-Real-Birds-Interactive/dp/B0081IOPY0/ref=sr_1_27?crid=1ETD973V81N4Y&keywords=cat&qid=1670361963&sprefix=cat%2Caps%2C70&sr=8-27,https://m.media-amazon.com/images/I/81C-wCySCpL._AC_UL320_.jpg
"Aumuca Cat Brush for Shedding, Cat Brushes for Indoor Cats, Cat Brush for Long or Short Haired Cats, Cat Grooming Brush Cat Comb for Kitten Rabbit Massage Removes Mats, Tangles and Loose Fur",$17.99,https://www.amazon.com/Aumuca-Shedding-Grooming-Cleaning-Undercoat/dp/B098P6164W/ref=sr_1_28?crid=1ETD973V81N4Y&keywords=cat&qid=1670361963&sprefix=cat%2Caps%2C70&sr=8-28,https://m.media-amazon.com/images/I/71qfz1I1S+L._AC_UL320_.jpg
"YabeePet Extreme Sticky Large Surface Lint Roller, Long Handle Pet Hair Remover, Designed for Removing Pet Dog Cat Hair 90 Sheets, 6.5inch Width (1 Roller+2 Refills)",$16.99,https://www.amazon.com/gp/slredirect/picassoRedirect.html/ref=pa_sp_mtf_aps_sr_pg1_1?ie=UTF8&adId=A05195674GRKT2G34HIU&qualifier=1670361963&id=7404197513913447&widgetName=sp_mtf&url=%2FYabeePet-Extreme-Surface-Designed-Removing%2Fdp%2FB0B3XMYTLF%2Fref%3Dsr_1_29_sspa%3Fcrid%3D1ETD973V81N4Y%26keywords%3Dcat%26qid%3D1670361963%26sprefix%3Dcat%252Caps%252C70%26sr%3D8-29-spons%26psc%3D1,https://m.media-amazon.com/images/I/71ljOcoZjmL._AC_UL320_.jpg
"iPettie Pet Water Fountain Stainless Steel, 84oz/2.5L, 4-Stage Filtration, Ultra Quiet Metal Cat Water Fountain with LED Light & Filter for Pet, Kitty & Dog",$29.99,https://www.amazon.com/gp/slredirect/picassoRedirect.html/ref=pa_sp_mtf_aps_sr_pg1_1?ie=UTF8&adId=A012286115SWJX6XEK41S&qualifier=1670361963&id=7404197513913447&widgetName=sp_mtf&url=%2FiPettie-Fountain-Stainless-4-Stage-Filtration%2Fdp%2FB08PDCGHWM%2Fref%3Dsr_1_30_sspa%3Fcrid%3D1ETD973V81N4Y%26keywords%3Dcat%26qid%3D1670361963%26sprefix%3Dcat%252Caps%252C70%26sr%3D8-30-spons%26psc%3D1,https://m.media-amazon.com/images/I/71ep8LNwD9L._AC_UL320_.jpg
"Cykurys Pet Hair Remover,Reusable Pro Pet Hair Cleaner, Special Dog Hair Remover Multi Fabric Edge and Carpet Scraper, Lint Cleaner, Quick Cat Hair Remover for Couch, Pet Towers and Rugs",$11.99,https://www.amazon.com/gp/slredirect/picassoRedirect.html/ref=pa_sp_mtf_aps_sr_pg1_1?ie=UTF8&adId=A07727632IC0COL5FXID7&qualifier=1670361963&id=7404197513913447&widgetName=sp_mtf&url=%2FCykurys-Remover-Reusable-Cleaner-Special%2Fdp%2FB0B568X7L3%2Fref%3Dsr_1_31_sspa%3Fcrid%3D1ETD973V81N4Y%26keywords%3Dcat%26qid%3D1670361963%26sprefix%3Dcat%252Caps%252C70%26sr%3D8-31-spons%26psc%3D1,https://m.media-amazon.com/images/I/71CDjTR2FzL._AC_UL320_.jpg
InFLOATables Color-Changing Cat Mug - 3D Ceramic Black Cat Coffee Mug - Cute Mug - Holds 12 Ounces - Heat Sensitive Mug Cat - Moon Cat - Unique Birthday Gift - Black Cat Mug - Cat Mom Gifts For Women,$26.99,https://www.amazon.com/gp/slredirect/picassoRedirect.html/ref=pa_sp_mtf_aps_sr_pg1_1?ie=UTF8&adId=A06099533M32QLA8GQ7PD&qualifier=1670361963&id=7404197513913447&widgetName=sp_mtf&url=%2FColor-Changing-Cat-Mug-Birthday%2Fdp%2FB084VVH9HB%2Fref%3Dsr_1_32_sspa%3Fcrid%3D1ETD973V81N4Y%26keywords%3Dcat%26qid%3D1670361963%26sprefix%3Dcat%252Caps%252C70%26sr%3D8-32-spons%26psc%3D1,https://m.media-amazon.com/images/I/71UayHTUmeS._AC_UL320_.jpg
"SOOFPET Cat Water Fountain Stainless Steel, 3,2L/108oz Pet Water Fountain, Automatic Cat Fountain with Quiet Pump, Dishwasher Safe Design, Suitable for Multiple Pets",$37.07,https://www.amazon.com/SOOFPET-Fountain-Stainless-Automatic-Dishwasher/dp/B0B7B4Y2CL/ref=sr_1_33?crid=1ETD973V81N4Y&keywords=cat&qid=1670361963&sprefix=cat%2Caps%2C70&sr=8-33,https://m.media-amazon.com/images/I/71QVJqQvhbL._AC_UL320_.jpg
"kaxionage Cat Litter Mat, Litter Box Mat,Honeycomb Double Layer Trapping Litter Mat Design,Waterproof Urine Proof Kitty Litter Mat,Easy Clean Scatter Control",$14.99,https://www.amazon.com/KAG-Trapping-Waterproof-Honeycomb-Scatter/dp/B07VQ5JBZP/ref=sr_1_34?crid=1ETD973V81N4Y&keywords=cat&qid=1670361963&sprefix=cat%2Caps%2C70&sr=8-34,https://m.media-amazon.com/images/I/71T7xmCl+SL._AC_UL320_.jpg
"AGYM Cat Scratcher Toy, Natural Sisal Cat Scratching Ball, Anti Depression Cat Ball Toy Scratcher for Indoor Cats and Kittens, Keep Cats Fit and Protect Furniture",$36.98,https://www.amazon.com/AGYM-Scratcher-Scratching-Interactive-Diameter/dp/B08VGDLD2G/ref=sr_1_35?crid=1ETD973V81N4Y&keywords=cat&qid=1670361963&sprefix=cat%2Caps%2C70&sr=8-35,https://m.media-amazon.com/images/I/718wOnWm7eL._AC_UL320_.jpg
"HOOPET cat Tree,27.8 INCHES cat Tower for Indoor Cats, Multi-Level Cat Tree with Scratching Posts Plush Basket & Perch for Play Rest, Cat Activity Tree with Dangling Ball for Kittens/ Small Cats",$27.99,https://www.amazon.com/HOOPET-Multi-Level-Scratching-Activity-Dangling/dp/B098JL48RQ/ref=sr_1_36?crid=1ETD973V81N4Y&keywords=cat&qid=1670361963&sprefix=cat%2Caps%2C70&sr=8-36,https://m.media-amazon.com/images/I/71s7JVBfX2L._AC_UL320_.jpg
Fancy Feast Purina Pate Adult Canned Wet Cat Food,$18.49,https://www.amazon.com/Purina-Fancy-Feast-Classic-Collection/dp/B001STPJJO/ref=sr_1_37?crid=1ETD973V81N4Y&keywords=cat&qid=1670361963&sprefix=cat%2Caps%2C70&sr=8-37,https://m.media-amazon.com/images/I/81pp6OTe+UL._AC_UL320_.jpg
Heybly Cat Tree Cat Tower for Indoor Cats Multi-Level Cat Furniture Condo with Feeding Bowl and Scratching Board,$58.49,https://www.amazon.com/Heybly-Multi-Level-Furniture-Scratching-HCT010W/dp/B094XWZFKN/ref=sr_1_38?crid=1ETD973V81N4Y&keywords=cat&qid=1670361963&sprefix=cat%2Caps%2C70&sr=8-38,https://m.media-amazon.com/images/I/81+MnEk1DoL._AC_UL320_.jpg
"Cat Laser Toy, Red Dot LED Light Pointer Interactive Toys Indoor Cats DogsLaser, Long Range 5 Modes Lazer Projection Playpen for Kitten Outdoor Pet Chaser Tease Stick Training Exercise,USB Recharge",$9.99,https://www.amazon.com/Interactive-Projection-Training-Exercise-Recharge/dp/B09JG937N9/ref=sr_1_39?crid=1ETD973V81N4Y&keywords=cat&qid=1670361963&sprefix=cat%2Caps%2C70&sr=8-39,https://m.media-amazon.com/images/I/71UTcjAyxaL._AC_UL320_.jpg
"Nisrada Cat Beds for Indoor Cats,20/24/27/30/36/56 Inch Dog Bed for Small Melium Large Dogs, Washable-Round Pet Bed for Puppy and Kitten with Slip-Resistant Bottom",$13.99,https://www.amazon.com/Washable-Calming-Warming-Cuddler-Non-Slip/dp/B09NLVKDBR/ref=sr_1_40?crid=1ETD973V81N4Y&keywords=cat&qid=1670361963&sprefix=cat%2Caps%2C70&sr=8-40,https://m.media-amazon.com/images/I/61KCxlOlWsL._AC_UL320_.jpg
Pieviev Cat Litter Mat-Super Size,$23.99,https://www.amazon.com/Pieviev-Anti-Tracking-Honeycomb-Waterproof-Furniture/dp/B01MTQNK6H/ref=sr_1_41?crid=1ETD973V81N4Y&keywords=cat&qid=1670361963&sprefix=cat%2Caps%2C70&sr=8-41,https://m.media-amazon.com/images/I/71MfETuPJiL._AC_UL320_.jpg
Yaheetech 54in Cat Tree Tower Condo Furniture Scratch Post for Kittens Pet House Play,$49.89,https://www.amazon.com/Yaheetech-Tower-Furniture-Scratch-Kittens/dp/B0794T79KM/ref=sr_1_42?crid=1ETD973V81N4Y&keywords=cat&qid=1670361963&sprefix=cat%2Caps%2C70&sr=8-42,https://m.media-amazon.com/images/I/81PT8p9g8zL._AC_UL320_.jpg
Arm & Hammer Cat Litter Deodorizer with Baking Soda,$4.39,https://www.amazon.com/ARM-Hammer-Cat-Litter-Deodorizer/dp/B002ZUZXUU/ref=sr_1_43?crid=1ETD973V81N4Y&keywords=cat&qid=1670361963&sprefix=cat%2Caps%2C70&sr=8-43,https://m.media-amazon.com/images/I/71nOJMzHULL._AC_UL320_.jpg
MECOOL Cat Scratching Post Premium Sisal Scratch Posts with Hanging Ball Vertical Scratcher for Indoor Cats and Kittens,$28.97,https://www.amazon.com/MECOOL-Scratching-Premium-Scratcher-Scratch/dp/B0921T6QFC/ref=sr_1_44?crid=1ETD973V81N4Y&keywords=cat&qid=1670361963&sprefix=cat%2Caps%2C70&sr=8-44,https://m.media-amazon.com/images/I/61NyTXaUWOS._AC_UL320_.jpg
"31 PCS Cat Toys Kitten Toys Assortments,Variety Catnip Toy Set Including 2 Way Tunnel,Cat Feather Teaser,Catnip Fish,Mice,Colorful Balls and Bells for Cat,Puppy,Kitty",$14.59,https://www.amazon.com/AILUKI-Assortments-Variety-Including-Colorful/dp/B07FY82YPP/ref=sr_1_45?crid=1ETD973V81N4Y&keywords=cat&qid=1670361963&sprefix=cat%2Caps%2C70&sr=8-45,https://m.media-amazon.com/images/I/81cujzyEvfL._AC_UL320_.jpg
"FYNIGO Interactive Cat Rainbow Wand Toys for Indoor Cats and Kittens,Colorful Cat Teaser Wand String Plush Toy,Original Product Strong and Sturdy(2 Pack)",$6.98,https://www.amazon.com/FYNIGO-Interactive-Rainbow-Colorful-Original/dp/B0BF9NKR94/ref=sr_1_46?crid=1ETD973V81N4Y&keywords=cat&qid=1670361963&sprefix=cat%2Caps%2C70&sr=8-46,https://m.media-amazon.com/images/I/61Gd0bGmd1L._AC_UL320_.jpg
"Potaroma 3 Silvervine Catnip Balls, Edible Kitty Toys for Cats Lick, Safe Healthy Kitten Chew Toys, Teeth Cleaning Dental Cat Toy, Cat Wall Treats",$15.49,https://www.amazon.com/Potaroma-Silvervine-Catnip-Healthy-Cleaning/dp/B09GB4TVGD/ref=sr_1_47?crid=1ETD973V81N4Y&keywords=cat&qid=1670361963&sprefix=cat%2Caps%2C70&sr=8-47,https://m.media-amazon.com/images/I/71j1wP9ecZL._AC_UL320_.jpg
MONGAS Cat Necklaces 925 Sterling Silver Cat Jewelry Gift for Woman,$32.99,https://www.amazon.com/Necklace-Sterling-Silver-Black-Jewelry-Gifts/dp/B08BJRXVJM/ref=sr_1_48?crid=1ETD973V81N4Y&keywords=cat&qid=1670361963&sprefix=cat%2Caps%2C70&sr=8-48,https://m.media-amazon.com/images/I/61uWiiQTNgL._AC_UL320_.jpg
"Automatic Dog Cat Feeder and Water Dispenser Gravity Food Feeder and Waterer Set with Pet Food Bowl for Small Medium Dog Puppy Kitten, Large Capacity 1 Gallon x 2",$29.99,https://www.amazon.com/Automatic-Dispenser-Gravity-Waterer-Capacity/dp/B09DYB6BKT/ref=sr_1_49?crid=1ETD973V81N4Y&keywords=cat&qid=1670361963&sprefix=cat%2Caps%2C70&sr=8-49,https://m.media-amazon.com/images/I/71KoL2vB8hL._AC_UL320_.jpg
"Hartz Groomer's Best Slicker Brush for Dogs & Cats, Detangles & Helps Deshedding for All Coat Types",$5.97,https://www.amazon.com/Hartz-Groomers-Slicker-Brush-Small/dp/B00757W4KK/ref=sr_1_50?crid=1ETD973V81N4Y&keywords=cat&qid=1670361963&sprefix=cat%2Caps%2C70&sr=8-50,https://m.media-amazon.com/images/I/61BXgZ7nQBL._AC_UL320_.jpg
"Cat Crack Catnip, Premium Blend Safe for Cats, Infused with Maximum Potency Your Kitty is Sure to Go Crazy for",$11.99,https://www.amazon.com/Cat-Crack-Premium-Infused-Maximum/dp/B01N30MZJX/ref=sr_1_51?crid=1ETD973V81N4Y&keywords=cat&qid=1670361963&sprefix=cat%2Caps%2C70&sr=8-51,https://m.media-amazon.com/images/I/71LL36bdx8L._AC_UL320_.jpg
"200 Pcs Cat Stickers,Cute Cat Waterproof Stickers,Vinyl Stickers for Water Bottle,Laptop,Phone,Skateboard Stickers for KidsTeens Girls",$9.99,https://www.amazon.com/Stickers-Waterproof-Bottle-Skateboard-KidsTeens/dp/B09Y5XNCYK/ref=sr_1_52?crid=1ETD973V81N4Y&keywords=cat&qid=1670361963&sprefix=cat%2Caps%2C70&sr=8-52,https://m.media-amazon.com/images/I/91sf2CaUeYL._AC_UL320_.jpg
"Purina Friskies Indoor Wet Cat Food Variety Pack, Indoor - (24) 5.5 oz. Cans",$17.48,https://www.amazon.com/Purina-Friskies-Indoor-Adult-Variety/dp/B07D1G19KX/ref=sr_1_53?crid=1ETD973V81N4Y&keywords=cat&qid=1670361963&sprefix=cat%2Caps%2C70&sr=8-53,https://m.media-amazon.com/images/I/81xwJ1cjeJL._AC_UL320_.jpg
"pidan Cat Harness and Leash Set, Cats Escape Proof - Adjustable Kitten Harness for Large Small Cats, Lightweight Soft Walking Travel Petsafe Harness",$12.99,https://www.amazon.com/pidan-Harness-Adjustable-Walking-Multicolored/dp/B07WTTY7JN/ref=sr_1_54?crid=1ETD973V81N4Y&keywords=cat&qid=1670361963&sprefix=cat%2Caps%2C70&sr=8-54,https://m.media-amazon.com/images/I/71jXgsRq5LL._AC_UL320_.jpg
"Niubya Premium Cat Litter Mat, Litter Box Mat with Non-Slip and Waterproof Backing, Litter Trapping Mat Soft on Kitty Paws and Easy to Clean, Cat Mat Traps Litter from Box",$9.99,https://www.amazon.com/Niubya-Premium-Non-Slip-Waterproof-Trapping/dp/B0B5RBWWB8/ref=sr_1_55?crid=1ETD973V81N4Y&keywords=cat&qid=1670361963&sprefix=cat%2Caps%2C70&sr=8-55,https://m.media-amazon.com/images/I/91lfMHYWYnL._AC_UL320_.jpg
"Potaroma Flopping Fish Cat Toy with SilverVine and Catnip, 2022 Upgraded, Moving Fish for Small Dogs, Realistic Wiggle Fish 10.5"", Interactive Motion Kitten Kicker Exercise Toy",$15.99,https://www.amazon.com/Potaroma-Realistic-Simulation-Activated-Interactive/dp/B085CGTVJG/ref=sr_1_56?crid=1ETD973V81N4Y&keywords=cat&qid=1670361963&sprefix=cat%2Caps%2C70&sr=8-56,https://m.media-amazon.com/images/I/71VyVTHNVrL._AC_UL320_.jpg
"Kilodor Cat Tree, Small Cat Condo Towe with Hammock, Sisal Scratchingh Posts for Kitten",$39.99,https://www.amazon.com/Kilodor-Small-Hammock-Scratchingh-Kitten/dp/B0B8WX6G4P/ref=sr_1_57?crid=1ETD973V81N4Y&keywords=cat&qid=1670361963&sprefix=cat%2Caps%2C70&sr=8-57,https://m.media-amazon.com/images/I/61Hiz63MKTL._AC_UL320_.jpg
"isYoung Cat Water Fountain Stainless Steel, 67oz/2L Metal Pet Fountain Dog Water Dispenser, Ultra-Quiet Automatic Cat Fountain with Filter & Sponges for Cats Dogs",$21.99,https://www.amazon.com/gp/slredirect/picassoRedirect.html/ref=pa_sp_btf_aps_sr_pg1_1?ie=UTF8&adId=A10413553KY7NV4BX8P4Q&qualifier=1670361963&id=7404197513913447&widgetName=sp_btf&url=%2FisYoung-Stainless-Dispenser-Ultra-Quiet-Automatic%2Fdp%2FB0956JV2DZ%2Fref%3Dsr_1_58_sspa%3Fcrid%3D1ETD973V81N4Y%26keywords%3Dcat%26qid%3D1670361963%26sprefix%3Dcat%252Caps%252C70%26sr%3D8-58-spons%26psc%3D1,https://m.media-amazon.com/images/I/71Kc6n+7TaL._AC_UL320_.jpg
MECOOL Cat Scratching Post Premium Sisal Scratch Posts with Hanging Ball Vertical Scratcher for Indoor Cats and Kittens,$20.99,https://www.amazon.com/gp/slredirect/picassoRedirect.html/ref=pa_sp_btf_aps_sr_pg1_1?ie=UTF8&adId=A0337134BLR13O0OM0BL&qualifier=1670361963&id=7404197513913447&widgetName=sp_btf&url=%2FMECOOL-Scratching-Premium-Scratcher-Scratch%2Fdp%2FB0B14HS6MG%2Fref%3Dsr_1_59_sspa%3Fcrid%3D1ETD973V81N4Y%26keywords%3Dcat%26qid%3D1670361963%26sprefix%3Dcat%252Caps%252C70%26sr%3D8-59-spons%26psc%3D1,https://m.media-amazon.com/images/I/61i01gqq5ZL._AC_UL320_.jpg
"KZLAA Cat Dog Stroller Pet Stroller Foldable with Detachable Carrier for Small Medium Dogs, Portable Cats Stroller, Push Button, Luxury Pet Gear for Puppy Travel",$209.99,https://www.amazon.com/gp/slredirect/picassoRedirect.html/ref=pa_sp_btf_aps_sr_pg1_1?ie=UTF8&adId=A02804861GZFZPKYJV8FI&qualifier=1670361963&id=7404197513913447&widgetName=sp_btf&url=%2FKZLAA-Stroller-Foldable-Detachable-Portable%2Fdp%2FB0BF9V5CR6%2Fref%3Dsr_1_60_sspa%3Fcrid%3D1ETD973V81N4Y%26keywords%3Dcat%26qid%3D1670361963%26sprefix%3Dcat%252Caps%252C70%26sr%3D8-60-spons%26psc%3D1,https://m.media-amazon.com/images/I/61XE1OiJH3L._AC_UL320_.jpg
