item_name,price,link_to_item,link_to_item_image
"Tang Orange Naturally Flavored Powdered Soft Drink Mix, 2 ct Pack, 58.9 oz Canisters",$20.05,https://www.amazon.com/gp/slredirect/picassoRedirect.html/ref=pa_sp_atf_aps_sr_pg1_1?ie=UTF8&adId=A0104033275OMRFIX5R20&qualifier=1670362042&id=3909541382713807&widgetName=sp_atf&url=%2FTANG-Jumbo-Orange-Drink-Canisters%2Fdp%2FB08LRSW5RL%2Fref%3Dsr_1_1_sspa%3Fcrid%3D1ETD973V81N4Y%26keywords%3Dorange%26qid%3D1670362042%26sprefix%3Dorange%252Caps%252C70%26sr%3D8-1-spons%26psc%3D1,https://m.media-amazon.com/images/I/81TvoeTNsfL._AC_UL320_.jpg
Navel Orange,$1.25,https://www.amazon.com/produce-aisle-Navel-Orange-Medium/dp/B000SE9NUG/ref=sr_1_2_f3_0o_wf?crid=1ETD973V81N4Y&keywords=orange&qid=1670362042&sprefix=orange%2Caps%2C70&sr=8-2,https://m.media-amazon.com/images/I/71ohLOFjl0L._AC_UL320_.jpg
"Navel Oranges, 4 lb Bag",$6.49,https://www.amazon.com/PRODUCE-Navel-Oranges-64-OZ/dp/B07HK9J7P8/ref=sr_1_3_f3_0o_wf?crid=1ETD973V81N4Y&keywords=orange&qid=1670362042&sprefix=orange%2Caps%2C70&sr=8-3,https://m.media-amazon.com/images/I/818mibZ58rL._AC_UL320_.jpg
"Organic Navel Oranges, 4 lb Bag",$6.99,https://www.amazon.com/PRODUCE-Organic-Navel-Orange-64/dp/B07HK9J37K/ref=sr_1_4_f3_0o_wf?crid=1ETD973V81N4Y&keywords=orange&qid=1670362042&sprefix=orange%2Caps%2C70&sr=8-4,https://m.media-amazon.com/images/I/71IF1cy6srL._AC_UL320_.jpg
Red Cara Cara Navel Orange,$1.01,https://www.amazon.com/PRODUCE-Cara-Navel-Orange/dp/B07NQZTTF8/ref=sr_1_5_f3_0o_wf?crid=1ETD973V81N4Y&keywords=orange&qid=1670362042&sprefix=orange%2Caps%2C70&sr=8-5,https://m.media-amazon.com/images/I/71R63BODOXL._AC_UL320_.jpg
Orange Navel Organic,$1.50,https://www.amazon.com/Orange-Navel-Organic-1-Each/dp/B07R4B7L41/ref=sr_1_6_f3_0o_wf?crid=1ETD973V81N4Y&keywords=orange&qid=1670362042&sprefix=orange%2Caps%2C70&sr=8-6,https://m.media-amazon.com/images/I/31mXuKEEV9L._AC_UL320_.jpg
"Mandarins, 3 lbs",$5.49,https://www.amazon.com/produce-aisle-78027-Clementine-Mandarins/dp/B01M2VFYCN/ref=sr_1_7_f3_0o_wf?crid=1ETD973V81N4Y&keywords=orange&qid=1670362042&sprefix=orange%2Caps%2C70&sr=8-7,https://m.media-amazon.com/images/I/81kUz+g9RsL._AC_UL320_.jpg
"Organic Valencia Oranges, 4 lb",$6.79,https://www.amazon.com/Organic-Valencia-Oranges-4-lb/dp/B000RH1NB6/ref=sr_1_8_f3_0o_wf?crid=1ETD973V81N4Y&keywords=orange&qid=1670362042&sprefix=orange%2Caps%2C70&sr=8-8,https://m.media-amazon.com/images/I/71OUnvlyqVL._AC_UL320_.jpg
Amazon Essentials Men's Long-Sleeve Soft Touch Crewneck Sweater,$14.20,https://www.amazon.com/Amazon-Essentials-Long-Sleeve-Crewneck-Sweater_dnu/dp/B08TVL56V1/ref=sr_1_9?crid=1ETD973V81N4Y&keywords=orange&qid=1670362042&sprefix=orange%2Caps%2C70&sr=8-9,https://m.media-amazon.com/images/I/A1Yepitj3zL._AC_UL320_.jpg
"Simply Orange Juice, 52 fl oz, 100% Juice Not from Concentrate, Pulp Free",$4.79,https://www.amazon.com/Simply-Orange-Pulp-Juice-Drink/dp/B078TT2ZKM/ref=sr_1_10_f3_0o_wf?crid=1ETD973V81N4Y&keywords=orange&qid=1670362042&sprefix=orange%2Caps%2C70&sr=8-10,https://m.media-amazon.com/images/I/71s8eoeEuoL._AC_UL320_.jpg
Blingstar Orange Halloween Lights USB Powered Fairy Lights 2 Pack 33Ft 100 LED Christmas Lights Silver Wire String Lights for Halloween Christmas Party Stage Room Backdrop Xmas Tree Indoor Decoration,$8.99,https://www.amazon.com/Blingstar-Halloween-Christmas-Backdrop-Decoration/dp/B0BCG6JTXD/ref=sr_1_11?crid=1ETD973V81N4Y&keywords=orange&qid=1670362042&sprefix=orange%2Caps%2C70&sr=8-11,https://m.media-amazon.com/images/I/81G3o-XnUAL._AC_UL320_.jpg
"365 by Whole Foods Market, Florida Orange Juice, Not From Concentrate, 59 Fl Oz",$3.29,https://www.amazon.com/365-Everyday-Value-Florida-Concentrate/dp/B074J67WLX/ref=sr_1_12_f3_0o_wf?crid=1ETD973V81N4Y&keywords=orange&qid=1670362042&sprefix=orange%2Caps%2C70&sr=8-12,https://m.media-amazon.com/images/I/71t3XtYvCbL._AC_UL320_.jpg
"365 by Whole Foods Market, Juice Orange Extra Pulp Not from Concentrate Organic, 59 Fl Oz",$4.99,https://www.amazon.com/365-Everyday-Value-Organic-Concentrate/dp/B074H5J919/ref=sr_1_13_f3_0o_wf?crid=1ETD973V81N4Y&keywords=orange&qid=1670362042&sprefix=orange%2Caps%2C70&sr=8-13,https://m.media-amazon.com/images/I/717D2SmYc-L._AC_UL320_.jpg
"Simply Orange Juice, 52 fl oz, 100% Juice w/ Calcium & Vitamin D, Not from Concentrate",$4.79,https://www.amazon.com/Simply-Orange-Juice-Calcium-Drink/dp/B078TTJTL6/ref=sr_1_14_f3_0o_wf?crid=1ETD973V81N4Y&keywords=orange&qid=1670362042&sprefix=orange%2Caps%2C70&sr=8-14,https://m.media-amazon.com/images/I/81isXRj-7IL._AC_UL320_.jpg
Amazon.com Gift Card in a Greeting Card (Various Designs),$10.00,https://www.amazon.com/Amazon-com-Greeting-Abstract-Orange-Design/dp/B07M5HRM3Q/ref=sr_1_15?crid=1ETD973V81N4Y&keywords=orange&qid=1670362042&sprefix=orange%2Caps%2C70&sr=8-15,https://m.media-amazon.com/images/I/61pbPnMxCTL._AC_UL320_.jpg
Amazon Essentials Men's Slim-Fit Long-Sleeve Two-Pocket Flannel Shirt,$13.60,https://www.amazon.com/Amazon-Essentials-Slim-fit-Long-Sleeve-Burgundy/dp/B08X5C4SB7/ref=sr_1_16?crid=1ETD973V81N4Y&keywords=orange&qid=1670362042&sprefix=orange%2Caps%2C70&sr=8-16,https://m.media-amazon.com/images/I/91OHe8x9JrL._AC_UL320_.jpg
WinVic Women’s 95% Polyester Hoodie Full Zip Up Sweatshirt Quick-Dry Athletic Hoodie Windbreaker with Deodorizing Function,$25.99,https://www.amazon.com/gp/slredirect/picassoRedirect.html/ref=pa_sp_mtf_aps_sr_pg1_1?ie=UTF8&adId=A05154753LQHA9IXZF3L1&qualifier=1670362042&id=3909541382713807&widgetName=sp_mtf&url=%2FWinVic-YMX2203-1708-nv-ju-xl-Orange%2Fdp%2FB0B9MRQW8Q%2Fref%3Dsr_1_17_sspa%3Fcrid%3D1ETD973V81N4Y%26keywords%3Dorange%26qid%3D1670362042%26sprefix%3Dorange%252Caps%252C70%26sr%3D8-17-spons%26psc%3D1,https://m.media-amazon.com/images/I/61pjM9TVJYL._AC_UL320_.jpg
"Gatorade Endurance, Orange 24oz Bottles, (8 Pack)",$16.49,https://www.amazon.com/gp/slredirect/picassoRedirect.html/ref=pa_sp_mtf_aps_sr_pg1_1?ie=UTF8&adId=A00407422EZKDMRL9P3CS&qualifier=1670362042&id=3909541382713807&widgetName=sp_mtf&url=%2FGatorade-Endurance-Orange-24oz-Bottles%2Fdp%2FB09YZXSQDS%2Fref%3Dsr_1_18_sspa%3Fcrid%3D1ETD973V81N4Y%26keywords%3Dorange%26qid%3D1670362042%26sprefix%3Dorange%252Caps%252C70%26sr%3D8-18-spons%26psc%3D1,https://m.media-amazon.com/images/I/91V62PTf6qL._AC_UL320_.jpg
"Crystal Light Sugar-Free Strawberry Orange Banana Low Calories Powdered Drink Mix 72 Count Pitcher Packets, 2.4 Ounce, 6 count (Pack of 12)",$30.96,https://www.amazon.com/gp/slredirect/picassoRedirect.html/ref=pa_sp_mtf_aps_sr_pg1_1?ie=UTF8&adId=A012509716R2VHT0RDW1W&qualifier=1670362042&id=3909541382713807&widgetName=sp_mtf&url=%2FCrystal-Light-Strawberry-Pitcher-Canisters%2Fdp%2FB00CJSW3II%2Fref%3Dsr_1_19_sspa%3Fcrid%3D1ETD973V81N4Y%26keywords%3Dorange%26qid%3D1670362042%26sprefix%3Dorange%252Caps%252C70%26sr%3D8-19-spons%26psc%3D1,https://m.media-amazon.com/images/I/819mKibWqaS._AC_UL320_.jpg
"ZOA Energy Drink, Wild Orange 16 Fl Oz - Zero Sugar, Vitamins, Antioxidants, Electrolytes, Natural Caffeine - Gluten Free & Keto Friendly (Pack of 12)",$27.36,https://www.amazon.com/gp/slredirect/picassoRedirect.html/ref=pa_sp_mtf_aps_sr_pg1_1?ie=UTF8&adId=A06621013ID41XULM406C&qualifier=1670362042&id=3909541382713807&widgetName=sp_mtf&url=%2FZOA-Sugar-Energy-Drink-Orange%2Fdp%2FB08PDNJTD8%2Fref%3Dsr_1_20_sspa%3Fcrid%3D1ETD973V81N4Y%26keywords%3Dorange%26qid%3D1670362042%26sprefix%3Dorange%252Caps%252C70%26sr%3D8-20-spons%26psc%3D1,https://m.media-amazon.com/images/I/81XyEY0ZpQL._AC_UL320_.jpg
"Evolution Fresh Organic Pure Orange, Organic, 100% Cold-Pressed Orange Juice, Excellent Source of Antioxidant Vitamin C, 59 fl oz",$9.99,https://www.amazon.com/Evolution-Fresh-Cold-Pressed-Organic-Orange/dp/B07D1M19Z4/ref=sr_1_21_f3_0o_wf?crid=1ETD973V81N4Y&keywords=orange&qid=1670362042&sprefix=orange%2Caps%2C70&sr=8-21,https://m.media-amazon.com/images/I/712YsRtpyzL._AC_UL320_.jpg
"Tropicana Orange Juice, No Pulp, 52 Fl Oz",$4.79,https://www.amazon.com/Tropicana-Orange-Juice-No-Pulp/dp/B07F8Z7QBQ/ref=sr_1_22_f3_0o_wf?crid=1ETD973V81N4Y&keywords=orange&qid=1670362042&sprefix=orange%2Caps%2C70&sr=8-22,https://m.media-amazon.com/images/I/81mCqzddEtL._AC_UL320_.jpg
"INIU Portable Charger, USB C Slimmest Triple 3A High-Speed 10000mAh Phone Power Bank, Flashlight External Battery Pack Compatible with iPhone 14 13 12 11 Samsung S21 S20 Google LG iPad, etc (Orange)",$19.99,https://www.amazon.com/INIU-Portable-High-Speed-Flashlight-Compatible/dp/B09Y5XNTL8/ref=sr_1_23?crid=1ETD973V81N4Y&keywords=orange&qid=1670362042&sprefix=orange%2Caps%2C70&sr=8-23,https://m.media-amazon.com/images/I/61115d+7fKL._AC_UL320_.jpg
"365 by Whole Foods Market, Organic Orange Juice, Not From Concentrate, 89 Fl Oz",$5.79,https://www.amazon.com/365-Everyday-Value-Organic-Concentrate/dp/B074H6YPFT/ref=sr_1_24_f3_0o_wf?crid=1ETD973V81N4Y&keywords=orange&qid=1670362042&sprefix=orange%2Caps%2C70&sr=8-24,https://m.media-amazon.com/images/I/71eqs5JqpCL._AC_UL320_.jpg
"365 by Whole Foods Market, Juice Orange No Pulp Not from Concentrate Organic, 59 Fl Oz",$4.99,https://www.amazon.com/365-Everyday-Value-Organic-Concentrate/dp/B074H6QW3S/ref=sr_1_25_f3_0o_wf?crid=1ETD973V81N4Y&keywords=orange&qid=1670362042&sprefix=orange%2Caps%2C70&sr=8-25,https://m.media-amazon.com/images/I/71idl1WrbbL._AC_UL320_.jpg
Polarized Aviator Sunglasses for Men/Women Metal Mens Sunglasses Driving Sun Glasses,$9.99,https://www.amazon.com/Polarized-Aviator-Sunglasses-Driving-Classic/dp/B07KFB3FSL/ref=sr_1_26?crid=1ETD973V81N4Y&keywords=orange&qid=1670362042&sprefix=orange%2Caps%2C70&sr=8-26,https://m.media-amazon.com/images/I/51wdXhv64VL._AC_UL320_.jpg
"Simply Orange Juice, 52 fl oz, 100% Juice, Medium Pulp w/ Calcium & Vitamin D",$4.79,https://www.amazon.com/Simply-Orange-Medium-Calcium-Vitamin/dp/B078THDYSJ/ref=sr_1_27_f3_0o_wf?crid=1ETD973V81N4Y&keywords=orange&qid=1670362042&sprefix=orange%2Caps%2C70&sr=8-27,https://m.media-amazon.com/images/I/71ndTzmfeFL._AC_UL320_.jpg
"Gummi Bears Candy, Fruit Flavors Gummies, Allergy Friendly, Non-GMO, No Artificial Sweeteners Gummy (Orange, 8oz Bag)",$8.99,https://www.amazon.com/Flavors-Gummies-Friendly-Artificial-Sweeteners/dp/B08LZW2LG1/ref=sr_1_28?crid=1ETD973V81N4Y&keywords=orange&qid=1670362042&sprefix=orange%2Caps%2C70&sr=8-28,https://m.media-amazon.com/images/I/61Z3yJWRpDL._AC_UL320_.jpg
"Simply Orange Juice, 89 fl oz, 100% Juice Not from Concentrate, Pulp Free",$8.39,https://www.amazon.com/Simply-Orange-Juice-Drink-Liters/dp/B001TJG5SM/ref=sr_1_29_f3_0o_wf?crid=1ETD973V81N4Y&keywords=orange&qid=1670362042&sprefix=orange%2Caps%2C70&sr=8-29,https://m.media-amazon.com/images/I/81rZJRSBKTL._AC_UL320_.jpg
"365 by Whole Foods Market, Juice Orange Vitamin Calcium Organic, 59 Fl Oz",$4.99,https://www.amazon.com/365-Everyday-Value-Organic-Concentrate/dp/B074H54MHG/ref=sr_1_31_f3_0o_wf?crid=1ETD973V81N4Y&keywords=orange&qid=1670362042&sprefix=orange%2Caps%2C70&sr=8-31,https://m.media-amazon.com/images/I/71ZYfNfHg1L._AC_UL320_.jpg
"ANGRY ORANGE Pet Odor Eliminator for Strong Odor - Citrus Deodorizer for Dog or Cat Urine Smells on Carpet, Furniture & Floors - Puppy Supplies﻿",$19.97,https://www.amazon.com/Odor-Eliminator-Pet-Carpet-Deodorizer/dp/B07N316V8C/ref=sr_1_32?crid=1ETD973V81N4Y&keywords=orange&qid=1670362042&sprefix=orange%2Caps%2C70&sr=8-32,https://m.media-amazon.com/images/I/71MJxV3Ie9L._AC_UL320_.jpg
"SunnyD Tangy Original Orange Flavored Citrus Punch, 24 Fluid Ounce by Sunny D",$21.00,https://www.amazon.com/gp/slredirect/picassoRedirect.html/ref=pa_sp_mtf_aps_sr_pg1_1?ie=UTF8&adId=A0602949YUFG8OJM9FWY&qualifier=1670362042&id=3909541382713807&widgetName=sp_mtf&url=%2FSunnyD-Original-Orange-Flavored-Sunny%2Fdp%2FB00ZGTAK9Q%2Fref%3Dsr_1_33_sspa%3Fcrid%3D1ETD973V81N4Y%26keywords%3Dorange%26qid%3D1670362042%26sprefix%3Dorange%252Caps%252C70%26sr%3D8-33-spons%26psc%3D1%26smid%3DA1I7V8CZTJX281,https://m.media-amazon.com/images/I/51qypoQK72L._AC_UL320_.jpg
"Ikanfen 4 Pack 18 inch Collapsible Traffic Cones, Orange Safety Road Reflective Parking Cone, Pop up Construction Cones, for Training, Parking Lot and Driving Practice",$27.99,https://www.amazon.com/gp/slredirect/picassoRedirect.html/ref=pa_sp_mtf_aps_sr_pg1_1?ie=UTF8&adId=A0157312THYQIIB7NT4H&qualifier=1670362042&id=3909541382713807&widgetName=sp_mtf&url=%2FCollapsible-Reflective-Construction-Training-Practice%2Fdp%2FB0BFGRD1VR%2Fref%3Dsr_1_34_sspa%3Fcrid%3D1ETD973V81N4Y%26keywords%3Dorange%26qid%3D1670362042%26sprefix%3Dorange%252Caps%252C70%26sr%3D8-34-spons%26psc%3D1,https://m.media-amazon.com/images/I/61SgZTBd+uL._AC_UL320_.jpg
Lemon Peel and Orange Peel - 2 Pack of 8 Oz Each - 16oz Total (1 Pack of Lemon Peel and 1 Pack of Orange Peel),$14.99,https://www.amazon.com/gp/slredirect/picassoRedirect.html/ref=pa_sp_mtf_aps_sr_pg1_1?ie=UTF8&adId=A02201472IT5BA9XQ2SJG&qualifier=1670362042&id=3909541382713807&widgetName=sp_mtf&url=%2FLemon-Peel-Orange-Pack-Total%2Fdp%2FB08WHY88MN%2Fref%3Dsr_1_35_sspa%3Fcrid%3D1ETD973V81N4Y%26keywords%3Dorange%26qid%3D1670362042%26sprefix%3Dorange%252Caps%252C70%26sr%3D8-35-spons%26psc%3D1,https://m.media-amazon.com/images/I/81RzASefpqL._AC_UL320_.jpg
"Gatorade Endurance Formula Powder, Orange, 32 Ounce (Pack of 1)",$26.99,https://www.amazon.com/gp/slredirect/picassoRedirect.html/ref=pa_sp_mtf_aps_sr_pg1_1?ie=UTF8&adId=A05461211N4OI4B5YMAH2&qualifier=1670362042&id=3909541382713807&widgetName=sp_mtf&url=%2FGatorade-Endurance-Formula-Powder-Orange%2Fdp%2FB0050C0DK0%2Fref%3Dsr_1_36_sspa%3Fcrid%3D1ETD973V81N4Y%26keywords%3Dorange%26qid%3D1670362042%26sprefix%3Dorange%252Caps%252C70%26sr%3D8-36-spons%26psc%3D1,https://m.media-amazon.com/images/I/81c52qA0OmL._AC_UL320_.jpg
Terry's Chocolate Orange Milk Chocolate 5.53 oz. 2 pack,$12.00,https://www.amazon.com/Terrys-Chocolate-Orange-Milk-5-53/dp/B01N3JYDK5/ref=sr_1_37?crid=1ETD973V81N4Y&keywords=orange&qid=1670362042&sprefix=orange%2Caps%2C70&sr=8-37,https://m.media-amazon.com/images/I/711ocbm7mZL._AC_UL320_.jpg
"Chanasya Fuzzy Faux Fur Rectangular Embossed Throw Blanket - Super Soft and Warm Lightweight Reversible Sherpa for Couch, Home, Living Room, and Bedroom Décor (50x65 Inches) Orange",$27.97,https://www.amazon.com/Chanasya-Elegant-Rectangular-Embossed-Microfiber/dp/B018VC8VYK/ref=sr_1_38?crid=1ETD973V81N4Y&keywords=orange&qid=1670362042&sprefix=orange%2Caps%2C70&sr=8-38,https://m.media-amazon.com/images/I/91db3ZTsIkL._AC_UL320_.jpg
Creme Savers Orange and Creme Hard Candy | The Taste of Fresh Orange Swirled in Rich Cream | The Original Classic Creme Savers Brought To You By Iconic Candy | 3oz Bag,$4.35,https://www.amazon.com/Savers-Swirled-Original-Classic-Brought/dp/B09FFV2Z7X/ref=sr_1_39?crid=1ETD973V81N4Y&keywords=orange&qid=1670362042&sprefix=orange%2Caps%2C70&sr=8-39,https://m.media-amazon.com/images/I/713OBdDEK9L._AC_UL320_.jpg
Ezymall Womens Casual Hoodies Pullover Tops Drawstring Long Sleeve Sweatshirts Fall Clothes With Pocket,$20.99,https://www.amazon.com/Ezymall-Hoodies-Pullover-Drawstring-Sweatshirts/dp/B0B7JXVP38/ref=sr_1_40?crid=1ETD973V81N4Y&keywords=orange&qid=1670362042&sprefix=orange%2Caps%2C70&sr=8-40,https://m.media-amazon.com/images/I/71Ky2KKTpKL._AC_UL320_.jpg
Organic Orange Bell Pepper,$1.00,https://www.amazon.com/Organic-Orange-Bell-Pepper-One/dp/B00E3J97TE/ref=sr_1_41_f3_0o_wf?crid=1ETD973V81N4Y&keywords=orange&qid=1670362042&sprefix=orange%2Caps%2C70&sr=8-41,https://m.media-amazon.com/images/I/71zZCdYar8L._AC_UL320_.jpg
ZESICA Women's Casual Long Sleeve Solid Color Knit Pullover Sweatsuit 2 Piece Short Sweater Outfits Sets,$32.99,https://www.amazon.com/ZESICA-Pullover-Sweatsuit-Sweater-Outfits/dp/B091YTH7Z8/ref=sr_1_42?crid=1ETD973V81N4Y&keywords=orange&qid=1670362042&sprefix=orange%2Caps%2C70&sr=8-42,https://m.media-amazon.com/images/I/71f4vrjnssL._AC_UL320_.jpg
Orange: The Complete Series [Blu-ray],$15.99,https://www.amazon.com/Orange-Complete-Blu-ray-Sarah-Wiedenheft/dp/B073ZTTNNT/ref=sr_1_43?crid=1ETD973V81N4Y&keywords=orange&qid=1670362042&sprefix=orange%2Caps%2C70&sr=8-43,https://m.media-amazon.com/images/I/713FUfVI8TL._AC_UL320_.jpg
Mandarin Conventional,$0.85,https://www.amazon.com/Mandarin-Golden-Nugget-Conventional-Each/dp/B07815PRVN/ref=sr_1_44_f3_0o_wf?crid=1ETD973V81N4Y&keywords=orange&qid=1670362042&sprefix=orange%2Caps%2C70&sr=8-44,https://m.media-amazon.com/images/I/71VvXwg0p1L._AC_UL320_.jpg
Maxdot Heart Shape Sunglasses Rimless Transparent Heart Glasses Colorful Party Favors,$7.99,https://www.amazon.com/Maxdot-Heart-Shape-Sunglasses-Orange/dp/B07TN71G2B/ref=sr_1_45?crid=1ETD973V81N4Y&keywords=orange&qid=1670362042&sprefix=orange%2Caps%2C70&sr=8-45,https://m.media-amazon.com/images/I/61kySLyGN9L._AC_UL320_.jpg
"Whole Foods Market, Organic Mandarin, 32 Ounce Bag",$6.49,https://www.amazon.com/PRODUCE-Organic-Mandarin-Clementine-32/dp/B0789MR6BV/ref=sr_1_46_f3_0o_wf?crid=1ETD973V81N4Y&keywords=orange&qid=1670362042&sprefix=orange%2Caps%2C70&sr=8-46,https://m.media-amazon.com/images/I/71xNL044PgL._AC_UL320_.jpg
"Creme Savers | One Orange and Creme 3oz, One Strawberry and Creme 3oz Bundle | The Original Classic Creme Savers Featuring the Taste of Fresh Fruit and Cream",$6.49,https://www.amazon.com/Savers-Strawberry-Original-Classic-Featuring/dp/B0B2H9XFJF/ref=sr_1_47?crid=1ETD973V81N4Y&keywords=orange&qid=1670362042&sprefix=orange%2Caps%2C70&sr=8-47,https://m.media-amazon.com/images/I/717JtKZEL2L._AC_UL320_.jpg
"Raylove Unisex Hard Shell Eyeglasses Cases, Protective Case For Glasses",$8.99,https://www.amazon.com/Raylove-Unisex-Eyeglasses-Protective-Glasses/dp/B08K8PVP6D/ref=sr_1_49?crid=1ETD973V81N4Y&keywords=orange&qid=1670362042&sprefix=orange%2Caps%2C70&sr=8-49,https://m.media-amazon.com/images/I/51t8xcWdxPL._AC_UL320_.jpg
"Organic Lemon Regular, 1 Each",$1.09,https://www.amazon.com/Lemon-Regular-Organic-1-Each/dp/B079DSY3ZL/ref=sr_1_50_f3_0o_wf?crid=1ETD973V81N4Y&keywords=orange&qid=1670362042&sprefix=orange%2Caps%2C70&sr=8-50,https://m.media-amazon.com/images/I/710O+MVcd6L._AC_UL320_.jpg
"LaCroix Sparkling Water, Naturally Essenced, Orange, 12 Fl Oz (Pack of 12), 144 Fl Oz",$5.79,https://www.amazon.com/Sparkling-Naturally-Essenced-Calories-Sweeteners/dp/B002N3NRLQ/ref=sr_1_51_f3_0o_wf?crid=1ETD973V81N4Y&keywords=orange&qid=1670362042&sprefix=orange%2Caps%2C70&sr=8-51,https://m.media-amazon.com/images/I/81dsaNgC50L._AC_UL320_.jpg
"365 by Whole Foods Market, Florida Orange Juice, Not From Concentrate, 59 Fl Oz",$3.29,https://www.amazon.com/365-Everyday-Value-Florida-Concentrate/dp/B074J67WLY/ref=sr_1_52_f3_0o_wf?crid=1ETD973V81N4Y&keywords=orange&qid=1670362042&sprefix=orange%2Caps%2C70&sr=8-52,https://m.media-amazon.com/images/I/71F8XSUgJ+L._AC_UL320_.jpg
"Tropicana Orange Juice, Some Pulp, Homestyle, 52 Fl Oz",$4.79,https://www.amazon.com/Tropicana-Orange-Juice-Some-Homestyle/dp/B07FJFXQF6/ref=sr_1_53_f3_0o_wf?crid=1ETD973V81N4Y&keywords=orange&qid=1670362042&sprefix=orange%2Caps%2C70&sr=8-53,https://m.media-amazon.com/images/I/81Phof8fl9L._AC_UL320_.jpg
"Harney & Sons Hot Cinnamon Spice Tea Tin - Black Tea with Orange & Sweet Clove - 2.67 Ounces, 30 Sachets",$12.93,https://www.amazon.com/Harney-Sons-Hot-Cinnamon-Spice/dp/B0065JA1IQ/ref=sr_1_54?crid=1ETD973V81N4Y&keywords=orange&qid=1670362042&sprefix=orange%2Caps%2C70&sr=8-54,https://m.media-amazon.com/images/I/61eeZx5N5FL._AC_UL320_.jpg
Terry's Chocolate Orange - Milk (157g),$9.52,https://www.amazon.com/Terrys-Chocolate-Orange-Milk-157g/dp/B0051C0G2O/ref=sr_1_55?crid=1ETD973V81N4Y&keywords=orange&qid=1670362042&sprefix=orange%2Caps%2C70&sr=8-55,https://m.media-amazon.com/images/I/81agVD41ijL._AC_UL320_.jpg
"Croc Nuts, Croc Balls, Shoe Decoration Charms Balls for your Crocs, Noticeable Shoe Clips, Set of 2 (Orange)",$14.99,https://www.amazon.com/Balls-Decoration-Charms-Noticeable-Orange/dp/B0B49H46J4/ref=sr_1_56?crid=1ETD973V81N4Y&keywords=orange&qid=1670362042&sprefix=orange%2Caps%2C70&sr=8-56,https://m.media-amazon.com/images/I/61rDkAZ2ECL._AC_UL320_.jpg
"vitaminwater Zero Rise, Electrolyte Enhanced Water with Vitamins, Orange Drink, 20 Fl Oz",$2.19,https://www.amazon.com/vitaminwater-electrolyte-enhanced-vitamins-orange/dp/B003G89Z9U/ref=sr_1_57_f3_0o_wf?crid=1ETD973V81N4Y&keywords=orange&qid=1670362042&sprefix=orange%2Caps%2C70&sr=8-57,https://m.media-amazon.com/images/I/71WUxgLlsUL._AC_UL320_.jpg
Proof Syrup Orange Old Fashioned Cocktail Mixer (16oz) | Makes 32 Cocktails | W/ Real Bitters & Organic Sugar,$39.95,https://www.amazon.com/gp/slredirect/picassoRedirect.html/ref=pa_sp_btf_aps_sr_pg1_1?ie=UTF8&adId=A08555371BE2OSGJ7GSVX&qualifier=1670362042&id=3909541382713807&widgetName=sp_btf&url=%2FProof-Syrup-Flavored-Fashioned-Cocktail%2Fdp%2FB09LVXXZJK%2Fref%3Dsr_1_58_sspa%3Fcrid%3D1ETD973V81N4Y%26keywords%3Dorange%26qid%3D1670362042%26sprefix%3Dorange%252Caps%252C70%26sr%3D8-58-spons%26psc%3D1,https://m.media-amazon.com/images/I/71Jtb+3WJCL._AC_UL320_.jpg
"Mountain Dew Game Fuel, Charged Orange Storm, 16 Fl Oz. Cans (12 Pack)",$24.50,https://www.amazon.com/gp/slredirect/picassoRedirect.html/ref=pa_sp_btf_aps_sr_pg1_1?ie=UTF8&adId=A0716611161A3ZTILQP89&qualifier=1670362042&id=3909541382713807&widgetName=sp_btf&url=%2FMountain-Dew-Charged-Orange-Storm%2Fdp%2FB07W818WW2%2Fref%3Dsr_1_59_sspa%3Fcrid%3D1ETD973V81N4Y%26keywords%3Dorange%26qid%3D1670362042%26sprefix%3Dorange%252Caps%252C70%26sr%3D8-59-spons%26psc%3D1,https://m.media-amazon.com/images/I/81E82s6E1oL._AC_UL320_.jpg
MiO Vitamins Orange Tangerine Naturally Flavored Liquid Water Enhancer 1 Count 1.62 fl oz,$3.59,https://www.amazon.com/gp/slredirect/picassoRedirect.html/ref=pa_sp_btf_aps_sr_pg1_1?ie=UTF8&adId=A032615025KUQJVKJ351G&qualifier=1670362042&id=3909541382713807&widgetName=sp_btf&url=%2FOrange-Tangerine-Liquid-Enhancer-1-62-Servings%2Fdp%2FB007AAX2LC%2Fref%3Dsr_1_60_sspa%3Fcrid%3D1ETD973V81N4Y%26keywords%3Dorange%26qid%3D1670362042%26sprefix%3Dorange%252Caps%252C70%26sr%3D8-60-spons%26psc%3D1,https://m.media-amazon.com/images/I/71s+-35JirL._AC_UL320_.jpg
