item_name,price,link_to_item,link_to_item_image
"2020 Apple MacBook Air Laptop: Apple M1 Chip, 13” Retina Display, 8GB RAM, 256GB SSD Storage, Backlit Keyboard, FaceTime HD Camera, Touch ID. Works with iPhone/iPad; Space Gray",$799.99,https://www.amazon.com/gp/slredirect/picassoRedirect.html/ref=pa_sp_atf_aps_sr_pg1_1?ie=UTF8&adId=A03886273E1Q9K3Z82N1I&qualifier=1670362038&id=971303793675988&widgetName=sp_atf&url=%2FApple-MacBook-13-inch-256GB-Storage%2Fdp%2FB08N5LNQCX%2Fref%3Dsr_1_1_sspa%3Fcrid%3D1ETD973V81N4Y%26keywords%3Dapple%26qid%3D1670362038%26sprefix%3Dapple%252Caps%252C70%26sr%3D8-1-spons%26psc%3D1,https://m.media-amazon.com/images/I/71jG+e7roXL._AC_UY218_.jpg
"2022 Apple 10.9-inch iPad (Wi-Fi, 256GB) - Pink (10th Generation)",$549.00,https://www.amazon.com/gp/slredirect/picassoRedirect.html/ref=pa_sp_atf_aps_sr_pg1_1?ie=UTF8&adId=A06564091WDI2L6LYCC8M&qualifier=1670362038&id=971303793675988&widgetName=sp_atf&url=%2F2022-Apple-10-9-inch-Wi-Fi-256GB%2Fdp%2FB0BJLXMVMW%2Fref%3Dsr_1_2_sspa%3Fcrid%3D1ETD973V81N4Y%26keywords%3Dapple%26qid%3D1670362038%26sprefix%3Dapple%252Caps%252C70%26sr%3D8-2-spons%26psc%3D1,https://m.media-amazon.com/images/I/61hZrbHRMWL._AC_UY218_.jpg
Organic Honeycrisp Apples,$2.75,https://www.amazon.com/Organic-Honeycrisp-Apple-One-Medium/dp/B001GIP2A8/ref=sr_1_3_f3_0o_wf?crid=1ETD973V81N4Y&keywords=apple&qid=1670362038&sprefix=apple%2Caps%2C70&sr=8-3,https://m.media-amazon.com/images/I/71KKBVXup3L._AC_UY218_.jpg
Organic Pink Lady Apples,$1.26,https://www.amazon.com/Organic-Pink-Lady-Apple-Medium/dp/B005KCIHTY/ref=sr_1_4_f3_0o_wf?crid=1ETD973V81N4Y&keywords=apple&qid=1670362038&sprefix=apple%2Caps%2C70&sr=8-4,https://m.media-amazon.com/images/I/8142OOSOQwL._AC_UY218_.jpg
Honeycrisp Apple,$1.61,https://www.amazon.com/Apple-Honeycrisp-Organic-1-Pound/dp/B0787YC1HY/ref=sr_1_5_f3_0o_wf?crid=1ETD973V81N4Y&keywords=apple&qid=1670362038&sprefix=apple%2Caps%2C70&sr=8-5,https://m.media-amazon.com/images/I/71PxRvQMaoL._AC_UY218_.jpg
Organic Granny Smith Apples,$1.02,https://www.amazon.com/Organic-Granny-Smith-Apple-Medium/dp/B003TQA73M/ref=sr_1_6_f3_0o_wf?crid=1ETD973V81N4Y&keywords=apple&qid=1670362038&sprefix=apple%2Caps%2C70&sr=8-6,https://m.media-amazon.com/images/I/71MzPgrIaoL._AC_UY218_.jpg
"Apple Sugarbee Organic, 1 Each",$1.60,https://www.amazon.com/Apple-Sugarbee-Organic-1-Each/dp/B07L4VN69V/ref=sr_1_7_f3_0o_wf?crid=1ETD973V81N4Y&keywords=apple&qid=1670362038&sprefix=apple%2Caps%2C70&sr=8-7,https://m.media-amazon.com/images/I/71FSmdJu5cL._AC_UY218_.jpg
"365 by Whole Foods Market, Organic Pink Lady Apples, 48 Ounce",$6.49,https://www.amazon.com/365-WFM-Organic-Pink-Apples/dp/B09NBYL38B/ref=sr_1_8_f3_0o_wf?crid=1ETD973V81N4Y&keywords=apple&qid=1670362038&sprefix=apple%2Caps%2C70&sr=8-8,https://m.media-amazon.com/images/I/7132nbPV5BL._AC_UY218_.jpg
Apple Gala Bag Organic,$6.49,https://www.amazon.com/Apple-Gala-Bag-Organic-Pound/dp/B0787WZD37/ref=sr_1_9_f3_0o_wf?crid=1ETD973V81N4Y&keywords=apple&qid=1670362038&sprefix=apple%2Caps%2C70&sr=8-9,https://m.media-amazon.com/images/I/71EDcadrWFL._AC_UY218_.jpg
Organic Opal Apples,$1.20,https://www.amazon.com/Organic-Opal-Apple-One-Medium/dp/B07JN25KY5/ref=sr_1_10_f3_0o_wf?crid=1ETD973V81N4Y&keywords=apple&qid=1670362038&sprefix=apple%2Caps%2C70&sr=8-10,https://m.media-amazon.com/images/I/510KttePBiL._AC_UY218_.jpg
"Apple AirPods Pro (2nd Generation) Wireless Earbuds, Up to 2X More Active Noise Cancelling, Adaptive Transparency, Personalized Spatial Audio, MagSafe Charging Case, Bluetooth Headphones for iPhone",$229.00,https://www.amazon.com/Apple-Generation-Cancelling-Transparency-Personalized/dp/B0BDHWDR12/ref=sr_1_11?crid=1ETD973V81N4Y&keywords=apple&qid=1670362038&sprefix=apple%2Caps%2C70&sr=8-11,https://m.media-amazon.com/images/I/61SUj2aKoEL._AC_UY218_.jpg
Organic Gala Apples,$1.29,https://www.amazon.com/produce-aisle-040-04861-Organic-Apples/dp/B001GIP5CI/ref=sr_1_12_f3_0o_wf?crid=1ETD973V81N4Y&keywords=apple&qid=1670362038&sprefix=apple%2Caps%2C70&sr=8-12,https://m.media-amazon.com/images/I/41-Lji5mrML._AC_UY218_.jpg
Organic Envy Apples,$1.40,https://www.amazon.com/Produce-PRODUCE-Organic-Envy-Apple/dp/B07FZKSH9S/ref=sr_1_13_f3_0o_wf?crid=1ETD973V81N4Y&keywords=apple&qid=1670362038&sprefix=apple%2Caps%2C70&sr=8-13,https://m.media-amazon.com/images/I/81LG4BC5MDL._AC_UY218_.jpg
Organic Fuji Apples,$1.44,https://www.amazon.com/Organic-Fuji-Apple-One-Medium/dp/B000YTXXDI/ref=sr_1_14_f3_0o_wf?crid=1ETD973V81N4Y&keywords=apple&qid=1670362038&sprefix=apple%2Caps%2C70&sr=8-14,https://m.media-amazon.com/images/I/81dNi1sx3CL._AC_UY218_.jpg
"2022 Apple 10.9-inch iPad (Wi-Fi, 64GB) - Blue (10th Generation)",$399.00,https://www.amazon.com/2022-Apple-10-9-inch-iPad-Wi-Fi/dp/B0BJLXMVMV/ref=sr_1_15?crid=1ETD973V81N4Y&keywords=apple&qid=1670362038&sprefix=apple%2Caps%2C70&sr=8-15,https://m.media-amazon.com/images/I/61uA2UVnYWL._AC_UY218_.jpg
"2020 Apple MacBook Air Laptop: Apple M1 Chip, 13” Retina Display, 8GB RAM, 256GB SSD Storage, Backlit Keyboard, FaceTime HD Camera, Touch ID. Works with iPhone/iPad; Space Gray",$799.99,https://www.amazon.com/Apple-MacBook-13-inch-256GB-Storage/dp/B08N5LNQCX/ref=sr_1_16?crid=1ETD973V81N4Y&keywords=apple&qid=1670362038&sprefix=apple%2Caps%2C70&sr=8-16,https://m.media-amazon.com/images/I/71jG+e7roXL._AC_UY218_.jpg
"Apple MacBook Air with Intel Core i5, 1.6GHz, (13-inch, 4GB,128GB SSD) - Silver (Renewed)",$299.99,https://www.amazon.com/Apple-MacBook-MJVE2LL-13-inch-Refurbished/dp/B013HD3INW/ref=sr_1_17?crid=1ETD973V81N4Y&keywords=apple&qid=1670362038&sprefix=apple%2Caps%2C70&sr=8-17,https://m.media-amazon.com/images/I/6157eU56s2L._AC_UY218_.jpg
"Organic Granny Smith Apples, 3 LB Bag",$6.49,https://www.amazon.com/Organic-Granny-Smith-Apples-Bag/dp/B08MTSD2QG/ref=sr_1_18_f3_0o_wf?crid=1ETD973V81N4Y&keywords=apple&qid=1670362038&sprefix=apple%2Caps%2C70&sr=8-18,https://m.media-amazon.com/images/I/71JHXAU6PrL._AC_UY218_.jpg
