item_name,price,link_to_item,link_to_item_image
"Amazon Fire TV 43"" 4-Series 4K UHD smart TV",$249.99,https://www.amazon.com/gp/slredirect/picassoRedirect.html/ref=pa_sp_atf_aps_sr_pg1_1?ie=UTF8&adId=A0511807FPBTMUEJHBXP&qualifier=1670362073&id=7281381517671684&widgetName=sp_atf&url=%2Famazon-fire-tv-43-inch-4-series-4k-smart-tv%2Fdp%2FB08SWD2SCK%2Fref%3Dsr_1_1_sspa%3Fcrid%3D1ETD973V81N4Y%26keywords%3Dtv%26qid%3D1670362073%26sprefix%3Dtv%252Caps%252C70%26sr%3D8-1-spons%26psc%3D1,https://m.media-amazon.com/images/I/61IZcaEIt4L._AC_UY218_.jpg
"Amazon Fire TV 50"" Omni Series 4K UHD smart TV, hands-free with Alexa",$439.99,https://www.amazon.com/gp/slredirect/picassoRedirect.html/ref=pa_sp_atf_aps_sr_pg1_1?ie=UTF8&adId=A04763921U2IYGNQ0MD27&qualifier=1670362073&id=7281381517671684&widgetName=sp_atf&url=%2Famazon-fire-tv-50-inch-omni-series-4k-smart-tv%2Fdp%2FB08T6F8YBH%2Fref%3Dsr_1_2_sspa%3Fcrid%3D1ETD973V81N4Y%26keywords%3Dtv%26qid%3D1670362073%26sprefix%3Dtv%252Caps%252C70%26sr%3D8-2-spons%26psc%3D1,https://m.media-amazon.com/images/I/614Yr7xTVkL._AC_UY218_.jpg
"Amazon Fire TV 50"" 4-Series 4K UHD smart TV",$289.99,https://www.amazon.com/amazon-fire-tv-50-inch-4-series-4k-smart-tv/dp/B08SVZ775L/ref=sr_1_3?crid=1ETD973V81N4Y&keywords=tv&qid=1670362073&sprefix=tv%2Caps%2C70&sr=8-3,https://m.media-amazon.com/images/I/61IZcaEIt4L._AC_UY218_.jpg
"INSIGNIA All-New 32-inch Class F20 Series Smart HD 720p Fire TV (NS-32F201NA23, 2022 Model)",$179.99,https://www.amazon.com/All-New-Insignia-32-inch-Class-NS-32F201NA23/dp/B09ZLTMWWH/ref=sr_1_4?crid=1ETD973V81N4Y&keywords=tv&qid=1670362073&sprefix=tv%2Caps%2C70&sr=8-4,https://m.media-amazon.com/images/I/81WqpjFWooL._AC_UY218_.jpg
"SAMSUNG 85-Inch Class Crystal 4K UHD AU8000 Series HDR, 3 HDMI Ports, Motion Xcelerator, Tap View, PC on TV, Q Symphony, Smart TV with Alexa Built-In (UN85AU8000FXZA, 2021 Model)","$1,397.99",https://www.amazon.com/SAMSUNG-85-Inch-Crystal-AU8000-Built/dp/B08Z28KXHT/ref=sr_1_5?crid=1ETD973V81N4Y&keywords=tv&qid=1670362073&sprefix=tv%2Caps%2C70&sr=8-5,https://m.media-amazon.com/images/I/71LJJrKbezL._AC_UY218_.jpg
"Toshiba 50-inch Class C350 Series LED 4K UHD Smart Fire TV (50C350KU, 2021 Model)",$429.99,https://www.amazon.com/Toshiba-50-inch-4K-UHD-Smart-Fire-TV/dp/B0924XSHB2/ref=sr_1_6?crid=1ETD973V81N4Y&keywords=tv&qid=1670362073&sprefix=tv%2Caps%2C70&sr=8-6,https://m.media-amazon.com/images/I/81QvlthwGRS._AC_UY218_.jpg
"Amazon Fire TV 50"" 4-Series 4K UHD smart TV bundle with Universal Tilting Wall Mount and Red Remote Cover",$344.97,https://www.amazon.com/gp/slredirect/picassoRedirect.html/ref=pa_sp_mtf_aps_sr_pg1_1?ie=UTF8&adId=A067976521PCID7JB4Y9O&qualifier=1670362073&id=7281381517671684&widgetName=sp_mtf&url=%2Famazon-fire-tv-50-inch-4-series-4k-mount-remote-cover-bundle%2Fdp%2FB09BPDV31Z%2Fref%3Dsr_1_7_sspa%3Fcrid%3D1ETD973V81N4Y%26keywords%3Dtv%26qid%3D1670362073%26sprefix%3Dtv%252Caps%252C70%26sr%3D8-7-spons%26psc%3D1,https://m.media-amazon.com/images/I/5110-aLE0IL._AC_UY218_.jpg
"LG 27LP600B-P 27 Inch Full HD (1920 x 1080) IPS TV Monitor with 5W x 2 Built-in Speakers, HDMI Input and Dolby Audio",$152.99,https://www.amazon.com/LG-27LP600B-P-Monitor-Built-Speakers/dp/B09XTCKKKH/ref=sr_1_8?crid=1ETD973V81N4Y&keywords=tv&qid=1670362073&sprefix=tv%2Caps%2C70&sr=8-8,https://m.media-amazon.com/images/I/81uFJdQEWgL._AC_UY218_.jpg
"INSIGNIA 50-inch Class F30 Series LED 4K UHD Smart Fire TV (NS-50F301NA22, 2021 Model)",$399.99,https://www.amazon.com/Insignia-50-inch-Class-Smart-Fire/dp/B08Z265BJH/ref=sr_1_9?crid=1ETD973V81N4Y&keywords=tv&qid=1670362073&sprefix=tv%2Caps%2C70&sr=8-9,https://m.media-amazon.com/images/I/81kRxFTpd1L._AC_UY218_.jpg
"Amazon Fire TV 43"" 4-Series 4K UHD smart TV bundle with Universal Tilting Wall Mount and Red Remote Cover",$304.97,https://www.amazon.com/gp/slredirect/picassoRedirect.html/ref=pa_sp_mtf_aps_sr_pg1_1?ie=UTF8&adId=A09013143NEAH7M4RLNLC&qualifier=1670362073&id=7281381517671684&widgetName=sp_mtf&url=%2Famazon-fire-tv-43-inch-4-series-4k-mount-remote-cover-bundle%2Fdp%2FB09BPBC9VZ%2Fref%3Dsr_1_11_sspa%3Fcrid%3D1ETD973V81N4Y%26keywords%3Dtv%26qid%3D1670362073%26sprefix%3Dtv%252Caps%252C70%26sr%3D8-11-spons%26psc%3D1,https://m.media-amazon.com/images/I/5110-aLE0IL._AC_UY218_.jpg
"Hisense 50-inch ULED U6 Series Quantum Dot QLED 4K UHD Smart Fire TV (50U6HF, 2022 Model)",$409.99,https://www.amazon.com/Hisense-50-inch-Quantum-Smart-50U6HF/dp/B09WNJT9X3/ref=sr_1_12?crid=1ETD973V81N4Y&keywords=tv&qid=1670362073&sprefix=tv%2Caps%2C70&sr=8-12,https://m.media-amazon.com/images/I/71jgpwBoFiL._AC_UY218_.jpg
"Hisense A6 Series 50-Inch Class 4K UHD Smart Google TV with Voice Remote, Dolby Vision HDR, DTS Virtual X, Sports & Game Modes, Chromecast Built-in (50A6H, 2022 New Model)",$289.99,https://www.amazon.com/Hisense-50-Inch-Virtual-Chromecast-50A6H/dp/B09WQJPWWY/ref=sr_1_13?crid=1ETD973V81N4Y&keywords=tv&qid=1670362073&sprefix=tv%2Caps%2C70&sr=8-13,https://m.media-amazon.com/images/I/81bRiyx9fzL._AC_UY218_.jpg
"LG 24 Inch Class HD Smart TV (24LM520S-WU, 2022)",$119.00,https://www.amazon.com/LG-27-Inch-Computer-27MP450-B-FreeSync/dp/B09YVWHXF7/ref=sr_1_14?crid=1ETD973V81N4Y&keywords=tv&qid=1670362073&sprefix=tv%2Caps%2C70&sr=8-14,https://m.media-amazon.com/images/I/9172finKM8L._AC_UY218_.jpg
"Projector with WiFi and Bluetooth, VISSPL 5G Native 1080P Projector 4K Supported, 480ANSI Outdoor Projector with Screen and Tripod, Movie Projector for iOS & Android Phone, Laptop, HDMI, USB, TV Box",$289.99,https://www.amazon.com/gp/slredirect/picassoRedirect.html/ref=pa_sp_mtf_aps_sr_pg1_1?ie=UTF8&adId=A03821891AKAM7E3K066P&qualifier=1670362073&id=7281381517671684&widgetName=sp_mtf&url=%2FProjector-Bluetooth-VISSPL-Supported-480ANSI%2Fdp%2FB0BGL9P8TG%2Fref%3Dsr_1_15_sspa%3Fcrid%3D1ETD973V81N4Y%26keywords%3Dtv%26qid%3D1670362073%26sprefix%3Dtv%252Caps%252C70%26sr%3D8-15-spons%26psc%3D1,https://m.media-amazon.com/images/I/71+tBpKRJjL._AC_UY218_.jpg
"Amazon Fire TV 75"" Omni Series 4K UHD smart TV with Dolby Vision, hands-free with Alexa",$859.99,https://www.amazon.com/amazon-fire-tv-75-inch-omni-series-4k-smart-tv/dp/B08T6JZTH4/ref=sr_1_16?crid=1ETD973V81N4Y&keywords=tv&qid=1670362073&sprefix=tv%2Caps%2C70&sr=8-16,https://m.media-amazon.com/images/I/61P01fFBpaL._AC_UY218_.jpg
"TCL 32"" Class 3-Series HD 720p LED Smart Roku TV - 32S355",$138.00,https://www.amazon.com/TCL-Class-720p-Smart-Roku/dp/B09YWT3P5Q/ref=sr_1_17?crid=1ETD973V81N4Y&keywords=tv&qid=1670362073&sprefix=tv%2Caps%2C70&sr=8-17,https://m.media-amazon.com/images/I/71yi46Ali0L._AC_UY218_.jpg
"INSIGNIA 32-inch Class F20 Series Smart HD 720p Fire TV (NS-32DF310NA19, 2018 Model)",$119.99,https://www.amazon.com/Insignia-NS-32DF310NA19-32-inch-720p-Smart/dp/B07FPP6TB5/ref=sr_1_18?crid=1ETD973V81N4Y&keywords=tv&qid=1670362073&sprefix=tv%2Caps%2C70&sr=8-18,https://m.media-amazon.com/images/I/81lj598woRL._AC_UY218_.jpg
"Toshiba 32-inch Class V35 Series LED HD Smart Fire TV (32V35KU, 2021 Model)",$129.99,https://www.amazon.com/Toshiba-32-inch-HD-v35-Fire-TV-2021/dp/B099XC3GPC/ref=sr_1_19?crid=1ETD973V81N4Y&keywords=tv&qid=1670362073&sprefix=tv%2Caps%2C70&sr=8-19,https://m.media-amazon.com/images/I/91XcODg2NuL._AC_UY218_.jpg
Hisense 43-Inch Class R6 Series Dolby Vision HDR 4K UHD Roku Smart TV with Alexa Compatibility (43R6G),$239.99,https://www.amazon.com/Hisense-43-Inch-Vision-Compatibility-43R6G/dp/B09ZQ6NQNR/ref=sr_1_20?crid=1ETD973V81N4Y&keywords=tv&qid=1670362073&sprefix=tv%2Caps%2C70&sr=8-20,https://m.media-amazon.com/images/I/61pYhnsBTBL._AC_UY218_.jpg
"TCL 40"" Class 3-Series Full HD 1080p LED Smart Roku TV - 40S355",$199.99,https://www.amazon.com/TCL-Class-Full-1080p-Smart/dp/B09YX4ZV4F/ref=sr_1_21?crid=1ETD973V81N4Y&keywords=tv&qid=1670362073&sprefix=tv%2Caps%2C70&sr=8-21,https://m.media-amazon.com/images/I/51OITl9hGnL._AC_UY218_.jpg
Certified Refurbished Fire TV Stick Lite with Alexa Voice Remote Lite (no TV controls) | HD streaming device | 2020 release,$14.99,https://www.amazon.com/gp/slredirect/picassoRedirect.html/ref=pa_sp_btf_aps_sr_pg1_1?ie=UTF8&adId=A00092261HA3VK311I11G&qualifier=1670362073&id=7281381517671684&widgetName=sp_btf&url=%2FCertified-Refurbished-Fire-TV-Stick-Light%2Fdp%2FB085PL3BJ1%2Fref%3Dsr_1_22_sspa%3Fcrid%3D1ETD973V81N4Y%26keywords%3Dtv%26qid%3D1670362073%26sprefix%3Dtv%252Caps%252C70%26sr%3D8-22-spons%26psc%3D1,https://m.media-amazon.com/images/I/51Da2Z+FTFL._AC_UY218_.jpg
