item_name,price,link_to_item,link_to_item_image
"The Original Donut Shop Keurig Single-Serve K-Cup Pods, Regular Medium Roast Coffee, 72 Count",$32.34,https://www.amazon.com/gp/slredirect/picassoRedirect.html/ref=pa_sp_atf_aps_sr_pg1_1?ie=UTF8&adId=A02565913J6LGQ9L4UT50&qualifier=1670362053&id=2178892042139722&widgetName=sp_atf&url=%2FOriginal-Donut-Shop-Single-Serve-Regular%2Fdp%2FB00I08JAYG%2Fref%3Dsr_1_1_sspa%3Fcrid%3D1ETD973V81N4Y%26keywords%3Ddonut%26qid%3D1670362053%26sprefix%3Ddonut%252Caps%252C70%26sr%3D8-1-spons%26psc%3D1,https://m.media-amazon.com/images/I/81hH1X2WiWS._AC_UL320_.jpg
POSH BAKERY Chocolate Donut 6 Count,$8.99,https://www.amazon.com/Whole-Foods-Market-Donut-Chocolate/dp/B07NPPDPVZ/ref=sr_1_2_f3_0o_wf?crid=1ETD973V81N4Y&keywords=donut&qid=1670362053&sprefix=donut%2Caps%2C70&sr=8-2,https://m.media-amazon.com/images/I/41hS2oyjEHL._AC_UL320_.jpg
"HYSEAS Round Throw Pillow 14 Inch Pink Donut, 3D Digital Print Decorative Comfortable Soft Plush Funny Food Shaped Pillow Light Weight Seat Pad Cushion for Couch, Chair, Floor, Sofa",$15.99,https://www.amazon.com/HYSEAS-Donut-Shaped-Photoreal-Pillow/dp/B075V45S42/ref=sr_1_3?crid=1ETD973V81N4Y&keywords=donut&qid=1670362053&sprefix=donut%2Caps%2C70&sr=8-3,https://m.media-amazon.com/images/I/61Yaa9wr+VL._AC_UL320_.jpg
"HAPPYPOP Men's Funny Donut Socks Pickle Cake Burger Socks, Donut Pickle Gifts, Novelty Food Socks",$9.99,https://www.amazon.com/HAPPYPOP-Donut-Socks-Gifts-Doughnut/dp/B07W83LR81/ref=sr_1_4?crid=1ETD973V81N4Y&keywords=donut&qid=1670362053&sprefix=donut%2Caps%2C70&sr=8-4,https://m.media-amazon.com/images/I/71YHc-QXecL._AC_UL320_.jpg
"Whole Foods Market, Donut Chocolate Glazed, 18 Ounce",$6.99,https://www.amazon.com/Dianas-Bakery-Donut-Chocolate-Glazed/dp/B07FZ9KVCN/ref=sr_1_5_f3_0o_wf?crid=1ETD973V81N4Y&keywords=donut&qid=1670362053&sprefix=donut%2Caps%2C70&sr=8-5,https://m.media-amazon.com/images/I/61hvleCfpOL._AC_UL320_.jpg
"Whole Foods Market, Donut Vanilla Vegan, 3 Ounce, 6 Pack",$8.99,https://www.amazon.com/Whole-Foods-Market-Donut-Vanilla/dp/B07NPKXVQX/ref=sr_1_6_f3_0o_wf?crid=1ETD973V81N4Y&keywords=donut&qid=1670362053&sprefix=donut%2Caps%2C70&sr=8-6,https://m.media-amazon.com/images/I/81DIIRD7T6L._AC_UL320_.jpg
"Donut Pillow to Relief Your Tailbone Pain, Orthopedic Hemmoroid Pillow Cushion, Hemorrhoids, Prostate, Pregnancy, Coccyx, Sciatica, Post Natal and Surgery - Firm Density",$25.47,https://www.amazon.com/Donut-Pillow-Hemorrhoid-Cushion-Tailbone/dp/B07KF9P5FZ/ref=sr_1_7?crid=1ETD973V81N4Y&keywords=donut&qid=1670362053&sprefix=donut%2Caps%2C70&sr=8-7,https://m.media-amazon.com/images/I/81fJfoStZOS._AC_UL320_.jpg
"60 in Novelty Donut Blanket Burrito Bed Throw Blanket Adult Size Cozy Burrito Plush Blanket for Bedroom Living Rooms Sofa Couch Flannel Cute Blanket Gift for Teen Kids (Donuts, 60"")",$25.99,https://www.amazon.com/Novelty-Blanket-Bedroom-Flannel-Burritos/dp/B08XWFZSQ1/ref=sr_1_8?crid=1ETD973V81N4Y&keywords=donut&qid=1670362053&sprefix=donut%2Caps%2C70&sr=8-8,https://m.media-amazon.com/images/I/71cZy90DXaS._AC_UL320_.jpg
"DASH Mini Donut Maker Machine for Kid-Friendly Breakfast, Snacks, Desserts & More with Non-stick Surface, Makes 7 Doughnuts - Aqua",$19.99,https://www.amazon.com/DDM007-Kid-Friendly-Breakfast-Non-stick-Doughnuts/dp/B087RQZ3GH/ref=sr_1_9?crid=1ETD973V81N4Y&keywords=donut&qid=1670362053&sprefix=donut%2Caps%2C70&sr=8-9,https://m.media-amazon.com/images/I/71t9neppAtL._AC_UL320_.jpg
"The Original Donut Shop Mocha Latte, Single-Serve Keurig K-Cup Pods, Flavored Coffee Pods, 20 Count",$16.63,https://www.amazon.com/Original-Donut-Shop-Single-Serve-Flavored/dp/B07XCYT65C/ref=sr_1_10?crid=1ETD973V81N4Y&keywords=donut&qid=1670362053&sprefix=donut%2Caps%2C70&sr=8-10,https://m.media-amazon.com/images/I/81y-bhEMNwL._AC_UL320_.jpg
"Whole Foods Market, Blueberry Sugar Donut 6 Pack, 19.2 Ounce",$6.99,https://www.amazon.com/Dianas-Bakery-Donut-Blueberry-Sugar/dp/B07DKHGFVN/ref=sr_1_11_f3_0o_wf?crid=1ETD973V81N4Y&keywords=donut&qid=1670362053&sprefix=donut%2Caps%2C70&sr=8-11,https://m.media-amazon.com/images/I/8188XypeSOL._AC_UL320_.jpg
Qiana Donut Stickers 102PCS Candy Snack Doughter Food Waterproof Vinyl Decals for Girls Colorful Decorations for Laptop Suitcase Guitar Lunch Box Party Favors Teachers Rewards,$7.99,https://www.amazon.com/Stickers-Doughter-Waterproof-Colorful-Decorations/dp/B0B19VWNPC/ref=sr_1_12?crid=1ETD973V81N4Y&keywords=donut&qid=1670362053&sprefix=donut%2Caps%2C70&sr=8-12,https://m.media-amazon.com/images/I/81BFT2sXN+L._AC_UL320_.jpg
"ZEDEEN Waterproof Small Travel Donut Makeup Organizer Bag Cute Cosmetic Case Portable Zipper Toiletry Pouch Storage Bag for Purse for girl Women,Makeup Brush Bag Zipper Pouch Travel Organizer",$7.99,https://www.amazon.com/ZEDEEN-Waterproof-Organizer-Cosmetic-Portable/dp/B0995P7X3Q/ref=sr_1_13?crid=1ETD973V81N4Y&keywords=donut&qid=1670362053&sprefix=donut%2Caps%2C70&sr=8-13,https://m.media-amazon.com/images/I/61tsrHdlWnS._AC_UL320_.jpg
POSH BAKERY Plain Donut,$8.99,https://www.amazon.com/Posh-Donut-Vegan-Plain-Ounce/dp/B07G5VWZTK/ref=sr_1_14_f3_0o_wf?crid=1ETD973V81N4Y&keywords=donut&qid=1670362053&sprefix=donut%2Caps%2C70&sr=8-14,https://m.media-amazon.com/images/I/71HWWewYb8L._AC_UL320_.jpg
"Donut Pillow for Tailbone Pain Relief Cushion, Hemorrhoid Pillows for Sitting, Donut Cushion for Postpartum Pregnancy, Butt Seat Cushion, Back, Coccyx, Sciatica, Post Natal, After Surgery Support Pad",$49.95,https://www.amazon.com/Tailbone-Hemorrhoid-Postpartum-Pregnancy-Sciatica/dp/B01LSR1FD4/ref=sr_1_15?crid=1ETD973V81N4Y&keywords=donut&qid=1670362053&sprefix=donut%2Caps%2C70&sr=8-15,https://m.media-amazon.com/images/I/91GASuwAjUL._AC_UL320_.jpg
"HAPPYPOP Funny Socks for Kids Novelty Socks Silly Crazy Socks for Girls Boys, Gifts for Boys Girls",$9.99,https://www.amazon.com/HAPPYPOP-Silly-Socks-Donuts-Doughnut/dp/B0B5TTS6SG/ref=sr_1_16?crid=1ETD973V81N4Y&keywords=donut&qid=1670362053&sprefix=donut%2Caps%2C70&sr=8-16,https://m.media-amazon.com/images/I/71U-rqZ7JEL._AC_UL320_.jpg
"Donut Pillow Seat Cushion Orthopedic Design| Tailbone & Coccyx Memory Foam Pillow | Pain Relief for Hemorrhoid, Pregnancy Post Natal, Surgery, Sciatica and Relieves Tailbone Pressure by Pillow Palace.",$25.99,https://www.amazon.com/gp/slredirect/picassoRedirect.html/ref=pa_sp_mtf_aps_sr_pg1_1?ie=UTF8&adId=A09288123ERIDB0049HOV&qualifier=1670362053&id=2178892042139722&widgetName=sp_mtf&url=%2FDonut-Pillow-Orthopedic-Hemorrhoid-Pregnancy%2Fdp%2FB07MXNFBMK%2Fref%3Dsr_1_17_sspa%3Fcrid%3D1ETD973V81N4Y%26keywords%3Ddonut%26qid%3D1670362053%26sprefix%3Ddonut%252Caps%252C70%26sr%3D8-17-spons%26psc%3D1%26smid%3DA175TP9UGAHC02,https://m.media-amazon.com/images/I/71knOip3j1L._AC_UL320_.jpg
Doughnut Cookbook for Beginners: 100+ Easy and Delicious Donut Recipes Ready for Your Oven and Donut Maker to Match Every Craving. No Fryer Required!,$15.97,https://www.amazon.com/gp/slredirect/picassoRedirect.html/ref=pa_sp_mtf_aps_sr_pg1_1?ie=UTF8&adId=A06507372Z189IIW0R8JJ&qualifier=1670362053&id=2178892042139722&widgetName=sp_mtf&url=%2FDoughnut-Cookbook-Beginners-Delicious-Craving%2Fdp%2FB08ZBMQZKC%2Fref%3Dsr_1_18_sspa%3Fcrid%3D1ETD973V81N4Y%26keywords%3Ddonut%26qid%3D1670362053%26sprefix%3Ddonut%252Caps%252C70%26sr%3D8-18-spons%26psc%3D1,https://m.media-amazon.com/images/I/71roY7jlZgL._AC_UL320_.jpg
"Dash DDM007GBAQ04 Mini Donut Maker Machine for Kid-Friendly Breakfast, Snacks, Desserts & More with Non-stick Surface, Makes 7 Doughnuts, Donuts Print",$24.99,https://www.amazon.com/gp/slredirect/picassoRedirect.html/ref=pa_sp_mtf_aps_sr_pg1_1?ie=UTF8&adId=A01257491V91FW2YLMY8B&qualifier=1670362053&id=2178892042139722&widgetName=sp_mtf&url=%2FDDM007GBDP04-Kid-Friendly-Breakfast-Non-stick-Doughnuts%2Fdp%2FB084RJ3LR9%2Fref%3Dsr_1_19_sspa%3Fcrid%3D1ETD973V81N4Y%26keywords%3Ddonut%26qid%3D1670362053%26sprefix%3Ddonut%252Caps%252C70%26sr%3D8-19-spons%26psc%3D1,https://m.media-amazon.com/images/I/71PpAIxTgsL._AC_UL320_.jpg
Funny Donut Macaron Socks Box for Women Girls Teens - Fun Novelty Cute Crazy Funky Cotton Socks Birthday Christmas Gifts,$21.98,https://www.amazon.com/gp/slredirect/picassoRedirect.html/ref=pa_sp_mtf_aps_sr_pg1_1?ie=UTF8&adId=A021182810AMQ3P2FQ3A7&qualifier=1670362053&id=2178892042139722&widgetName=sp_mtf&url=%2FLadies-Novelty-Birthday-Christmas-Stocking%2Fdp%2FB098T1SVZW%2Fref%3Dsr_1_20_sspa%3Fcrid%3D1ETD973V81N4Y%26keywords%3Ddonut%26qid%3D1670362053%26sprefix%3Ddonut%252Caps%252C70%26sr%3D8-20-spons%26psc%3D1,https://m.media-amazon.com/images/I/81UOhTE4MfS._AC_UL320_.jpg
"600 Pcs Donut Party Decoration Teacher Reward Encouragement Motivational Sticker Mega Pack 16 Designs with Perforation Line (Each Measures 1.5""in Diameter)",$7.99,https://www.amazon.com/Decoration-Encouragement-Motivational-Perforation-Measures/dp/B085VX7CNB/ref=sr_1_21?crid=1ETD973V81N4Y&keywords=donut&qid=1670362053&sprefix=donut%2Caps%2C70&sr=8-21,https://m.media-amazon.com/images/I/91JMttZs6JL._AC_UL320_.jpg
"Donut Blanket Double Sided 63 inch, Donut Throw Blanket Funny Blankets Food Blankets for Adult Kids, Realistic Food Throw Blanket Kids Throw Blanket",$22.99,https://www.amazon.com/Donut-Blanket-Double-Blankets-Realistic/dp/B09DGFPD33/ref=sr_1_22?crid=1ETD973V81N4Y&keywords=donut&qid=1670362053&sprefix=donut%2Caps%2C70&sr=8-22,https://m.media-amazon.com/images/I/71xFpc5dMcL._AC_UL320_.jpg
"Bedwina Plush Donuts with Sprinkles - (Pack of 12) 1 Dozen Stuffed Donut Pillow Toy Party Favors, Donut Party Supplies Decorations and Stocking Stuffers for Kids",$18.89,https://www.amazon.com/Bedwina-Sprinkles-Assorted-Carnivals-Birthdays/dp/B07CP4ZJ5S/ref=sr_1_23?crid=1ETD973V81N4Y&keywords=donut&qid=1670362053&sprefix=donut%2Caps%2C70&sr=8-23,https://m.media-amazon.com/images/I/91+fKlpc24L._AC_UL320_.jpg
"BATTILO HOME 59 Inch Pink Donut Blanket for Adult and Kids, Soft and Comfortable Flannel Round Funny Blanket for Bedding, Novelty Gift, Giant Food Blanket Gifts for Crib, Sofa, Outdoors",$26.99,https://www.amazon.com/BATTILO-HOME-Realistic-Perfectly-Tortilla/dp/B07ZFNFS9M/ref=sr_1_24?crid=1ETD973V81N4Y&keywords=donut&qid=1670362053&sprefix=donut%2Caps%2C70&sr=8-24,https://m.media-amazon.com/images/I/81KF5GMJ8FS._AC_UL320_.jpg
"The Original Donut Shop Keurig Single-Serve K-Cup Pods, Regular Medium Roast Coffee, 72 Count",$32.34,https://www.amazon.com/Original-Donut-Shop-Single-Serve-Regular/dp/B00I08JAYG/ref=sr_1_25?crid=1ETD973V81N4Y&keywords=donut&qid=1670362053&sprefix=donut%2Caps%2C70&sr=8-25,https://m.media-amazon.com/images/I/81hH1X2WiWS._AC_UL320_.jpg
"6 Pairs Women's Donut Socks, Cute Macaron Pickle Socks Gift Box, Funny Novelty Donut Socks Christmas Gifts for Girls, 6 Styles",$20.99,https://www.amazon.com/Womens-Macaron-Pickle-Novelty-Christmas/dp/B0BCVZB18P/ref=sr_1_26?crid=1ETD973V81N4Y&keywords=donut&qid=1670362053&sprefix=donut%2Caps%2C70&sr=8-26,https://m.media-amazon.com/images/I/81bZ6uf1JrL._AC_UL320_.jpg
Donuts: The Hole Story,$14.79,https://www.amazon.com/Donuts-Story-David-W-Miles/dp/1945547936/ref=sr_1_27?crid=1ETD973V81N4Y&keywords=donut&qid=1670362053&sprefix=donut%2Caps%2C70&sr=8-27,https://m.media-amazon.com/images/I/91vO+LR8GsL._AC_UL320_.jpg
9 Pieces 3.1 Inches Donut Ornaments for Christmas Tree Dessert Donut Decorations Christmas Assorted Plastic Realistic Artificial Toy Donuts Fake Food Artificial Cake for Kid Party (Cute Style),$16.99,https://www.amazon.com/Ornaments-Christmas-Decorations-Realistic-Artificial/dp/B0BFDJVFZ2/ref=sr_1_28?crid=1ETD973V81N4Y&keywords=donut&qid=1670362053&sprefix=donut%2Caps%2C70&sr=8-28,https://m.media-amazon.com/images/I/71lXL+HapGL._AC_UL320_.jpg
"Realistic Donut Blanket, Thermal Towel Blanket Lightweight and Soft Flannel Novelty Decorative Blanket, Perfectly Round Fuzzy Blanket on Bed Couch Chair for Kids (Pink Donut, 60"")",$24.99,https://www.amazon.com/Realistic-Blanket-Lightweight-Decorative-Perfectly/dp/B08X6NZLGS/ref=sr_1_29?crid=1ETD973V81N4Y&keywords=donut&qid=1670362053&sprefix=donut%2Caps%2C70&sr=8-29,https://m.media-amazon.com/images/I/71Ytau-d6pL._AC_UL320_.jpg
"Wilton Non-Stick 6-Cavity Donut Baking Pans, 2-Count",$11.85,https://www.amazon.com/Wilton-Non-stick-6-Cavity-Baking-Multipack/dp/B015PXGLQI/ref=sr_1_30?crid=1ETD973V81N4Y&keywords=donut&qid=1670362053&sprefix=donut%2Caps%2C70&sr=8-30,https://m.media-amazon.com/images/I/81D2OKS3ELL._AC_UL320_.jpg
"Walfos Silicone Donut Mold - Non-Stick Silicone Doughnut Pan Set, Just Pop Out! Heat Resistant, Make Perfect Donut Cake Biscuit Bagels, BPA FREE and Dishwasher Safe, Set of 2",$8.99,https://www.amazon.com/Walfos-Silicone-Donut-Mold-Dishwasher/dp/B08FHS4PZC/ref=sr_1_31?crid=1ETD973V81N4Y&keywords=donut&qid=1670362053&sprefix=donut%2Caps%2C70&sr=8-31,https://m.media-amazon.com/images/I/61iikITSjbL._AC_UL320_.jpg
Kigeli 3 Pairs Funny Donut Socks Donut Macaron Socks Box Novelty Doughnut Socks for Women Cute Donut Christmas Gifts for Women Girls,$15.99,https://www.amazon.com/Kigeli-Macaron-Novelty-Doughnut-Christmas/dp/B0BCVYF679/ref=sr_1_32?crid=1ETD973V81N4Y&keywords=donut&qid=1670362053&sprefix=donut%2Caps%2C70&sr=8-32,https://m.media-amazon.com/images/I/81bBHGyqSAL._AC_UL320_.jpg
Funny I Don't Care Donut Pullover Hoodie,$34.99,https://www.amazon.com/gp/slredirect/picassoRedirect.html/ref=pa_sp_mtf_aps_sr_pg1_1?ie=UTF8&adId=A0544997CYQGK22LXS4F&qualifier=1670362053&id=2178892042139722&widgetName=sp_mtf&url=%2FFunny-Care-Donut-Pullover-Hoodie%2Fdp%2FB08HTBYTFD%2Fref%3Dsr_1_33_sspa%3Fcrid%3D1ETD973V81N4Y%26keywords%3Ddonut%26qid%3D1670362053%26sprefix%3Ddonut%252Caps%252C70%26sr%3D8-33-spons%26psc%3D1,https://m.media-amazon.com/images/I/71h6MwV3sxL._AC_UL320_.jpg
StarPack Premium Donut Wall Stand (Pack of 2) - Reusable 32 Donut Stand for Party - A Donut Holder for Donut Grow Up Party Decorations & Festive Donut Wall Display Stand for at Home Bakers,$52.59,https://www.amazon.com/gp/slredirect/picassoRedirect.html/ref=pa_sp_mtf_aps_sr_pg1_1?ie=UTF8&adId=A01968433LYONYM01FI57&qualifier=1670362053&id=2178892042139722&widgetName=sp_mtf&url=%2FStarPack-Premium-Donut-Wall-Stand%2Fdp%2FB08GLJDQ36%2Fref%3Dsr_1_34_sspa%3Fcrid%3D1ETD973V81N4Y%26keywords%3Ddonut%26qid%3D1670362053%26sprefix%3Ddonut%252Caps%252C70%26sr%3D8-34-spons%26psc%3D1,https://m.media-amazon.com/images/I/81QU2Oepa1L._AC_UL320_.jpg
Funny I Don't Care Donut T-Shirt,$19.99,https://www.amazon.com/gp/slredirect/picassoRedirect.html/ref=pa_sp_mtf_aps_sr_pg1_1?ie=UTF8&adId=A0254466HIKZ7FMMWSWI&qualifier=1670362053&id=2178892042139722&widgetName=sp_mtf&url=%2FFunny-Dont-Care-Donut-T-Shirt%2Fdp%2FB07YVWXHKM%2Fref%3Dsr_1_35_sspa%3Fcrid%3D1ETD973V81N4Y%26keywords%3Ddonut%26qid%3D1670362053%26sprefix%3Ddonut%252Caps%252C70%26sr%3D8-35-spons%26psc%3D1,https://m.media-amazon.com/images/I/6127fbWxoNL._AC_UL320_.jpg
Funny I Donut Care T-Shirt,$19.99,https://www.amazon.com/gp/slredirect/picassoRedirect.html/ref=pa_sp_mtf_aps_sr_pg1_1?ie=UTF8&adId=A02546541O2G8Q7O700E9&qualifier=1670362053&id=2178892042139722&widgetName=sp_mtf&url=%2FFunny-I-Donut-Care-T-Shirt%2Fdp%2FB07YVXPW89%2Fref%3Dsr_1_36_sspa%3Fcrid%3D1ETD973V81N4Y%26keywords%3Ddonut%26qid%3D1670362053%26sprefix%3Ddonut%252Caps%252C70%26sr%3D8-36-spons%26psc%3D1,https://m.media-amazon.com/images/I/612vHqXiRzL._AC_UL320_.jpg
"EURO CLASSIC IMPORTS Mini Plain & Chocolate Beignets, 7.05 OZ",$5.99,https://www.amazon.com/EURO-CLASSIC-IMPORTS-Beignets-Chocolate/dp/B07814C6TN/ref=sr_1_38_f3_0o_wf?crid=1ETD973V81N4Y&keywords=donut&qid=1670362053&sprefix=donut%2Caps%2C70&sr=8-38,https://m.media-amazon.com/images/I/81N5Hz68JXL._AC_UL320_.jpg
Little Debbie Christmas Tree Cakes (Vanilla),$9.09,https://www.amazon.com/Little-Debbie-Christmas-Cakes-Vanilla/dp/B00R56UUDY/ref=sr_1_39?crid=1ETD973V81N4Y&keywords=donut&qid=1670362053&sprefix=donut%2Caps%2C70&sr=8-39,https://m.media-amazon.com/images/I/81QadvGunuL._AC_UL320_.jpg
"365 by Whole Foods Market, Frozen Dutch-Style Pancake Bites, 10.8 Ounce",$3.99,https://www.amazon.com/Whole-Foods-Market-Dutch-Style-Pancake/dp/B07YHG39KZ/ref=sr_1_40_f3_0o_wf?crid=1ETD973V81N4Y&keywords=donut&qid=1670362053&sprefix=donut%2Caps%2C70&sr=8-40,https://m.media-amazon.com/images/I/61Hw3hJepaL._AC_UL320_.jpg
Whole Foods Market Mini Chocolate Croissant 12 Count,$8.00,https://www.amazon.com/Whole-Foods-Market-Croissant-Chocolate/dp/B07T2K9ZP9/ref=sr_1_41_f3_0o_wf?crid=1ETD973V81N4Y&keywords=donut&qid=1670362053&sprefix=donut%2Caps%2C70&sr=8-41,https://m.media-amazon.com/images/I/51guKvaX+GL._AC_UL320_.jpg
"IMMACULATE BAKING COMPANY Organic Cinnamon Rolls, 17.5 OZ",$7.39,https://www.amazon.com/IMMACULATE-BAKING-COMPANY-Organic-Cinnamon/dp/B07Q45KNHZ/ref=sr_1_42_f3_0o_wf?crid=1ETD973V81N4Y&keywords=donut&qid=1670362053&sprefix=donut%2Caps%2C70&sr=8-42,https://m.media-amazon.com/images/I/81sDQJWMJ7L._AC_UL320_.jpg
"365 by Whole Foods Market, Cinnamon Rolls Two Bite, 13 Ounce",$6.49,https://www.amazon.com/365-Everyday-Value-Two-bite-Cinnamon/dp/B078J15LC3/ref=sr_1_43_f3_0o_wf?crid=1ETD973V81N4Y&keywords=donut&qid=1670362053&sprefix=donut%2Caps%2C70&sr=8-43,https://m.media-amazon.com/images/I/91ZYI1ktE2L._AC_UL320_.jpg
"EURO CLASSIC IMPORTS Mini Plain & Mixed Berry Beignets, 7.05 OZ",$5.99,https://www.amazon.com/EURO-CLASSIC-IMPORTS-Beignets-Berry/dp/B07813PPTB/ref=sr_1_44_f3_0o_wf?crid=1ETD973V81N4Y&keywords=donut&qid=1670362053&sprefix=donut%2Caps%2C70&sr=8-44,https://m.media-amazon.com/images/I/91ISfjygo+L._AC_UL320_.jpg
"365 by Whole Foods Market, Fried Rice Chicken, 20 Ounce",$3.99,https://www.amazon.com/Whole-Foods-Market-Chicken-Frozen/dp/B074H61RP7/ref=sr_1_46_f3_0o_wf?crid=1ETD973V81N4Y&keywords=donut&qid=1670362053&sprefix=donut%2Caps%2C70&sr=8-46,https://m.media-amazon.com/images/I/61RJcNFx-yL._AC_UL320_.jpg
"WILLBOND Set of 12 Donut Christmas Ornament Foam Assorted Donut Ornament Christmas Tree Dessert Ornaments Mini Xmas Decorative Hanging Ornaments for Holiday Party Home Tree Decoration, 2 Inch",$13.99,https://www.amazon.com/WILLBOND-Christmas-Ornaments-Decorative-Decoration/dp/B0B4WPGK9F/ref=sr_1_47?crid=1ETD973V81N4Y&keywords=donut&qid=1670362053&sprefix=donut%2Caps%2C70&sr=8-47,https://m.media-amazon.com/images/I/81nR7R2KeDL._AC_UL320_.jpg
Whole Foods Market Apple Turnover 4 Count,$7.49,https://www.amazon.com/Whole-Foods-Market-Pastry-Turnover/dp/B08CVZPQKS/ref=sr_1_48_f3_0o_wf?crid=1ETD973V81N4Y&keywords=donut&qid=1670362053&sprefix=donut%2Caps%2C70&sr=8-48,https://m.media-amazon.com/images/I/518PpXERLTL._AC_UL320_.jpg
"Whole Foods Market, Danish Cream Cheese 4 Count, 12 Ounce",$7.49,https://www.amazon.com/Whole-Foods-Market-Danish-Cheese/dp/B08F5KFG8Q/ref=sr_1_49_f3_0o_wf?crid=1ETD973V81N4Y&keywords=donut&qid=1670362053&sprefix=donut%2Caps%2C70&sr=8-49,https://m.media-amazon.com/images/I/51t9zp8DvrL._AC_UL320_.jpg
Dress-Up-America Donut Headband - The Perfect Donut Party Supplies Or Doughnut Costume Accessories,$12.99,https://www.amazon.com/Dress-Up-America-Girls-Headband/dp/B07XG23FD6/ref=sr_1_50?crid=1ETD973V81N4Y&keywords=donut&qid=1670362053&sprefix=donut%2Caps%2C70&sr=8-50,https://m.media-amazon.com/images/I/71+B79u7IUL._AC_UL320_.jpg
"Emoobin Donut Pillow Hemorrhoid Tailbone Cushion - Orthopedic Pain Relief Pillow for Pregnancy, Coccyx, Bed Sores, Post Natal, Sciatica,18 Inches Black",$25.79,https://www.amazon.com/Emoobin-Donut-Pillow-Hemorrhoid-Cushion/dp/B08K75LVB5/ref=sr_1_51?crid=1ETD973V81N4Y&keywords=donut&qid=1670362053&sprefix=donut%2Caps%2C70&sr=8-51,https://m.media-amazon.com/images/I/61h7iBOs3JL._AC_UL320_.jpg
"Llewyn Donut Wall Donut Display Board Donut Stand Wood Decorate for Party,Wedding,Birthday Party",$10.99,https://www.amazon.com/Llewyn-Display-Decorate-Wedding-Birthday/dp/B09F8GLVLK/ref=sr_1_52?crid=1ETD973V81N4Y&keywords=donut&qid=1670362053&sprefix=donut%2Caps%2C70&sr=8-52,https://m.media-amazon.com/images/I/71dC8Ys-ydL._AC_UL320_.jpg
Baby Donut Headband Turban Bow Baby Girls Donut Hair Band Bow Baby Donut Headwarp BBG42 (Hair Clip-A),$7.99,https://www.amazon.com/Donut-Headband-Turban-Girls-Headwarp/dp/B0BJ31GH5X/ref=sr_1_53?crid=1ETD973V81N4Y&keywords=donut&qid=1670362053&sprefix=donut%2Caps%2C70&sr=8-53,https://m.media-amazon.com/images/I/61wW+BEbg3L._AC_UL320_.jpg
"ASMFUOY Slow Rising Fake Donut Squishies Toy for Kids Birthday Gift,Cute Donuts Stress Relief Simulation Lovely Squishys Squishi Squeeze Toys",$8.99,https://www.amazon.com/Squishies-Birthday-Sandwich-Simulation-Squishys/dp/B09DK5ZY1C/ref=sr_1_54?crid=1ETD973V81N4Y&keywords=donut&qid=1670362053&sprefix=donut%2Caps%2C70&sr=8-54,https://m.media-amazon.com/images/I/61x+SHNpEfL._AC_UL320_.jpg
DMAR Donut Pool Floats Donut Pool Floatie Donut Tube Pool Doughnut Pool Float Donut Inflatables Doughnut Inner Tube Doughnut Pool Floatie Donut Pool Ring Donut Swimming Ring for Beach Pool,$9.99,https://www.amazon.com/DMAR-Floats-Inflatable-Single-Diameter/dp/B072LP9Z98/ref=sr_1_55?crid=1ETD973V81N4Y&keywords=donut&qid=1670362053&sprefix=donut%2Caps%2C70&sr=8-55,https://m.media-amazon.com/images/I/61YAgi4kL0L._AC_UL320_.jpg
20 Pieces Donut Party Directional Signs Donut Welcome Sign Donut Party Yard Sign Outdoor Lawn Decoration for Donut Party Decoration Supplies,$8.99,https://www.amazon.com/Directional-Welcome-Outdoor-Decoration-Supplies/dp/B096FXGC24/ref=sr_1_56?crid=1ETD973V81N4Y&keywords=donut&qid=1670362053&sprefix=donut%2Caps%2C70&sr=8-56,https://m.media-amazon.com/images/I/81UDE5pqaDS._AC_UL320_.jpg
"KINNIKINNICK Chocolate Glazed Donuts, 11.3 OZ",$6.79,https://www.amazon.com/Kinnikinnick-Donuts-Chocolate-Dipped-Ounce/dp/B0848HDL7B/ref=sr_1_57_f3_0o_wf?crid=1ETD973V81N4Y&keywords=donut&qid=1670362053&sprefix=donut%2Caps%2C70&sr=8-57,https://m.media-amazon.com/images/I/815Q3HnLNTL._AC_UL320_.jpg
"Katz Gluten Free Snacks Top 8 Donut Flavors | Gluten Free, Dairy Free, Soy Free, Nut Free | Powdered, Glazed, Cinnamon, Chocolate Frosted & More | Kosher (1 Pack of each, 8 Total)",$55.40,https://www.amazon.com/gp/slredirect/picassoRedirect.html/ref=pa_sp_btf_aps_sr_pg1_1?ie=UTF8&adId=A056310213YST9WSEFXO3&qualifier=1670362053&id=2178892042139722&widgetName=sp_btf&url=%2FKatz-Gluten-Free-Powdered-Chocolate%2Fdp%2FB01G60RQQS%2Fref%3Dsr_1_58_sspa%3Fcrid%3D1ETD973V81N4Y%26keywords%3Ddonut%26qid%3D1670362053%26sprefix%3Ddonut%252Caps%252C70%26sr%3D8-58-spons%26psc%3D1,https://m.media-amazon.com/images/I/81VtrbfoqVL._AC_UL320_.jpg
"Creative Converting All Over Print Plastic Tablecover, Donut Time -",$6.54,https://www.amazon.com/gp/slredirect/picassoRedirect.html/ref=pa_sp_btf_aps_sr_pg1_1?ie=UTF8&adId=A02415961Q5DN8ULH737Z&qualifier=1670362053&id=2178892042139722&widgetName=sp_btf&url=%2FCreative-Converting-Print-Plastic-Tablecover%2Fdp%2FB06WLL9SBR%2Fref%3Dsr_1_59_sspa%3Fcrid%3D1ETD973V81N4Y%26keywords%3Ddonut%26qid%3D1670362053%26sprefix%3Ddonut%252Caps%252C70%26sr%3D8-59-spons%26psc%3D1,https://m.media-amazon.com/images/I/61VM0orQp+L._AC_UL320_.jpg
Funny Sloth Donuts Lover Donut Funny Donuts Sloth Pullover Hoodie,$34.99,https://www.amazon.com/gp/slredirect/picassoRedirect.html/ref=pa_sp_btf_aps_sr_pg1_1?ie=UTF8&adId=A0691020I39G1OGC5LPM&qualifier=1670362053&id=2178892042139722&widgetName=sp_btf&url=%2FFunny-Donuts-Donut-Pullover-Hoodie%2Fdp%2FB08GHHW62N%2Fref%3Dsr_1_60_sspa%3Fcrid%3D1ETD973V81N4Y%26keywords%3Ddonut%26qid%3D1670362053%26sprefix%3Ddonut%252Caps%252C70%26sr%3D8-60-spons%26psc%3D1,https://m.media-amazon.com/images/I/71ahO4xwvTL._AC_UL320_.jpg
