item_name,price,link_to_item,link_to_item_image
"DUQGUHO 2 Pcs Crystal Elephant Decor Rose Quartz Amethyst Elephant Crystal Statue Natural Healing Crystal Stones Cute Crystal Home Office Desk Decor Elephant Figurine Decoration Crystal Gifts 1.5""",$12.99,https://www.amazon.com/gp/slredirect/picassoRedirect.html/ref=pa_sp_atf_aps_sr_pg1_1?ie=UTF8&adId=A05125542BGMW8G5XNKKY&qualifier=1670361974&id=3010137021460210&widgetName=sp_atf&url=%2FDUQGUHO-Elephant-Amethyst-Figurine-Decoration%2Fdp%2FB09XMG3B3K%2Fref%3Dsr_1_1_sspa%3Fcrid%3D1ETD973V81N4Y%26keywords%3Delephant%26qid%3D1670361974%26sprefix%3Delephant%252Caps%252C70%26sr%3D8-1-spons%26psc%3D1,https://m.media-amazon.com/images/I/61uErN93nyL._AC_UL320_.jpg
"zhancydeal Elephant Sitter Figurines, Elephant Mothers Hanging Two Babies Statue Hanging Off The Edge of a Shelf or Table, Hand-Painted Resin Collections Figurines for Mother feets Day, Small",$9.49,https://www.amazon.com/zhancydeal-Elephant-Figurines-Hand-Painted-Collections/dp/B094VK5HKW/ref=sr_1_2?crid=1ETD973V81N4Y&keywords=elephant&qid=1670361974&sprefix=elephant%2Caps%2C70&sr=8-2,https://m.media-amazon.com/images/I/7168aTGLBUS._AC_UL320_.jpg
"Snoozies Pairable Slipper Socks – Cozy and Fun House Slippers for Women, Fuzzy Slipper Socks with Unique Designs, Non-Slip",$15.99,https://www.amazon.com/Snoozies-Slippers-Women-Pairables-Elephant/dp/B08HCKWV4G/ref=sr_1_3?crid=1ETD973V81N4Y&keywords=elephant&qid=1670361974&sprefix=elephant%2Caps%2C70&sr=8-3,https://m.media-amazon.com/images/I/91FqL9PBSPL._AC_UL320_.jpg
"Elephant 3D Illusion Birthday Gift Lamp, Gawell 16 Colors Changing Touch Switch Table Desk Decoration Lamps Mother's Day Present with Remote Control Toy for Elephant Theme Lover",$10.99,https://www.amazon.com/Elephant-Illusion-Birthday-Gawell-Decoration/dp/B076F3GJYZ/ref=sr_1_4?crid=1ETD973V81N4Y&keywords=elephant&qid=1670361974&sprefix=elephant%2Caps%2C70&sr=8-4,https://m.media-amazon.com/images/I/81nOli4VfLL._AC_UL320_.jpg
H&D Crystal Cute Elephant Figurine Collection Cut Glass Ornament Statue Animal Collectible,$11.99,https://www.amazon.com/Elephant-Figurine-Collection-Ornament-Collectible/dp/B00KQG53JQ/ref=sr_1_5?crid=1ETD973V81N4Y&keywords=elephant&qid=1670361974&sprefix=elephant%2Caps%2C70&sr=8-5,https://m.media-amazon.com/images/I/61eB39oJbvL._AC_UL320_.jpg
Elephant I'm Sorry Did I Roll My Eyes Out Loud T-Shirt,$17.99,https://www.amazon.com/Elephant-Sorry-Roll-Eyes-T-Shirt/dp/B09D9X2D1X/ref=sr_1_6?crid=1ETD973V81N4Y&keywords=elephant&qid=1670361974&sprefix=elephant%2Caps%2C70&sr=8-6,https://m.media-amazon.com/images/I/71uOaqCf31L._AC_UL320_.jpg
"Mokani Pen Pencil Holder with Phone Stand, Multifunctional Elephant Shaped Desk Organizer Desk Decor Elephant Gifts for Women Cute Desk Accessories Home Office Decoration Thanksgiving Christmas Gift",$19.99,https://www.amazon.com/Mokani-Multifunctional-Organizer-Accessories-Decoration/dp/B08KY1ZLPV/ref=sr_1_7?crid=1ETD973V81N4Y&keywords=elephant&qid=1670361974&sprefix=elephant%2Caps%2C70&sr=8-7,https://m.media-amazon.com/images/I/71HUN4zkh1L._AC_UL320_.jpg
TeeTurtle | The Original Reversible Elephant Plushie | Patented Design | Light Blue and Pink | Happy + Angry | Show Your Mood Without Saying a Word!,$15.00,https://www.amazon.com/TeeTurtle-Original-Reversible-Elephant-Patented/dp/B092NSHKC1/ref=sr_1_8?crid=1ETD973V81N4Y&keywords=elephant&qid=1670361974&sprefix=elephant%2Caps%2C70&sr=8-8,https://m.media-amazon.com/images/I/41SGX6JrJAS._AC_UL320_.jpg
Evelots Ring Holder-Good Luck Elephant-Jewelry Bowl/Stand-Earring/Necklaces,$12.99,https://www.amazon.com/Evelots-Elegant-Elephant-Jewelry-Holder/dp/B06XQ5X5MP/ref=sr_1_9?crid=1ETD973V81N4Y&keywords=elephant&qid=1670361974&sprefix=elephant%2Caps%2C70&sr=8-9,https://m.media-amazon.com/images/I/61GbUx5kS7L._AC_UL320_.jpg
"The Nifty Nook New Good Luck Decorative Gold Antiqued Elephant Glass Bowl,Terrarium or Candle Holder with Color Gift Box",$32.95,https://www.amazon.com/Nifty-Nook-Decorative-Antiqued-Terrarium/dp/B07DF7NYSY/ref=sr_1_10?crid=1ETD973V81N4Y&keywords=elephant&qid=1670361974&sprefix=elephant%2Caps%2C70&sr=8-10,https://m.media-amazon.com/images/I/61waofv++-L._AC_UL320_.jpg
Elephant Gifts (Elephant Coinpurse + Bracelet) Thanksgiving Gift Christmas Gifts,$12.45,https://www.amazon.com/Elephant-Coinpurse-Bracelet-Thanksgiving-Christmas/dp/B07PG9P9LN/ref=sr_1_11?crid=1ETD973V81N4Y&keywords=elephant&qid=1670361974&sprefix=elephant%2Caps%2C70&sr=8-11,https://m.media-amazon.com/images/I/81OAhNjLicL._AC_UL320_.jpg
Artinova Elephant Wooden Pen Cup Pencil Holder for Desk Decor Desk Organizer with Cell Phone Stand ARTA-0057,$14.99,https://www.amazon.com/Artinova-Elephant-Wooden-Organizer-ARTA-0057/dp/B077Z1F8DZ/ref=sr_1_12?crid=1ETD973V81N4Y&keywords=elephant&qid=1670361974&sprefix=elephant%2Caps%2C70&sr=8-12,https://m.media-amazon.com/images/I/61Wxw32U9fL._AC_UL320_.jpg
"Cute Elephant Shaped Small Size Paper Clips Bookmarks, Funny Office Supplies for Women Men, Baby Shower Invitation Card Clip, Silver 60 Pcs",$8.59,https://www.amazon.com/Elephant-Shaped-Bookmarks-Supplies-Invitation/dp/B09VP7N29S/ref=sr_1_13?crid=1ETD973V81N4Y&keywords=elephant&qid=1670361974&sprefix=elephant%2Caps%2C70&sr=8-13,https://m.media-amazon.com/images/I/81g8IH2nwzL._AC_UL320_.jpg
For Spirit Airlines Foldable Travel Duffel Bag Tote Carry on Luggage Sport Duffle Weekender Overnight for Women and Girl (3112 Elephant-1 ( with Shoulder Strap)),$13.99,https://www.amazon.com/Airlines-Foldable-Weekender-Overnight-Elephant-1/dp/B09Z6N7H23/ref=sr_1_14?crid=1ETD973V81N4Y&keywords=elephant&qid=1670361974&sprefix=elephant%2Caps%2C70&sr=8-14,https://m.media-amazon.com/images/I/81146Joy4KL._AC_UL320_.jpg
50 Piece Vinyl Elephant Stickers for Boys Cute Waterproof Vinyl Elephant Animal Sticker Decals for Laptop Lovely Decorative Sticker Decal Computer Water Bottle Scrapbook,$5.99,https://www.amazon.com/Elephant-Stickers-Waterproof-Decorative-Scrapbook/dp/B094ZWWNKM/ref=sr_1_15?crid=1ETD973V81N4Y&keywords=elephant&qid=1670361974&sprefix=elephant%2Caps%2C70&sr=8-15,https://m.media-amazon.com/images/I/71iUqNHxWtL._AC_UL320_.jpg
Elephant,$2.99,https://www.amazon.com/Elephant-Alex-Frost/dp/B01N4MBZUS/ref=sr_1_16?crid=1ETD973V81N4Y&keywords=elephant&qid=1670361974&sprefix=elephant%2Caps%2C70&sr=8-16,https://m.media-amazon.com/images/I/81+lHYKk-HL._AC_UL320_.jpg
"TERAVEX 3D Baby Elephant Tumbler Cup with Lid 20oz - Kitchen Grade 18/8 Stainless Steel, Double Wall Vacuum Insulation Preserves Cold and Hot Drinks, Dishwasher Safe, Ideal Gift for Elephant Lover",$24.95,https://www.amazon.com/gp/slredirect/picassoRedirect.html/ref=pa_sp_mtf_aps_sr_pg1_1?ie=UTF8&adId=A05756624H2LNEZ9RAR8&qualifier=1670361974&id=3010137021460210&widgetName=sp_mtf&url=%2FTERAVEX-Baby-Elephant-Tumbler-20oz%2Fdp%2FB09THH3ZD1%2Fref%3Dsr_1_17_sspa%3Fcrid%3D1ETD973V81N4Y%26keywords%3Delephant%26qid%3D1670361974%26sprefix%3Delephant%252Caps%252C70%26sr%3D8-17-spons%26psc%3D1,https://m.media-amazon.com/images/I/91dUIujPwML._AC_UL320_.jpg
RMREWY Tree-of-Life Dangle Earrings 925 Sterling Silver Elephant /Evil Eye Earrings for Women Lucky Elephant Jewelry Mother Day Birthday Gift for Women Mom,$25.99,https://www.amazon.com/gp/slredirect/picassoRedirect.html/ref=pa_sp_mtf_aps_sr_pg1_1?ie=UTF8&adId=A020743123WLTK8NUNWV&qualifier=1670361974&id=3010137021460210&widgetName=sp_mtf&url=%2FRMREWY-Elephant-Earrings-Sterling-Birthday%2Fdp%2FB092ZHMWTB%2Fref%3Dsr_1_18_sspa%3Fcrid%3D1ETD973V81N4Y%26keywords%3Delephant%26qid%3D1670361974%26sprefix%3Delephant%252Caps%252C70%26sr%3D8-18-spons%26psc%3D1,https://m.media-amazon.com/images/I/617Tkrpj3sS._AC_UL320_.jpg
"Elephant Copper Wind chimesoutdoor, Gifts forall mom/Grandma/Women/Aunt /dDaughte/Friend /Niece/Sister/Teacher/dad, Mother Birthday Gift, Gardening Gifts,windchimes Outside, Perfect for Patio, Garden",$31.99,https://www.amazon.com/gp/slredirect/picassoRedirect.html/ref=pa_sp_mtf_aps_sr_pg1_1?ie=UTF8&adId=A094293025UOSPEDIPXP3&qualifier=1670361974&id=3010137021460210&widgetName=sp_mtf&url=%2FShangTianFeng-Elephant-windchimes-decorationsoutdoor-Christmas%2Fdp%2FB08CMSBV7S%2Fref%3Dsr_1_19_sspa%3Fcrid%3D1ETD973V81N4Y%26keywords%3Delephant%26qid%3D1670361974%26sprefix%3Delephant%252Caps%252C70%26sr%3D8-19-spons%26psc%3D1,https://m.media-amazon.com/images/I/71ohTPLsYxL._AC_UL320_.jpg
"Keren Kopal Blue Faberge Egg with Gold and Crystals Elephant Inside: Faberge-Style with Swarovski Crystals for Collectors, Decorators, or Enthusiasts",$145.00,https://www.amazon.com/gp/slredirect/picassoRedirect.html/ref=pa_sp_mtf_aps_sr_pg1_1?ie=UTF8&adId=A0198952FRY2PD16SCS7&qualifier=1670361974&id=3010137021460210&widgetName=sp_mtf&url=%2FKeren-Kopal-E573-Faberge-Elephant%2Fdp%2FB009MXMAFY%2Fref%3Dsr_1_20_sspa%3Fcrid%3D1ETD973V81N4Y%26keywords%3Delephant%26qid%3D1670361974%26sprefix%3Delephant%252Caps%252C70%26sr%3D8-20-spons%26psc%3D1,https://m.media-amazon.com/images/I/81DkntDWCpL._AC_UL320_.jpg
bobauna Elephant Keychain Never Forget How Strong You Are Strength Jewelry Uplifting Gift For Friend Family Animal Lovers,$13.89,https://www.amazon.com/bobauna-Elephant-Keychain-Strength-Uplifting/dp/B0825JZ7J2/ref=sr_1_21?crid=1ETD973V81N4Y&keywords=elephant&qid=1670361974&sprefix=elephant%2Caps%2C70&sr=8-21,https://m.media-amazon.com/images/I/61LjIuHihGL._AC_UL320_.jpg
"Kidsjoy Push Fidget Pop Toys Elephant: Big Size Stress and Anti-Anxiety Reliever Sensory Toy, Silicone Bubble Squeeze Toys for Autism Special Needs, ADHD, Kids, Students and Adults (2 Packs)",$5.99,https://www.amazon.com/Kidsjoy-Push-Fidget-Toys-Elephant/dp/B09681KZDX/ref=sr_1_22?crid=1ETD973V81N4Y&keywords=elephant&qid=1670361974&sprefix=elephant%2Caps%2C70&sr=8-22,https://m.media-amazon.com/images/I/81+cAN+njES._AC_UL320_.jpg
"A F*cking 2023 Boxed Calendar: A Daily Dose of Zero F*cks (Funny Daily Desk Calendar, White Elephant Gag Gift for Adults) (Calendars & Gifts to Swear By)",$10.65,https://www.amazon.com/cking-2023-Boxed-Calendar-Calendars/dp/1728249856/ref=sr_1_23?crid=1ETD973V81N4Y&keywords=elephant&qid=1670361974&sprefix=elephant%2Caps%2C70&sr=8-23,https://m.media-amazon.com/images/I/71X--ui6DIL._AC_UL320_.jpg
"50 Pcs Aesthetic Elephant Stickers Pack for Water Bottle,Cute Cartoon Vinyl Waterproof Decals for Laptop Scrapbooking Journaling Bicycle Phone, Elephant Decor Gifts Stickers",$5.59,https://www.amazon.com/Aesthetic-Elephant-Waterproof-Scrapbooking-Journaling/dp/B0B35LT27K/ref=sr_1_24?crid=1ETD973V81N4Y&keywords=elephant&qid=1670361974&sprefix=elephant%2Caps%2C70&sr=8-24,https://m.media-amazon.com/images/I/810h+eZGIIL._AC_UL320_.jpg
Jeasona Women's Cat Socks Cute Animal Socks Sunflower Owl Sloth Gifts for Women,$17.99,https://www.amazon.com/Jeasona-Womens-Elephant-Animals-Novelty/dp/B099F4Q4X6/ref=sr_1_25?crid=1ETD973V81N4Y&keywords=elephant&qid=1670361974&sprefix=elephant%2Caps%2C70&sr=8-25,https://m.media-amazon.com/images/I/91sNslOrQGL._AC_UL320_.jpg
"DUQGUHO 2 Pcs Crystal Elephant Decor Rose Quartz Amethyst Elephant Crystal Statue Natural Healing Crystal Stones Cute Crystal Home Office Desk Decor Elephant Figurine Decoration Crystal Gifts 1.5""",$12.99,https://www.amazon.com/DUQGUHO-Elephant-Amethyst-Figurine-Decoration/dp/B09XMG3B3K/ref=sr_1_26?crid=1ETD973V81N4Y&keywords=elephant&qid=1670361974&sprefix=elephant%2Caps%2C70&sr=8-26,https://m.media-amazon.com/images/I/61uErN93nyL._AC_UL320_.jpg
"VOTUM White Ceramic Coffee or Tea Mugs: Elephant Coffee Mug with Hand Printed Designs and Printed Saying - 18.6 Fluid Ounce Large, Cute Handmade Cup",$13.75,https://www.amazon.com/White-Ceramic-Coffee-Tea-Mugs/dp/B08X1XTTGZ/ref=sr_1_27?crid=1ETD973V81N4Y&keywords=elephant&qid=1670361974&sprefix=elephant%2Caps%2C70&sr=8-27,https://m.media-amazon.com/images/I/51LG+khJ7CL._AC_UL320_.jpg
"Elephant Gifts for Women, Birthday Gifts for Elephant Lovers, Elephant Gifts for Wedding Thanksgiving Christmas Mother's Day, Funny Wine Tumbler, Elephant Bracelet, Keychain, Jewelry Dish, Bag, Socks",$39.99,https://www.amazon.com/Elephant-Birthday-Thanksgiving-Christmas-Bracelet/dp/B09BF6Y24M/ref=sr_1_28?crid=1ETD973V81N4Y&keywords=elephant&qid=1670361974&sprefix=elephant%2Caps%2C70&sr=8-28,https://m.media-amazon.com/images/I/81Isx5KL1qL._AC_UL320_.jpg
Lucky Elephant Bracelet for Women Elephant Gifts Good Luck Gifts for Women Never Forget How Strong You Are Elephant Inspirational Gifts,$14.00,https://www.amazon.com/Elephant-Bracelet-Forget-Inspirational-elephant/dp/B09SH4C5Y1/ref=sr_1_29?crid=1ETD973V81N4Y&keywords=elephant&qid=1670361974&sprefix=elephant%2Caps%2C70&sr=8-29,https://m.media-amazon.com/images/I/71dpw17QX4L._AC_UL320_.jpg
"Loving Pair of Elephants in Beige & Grey - Modern Ceramic Sculpture - Figurine as a Set - Decoration Figure 6.3"" high - Ornament Elephant in Love",$35.20,https://www.amazon.com/Vaudagio-Loving-Pair-Elephants-Beige/dp/B09DTNGRF3/ref=sr_1_30?crid=1ETD973V81N4Y&keywords=elephant&qid=1670361974&sprefix=elephant%2Caps%2C70&sr=8-30,https://m.media-amazon.com/images/I/71jnfUJtmnL._AC_UL320_.jpg
"Lependor Elephant Ring Holder Jewelry Tray for Wedding Christmas Birthday, Handmade Ceramic Decor Jewelry Small Animal Tray - White Elephant",$9.99,https://www.amazon.com/Lependor-Elephant-Jewelry-Christmas-Birthday/dp/B07W89LVNT/ref=sr_1_31?crid=1ETD973V81N4Y&keywords=elephant&qid=1670361974&sprefix=elephant%2Caps%2C70&sr=8-31,https://m.media-amazon.com/images/I/51x-ZH26dPL._AC_UL320_.jpg
15oz Elephant Tea Mug Green,$14.29,https://www.amazon.com/Volar-Ideas-15oz-Elephant-Green/dp/B071HLGYN9/ref=sr_1_32?crid=1ETD973V81N4Y&keywords=elephant&qid=1670361974&sprefix=elephant%2Caps%2C70&sr=8-32,https://m.media-amazon.com/images/I/71r4WTGW9GL._AC_UL320_.jpg
"C & M Elephant Stemless Wine Glass Christmas gift, 17 Ounces, Laser Engraved, Crystal, Lead-free",$16.19,https://www.amazon.com/gp/slredirect/picassoRedirect.html/ref=pa_sp_mtf_aps_sr_pg1_1?ie=UTF8&adId=A03622612CPOS8Z3E22WD&qualifier=1670361974&id=3010137021460210&widgetName=sp_mtf&url=%2FPersonal-Gifts-Elephant-Lead-free-Glassware%2Fdp%2FB074S47Q64%2Fref%3Dsr_1_33_sspa%3Fcrid%3D1ETD973V81N4Y%26keywords%3Delephant%26qid%3D1670361974%26sprefix%3Delephant%252Caps%252C70%26sr%3D8-33-spons%26psc%3D1,https://m.media-amazon.com/images/I/518-NLy-XQL._AC_UL320_.jpg
"BUTILIVEEN Gold Elephant Decor, Elephant Figurines Bookshelf Decor, Desk Decor, Office Decor, Elephant Gifts for Men Family Friends, Elephant",$14.98,https://www.amazon.com/gp/slredirect/picassoRedirect.html/ref=pa_sp_mtf_aps_sr_pg1_1?ie=UTF8&adId=A08931058IVCGZIUEERW&qualifier=1670361974&id=3010137021460210&widgetName=sp_mtf&url=%2FBUTILIVEEN-Elephant-Figurines-Bookshelf-Friends%2Fdp%2FB0B3Z3ZKJR%2Fref%3Dsr_1_34_sspa%3Fcrid%3D1ETD973V81N4Y%26keywords%3Delephant%26qid%3D1670361974%26sprefix%3Delephant%252Caps%252C70%26sr%3D8-34-spons%26psc%3D1,https://m.media-amazon.com/images/I/81iGHkRSEcL._AC_UL320_.jpg
XXMWallArt FC3075 Canvas Wall Art Elephant Picture African Wild Animals Artwork Painting Print for Living Room Bedroom Kitchen Home and Office Wall Decor,$141.99,https://www.amazon.com/gp/slredirect/picassoRedirect.html/ref=pa_sp_mtf_aps_sr_pg1_1?ie=UTF8&adId=A06778812A8920J07KF03&qualifier=1670361974&id=3010137021460210&widgetName=sp_mtf&url=%2FXXMWallArt-Elephant-Picture-African-Painting%2Fdp%2FB09TD1913J%2Fref%3Dsr_1_35_sspa%3Fcrid%3D1ETD973V81N4Y%26keywords%3Delephant%26qid%3D1670361974%26sprefix%3Delephant%252Caps%252C70%26sr%3D8-35-spons%26psc%3D1,https://m.media-amazon.com/images/I/71NQOR-2A4L._AC_UL320_.jpg
"SUGUTEE Good Luck Large Elephant Statue Decorations for Home, Elephant Figurines Statues Home Decor, Elephant Figurines with Trunk Up ( 2 Pcs Medium )",$42.99,https://www.amazon.com/gp/slredirect/picassoRedirect.html/ref=pa_sp_mtf_aps_sr_pg1_1?ie=UTF8&adId=A07370443F3ZSYD95C14H&qualifier=1670361974&id=3010137021460210&widgetName=sp_mtf&url=%2FSUGUTEE-Elephant-Decorations-Figurines-Statues%2Fdp%2FB094HBHL9Y%2Fref%3Dsr_1_36_sspa%3Fcrid%3D1ETD973V81N4Y%26keywords%3Delephant%26qid%3D1670361974%26sprefix%3Delephant%252Caps%252C70%26sr%3D8-36-spons%26psc%3D1,https://m.media-amazon.com/images/I/71xBGftng0S._AC_UL320_.jpg
"JOZZYAPA Elephant Lightweight Waterproof Rucksack Nylon Anti Theft Canvas Black Backpack Lovely Unique Gifts for Women and Girls, 263310cm",$32.99,https://www.amazon.com/Elephant-Lightweight-Waterproof-Rucksack-Backpack/dp/B07X3J521T/ref=sr_1_37?crid=1ETD973V81N4Y&keywords=elephant&qid=1670361974&sprefix=elephant%2Caps%2C70&sr=8-37,https://m.media-amazon.com/images/I/61J3vUJrVzL._AC_UL320_.jpg
"OoohYeah Womens Non Slip Fuzzy 3D Animal Slipper Socks, Warm Cozy Fluffy Cute Pet Indoor Slippers with Grippers",$19.99,https://www.amazon.com/OoohYeah-Slipper-Unicorn-Slippers-Elephant/dp/B09C2PZQLG/ref=sr_1_38?crid=1ETD973V81N4Y&keywords=elephant&qid=1670361974&sprefix=elephant%2Caps%2C70&sr=8-38,https://m.media-amazon.com/images/I/918PDTOkCpL._AC_UL320_.jpg
"Alex and Ani Path of Symbols Expandable Bangle for Women, Elephant Charm, Two-Tone Finish, 2 to 3.5 in",$20.40,https://www.amazon.com/Alex-Ani-Elephant-Two-Tone-Rafaelian/dp/B07D7QVVH8/ref=sr_1_39?crid=1ETD973V81N4Y&keywords=elephant&qid=1670361974&sprefix=elephant%2Caps%2C70&sr=8-39,https://m.media-amazon.com/images/I/61UnefG7LCS._AC_UL320_.jpg
"Achwishap Elephant Stuffed Animal 15.7” Elephant Plush Pillows,Kawaii Hugging Pillow Stuffed Elephant Plushie for Kids Girls Boys Birthday Gifts",$19.99,https://www.amazon.com/Achwishap-Elephant-Stuffed-Pillows-Birthday/dp/B09TKSNZ1F/ref=sr_1_40?crid=1ETD973V81N4Y&keywords=elephant&qid=1670361974&sprefix=elephant%2Caps%2C70&sr=8-40,https://m.media-amazon.com/images/I/51I9ExpY1pL._AC_UL320_.jpg
Lambs & Ivy Jungle Safari Gray Plush Elephant Stuffed Animal Toy Plushie - Jett,$22.99,https://www.amazon.com/Lambs-Ivy-Jungle-Elephant-Stuffed/dp/B07N313SC8/ref=sr_1_41?crid=1ETD973V81N4Y&keywords=elephant&qid=1670361974&sprefix=elephant%2Caps%2C70&sr=8-41,https://m.media-amazon.com/images/I/81IPJqjBjkL._AC_UL320_.jpg
"Lush Decor Navy Elephant Parade Throw Fuzzy Reversible Sherpa Blanket 60” x 50 White, 60 x 50",$22.84,https://www.amazon.com/Lush-Decor-Elephant-Reversible-Blanket/dp/B011I2HW6I/ref=sr_1_42?crid=1ETD973V81N4Y&keywords=elephant&qid=1670361974&sprefix=elephant%2Caps%2C70&sr=8-42,https://m.media-amazon.com/images/I/91+g1ZQxFcL._AC_UL320_.jpg
Women's Super Soft Cute Fuzzy Cozy Warm Animal Face Indoor Outdoor Cabin Crew Home Socks,$8.95,https://www.amazon.com/Womens-Animal-Indoor-Outdoor-Elephant/dp/B07KRM6ZWY/ref=sr_1_43?crid=1ETD973V81N4Y&keywords=elephant&qid=1670361974&sprefix=elephant%2Caps%2C70&sr=8-43,https://m.media-amazon.com/images/I/81z-Jm2JZYL._AC_UL320_.jpg
"HOME SMILE Elephant Ring Holder for Jewelry,Engagement Wedding Ring Display Holder Stand Trinket Trays (Litltle White)",$11.99,https://www.amazon.com/HomeSmile-Elephant-Jewelry-Engagement-Wedding/dp/B07D8PNHGW/ref=sr_1_44?crid=1ETD973V81N4Y&keywords=elephant&qid=1670361974&sprefix=elephant%2Caps%2C70&sr=8-44,https://m.media-amazon.com/images/I/61PdIlOhIRL._AC_UL320_.jpg
Old World Christmas Ornaments Baby Elephant Glass Blown Ornaments for Christmas Tree,$16.73,https://www.amazon.com/Old-World-Christmas-Elephant-Ornament/dp/B0848P2WWV/ref=sr_1_45?crid=1ETD973V81N4Y&keywords=elephant&qid=1670361974&sprefix=elephant%2Caps%2C70&sr=8-45,https://m.media-amazon.com/images/I/81rn1-ujpkL._AC_UL320_.jpg
"Nature's Mark 8"" H 3 Baby Elephants Riding an Elephant Resin Statue Figurine Home Decorative Accent Decor (Brown)",$34.99,https://www.amazon.com/Natures-Mark-Elephants-Elephant-Decorative/dp/B08GB5VTGD/ref=sr_1_46?crid=1ETD973V81N4Y&keywords=elephant&qid=1670361974&sprefix=elephant%2Caps%2C70&sr=8-46,https://m.media-amazon.com/images/I/91WcRMs0rrL._AC_UL320_.jpg
"GUND Baby Official Animated Flappy The Elephant Stuffed Animal Baby Toy Plush for Baby Boys and Girls, Gray, 12"" (Song Styles May Vary)",$31.95,https://www.amazon.com/Gund-Animated-Flappy-Elephant-Plush/dp/B01AC7SF7K/ref=sr_1_47?crid=1ETD973V81N4Y&keywords=elephant&qid=1670361974&sprefix=elephant%2Caps%2C70&sr=8-47,https://m.media-amazon.com/images/I/81av6tXYyKL._AC_UL320_.jpg
"Scented Wax Melt Warmer Electric,Elephant Candle Wax Warmer,Metal Steel Candle Warmers Burner with Cord,Vintage Fragrant Wax Electric Heater to Freshen Home Birthday Decor Gift Idea",$23.99,https://www.amazon.com/TT-MM-Electric-Elephant-Fragrant/dp/B09PN8FR29/ref=sr_1_48?crid=1ETD973V81N4Y&keywords=elephant&qid=1670361974&sprefix=elephant%2Caps%2C70&sr=8-48,https://m.media-amazon.com/images/I/71Q0bHf-Y-L._AC_UL320_.jpg
Pinkfong! Baby Shark & More Animal Songs,$0.99,https://www.amazon.com/Elephant/dp/B06XG83H17/ref=sr_1_49?crid=1ETD973V81N4Y&keywords=elephant&qid=1670361974&sprefix=elephant%2Caps%2C70&sr=8-49,https://m.media-amazon.com/images/I/81WJIgTQZNL._AC_UL320_.jpg
"Ganz Car Charm - Color Art Lucky Elephant, Multicolor, One Size",$6.73,https://www.amazon.com/Car-Charm-Color-Lucky-Elephant/dp/B01MZD8VKI/ref=sr_1_50?crid=1ETD973V81N4Y&keywords=elephant&qid=1670361974&sprefix=elephant%2Caps%2C70&sr=8-50,https://m.media-amazon.com/images/I/61HNpUmHWTL._AC_UL320_.jpg
Table Top Mini Bowling Game Set - Tabletop Wooden Board Mini Arcade Desktop Tiny Bowling Shooting Alley Office Desk Stress Relief Gadgets Small Finger Toys Fun Gag Gifts for Men Adults Kids Teens Boys,$11.99,https://www.amazon.com/Desk-Mini-Tabletop-Bowling-Game/dp/B082PSJYYP/ref=sr_1_51?crid=1ETD973V81N4Y&keywords=elephant&qid=1670361974&sprefix=elephant%2Caps%2C70&sr=8-51,https://m.media-amazon.com/images/I/61hlToDuj1L._AC_UL320_.jpg
Just Love Critter Robe Sherpa Trim Velour Robes for Women,$29.99,https://www.amazon.com/6314-Elephant-XXL-Just-Love-Elephant-XX-Large/dp/B01GIFNO1W/ref=sr_1_52?crid=1ETD973V81N4Y&keywords=elephant&qid=1670361974&sprefix=elephant%2Caps%2C70&sr=8-52,https://m.media-amazon.com/images/I/81syuCBE9XL._AC_UL320_.jpg
"ELEPHANTS JOURNEY, AN",$9.96,https://www.amazon.com/Elephants-Journey-Elizabeth-Hurley/dp/B07G1K36N3/ref=sr_1_53?crid=1ETD973V81N4Y&keywords=elephant&qid=1670361974&sprefix=elephant%2Caps%2C70&sr=8-53,https://m.media-amazon.com/images/I/51Ok6bnU-CL._AC_UL320_.jpg
"Elephants Gifts for Girl Elephants Lover, Birthday Gift for Girl Best Friend Sister Daughter Granddaughter, Elephant Accessories, Animal Lovers Makeup Bag Zipper Purse, Just A Girl Who Loves Elephants",$14.99,https://www.amazon.com/Elephants-Birthday-Daughter-Granddaughter-Accessories/dp/B09DYN5JVC/ref=sr_1_54?crid=1ETD973V81N4Y&keywords=elephant&qid=1670361974&sprefix=elephant%2Caps%2C70&sr=8-54,https://m.media-amazon.com/images/I/71OXS94WnEL._AC_UL320_.jpg
"Yodeling Pickle: A Musical Toy, Fun for All Ages, Great Gift, Hours of Mindless Entertainment",$12.40,https://www.amazon.com/Accoutrements-11761-Yodelling-Pickle/dp/B0010VS078/ref=sr_1_55?crid=1ETD973V81N4Y&keywords=elephant&qid=1670361974&sprefix=elephant%2Caps%2C70&sr=8-55,https://m.media-amazon.com/images/I/61XpbxZU-8L._AC_UL320_.jpg
"Chia Pet Bob Ross with Seed Pack, Decorative Pottery Planter, Easy to Do and Fun to Grow, Novelty Gift, Perfect for Any Occasion",$23.99,https://www.amazon.com/Chia-Painting-Decorative-Pottery-Occasion/dp/B073C95WTN/ref=sr_1_56?crid=1ETD973V81N4Y&keywords=elephant&qid=1670361974&sprefix=elephant%2Caps%2C70&sr=8-56,https://m.media-amazon.com/images/I/81FncnvS2fL._AC_UL320_.jpg
"Lambs & Ivy Signature Jamboree Plush Elephant - Marshmallow - Gray, Gold, White",$23.99,https://www.amazon.com/Lambs-Ivy-Signature-Jamboree-Elephant/dp/B07LCT2V6T/ref=sr_1_57?crid=1ETD973V81N4Y&keywords=elephant&qid=1670361974&sprefix=elephant%2Caps%2C70&sr=8-57,https://m.media-amazon.com/images/I/71abWT+F7JL._AC_UL320_.jpg
"Sok It Java Sok Reusable Neoprene Insulator Sleeve for Iced Coffee Cups (Baby Elephant Walk, Large: 30 - 32oz)",$17.99,https://www.amazon.com/gp/slredirect/picassoRedirect.html/ref=pa_sp_btf_aps_sr_pg1_1?ie=UTF8&adId=A04621252JXHCL9Q7ML1H&qualifier=1670361974&id=3010137021460210&widgetName=sp_btf&url=%2FJava-Sok-Insulator-Beverages-Starbucks%2Fdp%2FB08FXXDNZP%2Fref%3Dsr_1_60_sspa%3Fcrid%3D1ETD973V81N4Y%26keywords%3Delephant%26qid%3D1670361974%26sprefix%3Delephant%252Caps%252C70%26sr%3D8-60-spons%26psc%3D1,https://m.media-amazon.com/images/I/71ivJ1F1DbL._AC_UL320_.jpg
