item_name,price,link_to_item,link_to_item_image
"ELOS Skateboard Complete Lightweight - Mini Longboard Cruiser Skateboard Built for Beginners and Urban commuters. Gift Ready, Bagged. Wide and Stable Skateboard Deck. Campus Board.",$159.00,https://www.amazon.com/gp/slredirect/picassoRedirect.html/ref=pa_sp_atf_aps_sr_pg1_1?ie=UTF8&adId=A06814951L4QJ9NL6L8MI&qualifier=1670362012&id=7422144307372875&widgetName=sp_atf&url=%2FELOS-Skateboards-Complete-Lightweight-commuters%2Fdp%2FB07PX1DSV8%2Fref%3Dsr_1_1_sspa%3Fcrid%3D1ETD973V81N4Y%26keywords%3Dskateboard%26qid%3D1670362012%26sprefix%3Dskateboard%252Caps%252C70%26sr%3D8-1-spons%26psc%3D1,https://m.media-amazon.com/images/I/718uhVPPAeL._AC_UL320_.jpg
"Pwigs Pretty&Popular Pro Complete Skateboards for Beginners Adults Youths Teens Kids Girls Boys 31""x8"" Skate Boards Canadian Maple Double Kick Concave Longboards with T Tools",$40.95,https://www.amazon.com/Pwigs-Complete-Skateboards-Beginners-Longboards/dp/B09D3MC86W/ref=sr_1_2?crid=1ETD973V81N4Y&keywords=skateboard&qid=1670362012&sprefix=skateboard%2Caps%2C70&sr=8-2,https://m.media-amazon.com/images/I/713DsaQBBvL._AC_UL320_.jpg
"Geelife Pro Complete Skateboards for Beginners Adults Youths Teens Kids Girls Boys 31""x8"" Skate Boards 7 Layer Canadian Maple Double Kick Concave Longboards",$40.95,https://www.amazon.com/Geelife-Skateboard-Complete-Longboards-Beginners/dp/B07MYZLQ2M/ref=sr_1_3?crid=1ETD973V81N4Y&keywords=skateboard&qid=1670362012&sprefix=skateboard%2Caps%2C70&sr=8-3,https://m.media-amazon.com/images/I/81YYVfrK-EL._AC_UL320_.jpg
"ToyerBee Skateboard, Skateboards for Beginners, Kids & Adults, Standard Skateboard 31” with Repair Kit for Teens / Boys / Girls, 9 Layer Canadian Maple Double Kick Pro Skateboard for Sports & Outdoors",$37.99,https://www.amazon.com/ToyerBee-Skateboard-Skateboards-Beginners-Standard/dp/B09NLW3719/ref=sr_1_4?crid=1ETD973V81N4Y&keywords=skateboard&qid=1670362012&sprefix=skateboard%2Caps%2C70&sr=8-4,https://m.media-amazon.com/images/I/81ePhJ42fQL._AC_UL320_.jpg
"Beleev Skateboards for Beginners, 31 Inch Complete Skateboard for Kids Teens Adults, 7 Layer Canadian Maple Double Kick Deck Concave Cruiser Trick Skateboard",$52.99,https://www.amazon.com/BELEEV-Skateboards-Beginners-Complete-Skateboard/dp/B084HDCD8B/ref=sr_1_5?crid=1ETD973V81N4Y&keywords=skateboard&qid=1670362012&sprefix=skateboard%2Caps%2C70&sr=8-5,https://m.media-amazon.com/images/I/81wOUbxggDL._AC_UL320_.jpg
"WeSkate Beginner Skateboards for Teens 80x20 Complete Standard Skateboard for Girls Boys, 8 Layer Canadian Maple Double Kick Concave Cruiser Trick Skate Borad for Kids Youth Adults",$32.99,https://www.amazon.com/WeSkate-Beginner-Skateboards-Complete-Skateboard/dp/B09JWMDK46/ref=sr_1_6?crid=1ETD973V81N4Y&keywords=skateboard&qid=1670362012&sprefix=skateboard%2Caps%2C70&sr=8-6,https://m.media-amazon.com/images/I/819Uv2D5uaL._AC_UL320_.jpg
CAPARK Skateboards for Beginners Adults Youths Teens Kids Girls Boys 31 Inch Pro Complete Skate Boards 7 Layer Canadian Maple Double Kick Concave Longboards,$43.95,https://www.amazon.com/CAPARK-Skateboards-Beginners-Complete-Longboards/dp/B09Z95KWS4/ref=sr_1_7?crid=1ETD973V81N4Y&keywords=skateboard&qid=1670362012&sprefix=skateboard%2Caps%2C70&sr=8-7,https://m.media-amazon.com/images/I/71u-O9iLreL._AC_UL320_.jpg
Element Blazin Skateboard Complete,$49.90,https://www.amazon.com/Element-Blazin-Skateboard-Complete/dp/B099LW5JVV/ref=sr_1_8?crid=1ETD973V81N4Y&keywords=skateboard&qid=1670362012&sprefix=skateboard%2Caps%2C70&sr=8-8,https://m.media-amazon.com/images/I/51vzer3WF1L._AC_UL320_.jpg
"Scientoy Skateboard, Beginner Skateboards, 31"" x 8"" Complete Pro Skateboard with Repair Kit for Kids/Boys/Girls/Youth/Adults, 9 Layer Canadian Maple Double Kick Skateboard for Outdoors",$33.99,https://www.amazon.com/Scientoy-Party-decoration/dp/B07TW7J2FZ/ref=sr_1_9?crid=1ETD973V81N4Y&keywords=skateboard&qid=1670362012&sprefix=skateboard%2Caps%2C70&sr=8-9,https://m.media-amazon.com/images/I/818zRg8tqOL._AC_UL320_.jpg
"Tony Hawk 31 Inch Skateboard, Tony Hawk Signature Series 3, Metallic Graphics & 9-Ply Maple Deck Skateboard for Cruising, Carving, Tricks and Downhill",$29.99,https://www.amazon.com/Skateboard-Signature-Metallic-Graphics-ABO31S3TH-CAR-STK-1/dp/B08QCKPPN4/ref=sr_1_10?crid=1ETD973V81N4Y&keywords=skateboard&qid=1670362012&sprefix=skateboard%2Caps%2C70&sr=8-10,https://m.media-amazon.com/images/I/819Bgms9iJL._AC_UL320_.jpg
"Skateboards for Beginners, 31""x8"" Complete Skateboard for Kids Teens & Adults, 7 Layer Canadian Maple Wood Double Kick Deck Concave Standard and Tricks Skateboard with All-in-1 Skate Tool",$53.99,https://www.amazon.com/Upgraded-Skateboards-Beginners-Complete-Skateboard/dp/B08R88NZTZ/ref=sr_1_11?crid=1ETD973V81N4Y&keywords=skateboard&qid=1670362012&sprefix=skateboard%2Caps%2C70&sr=8-11,https://m.media-amazon.com/images/I/81w+khb5jvL._AC_UL320_.jpg
"WeSkate Standard Skateboards for Kids 31x8 Complete Skateboard for Boys Girls Teens, 7 Layer Canadian Maple Double Kick Concave Cruiser Trick Skate Board for Beginners Youth Adults",$31.99,https://www.amazon.com/WeSkate-Complete-Skateboard-Canadian-Beginners/dp/B08F554ZJW/ref=sr_1_12?crid=1ETD973V81N4Y&keywords=skateboard&qid=1670362012&sprefix=skateboard%2Caps%2C70&sr=8-12,https://m.media-amazon.com/images/I/81aXXORMkvL._AC_UL320_.jpg
RIMABLE Complete 22 Inches Skateboard,$29.99,https://www.amazon.com/Rimable-Complete-Skateboard-Green-Black/dp/B00NXO1J7S/ref=sr_1_13?crid=1ETD973V81N4Y&keywords=skateboard&qid=1670362012&sprefix=skateboard%2Caps%2C70&sr=8-13,https://m.media-amazon.com/images/I/61OS0JBg8pL._AC_UL320_.jpg
"Skateboards 7 Layers Decks 31""x8"" Pro Complete Skate Board Maple Wood for Beginners",$45.99,https://www.amazon.com/Skateboards-Layers-Decks-Complete-Beginners/dp/B08QDND7PT/ref=sr_1_14?crid=1ETD973V81N4Y&keywords=skateboard&qid=1670362012&sprefix=skateboard%2Caps%2C70&sr=8-14,https://m.media-amazon.com/images/I/61QjgIk8GJL._AC_UL320_.jpg
"Monster Jam 31 inch Skateboard, 9-ply Maple Desk Skate Board for Cruising, Carving, Tricks and Downhill",$33.99,https://www.amazon.com/Monster-Skateboard-Cruising-Carving-Downhill/dp/B09QY2J2M3/ref=sr_1_15?crid=1ETD973V81N4Y&keywords=skateboard&qid=1670362012&sprefix=skateboard%2Caps%2C70&sr=8-15,https://m.media-amazon.com/images/I/813RH-lJFmL._AC_UL320_.jpg
Magneto Kids Skateboard | 22+ Inches Long by 6+ Inches Wide | Maple 7 ply Deck | Fully Assembled | School Locker Cruiser Board | Designed for Kids Teens Boys Girls & Adults,$49.99,https://www.amazon.com/Magneto-Kids-Skateboard-Maple-Components/dp/B07W62FK69/ref=sr_1_16?crid=1ETD973V81N4Y&keywords=skateboard&qid=1670362012&sprefix=skateboard%2Caps%2C70&sr=8-16,https://m.media-amazon.com/images/I/81KGi8+qD3S._AC_UL320_.jpg
"GIEEU Skateboards with Colorful Flashing Wheels for Beginners,Kids,Teens,Adults,31 x 8 Inch Complete Standard Skate Boards 9 Layer Canadian Maple Deck Concave Skateboard",$56.99,https://www.amazon.com/gp/slredirect/picassoRedirect.html/ref=pa_sp_mtf_aps_sr_pg1_1?ie=UTF8&adId=A0405705CG8MD4X69ZYZ&qualifier=1670362012&id=7422144307372875&widgetName=sp_mtf&url=%2FGIEEU-Skateboards-Colorful-Beginners-Skateboard%2Fdp%2FB0945W3CLH%2Fref%3Dsr_1_17_sspa%3Fcrid%3D1ETD973V81N4Y%26keywords%3Dskateboard%26qid%3D1670362012%26sprefix%3Dskateboard%252Caps%252C70%26sr%3D8-17-spons%26psc%3D1%26smid%3DAWC8OSPN1NYMO,https://m.media-amazon.com/images/I/81Mwzy-pL+S._AC_UL320_.jpg
"FREEDARE 5"" Skateboard Trucks Silver, Skateboard Wheels with Bearings 52mm, Skateboard Grip Tape, Skateboard Tool, Skateboard Riser Pads, Skateboard Hardware Set",$19.99,https://www.amazon.com/gp/slredirect/picassoRedirect.html/ref=pa_sp_mtf_aps_sr_pg1_1?ie=UTF8&adId=A00917692JNCCM1QC7XOO&qualifier=1670362012&id=7422144307372875&widgetName=sp_mtf&url=%2FFREEDARE-Skateboard-Bearings-Hardware-CH-Yellow%2Fdp%2FB0872Z2M9P%2Fref%3Dsr_1_18_sspa%3Fcrid%3D1ETD973V81N4Y%26keywords%3Dskateboard%26qid%3D1670362012%26sprefix%3Dskateboard%252Caps%252C70%26sr%3D8-18-spons%26psc%3D1,https://m.media-amazon.com/images/I/61GL8eVT-9L._AC_UL320_.jpg
"APOLLO Longboard Skateboards - Premium Long Boards for Adults, Teens and Kids. Cruiser Long Board Skateboard. Drop Through Longboards Made of Bamboo & Fiberglass - High-Speed Bearings & T-Tool",$79.13,https://www.amazon.com/gp/slredirect/picassoRedirect.html/ref=pa_sp_mtf_aps_sr_pg1_1?ie=UTF8&adId=A0409761S3LDGJXHX56N&qualifier=1670362012&id=7422144307372875&widgetName=sp_mtf&url=%2FAPOLLO-Skateboard-Longboard-Skateboards-Longboards%2Fdp%2FB00CNMO0IG%2Fref%3Dsr_1_19_sspa%3Fcrid%3D1ETD973V81N4Y%26keywords%3Dskateboard%26qid%3D1670362012%26sprefix%3Dskateboard%252Caps%252C70%26sr%3D8-19-spons%26psc%3D1,https://m.media-amazon.com/images/I/71l-x5pMMIL._AC_UL320_.jpg
"Magneto SUV Skateboards | Fully Assembled Complete 31"" x 8.5"" Standard Size | 7 Layer Canadian Maple Deck | Designed for All Types of Riding Kids Adults Teens Boys Girls | Free Skate Tool",$99.99,https://www.amazon.com/gp/slredirect/picassoRedirect.html/ref=pa_sp_mtf_aps_sr_pg1_1?ie=UTF8&adId=A067882122W60GOZI02LB&qualifier=1670362012&id=7422144307372875&widgetName=sp_mtf&url=%2FMagneto-Skateboard-Natural%2Fdp%2FB087R3WYLH%2Fref%3Dsr_1_20_sspa%3Fcrid%3D1ETD973V81N4Y%26keywords%3Dskateboard%26qid%3D1670362012%26sprefix%3Dskateboard%252Caps%252C70%26sr%3D8-20-spons%26psc%3D1%26smid%3DA2262P7TT8B0YW,https://m.media-amazon.com/images/I/81sbm1AfSRL._AC_UL320_.jpg
"FISH SKATEBOARDS Standard Skateboard, Complete Skateboard 31''x 8'', 7 Layer Canadian Maple Double Kick Deck Concave Cruiser Trick Skateboards for Kids Boys Girls Youths Beginners.",$47.99,https://www.amazon.com/FISH-SKATEBOARDS-Skateboards-Beginners-Skateboard/dp/B09NKTPC7S/ref=sr_1_21?crid=1ETD973V81N4Y&keywords=skateboard&qid=1670362012&sprefix=skateboard%2Caps%2C70&sr=8-21,https://m.media-amazon.com/images/I/71d0QpcY6CL._AC_UL320_.jpg
Skateboards Complete 22 Inch Mini Cruiser Retro Skateboard for Kids Boys Youths Beginners,$44.00,https://www.amazon.com/MEKETEC-Skateboard-Skateboards-Beginners-Teenagers/dp/B07GYW2C1H/ref=sr_1_22?crid=1ETD973V81N4Y&keywords=skateboard&qid=1670362012&sprefix=skateboard%2Caps%2C70&sr=8-22,https://m.media-amazon.com/images/I/51phRc6SskL._AC_UL320_.jpg
ChromeWheels 31 inch Skateboard Double Kick Skate Board Cruiser Longboard 8 Layer Maple Deck Skateboards for Kids and Beginners,$41.99,https://www.amazon.com/ChromeWheels-Skateboard-Complete-Longboard-Outdoors/dp/B07FM5QLQF/ref=sr_1_23?crid=1ETD973V81N4Y&keywords=skateboard&qid=1670362012&sprefix=skateboard%2Caps%2C70&sr=8-23,https://m.media-amazon.com/images/I/61p5MI5+3OL._AC_UL320_.jpg
Element Magma Seal Skateboard Complete,$34.99,https://www.amazon.com/Element-Magma-Skateboard-Complete-Assorted/dp/B09WGJLZ7D/ref=sr_1_24?crid=1ETD973V81N4Y&keywords=skateboard&qid=1670362012&sprefix=skateboard%2Caps%2C70&sr=8-24,https://m.media-amazon.com/images/I/51wjjiJ8MWL._AC_UL320_.jpg
"WeSkate Skateboards for Beginners, 31 Inch Complete Skateboard for Kids Teens Adults",$31.99,https://www.amazon.com/WeSkate-Skateboards-Beginners-Complete-Skateboard/dp/B08T9GSK5B/ref=sr_1_25?crid=1ETD973V81N4Y&keywords=skateboard&qid=1670362012&sprefix=skateboard%2Caps%2C70&sr=8-25,https://m.media-amazon.com/images/I/71Xkj302ArL._AC_UL320_.jpg
Kryptonics Drop-In Series 31 Inch Complete Skateboard,$29.39,https://www.amazon.com/Kryptonics-Drop-Complete-Skateboard-Sealed/dp/B019GM92K6/ref=sr_1_26?crid=1ETD973V81N4Y&keywords=skateboard&qid=1670362012&sprefix=skateboard%2Caps%2C70&sr=8-26,https://m.media-amazon.com/images/I/61kI9TOigKL._AC_UL320_.jpg
"MonSports Cruiser Skateboard for Kids Ages 6-12 Completed Skateboards for Girls Boys Youths Beginners, 22 Inch Mini Plastic Skate Board",$35.99,https://www.amazon.com/MonSports-Skateboard-Completed-Skateboards-Beginners/dp/B0B9GYN5PQ/ref=sr_1_27?crid=1ETD973V81N4Y&keywords=skateboard&qid=1670362012&sprefix=skateboard%2Caps%2C70&sr=8-27,https://m.media-amazon.com/images/I/714q2JZlPeL._AC_UL320_.jpg
"PASBAS Skateboard in Plastic Colourful Plastic Skateboards for Pros, Beginners, Kids & Adults Flexible Deck & Smooth PU Wheels Skateboard for Kids Outdoor Sports 6.2 x 23.2 Pink",$11.99,https://www.amazon.com/PASBAS-Skateboard-Colourful-Skateboards-Beginners/dp/B09NH7MSWZ/ref=sr_1_28?crid=1ETD973V81N4Y&keywords=skateboard&qid=1670362012&sprefix=skateboard%2Caps%2C70&sr=8-28,https://m.media-amazon.com/images/I/41KpT1GhtYL._AC_UL320_.jpg
"WOWGO 2S MAX Electric Skateboard with Remote Control, Classic Electric Longboard for Adults Teens, Top Speed - 28 mph, 6 Months Warranty",$496.00,https://www.amazon.com/gp/slredirect/picassoRedirect.html/ref=pa_sp_mtf_aps_sr_pg1_1?ie=UTF8&adId=A026699930PNVCIJP2EVQ&qualifier=1670362012&id=7422144307372875&widgetName=sp_mtf&url=%2FWOWGO-2S-MAX-Skateboard-Longboard%2Fdp%2FB0B92ZT8GY%2Fref%3Dsr_1_29_sspa%3Fcrid%3D1ETD973V81N4Y%26keywords%3Dskateboard%26qid%3D1670362012%26sprefix%3Dskateboard%252Caps%252C70%26sr%3D8-29-spons%26psc%3D1,https://m.media-amazon.com/images/I/61QUUqaWcYL._AC_UL320_.jpg
"Caroma Electric Skateboard with Remote, 700W/900W Electric Longboard for Adults Teens,18.6MPH/28 MPH Top Speed, 12Miles/16Miles Range, 8 Lays Maple, 220-330Lbs Max Load, 12 Months Warranty",$269.99,https://www.amazon.com/gp/slredirect/picassoRedirect.html/ref=pa_sp_mtf_aps_sr_pg1_1?ie=UTF8&adId=A0893725P4G5BCE4UWV1&qualifier=1670362012&id=7422144307372875&widgetName=sp_mtf&url=%2FCaroma-Electric-Skateboard-Wireless-Remote%2Fdp%2FB0BC247RFC%2Fref%3Dsr_1_30_sspa%3Fcrid%3D1ETD973V81N4Y%26keywords%3Dskateboard%26qid%3D1670362012%26sprefix%3Dskateboard%252Caps%252C70%26sr%3D8-30-spons%26psc%3D1%26smid%3DA1QMDRBBQMQSGM,https://m.media-amazon.com/images/I/719vJrXKrcL._AC_UL320_.jpg
"Magneto Mini Cruiser Skateboard Cruiser | 27.5"" x 7.5"" | Short Board | Canadian Maple Deck - Designed for Kids, Teens and Adults",$59.49,https://www.amazon.com/gp/slredirect/picassoRedirect.html/ref=pa_sp_mtf_aps_sr_pg1_1?ie=UTF8&adId=A03632583HLYFI5QZG77N&qualifier=1670362012&id=7422144307372875&widgetName=sp_mtf&url=%2FMagneto-Cruiser-Skateboard-Short-Canadian%2Fdp%2FB0916GQC26%2Fref%3Dsr_1_31_sspa%3Fcrid%3D1ETD973V81N4Y%26keywords%3Dskateboard%26qid%3D1670362012%26sprefix%3Dskateboard%252Caps%252C70%26sr%3D8-31-spons%26psc%3D1,https://m.media-amazon.com/images/I/91c1m9E56kS._AC_UL320_.jpg
"CAROMA Cruiser Skateboard, 22"" Classic Retro Skateboard, Complete Skateboard with ABEC-7 Bearings and Molded Waffle Deck, Mini Cruiser Skateboard for Kids Adults and Balance Training",$25.99,https://www.amazon.com/gp/slredirect/picassoRedirect.html/ref=pa_sp_mtf_aps_sr_pg1_1?ie=UTF8&adId=A06024662VY673MCNUCNB&qualifier=1670362012&id=7422144307372875&widgetName=sp_mtf&url=%2FCaroma-Standard-Skateboards-Skateboard-Beginners%2Fdp%2FB08R5K8LVC%2Fref%3Dsr_1_32_sspa%3Fcrid%3D1ETD973V81N4Y%26keywords%3Dskateboard%26qid%3D1670362012%26sprefix%3Dskateboard%252Caps%252C70%26sr%3D8-32-spons%26psc%3D1,https://m.media-amazon.com/images/I/7172mO0IccL._AC_UL320_.jpg
"Caroma Skateboards for Kids Girls Boys Beginners Teens Youths,Mini Cruiser Skateboard with PU Wheels,22 Inch Complete Skateboard,Longboard with ABEC 7 Bearings,Small Retro Plastic Skateboard",$12.99,https://www.amazon.com/Caroma-Skateboards-Beginners-Skateboard-YWHB-34/dp/B0B7PB9DVC/ref=sr_1_33?crid=1ETD973V81N4Y&keywords=skateboard&qid=1670362012&sprefix=skateboard%2Caps%2C70&sr=8-33,https://m.media-amazon.com/images/I/61XwKQdPfZL._AC_UL320_.jpg
"Rainbow High 31 inch Skateboard, 9-ply Maple Desk Skate Board for Cruising, Carving, Tricks and Downhill",$24.99,https://www.amazon.com/Rainbow-Skateboard-Cruising-Carving-Downhill/dp/B09QXYHM51/ref=sr_1_34?crid=1ETD973V81N4Y&keywords=skateboard&qid=1670362012&sprefix=skateboard%2Caps%2C70&sr=8-34,https://m.media-amazon.com/images/I/816KXu6YwGL._AC_UL320_.jpg
"Tony Hawk 31"" Complete Cruiser Skateboard, 9-Ply Maple Deck Skateboard for Cruising, Carving, Tricks and Downhill",$29.99,https://www.amazon.com/Tony-Hawk-Complete-Cruiser-Skateboard/dp/B07QS58RHJ/ref=sr_1_35?crid=1ETD973V81N4Y&keywords=skateboard&qid=1670362012&sprefix=skateboard%2Caps%2C70&sr=8-35,https://m.media-amazon.com/images/I/81Q2Eg0y7iL._AC_UL320_.jpg
"WhiteFang Skateboards for Beginners, Complete Skateboard 31 x 7.88, 7 Layer Canadian Maple Double Kick Concave Standard and Tricks Skateboards for Kids and Beginners",$47.99,https://www.amazon.com/WhiteFang-Skateboard-Complete-Skateboards-Beginners/dp/B0792WF2ZN/ref=sr_1_36?crid=1ETD973V81N4Y&keywords=skateboard&qid=1670362012&sprefix=skateboard%2Caps%2C70&sr=8-36,https://m.media-amazon.com/images/I/71NWLjd-f9L._AC_UL320_.jpg
"Gonex Standard Skateboard for Kids Teens Adults Beginners, 31 x 8 Inch Double Kick Concave Complete Skate Board for Boys Girls with 9 Layer Maple Deck",$39.99,https://www.amazon.com/Gonex-Complete-Skateboard-Concave-Beginner/dp/B07Z8YXSKW/ref=sr_1_37?crid=1ETD973V81N4Y&keywords=skateboard&qid=1670362012&sprefix=skateboard%2Caps%2C70&sr=8-37,https://m.media-amazon.com/images/I/81jXo7-bNhL._AC_UL320_.jpg
"Skateboards for Beginners, 31 INCH Standard Complete Skateboard for Kids Boys Girls Adults Teens, 9 Layer Maple Wood Double Kick Concave Skate Board with LED Light Up Wheels",$35.99,https://www.amazon.com/Standard-Skateboard-GIEMIT-Complete-Beginners/dp/B09DYMF9B2/ref=sr_1_38?crid=1ETD973V81N4Y&keywords=skateboard&qid=1670362012&sprefix=skateboard%2Caps%2C70&sr=8-38,https://m.media-amazon.com/images/I/71rOxhPbYML._AC_UL320_.jpg
"METROLLER Skateboards for Beginners,31 x 8 Complete Standard Skate Boards for Girls Boys, 7 Layer Canadian Maple Double Kick Concave Skateboard for Kids Youth Teens Adults",$48.99,https://www.amazon.com/METROLLER-Skateboard-Complete-Standard-Skateboards/dp/B086W62GQV/ref=sr_1_39?crid=1ETD973V81N4Y&keywords=skateboard&qid=1670362012&sprefix=skateboard%2Caps%2C70&sr=8-39,https://m.media-amazon.com/images/I/812u1LuQcqL._AC_UL320_.jpg
ChromeWheels 31 inch Skateboard Complete Skateboards Double Kick Skate Board 7 Layer Canadian Maple Deck Skateboard for Kids and Beginners,$59.98,https://www.amazon.com/ChromeWheels-Skateboard-Complete-Skateboards-Beginners/dp/B08LZ7J893/ref=sr_1_40?crid=1ETD973V81N4Y&keywords=skateboard&qid=1670362012&sprefix=skateboard%2Caps%2C70&sr=8-40,https://m.media-amazon.com/images/I/71ZvAb488OL._AC_UL320_.jpg
Tail Devil Skateboard Spark Plate | Sparks for Your Skateboard | Ultimate Skateboarder's Accessory | A Tail Plate Attachment for Cool Sparking Effect (1 Pack),$19.99,https://www.amazon.com/Tail-Devil-Skateboard-Spark-Plate/dp/B097LDK44C/ref=sr_1_41?crid=1ETD973V81N4Y&keywords=skateboard&qid=1670362012&sprefix=skateboard%2Caps%2C70&sr=8-41,https://m.media-amazon.com/images/I/71FX5lnba0L._AC_UL320_.jpg
"WALKEREN Skateboards for Beginners Adults Teens Youths Kids Boys Girls 31""x8"" Standard Complete Skateboard 7 Layer Canadian Maple Double Kick Concave Skate Boards",$33.95,https://www.amazon.com/WALKEREN-Skateboards-Beginners-Standard-Skateboard/dp/B0BC8RL4WZ/ref=sr_1_42?crid=1ETD973V81N4Y&keywords=skateboard&qid=1670362012&sprefix=skateboard%2Caps%2C70&sr=8-42,https://m.media-amazon.com/images/I/71fm8Z8UnOL._AC_UL320_.jpg
"FlyFlash Skateboard, 31""x 8"" Complete Standard Skate Boards for Girls Boys Beginner, 9 Layer Maple Double Kick Deck Skateboards for Kids Youth Teens",$36.99,https://www.amazon.com/Flyflash-Skateboard-Complete-Standard-Skateboards/dp/B08FSSNP9B/ref=sr_1_43?crid=1ETD973V81N4Y&keywords=skateboard&qid=1670362012&sprefix=skateboard%2Caps%2C70&sr=8-43,https://m.media-amazon.com/images/I/71OpoYlL+3S._AC_UL320_.jpg
ELEMENT Quadrant Complete Skateboard Assorted 8,$43.99,https://www.amazon.com/ELEMENT-Quadrant-Complete-Skateboard-Assorted/dp/B09WX8ZBKM/ref=sr_1_44?crid=1ETD973V81N4Y&keywords=skateboard&qid=1670362012&sprefix=skateboard%2Caps%2C70&sr=8-44,https://m.media-amazon.com/images/I/61MPQeD73HL._AC_UL320_.jpg
"OKBOP Standard Skateboards for Kids Ages 6-12, Profession Wood Complete Skateboard for Beginner Teens Adults Girls Boys, Canadian Maple Double Kick Deck Concave Cruiser Trick Skate Board (Multicolor)",$29.82,https://www.amazon.com/OKBOP-Skateboards-Profession-Skateboard-Multicolor/dp/B08H2CP5QB/ref=sr_1_45?crid=1ETD973V81N4Y&keywords=skateboard&qid=1670362012&sprefix=skateboard%2Caps%2C70&sr=8-45,https://m.media-amazon.com/images/I/61dxPziLJaL._AC_UL320_.jpg
"Kids Beginner Mini Skateboard from Rude Boyz - Learn Skateboarding in Style - Mini Wooden Cruiser Board Cool Graphics for Boys & Girls 3-5 Years - 17” Deck, 54mm Wheels, Lightweight - Safe & Durable",$25.00,https://www.amazon.com/Kids-Beginner-Skateboard-Rude-Boyz/dp/B0BL9YGBL4/ref=sr_1_46?crid=1ETD973V81N4Y&keywords=skateboard&qid=1670362012&sprefix=skateboard%2Caps%2C70&sr=8-46,https://m.media-amazon.com/images/I/81wA1SCIVYL._AC_UL320_.jpg
"KPC Complete Skateboard - Pro Style Quality - Maple 7-Ply Deck, Aluminum Trucks, Urethane Wheels, Precision Bearings - The Perfect Beginners First Board",$44.95,https://www.amazon.com/Krown-Intro-King-Skateboard-Red/dp/B002R6VXE2/ref=sr_1_47?crid=1ETD973V81N4Y&keywords=skateboard&qid=1670362012&sprefix=skateboard%2Caps%2C70&sr=8-47,https://m.media-amazon.com/images/I/71xc6KGdhSL._AC_UL320_.jpg
Kryptonics Locker Board Complete Skateboard,$16.11,https://www.amazon.com/Kryptonics-Locker-Board-Complete-Skateboard/dp/B07H1XS514/ref=sr_1_48?crid=1ETD973V81N4Y&keywords=skateboard&qid=1670362012&sprefix=skateboard%2Caps%2C70&sr=8-48,https://m.media-amazon.com/images/I/713+wD1LrAL._AC_UL320_.jpg
"Kids Beginner Skateboard from Rude Boyz - Learn Skateboarding in Style - Mini Wooden Cruiser Board with Cool Graphics for Boys & Girls 3-5 Years - 17” Deck, 54mm Wheels, Lightweight - Safe & Durable",$25.00,https://www.amazon.com/RudeBoyz-Cruiser-Graphic-Beginner-Skateboard/dp/B07S2W9WSC/ref=sr_1_49?crid=1ETD973V81N4Y&keywords=skateboard&qid=1670362012&sprefix=skateboard%2Caps%2C70&sr=8-49,https://m.media-amazon.com/images/I/91aJwGpGLmL._AC_UL320_.jpg
Element Seal Skateboard Complete Sz 8.25in,$51.50,https://www.amazon.com/Element-Seal-Skateboard-Complete/dp/B08CVTT32C/ref=sr_1_50?crid=1ETD973V81N4Y&keywords=skateboard&qid=1670362012&sprefix=skateboard%2Caps%2C70&sr=8-50,https://m.media-amazon.com/images/I/511kyCYPW0L._AC_UL320_.jpg
"Amrgot Skateboards for Beginners,31*8 inches Complete Skateboards for Kids,Boys,Girls and Adults,7 Layer Maple Wood,Double Kick Deck Concave Standard and Tricks Skateboard",$49.99,https://www.amazon.com/WiiSHAM-Skateboards-inches-Complete-Beginners/dp/B079223RX3/ref=sr_1_51?crid=1ETD973V81N4Y&keywords=skateboard&qid=1670362012&sprefix=skateboard%2Caps%2C70&sr=8-51,https://m.media-amazon.com/images/I/81k8Od656mL._AC_UL320_.jpg
"GIEEU Skateboards with Colorful Flashing Wheels for Beginners,Kids,Teens,Adults,31 x 8 Inch Complete Standard Skate Boards 9 Layer Canadian Maple Deck Concave Skateboard",$56.99,https://www.amazon.com/GIEEU-Skateboards-Colorful-Beginners-Skateboard/dp/B0945W3CLH/ref=sr_1_52?crid=1ETD973V81N4Y&keywords=skateboard&qid=1670362012&sprefix=skateboard%2Caps%2C70&sr=8-52,https://m.media-amazon.com/images/I/81Mwzy-pL+S._AC_UL320_.jpg
NPET Pro Skateboard Complete 31 Inch 7 Layer Canadian Maple Double Kick Concave Deck Skating Skateboard,$35.99,https://www.amazon.com/NPET-Skateboard-Complete-Canadian-American/dp/B078M24FCK/ref=sr_1_53?crid=1ETD973V81N4Y&keywords=skateboard&qid=1670362012&sprefix=skateboard%2Caps%2C70&sr=8-53,https://m.media-amazon.com/images/I/61Kvj26oiGL._AC_UL320_.jpg
"Tony Hawk 31 Inch Skateboard, Tony Hawk Signature Series 2, 9-Ply Maple Deck Skateboard for Cruising, Carving, Tricks and Downhill",$29.99,https://www.amazon.com/Skateboard-Signature-Cruising-Downhill-ABO31S2TH-MHK-STK-1/dp/B08QCC28J9/ref=sr_1_54?crid=1ETD973V81N4Y&keywords=skateboard&qid=1670362012&sprefix=skateboard%2Caps%2C70&sr=8-54,https://m.media-amazon.com/images/I/81zTIgOZlML._AC_UL320_.jpg
Nattork Standard Skateboards Gift 31 Inch Complete Skateboard Wood 9 Layer Canadian Maple Trick Skate Boards for Boys Girls Youth Teens Beginner,$33.99,https://www.amazon.com/Nattork-Standard-Skateboards-Graffiti-Skateboard/dp/B0BBR7J3SF/ref=sr_1_55?crid=1ETD973V81N4Y&keywords=skateboard&qid=1670362012&sprefix=skateboard%2Caps%2C70&sr=8-55,https://m.media-amazon.com/images/I/41KpYev3wiL._AC_UL320_.jpg
PHOEROS Skateboards -Standard Skateboards for Kids Boys Girls Youths Beginners Starter-Complete Skate Boards 31''x 8''Canadian Maple Pro Cruiser,$39.99,https://www.amazon.com/Phoeros-Complete-Skateboards-Standard-Beginners/dp/B07VHLSCRH/ref=sr_1_56?crid=1ETD973V81N4Y&keywords=skateboard&qid=1670362012&sprefix=skateboard%2Caps%2C70&sr=8-56,https://m.media-amazon.com/images/I/71r2cVPbwYL._AC_UL320_.jpg
Roller Derby Deluxe Series,$29.95,https://www.amazon.com/Roller-Derby-Deluxe-Skateboard-Multi/dp/B07DYP79BN/ref=sr_1_57?crid=1ETD973V81N4Y&keywords=skateboard&qid=1670362012&sprefix=skateboard%2Caps%2C70&sr=8-57,https://m.media-amazon.com/images/I/81C3jXX55kL._AC_UL320_.jpg
"Skateboard, 31""x8"" Complete Skateboards for Girls Boys Adults Beginners, 7 Layer Canadian Maple Double Kick Deck Concave Standard Skate Boards Skateboard for Kids Ages 6-12 Teens",$39.99,https://www.amazon.com/gp/slredirect/picassoRedirect.html/ref=pa_sp_btf_aps_sr_pg1_1?ie=UTF8&adId=A050099527HLYIXBPFKYS&qualifier=1670362012&id=7422144307372875&widgetName=sp_btf&url=%2FSkateboard-Complete-Skateboards-Beginners-Canadian%2Fdp%2FB09CCLCB3Y%2Fref%3Dsr_1_58_sspa%3Fcrid%3D1ETD973V81N4Y%26keywords%3Dskateboard%26qid%3D1670362012%26sprefix%3Dskateboard%252Caps%252C70%26sr%3D8-58-spons%26psc%3D1,https://m.media-amazon.com/images/I/71q8TNF5f-L._AC_UL320_.jpg
"YAGENICE 31X8 inch Standard Skateboard for Youth, Adults, Kids, 8-ply Maple Tabletop Skateboard, Double Kick Deck Concave Standard and Tricks Skateboard，Cruising, Cornering, Tricks and Downhill",$45.99,https://www.amazon.com/gp/slredirect/picassoRedirect.html/ref=pa_sp_btf_aps_sr_pg1_1?ie=UTF8&adId=A06050261UD42GGHUWPZ7&qualifier=1670362012&id=7422144307372875&widgetName=sp_btf&url=%2FYAGENICE-Standard-Skateboard-Skateboard%25EF%25BC%258CCruising-Cornering%2Fdp%2FB0B51GYKBJ%2Fref%3Dsr_1_59_sspa%3Fcrid%3D1ETD973V81N4Y%26keywords%3Dskateboard%26qid%3D1670362012%26sprefix%3Dskateboard%252Caps%252C70%26sr%3D8-59-spons%26psc%3D1,https://m.media-amazon.com/images/I/71LO85bttCL._AC_UL320_.jpg
700KIDS Skateboard 31 Inches Double Kick Concave Skate Boards for Girls Boys Beginners 8 Layer Maple Standard Skateboards for Kids Teens Adult,$69.99,https://www.amazon.com/gp/slredirect/picassoRedirect.html/ref=pa_sp_btf_aps_sr_pg1_1?ie=UTF8&adId=A03430171KQIV1P0RWGFQ&qualifier=1670362012&id=7422144307372875&widgetName=sp_btf&url=%2F700KIDS-Skateboard-Beginners-Skateboards-Adult%25EF%25BC%258CRobot%2Fdp%2FB08SLP3QLZ%2Fref%3Dsr_1_60_sspa%3Fcrid%3D1ETD973V81N4Y%26keywords%3Dskateboard%26qid%3D1670362012%26sprefix%3Dskateboard%252Caps%252C70%26sr%3D8-60-spons%26psc%3D1,https://m.media-amazon.com/images/I/71CVjEUuXWS._AC_UL320_.jpg
