item_name,price,link_to_item,link_to_item_image
"TOSHIBA 7-in-1 Countertop Microwave Oven Air Fryer Combo, Inverter, Convection, Broil, Speedy Combi, Even Defrost, Humidity Sensor, Mute Function, 27 Auto Menu&47 Recipes, 1.0 cu.ft/30QT, 1000W",$379.99,https://www.amazon.com/gp/slredirect/picassoRedirect.html/ref=pa_sp_atf_aps_sr_pg1_1?ie=UTF8&adId=A0648589XHDXO08B9RS4&qualifier=1670362087&id=6211661193453272&widgetName=sp_atf&url=%2FMicrowave-Technology-Convection-Defroster-Countertop%2Fdp%2FB09HKPSRWW%2Fref%3Dsr_1_1_sspa%3Fcrid%3D1ETD973V81N4Y%26keywords%3Dmicrowave%26qid%3D1670362087%26sprefix%3Dmicrowave%252Caps%252C70%26sr%3D8-1-spons%26psc%3D1,https://m.media-amazon.com/images/I/81ZYWHwSnWL._AC_UY218_.jpg
"Farberware Classic FMO07AHTBKJ 0.7 Cu. Ft. 700-Watt Microwave Oven with LED Lighting, Brushed Stainless Steel",$89.99,https://www.amazon.com/gp/slredirect/picassoRedirect.html/ref=pa_sp_atf_aps_sr_pg1_1?ie=UTF8&adId=A0899634IPLPRPUX6MIT&qualifier=1670362087&id=6211661193453272&widgetName=sp_atf&url=%2FFarberware-FMO07AHTBKJ-700-Watt-Microwave-Stainless%2Fdp%2FB07VS476X8%2Fref%3Dsr_1_2_sspa%3Fcrid%3D1ETD973V81N4Y%26keywords%3Dmicrowave%26qid%3D1670362087%26sprefix%3Dmicrowave%252Caps%252C70%26sr%3D8-2-spons%26psc%3D1,https://m.media-amazon.com/images/I/81GfrNisjZL._AC_UY218_.jpg
"TOSHIBA EM925A5A-BS Countertop Microwave Oven, 0.9 Cu Ft With 10.6 Inch Removable Turntable, 900W, 6 Auto Menus, Mute Function & ECO Mode, Child Lock, LED Lighting, Black Stainless Steel",$114.99,https://www.amazon.com/Toshiba-EM925A5A-BS-Microwave-Lighting-Stainless/dp/B072JML2GZ/ref=sr_1_3?crid=1ETD973V81N4Y&keywords=microwave&qid=1670362087&sprefix=microwave%2Caps%2C70&sr=8-3,https://m.media-amazon.com/images/I/61pALU94wYL._AC_UY218_.jpg
"TOSHIBA EM131A5C-SS Countertop Microwave Oven, 1.2 Cu Ft with 12.4"" Turntable, Smart Humidity Sensor with 12 Auto Menus, Mute Function & ECO Mode, Easy Clean Interior, Stainless Steel & 1100W",$149.99,https://www.amazon.com/Toshiba-EM131A5C-SS-Microwave-Interior-Stainless/dp/B076VB5JFQ/ref=sr_1_4?crid=1ETD973V81N4Y&keywords=microwave&qid=1670362087&sprefix=microwave%2Caps%2C70&sr=8-4,https://m.media-amazon.com/images/I/61GFwwSWD6L._AC_UY218_.jpg
"BLACK+DECKER EM720CB7 Digital Microwave Oven with Turntable Push-Button Door, Child Safety Lock, 700W, Stainless Steel, 0.7 Cu.ft",$99.99,https://www.amazon.com/BLACK-DECKER-EM720CB7-Microwave-Push-Button/dp/B07HGH1KG6/ref=sr_1_5?crid=1ETD973V81N4Y&keywords=microwave&qid=1670362087&sprefix=microwave%2Caps%2C70&sr=8-5,https://m.media-amazon.com/images/I/81gP22+jCVL._AC_UY218_.jpg
"Farberware Compact Countertop Microwave Oven, 0.7 Cu. Ft. 700-Watt with LED Lighting, Child Lock, Easy Clean Grey Interior, Retro Black",$69.99,https://www.amazon.com/Farberware-FMO07ABTBKA-700-Watt-Microwave-Black/dp/B01EIZSDWO/ref=sr_1_6?crid=1ETD973V81N4Y&keywords=microwave&qid=1670362087&sprefix=microwave%2Caps%2C70&sr=8-6,https://m.media-amazon.com/images/I/81ZWTL7NOKL._AC_UY218_.jpg
"Galanz GLCMKA07BER-07 Retro Microwave Oven, LED Lighting, Pull Handle Design, Child Lock, Bebop Blue, 0.7 cu ft",$69.00,https://www.amazon.com/Galanz-GLCMKA07BER-07-700-Watt-Countertop-Microwave/dp/B085JSK3JP/ref=sr_1_7?crid=1ETD973V81N4Y&keywords=microwave&qid=1670362087&sprefix=microwave%2Caps%2C70&sr=8-7,https://m.media-amazon.com/images/I/81k4+PpqszL._AC_UY218_.jpg
"Farberware Countertop Microwave 1.1 Cu. Ft. 1000-Watt Compact Microwave Oven with LED lighting, Child lock, and Easy Clean Interior, Stainless Steel Interior & Exterior",$99.99,https://www.amazon.com/Farberware-FMO11AHTBKB-1000-Watt-Microwave-Stainless/dp/B01EIZSF6I/ref=sr_1_8?crid=1ETD973V81N4Y&keywords=microwave&qid=1670362087&sprefix=microwave%2Caps%2C70&sr=8-8,https://m.media-amazon.com/images/I/81xxOPvz+9L._AC_UY218_.jpg
"Farberware Classic FMO07AHTBKJ 0.7 Cu. Ft. 700-Watt Microwave Oven with LED Lighting, Brushed Stainless Steel",$89.99,https://www.amazon.com/Farberware-FMO07AHTBKJ-700-Watt-Microwave-Stainless/dp/B07VS476X8/ref=sr_1_9?crid=1ETD973V81N4Y&keywords=microwave&qid=1670362087&sprefix=microwave%2Caps%2C70&sr=8-9,https://m.media-amazon.com/images/I/81GfrNisjZL._AC_UY218_.jpg
"COMFEE' EM720CPL-PMB Countertop Microwave Oven with Sound On/Off, ECO Mode and Easy One-Touch Buttons, 0.7cu.ft, 700W, Black",$69.99,https://www.amazon.com/Comfee-EM720CPL-PMB-Countertop-Microwave-One-Touch/dp/B07GV36BLD/ref=sr_1_10?crid=1ETD973V81N4Y&keywords=microwave&qid=1670362087&sprefix=microwave%2Caps%2C70&sr=8-10,https://m.media-amazon.com/images/I/81dsDxFMqxL._AC_UY218_.jpg
"BLACK+DECKER EM031MB11 Digital Microwave Oven with Turntable Push-Button Door, Child Safety Lock, 1000W, 1.1cu.ft, Black & Stainless Steel, 1.1 Cu.ft",$134.99,https://www.amazon.com/BLACK-DECKER-EM031MB11-Microwave-Push-Button/dp/B07HG9Y3VL/ref=sr_1_11?crid=1ETD973V81N4Y&keywords=microwave&qid=1670362087&sprefix=microwave%2Caps%2C70&sr=8-11,https://m.media-amazon.com/images/I/81A66Mk8+lL._AC_UY218_.jpg
"Farberware FMO11AHTPLB 1.1 Cu. Ft. 1000-Watt Microwave Oven with LED Lighting Cubic Feet, White/Platinum",$109.99,https://www.amazon.com/gp/slredirect/picassoRedirect.html/ref=pa_sp_mtf_aps_sr_pg1_1?ie=UTF8&adId=A02669991K0OKSAZL7IVP&qualifier=1670362087&id=6211661193453272&widgetName=sp_mtf&url=%2FFarberware-FMO11AHTBKD-1000-Watt-Microwave-Lighting%2Fdp%2FB01ND4JNO3%2Fref%3Dsr_1_12_sspa%3Fcrid%3D1ETD973V81N4Y%26keywords%3Dmicrowave%26qid%3D1670362087%26sprefix%3Dmicrowave%252Caps%252C70%26sr%3D8-12-spons%26psc%3D1,https://m.media-amazon.com/images/I/91EFe4uFFlL._AC_UY218_.jpg
"Panasonic Microwave Oven NN-SN686S Stainless Steel Countertop/Built-In with Inverter Technology and Genius Sensor, 1.2 Cubic Foot, 1200W",$219.95,https://www.amazon.com/Panasonic-Microwave-NN-SN686S-Countertop-Technology/dp/B01DEWZUG4/ref=sr_1_13?crid=1ETD973V81N4Y&keywords=microwave&qid=1670362087&sprefix=microwave%2Caps%2C70&sr=8-13,https://m.media-amazon.com/images/I/61HUAFoa5jL._AC_UY218_.jpg
"Willz WLCMV207S2-07 Countertop Small Microwave Oven with 6 Preset Cooking Programs Interior Light LED Display, 0.7 Cu.Ft, Stainless Steel",$55.20,https://www.amazon.com/Willz-WLCMV207S2-07-Countertop-Microwave-Stainless/dp/B08C1TDC2F/ref=sr_1_14?crid=1ETD973V81N4Y&keywords=microwave&qid=1670362087&sprefix=microwave%2Caps%2C70&sr=8-14,https://m.media-amazon.com/images/I/81+-5MStbUL._AC_UY218_.jpg
"Panasonic NN-SN65KW Microwave Oven with Inverter Technology, 1200W, 1.2 cu.ft. Small Genius Sensor One-Touch Cooking, Popcorn Button, Turbo Defrost-NN-SN65KW-(White)",$211.18,https://www.amazon.com/Panasonic-Compact-Microwave-Cooking-Popcorn/dp/B07PML2DC6/ref=sr_1_15?crid=1ETD973V81N4Y&keywords=microwave&qid=1670362087&sprefix=microwave%2Caps%2C70&sr=8-15,https://m.media-amazon.com/images/I/617imKZk0iS._AC_UY218_.jpg
"Toshiba ML2-EM62P(SS) Large Countertop Microwave with Smart Sensor, 6 Menus, Auto Defrost, ECO Mode, Mute Option & 16.5"" Position Memory Turntable, 2.2 Cu Ft, 1200W, Stainless Steel",$200.00,https://www.amazon.com/Toshiba-ML-EM62P-SS-Turntable1-Stainless/dp/B08PK7WZC1/ref=sr_1_16?crid=1ETD973V81N4Y&keywords=microwave&qid=1670362087&sprefix=microwave%2Caps%2C70&sr=8-16,https://m.media-amazon.com/images/I/81jxKyAPktL._AC_UY218_.jpg
"Sharp R-21LCFS Medium Duty Commercial Microwave (Dial Timer, 1000-Watts, 120-Volts) (Update of R-21LCF)",$300.00,https://www.amazon.com/gp/slredirect/picassoRedirect.html/ref=pa_sp_mtf_aps_sr_pg1_1?ie=UTF8&adId=A00606822OJCH7H9HTJH2&qualifier=1670362087&id=6211661193453272&widgetName=sp_mtf&url=%2FSharp-Commercial-Microwave-1000-Watts-R-21LCF%2Fdp%2FB00BDF5ZNS%2Fref%3Dsr_1_17_sspa%3Fcrid%3D1ETD973V81N4Y%26keywords%3Dmicrowave%26qid%3D1670362087%26sprefix%3Dmicrowave%252Caps%252C70%26sr%3D8-17-spons%26psc%3D1%26smid%3DA2Q1K7P9UYD1V2,https://m.media-amazon.com/images/I/61gZtKgyPBL._AC_UY218_.jpg
"TOSHIBA ML2-EM09PA(BS) Small Countertop Microwave Oven With 6 Auto Menus, Kitchen Essentials, Mute Function & ECO Mode, 0.9 Cu Ft, 10.6 Inch Removable Turntable, 900W, Black Color",$110.00,https://www.amazon.com/Toshiba-ML2-EM09PA-BS-Microwave-Position-Memory/dp/B08G4HSJCJ/ref=sr_1_18?crid=1ETD973V81N4Y&keywords=microwave&qid=1670362087&sprefix=microwave%2Caps%2C70&sr=8-18,https://m.media-amazon.com/images/I/81Qkt2mCzuL._AC_UY218_.jpg
"COMMERCIAL CHEF Small Microwave 0.7 Cu. Ft. Countertop Microwave with Digital Display, White Microwave with 10 Power Levels, Outstanding Portable Microwave with Convenient Push Button",$98.47,https://www.amazon.com/COMMERCIAL-CHEF-Countertop-Outstanding-Convenient/dp/B0B212GBJF/ref=sr_1_19?crid=1ETD973V81N4Y&keywords=microwave&qid=1670362087&sprefix=microwave%2Caps%2C70&sr=8-19,https://m.media-amazon.com/images/I/61cN9Wy2T-L._AC_UY218_.jpg
"Panasonic Microwave Oven NN-SN966S Stainless Steel Countertop/Built-In with Inverter Technology and Genius Sensor, 2.2 Cubic Foot, 1250W",$299.95,https://www.amazon.com/Panasonic-Microwave-NN-SN966S-Countertop-Technology/dp/B01DEWZWDU/ref=sr_1_20?crid=1ETD973V81N4Y&keywords=microwave&qid=1670362087&sprefix=microwave%2Caps%2C70&sr=8-20,https://m.media-amazon.com/images/I/71SFQpnYoQL._AC_UY218_.jpg
"TOSHIBA ML2-EM12EA(BS) Countertop Microwave Oven With Stylish Design As Kitchen Essentials, Smart Sensor, ECO Mode & Mute Function, 1.2 Cu Ft With 12.4"" Turntable, 1100W, Black Stainless Steel",$145.00,https://www.amazon.com/gp/slredirect/picassoRedirect.html/ref=pa_sp_btf_aps_sr_pg1_1?ie=UTF8&adId=A07997631NBXTGKO73NDG&qualifier=1670362087&id=6211661193453272&widgetName=sp_btf&url=%2FToshiba-ML2-EM12EA-BS-Microwave-Position-Memory%2Fdp%2FB08G4H2Z9G%2Fref%3Dsr_1_21_sspa%3Fcrid%3D1ETD973V81N4Y%26keywords%3Dmicrowave%26qid%3D1670362087%26sprefix%3Dmicrowave%252Caps%252C70%26sr%3D8-21-spons%26psc%3D1,https://m.media-amazon.com/images/I/61LKBlmQlGL._AC_UY218_.jpg
"COMFEE' Retro Small Microwave Oven With Compact Size, 9 Preset Menus, Position-Memory Turntable, Mute Function, Countertop Microwave Perfect For Small Spaces, 0.7 Cu Ft/700W, Cream, AM720C2RA-A",$87.75,https://www.amazon.com/gp/slredirect/picassoRedirect.html/ref=pa_sp_btf_aps_sr_pg1_1?ie=UTF8&adId=A06496292P63BWODN9VR1&qualifier=1670362087&id=6211661193453272&widgetName=sp_btf&url=%2FCOMFEE-AM720C2RA-Countertop-Microwave-Position-Memory%2Fdp%2FB07R7TQ6Q5%2Fref%3Dsr_1_22_sspa%3Fcrid%3D1ETD973V81N4Y%26keywords%3Dmicrowave%26qid%3D1670362087%26sprefix%3Dmicrowave%252Caps%252C70%26sr%3D8-22-spons%26psc%3D1,https://m.media-amazon.com/images/I/81VNZ8ZGFEL._AC_UY218_.jpg
