item_name,price,link_to_item,link_to_item_image
"Laifen Hair Dryer, Negative Ionic Blow Dryer with 110, 000 RPM Brushless Motor for Fast Drying, High-Speed Low Noise Thermo-Control Hairdryer with Magnetic Nozzle, for Home, Travel (Jet Black)",$199.99,https://www.amazon.com/gp/slredirect/picassoRedirect.html/ref=pa_sp_atf_aps_sr_pg1_1?ie=UTF8&adId=A02221752GEWZUEV0A8EA&qualifier=1670362108&id=573443064853691&widgetName=sp_atf&url=%2FLaifen-Brushless-High-Speed-Thermo-Control-Hairdryer%2Fdp%2FB09X368GNF%2Fref%3Dsr_1_1_sspa%3Fcrid%3D1ETD973V81N4Y%26keywords%3Dhair%2Bdrier%26qid%3D1670362108%26sprefix%3Dhair%2Bdrier%252Caps%252C70%26sr%3D8-1-spons%26psc%3D1,https://m.media-amazon.com/images/I/61SQpYHGS9L._AC_UL320_.jpg
"Hair Dryer, 1800W Blow Dryer, Ionic Hair Dryer with Diffuser, Foldable Handle Travel Hair Dryer, Constant Temperature Hair Care Without Damaging Hair",$39.99,https://www.amazon.com/Diffuser-Foldable-Constant-Temperature-Damaging/dp/B09Q5J55BY/ref=sr_1_2?crid=1ETD973V81N4Y&keywords=hair+drier&qid=1670362108&sprefix=hair+drier%2Caps%2C70&sr=8-2,https://m.media-amazon.com/images/I/61pi4rtQTfL._AC_UL320_.jpg
"Conair Hair Dryer, 1875W Full Size Hair Dryer with Ionic Conditioning, Blow Dryer",$22.99,https://www.amazon.com/Conair-Dryer-Ionic-Conditioning-Chrome/dp/B003FBG88E/ref=sr_1_3?crid=1ETD973V81N4Y&keywords=hair+drier&qid=1670362108&sprefix=hair+drier%2Caps%2C70&sr=8-3,https://m.media-amazon.com/images/I/61bUI2NzgrL._AC_UL320_.jpg
"Revlon Volume Booster Hair Dryer | 1875W for Voluminous Lift and Body, (Green)",$18.34,https://www.amazon.com/Revlon-1875W-Booster-Hair-Dryer/dp/B008QMQXQY/ref=sr_1_4?crid=1ETD973V81N4Y&keywords=hair+drier&qid=1670362108&sprefix=hair+drier%2Caps%2C70&sr=8-4,https://m.media-amazon.com/images/I/71U1R-4dX1L._AC_UL320_.jpg
"Conair 1875 Watt Double Ceramic Hair Dryer with Ionic Conditioning, White/Rose Gold, Full Size",$19.99,https://www.amazon.com/Conair-Double-Ceramic-Dryer-White/dp/B07H557TPQ/ref=sr_1_5?crid=1ETD973V81N4Y&keywords=hair+drier&qid=1670362108&sprefix=hair+drier%2Caps%2C70&sr=8-5,https://m.media-amazon.com/images/I/61LNhlpNVrL._AC_UL320_.jpg
"Conair Hair Dryer, 1875W Mid-Size Blow Dryer",$14.99,https://www.amazon.com/Conair-Mid-Size-Styler-Dryer-White/dp/B001LQY1X4/ref=sr_1_6?crid=1ETD973V81N4Y&keywords=hair+drier&qid=1670362108&sprefix=hair+drier%2Caps%2C70&sr=8-6,https://m.media-amazon.com/images/I/61Ap7e4s5iL._AC_UL320_.jpg
"2000W Ionic Hair Dryer, Professional Negative Ion Hair Blow Dryer with Diffuser &2 Nozzles for Curly Hair, Powerful AC Motor, 3 Heating/2 Speed/Cold Settings for Women Men Kids Salon",$33.99,https://www.amazon.com/Professional-Negative-Diffuser-Powerful-Settings/dp/B0B2Z8NNSB/ref=sr_1_7?crid=1ETD973V81N4Y&keywords=hair+drier&qid=1670362108&sprefix=hair+drier%2Caps%2C70&sr=8-7,https://m.media-amazon.com/images/I/71Xz9KSWQVL._AC_UL320_.jpg
"Revlon Compact Hair Dryer | 1875W Lightweight Design, Perfect for Travel, (Black)",$12.99,https://www.amazon.com/Revlon-1875W-Compact-Travel-Dryer/dp/B003TQPRGY/ref=sr_1_8?crid=1ETD973V81N4Y&keywords=hair+drier&qid=1670362108&sprefix=hair+drier%2Caps%2C70&sr=8-8,https://m.media-amazon.com/images/I/619Mu2NY1mL._AC_UL320_.jpg
"REVLON Infrared Hair Dryer | 1875 Watts of Maximum Shine, Softness and Control, (White)",$24.99,https://www.amazon.com/Revlon-1875W-Infrared-Dryer-Clips/dp/B07GZWQDPR/ref=sr_1_9?crid=1ETD973V81N4Y&keywords=hair+drier&qid=1670362108&sprefix=hair+drier%2Caps%2C70&sr=8-9,https://m.media-amazon.com/images/I/71aC3SsYwkL._AC_UL320_.jpg
Wavytalk Professional Ionic Hair Dryer Blow Dryer with Diffuser and Concentrator for Curly Hair 1875 Watt Negative Ions Dryer with Ceramic Technology Nozzle for Fast Drying as Salon Light and Quiet,$42.79,https://www.amazon.com/Wavytalk-Concentractor-Smoothing-Professional-Lightweight/dp/B09CP8SSGP/ref=sr_1_10?crid=1ETD973V81N4Y&keywords=hair+drier&qid=1670362108&sprefix=hair+drier%2Caps%2C70&sr=8-10,https://m.media-amazon.com/images/I/71RIFx4dcvL._AC_UL320_.jpg
REVLON One-Step Volumizer Enhanced 1.0 Hair Dryer and Hot Air Brush | Now with Improved Motor (Black),$38.98,https://www.amazon.com/Revlon-One-Step-Dryer-Volumizer-Brush/dp/B097CNMZF5/ref=sr_1_11?crid=1ETD973V81N4Y&keywords=hair+drier&qid=1670362108&sprefix=hair+drier%2Caps%2C70&sr=8-11,https://m.media-amazon.com/images/I/71aXzv34N+L._AC_UL320_.jpg
"Ionic Hair Dryer, 1800W Professional Blow Dryer (with Powerful AC Motor), Negative Ion Technolog, 3 Heating/2 Speed/Cold Settings, Contain 2 Nozzles and 1 Diffuser, for Home Salon Travel Woman Kids",$31.60,https://www.amazon.com/Professional-Powerful-Negative-Technolog-Settings/dp/B086LB62WK/ref=sr_1_12?crid=1ETD973V81N4Y&keywords=hair+drier&qid=1670362108&sprefix=hair+drier%2Caps%2C70&sr=8-12,https://m.media-amazon.com/images/I/616kU69uRqL._AC_UL320_.jpg
"Shark HD112BRN Hair Blow Dryer HyperAIR Fast-Drying with IQ 2-in-1 Concentrator and Styling Attachments, Auto Presets, Rotatable Hot Air Brush, No Heat Damage, Ionic, Stone",$210.00,https://www.amazon.com/Shark-HD112BRN-Fast-Drying-Concentrator-Attachments/dp/B09CQGKVJ5/ref=sr_1_13?crid=1ETD973V81N4Y&keywords=hair+drier&qid=1670362108&sprefix=hair+drier%2Caps%2C70&sr=8-13,https://m.media-amazon.com/images/I/711jR-BguJL._AC_UL320_.jpg
"Conair Hair Dryer with Folding Handle and Retractable Cord, 1875W Travel Hair Dryer, Conair Blow Dryer",$14.99,https://www.amazon.com/Conair-Keeper-Folding-Handle-Retractable/dp/B009ZPMPGI/ref=sr_1_14?crid=1ETD973V81N4Y&keywords=hair+drier&qid=1670362108&sprefix=hair+drier%2Caps%2C70&sr=8-14,https://m.media-amazon.com/images/I/61FAHRDYYmL._AC_UL320_.jpg
"Conair InfinitiPro 1875 Watt Salon Performance AC Motor Styling Tool/Hair Dryer, Orange",$20.79,https://www.amazon.com/INFINITIPRO-CONAIR-Performance-Styling-Orange/dp/B00FNQRCS4/ref=sr_1_15?crid=1ETD973V81N4Y&keywords=hair+drier&qid=1670362108&sprefix=hair+drier%2Caps%2C70&sr=8-15,https://m.media-amazon.com/images/I/715vBrIhrzL._AC_UL320_.jpg
𝗪𝗜𝗡𝗡𝗘𝗥 𝟬𝟲/𝟮𝟮* 𝟮𝟮𝟬𝟬𝗪 Ionic Salon Hair Dryer - Professional Blow Dryer - Lightweight Travel Hairdryer for Normal & Curly Hair Includes Volume Styling Nozzle,$33.99,https://www.amazon.com/ionic-hair-dryer-professional-blow-dryer/dp/B07KN63XZH/ref=sr_1_16?crid=1ETD973V81N4Y&keywords=hair+drier&qid=1670362108&sprefix=hair+drier%2Caps%2C70&sr=8-16,https://m.media-amazon.com/images/I/71ljMDnkLYL._AC_UL320_.jpg
"Conair Hair Dryer, 1875W Full Size Hair Dryer with Ionic Conditioning, Blow Dryer",$22.99,https://www.amazon.com/gp/slredirect/picassoRedirect.html/ref=pa_sp_mtf_aps_sr_pg1_1?ie=UTF8&adId=A02915302YUMUMSVL15H1&qualifier=1670362108&id=573443064853691&widgetName=sp_mtf&url=%2FConair-Dryer-Ionic-Conditioning-Chrome%2Fdp%2FB003FBG88E%2Fref%3Dsr_1_17_sspa%3Fcrid%3D1ETD973V81N4Y%26keywords%3Dhair%2Bdrier%26qid%3D1670362108%26sprefix%3Dhair%2Bdrier%252Caps%252C70%26sr%3D8-17-spons%26psc%3D1,https://m.media-amazon.com/images/I/61bUI2NzgrL._AC_UL320_.jpg
𝗪𝗜𝗡𝗡𝗘𝗥 𝟬𝟲/𝟮𝟮* 𝟮𝟮𝟬𝟬𝗪 Ionic Salon Hair Dryer - Professional Blow Dryer - Lightweight Travel Hairdryer for Normal & Curly Hair Includes Volume Styling Nozzle,$33.99,https://www.amazon.com/gp/slredirect/picassoRedirect.html/ref=pa_sp_mtf_aps_sr_pg1_1?ie=UTF8&adId=A1020035XBH39A3CV1S3&qualifier=1670362108&id=573443064853691&widgetName=sp_mtf&url=%2Fionic-hair-dryer-professional-blow-dryer%2Fdp%2FB07KN63XZH%2Fref%3Dsr_1_18_sspa%3Fcrid%3D1ETD973V81N4Y%26keywords%3Dhair%2Bdrier%26qid%3D1670362108%26sprefix%3Dhair%2Bdrier%252Caps%252C70%26sr%3D8-18-spons%26psc%3D1,https://m.media-amazon.com/images/I/71ljMDnkLYL._AC_UL320_.jpg
"Conair 1875 Watt Double Ceramic Hair Dryer with Ionic Conditioning, White/Rose Gold, Full Size",$19.99,https://www.amazon.com/gp/slredirect/picassoRedirect.html/ref=pa_sp_mtf_aps_sr_pg1_1?ie=UTF8&adId=A02911941SYQ5J2OUUYKO&qualifier=1670362108&id=573443064853691&widgetName=sp_mtf&url=%2FConair-Double-Ceramic-Dryer-White%2Fdp%2FB07H557TPQ%2Fref%3Dsr_1_19_sspa%3Fcrid%3D1ETD973V81N4Y%26keywords%3Dhair%2Bdrier%26qid%3D1670362108%26sprefix%3Dhair%2Bdrier%252Caps%252C70%26sr%3D8-19-spons%26psc%3D1,https://m.media-amazon.com/images/I/61LNhlpNVrL._AC_UL320_.jpg
Wavytalk Professional Hair Dryer Blow Dryer with Diffuser and Concentrator for Curly Hair 1875W Ionic Salon Hair Dryer with Ceramic Technology Fasting Drying Light and Quiet,$42.79,https://www.amazon.com/gp/slredirect/picassoRedirect.html/ref=pa_sp_mtf_aps_sr_pg1_1?ie=UTF8&adId=A0432152KG9HOKNBDNVO&qualifier=1670362108&id=573443064853691&widgetName=sp_mtf&url=%2FWavytalk-Professional-Diffuser-Concentrator-Technology%2Fdp%2FB09TQNB5BB%2Fref%3Dsr_1_20_sspa%3Fcrid%3D1ETD973V81N4Y%26keywords%3Dhair%2Bdrier%26qid%3D1670362108%26sprefix%3Dhair%2Bdrier%252Caps%252C70%26sr%3D8-20-spons%26psc%3D1,https://m.media-amazon.com/images/I/71qlQFeFeQL._AC_UL320_.jpg
"𝗜𝗻𝗳𝗿𝗮𝗿𝗲𝗱 𝗛𝗮𝗶𝗿 𝗗𝗿𝘆𝗲𝗿, Professional Salon Negative Ionic Blow Dryers for Fast Drying, Pro Ion Quiet Hairdryer with Diffuser & Concentrator & Comb",$59.98,https://www.amazon.com/Infrared-Professional-Negative-Diffuser-Concentrator/dp/B07RM3KKXV/ref=sr_1_22?crid=1ETD973V81N4Y&keywords=hair+drier&qid=1670362108&sprefix=hair+drier%2Caps%2C70&sr=8-22,https://m.media-amazon.com/images/I/616lcAuGcFL._AC_UL320_.jpg
"Conair Hair Dryer, 1875W Mid-Size Hair Dryer",$9.84,https://www.amazon.com/Conair-1875-Mid-Size-Dryer-Black/dp/B00GUAEERO/ref=sr_1_23?crid=1ETD973V81N4Y&keywords=hair+drier&qid=1670362108&sprefix=hair+drier%2Caps%2C70&sr=8-23,https://m.media-amazon.com/images/I/51Uu9hAKotL._AC_UL320_.jpg
"Laifen Hair Dryer, Negative Ionic Blow Dryer with 110, 000 RPM Brushless Motor for Fast Drying, High-Speed Low Noise Thermo-Control Hairdryer with Magnetic Nozzle, for Home, Travel (Jet Black)",$199.99,https://www.amazon.com/Laifen-Brushless-High-Speed-Thermo-Control-Hairdryer/dp/B09X368GNF/ref=sr_1_24?crid=1ETD973V81N4Y&keywords=hair+drier&qid=1670362108&sprefix=hair+drier%2Caps%2C70&sr=8-24,https://m.media-amazon.com/images/I/61SQpYHGS9L._AC_UL320_.jpg
"SIYOO Hair Dryer with Diffuser, 1600W Ionic Blow Dryer, Constant Temperature Hair Care Without Hair Damage, Lightweight Portable Travel Hairdryer for Christmas Gifts",$39.99,https://www.amazon.com/SIYOO-KF-3127-Hair-Dryer/dp/B09ZHQHHLT/ref=sr_1_25?crid=1ETD973V81N4Y&keywords=hair+drier&qid=1670362108&sprefix=hair+drier%2Caps%2C70&sr=8-25,https://m.media-amazon.com/images/I/61nVUSaDZVL._AC_UL320_.jpg
slopehill Hair Dryer with Unique Brushless Motor | IQ Perfetto | Innovative Microfilter | Oxy Active Technology | Led Display (Gray),$185.99,https://www.amazon.com/slopehill-Brushless-Innovative-Microfilter-Technology/dp/B08HRQG2M6/ref=sr_1_26?crid=1ETD973V81N4Y&keywords=hair+drier&qid=1670362108&sprefix=hair+drier%2Caps%2C70&sr=8-26,https://m.media-amazon.com/images/I/71RRkmjGoEL._AC_UL320_.jpg
"2000 Watt Negative Ionic Hair Dryer, ARDIRO Professional Salon Blow Dryer, Low Noise Fast Drying & Powerful AC Motor and Diffuser Comb for Men Women, Cool Hot Button,3 Heat & 2 Speed Settings- Green",$37.99,https://www.amazon.com/Negative-ARDIRO-Professional-Powerful-Settings/dp/B09L8C2J1J/ref=sr_1_27?crid=1ETD973V81N4Y&keywords=hair+drier&qid=1670362108&sprefix=hair+drier%2Caps%2C70&sr=8-27,https://m.media-amazon.com/images/I/61bYAhlK1XL._AC_UL320_.jpg
"Remington D3190 Damage Protection Hair Dryer with Ceramic + Ionic + Tourmaline Technology, Black, 3 Piece Set, 1 Count (Pack of 1)",$19.16,https://www.amazon.com/Remington-Protection-Ceramic-Tourmaline-Technology/dp/B00MMRFUG8/ref=sr_1_28?crid=1ETD973V81N4Y&keywords=hair+drier&qid=1670362108&sprefix=hair+drier%2Caps%2C70&sr=8-28,https://m.media-amazon.com/images/I/71ZyHPCc7wS._AC_UL320_.jpg
"Conair Hair Dryer with Retractable Cord, 1875W Cord-Keeper Blow Dryer",$16.79,https://www.amazon.com/Conair-1875-Watt-Cord-Keeper-Dryer/dp/B000E8PG98/ref=sr_1_29?crid=1ETD973V81N4Y&keywords=hair+drier&qid=1670362108&sprefix=hair+drier%2Caps%2C70&sr=8-29,https://m.media-amazon.com/images/I/7164oZSI-iL._AC_UL320_.jpg
Revlon Shine Booster Hair Dryer | 1875W Smooth Blowout and Maximum Volume,$31.83,https://www.amazon.com/Revlon-1875W-Volumizing-Hair-Dryer/dp/B000065DJY/ref=sr_1_30?crid=1ETD973V81N4Y&keywords=hair+drier&qid=1670362108&sprefix=hair+drier%2Caps%2C70&sr=8-30,https://m.media-amazon.com/images/I/51tpgvs6cCL._AC_UL320_.jpg
"Ionic Hair Dryer, Professional Salon 2000 Watt Blow Dryer, Ceramic Tourmaline Hairdryer with 2 Concentrator, UNIKARA Quiet Lightweight Hair Dryers for Women Men, 2 Speed 3 Heat Settings for Fast Dry",$29.99,https://www.amazon.com/Professional-Tourmaline-Concentrator-UNIKARA-Lightweight/dp/B0B15887VC/ref=sr_1_31?crid=1ETD973V81N4Y&keywords=hair+drier&qid=1670362108&sprefix=hair+drier%2Caps%2C70&sr=8-31,https://m.media-amazon.com/images/I/71BbZPJ5kSL._AC_UL320_.jpg
"1875w Professional Tourmaline Hair Dryer,Negative Ionic Salon Hair Blow Dryer,DC Motor Light Weight Low Noise Hair Dryers with Diffuser & Concentrator",$38.95,https://www.amazon.com/Professional-Tourmaline-Negative-Concentrator-Certified/dp/B07JGS4XYY/ref=sr_1_32?crid=1ETD973V81N4Y&keywords=hair+drier&qid=1670362108&sprefix=hair+drier%2Caps%2C70&sr=8-32,https://m.media-amazon.com/images/I/61NcIhJ+sQL._AC_UL320_.jpg
"Conair Travel Hair Dryer with Dual Voltage, 1600W Compact Hair Dryer with Folding Handle, Travel Blow Dryer",$14.99,https://www.amazon.com/gp/slredirect/picassoRedirect.html/ref=pa_sp_mtf_aps_sr_pg1_1?ie=UTF8&adId=A0720324R0DORGYLHA8F&qualifier=1670362108&id=573443064853691&widgetName=sp_mtf&url=%2FConair-Vagabond-Compact-Folding-Handle%2Fdp%2FB000094ZDX%2Fref%3Dsr_1_33_sspa%3Fcrid%3D1ETD973V81N4Y%26keywords%3Dhair%2Bdrier%26qid%3D1670362108%26sprefix%3Dhair%2Bdrier%252Caps%252C70%26sr%3D8-33-spons%26psc%3D1,https://m.media-amazon.com/images/I/71ndJke05RL._AC_UL320_.jpg
"INFINITIPRO BY CONAIR Hair Dryer with Diffuser, 1875W AC Motor Pro Hair Dryer with Ceramic Technology, Includes Diffuser and Concentrator, Black",$29.99,https://www.amazon.com/gp/slredirect/picassoRedirect.html/ref=pa_sp_mtf_aps_sr_pg1_1?ie=UTF8&adId=A02910381TZKRCCK9S1LT&qualifier=1670362108&id=573443064853691&widgetName=sp_mtf&url=%2FConair-INFINITIPRO-Motor-Dryer-Black%2Fdp%2FB07TT9XH98%2Fref%3Dsr_1_34_sspa%3Fcrid%3D1ETD973V81N4Y%26keywords%3Dhair%2Bdrier%26qid%3D1670362108%26sprefix%3Dhair%2Bdrier%252Caps%252C70%26sr%3D8-34-spons%26psc%3D1,https://m.media-amazon.com/images/I/71she6AUavL._AC_UL320_.jpg
"𝗜𝗻𝗳𝗿𝗮𝗿𝗲𝗱 𝗛𝗮𝗶𝗿 𝗗𝗿𝘆𝗲𝗿, Professional Salon Negative Ionic Blow Dryers for Fast Drying, Pro Ion Quiet Hairdryer with Diffuser & Concentrator & Comb",$59.98,https://www.amazon.com/gp/slredirect/picassoRedirect.html/ref=pa_sp_mtf_aps_sr_pg1_1?ie=UTF8&adId=A05143392M7I35POKMYA5&qualifier=1670362108&id=573443064853691&widgetName=sp_mtf&url=%2FInfrared-Professional-Negative-Diffuser-Concentrator%2Fdp%2FB07RM3KKXV%2Fref%3Dsr_1_35_sspa%3Fcrid%3D1ETD973V81N4Y%26keywords%3Dhair%2Bdrier%26qid%3D1670362108%26sprefix%3Dhair%2Bdrier%252Caps%252C70%26sr%3D8-35-spons%26psc%3D1,https://m.media-amazon.com/images/I/616lcAuGcFL._AC_UL320_.jpg
"CONFU 2200W Professional Hair Dryer, Compact Blow dryer, Negative ionic Hair Dryer With Diffuser And Concentrator, For Quick Drying, ETL Certified, Purple",$45.99,https://www.amazon.com/gp/slredirect/picassoRedirect.html/ref=pa_sp_mtf_aps_sr_pg1_1?ie=UTF8&adId=A08568342LRBPOBBRO3NR&qualifier=1670362108&id=573443064853691&widgetName=sp_mtf&url=%2FProfessional-Lightweight-Hairdryers-Concentrator-Certified%2Fdp%2FB07WRP6TPR%2Fref%3Dsr_1_36_sspa%3Fcrid%3D1ETD973V81N4Y%26keywords%3Dhair%2Bdrier%26qid%3D1670362108%26sprefix%3Dhair%2Bdrier%252Caps%252C70%26sr%3D8-36-spons%26psc%3D1,https://m.media-amazon.com/images/I/81sX2xVrfHL._AC_UL320_.jpg
Revlon 1875W Compact Folding Handle Hair Dryer | Great for Travel,$15.66,https://www.amazon.com/Revlon-1875W-Compact-Travel-Dryer/dp/B001AFFBCG/ref=sr_1_37?crid=1ETD973V81N4Y&keywords=hair+drier&qid=1670362108&sprefix=hair+drier%2Caps%2C70&sr=8-37,https://m.media-amazon.com/images/I/61MrB4xI+cL._AC_UL320_.jpg
"Hair Dryer, slopehill (Safety Upgraded) 1800W Professional Ionic Hairdryer for Hair Care, Powerful Hot/Cool Wind Blow Dryer, 3 Magnetic Attachments, ETL, UL and ALCI Safety Plug (Dark Grey)",$45.99,https://www.amazon.com/slopehill-Upgraded-Professional-Hairdryer-Attachments/dp/B089D6VBL4/ref=sr_1_38?crid=1ETD973V81N4Y&keywords=hair+drier&qid=1670362108&sprefix=hair+drier%2Caps%2C70&sr=8-38,https://m.media-amazon.com/images/I/61YVYb9P-EL._AC_UL320_.jpg
"Pro Ionic Salon Hair Dryer,Xpoliman Hair Blow Dryer,Powerful 2000 Watt with AC Motor,Quick Drying Salon Hairdryers with Diffuser Fast Drying Blow Dryer Lightweight Best Soft Touch Body -Green & Gold",$42.99,https://www.amazon.com/Xpoliman-Powerful-Hairdryers-Diffuser-Lightweight/dp/B08CF2VF17/ref=sr_1_39?crid=1ETD973V81N4Y&keywords=hair+drier&qid=1670362108&sprefix=hair+drier%2Caps%2C70&sr=8-39,https://m.media-amazon.com/images/I/61lwESDdsJL._AC_UL320_.jpg
"Drybar Double Shot Oval Blow Dryer Brush | Style, Dry, Brush in One Step (2.44 in)",$131.75,https://www.amazon.com/Drybar-Double-Shot-Blow-Dryer-Brush/dp/B083XFM9B7/ref=sr_1_40?crid=1ETD973V81N4Y&keywords=hair+drier&qid=1670362108&sprefix=hair+drier%2Caps%2C70&sr=8-40,https://m.media-amazon.com/images/I/61TkuTG9Z7L._AC_UL320_.jpg
"Revlon One-Step Hair Dryer and Styler | Detangle, Dry, and Smooth Hair, (Black)",$37.49,https://www.amazon.com/Revlon-One-Step-Hair-Dryer-Styler/dp/B013HJEA4C/ref=sr_1_41?crid=1ETD973V81N4Y&keywords=hair+drier&qid=1670362108&sprefix=hair+drier%2Caps%2C70&sr=8-41,https://m.media-amazon.com/images/I/71294eS9zJL._AC_UL320_.jpg
"Conair Travel Hair Dryer with Dual Voltage, 1875W Compact Hair Dryer with Folding Handle, Travel Blow Dryer",$16.99,https://www.amazon.com/Conair-Compact-Folding-Handle-Travel/dp/B0012DL8B4/ref=sr_1_42?crid=1ETD973V81N4Y&keywords=hair+drier&qid=1670362108&sprefix=hair+drier%2Caps%2C70&sr=8-42,https://m.media-amazon.com/images/I/71XK-we2b5L._AC_UL320_.jpg
"Dyson Supersonic Hair Dryer, Iron/Fuchsia (Renewed)",$437.95,https://www.amazon.com/Dyson-Supersonic-Dryer-Fuchsia-Renewed/dp/B07JBLHB37/ref=sr_1_43?crid=1ETD973V81N4Y&keywords=hair+drier&qid=1670362108&sprefix=hair+drier%2Caps%2C70&sr=8-43,https://m.media-amazon.com/images/I/61IkC9ohZ0L._AC_UL320_.jpg
HOT TOOLS Professional 2100 Ionic Anti-Static Hair Dryer,$29.99,https://www.amazon.com/TOOLS-Professional-1875W-Ionic-Anti-Static/dp/B00092M2X2/ref=sr_1_44?crid=1ETD973V81N4Y&keywords=hair+drier&qid=1670362108&sprefix=hair+drier%2Caps%2C70&sr=8-44,https://m.media-amazon.com/images/I/61j1A9hHxQL._AC_UL320_.jpg
"Revlon 1875W Smooth Brilliance AC Motor Hair Dryer | For Shiny, Smooth Hair",$26.99,https://www.amazon.com/Revlon-1875W-Smooth-Brilliance-Motor/dp/B07FQSPH3S/ref=sr_1_45?crid=1ETD973V81N4Y&keywords=hair+drier&qid=1670362108&sprefix=hair+drier%2Caps%2C70&sr=8-45,https://m.media-amazon.com/images/I/61kKVlBuO0L._AC_UL320_.jpg
"Ionic Hair Dryer, 1800W Blow Dryer with 3 Heating/2 Speed/Cold Settings, 2 Nozzles and 1 Diffuser, Fast Drying Hair Dryer, Constant Temperature Hair Care Without Damaging Hair for Travel, Home, Salon",$33.99,https://www.amazon.com/Settings-Diffuser-Constant-Temperature-Damaging/dp/B09WHLNRNJ/ref=sr_1_46?crid=1ETD973V81N4Y&keywords=hair+drier&qid=1670362108&sprefix=hair+drier%2Caps%2C70&sr=8-46,https://m.media-amazon.com/images/I/61pPwAUI4VL._AC_UL320_.jpg
"Conair Bonnet Hair Dryer, 1875W Pro Style Bonnet Ionic Hair Dryer",$67.99,https://www.amazon.com/Conair-Style-Bonnet-Dryer-White/dp/B0001B86HM/ref=sr_1_47?crid=1ETD973V81N4Y&keywords=hair+drier&qid=1670362108&sprefix=hair+drier%2Caps%2C70&sr=8-47,https://m.media-amazon.com/images/I/312VDEGHJWL._AC_UL320_.jpg
"KISS 1875 Watt Pro Tourmaline Ceramic Hair Dryer, 3 Heat Settings, 2 Speed Slide Switch, Cool Shot Button, 2 Detangler Combs, 1 Concentrator, 1 Diffuser, Removable Filter Cap & 4 Sectioning Clips",$24.95,https://www.amazon.com/1875W-Ceramic-Tourmaline-Dryer-Attachments/dp/B07VXJWSJ8/ref=sr_1_48?crid=1ETD973V81N4Y&keywords=hair+drier&qid=1670362108&sprefix=hair+drier%2Caps%2C70&sr=8-48,https://m.media-amazon.com/images/I/61UYaJePawL._AC_UL320_.jpg
"Ionic Hair Dryer, Portable Lightweight Diffuser Hair Dryer, Hair Blow Dryer with 2 Attachments Use for Curly/Wavy/Straighten Hair, Blow Dryer Fast Drying Ideal Chocie for Women and Girls Purple",$38.99,https://www.amazon.com/Portable-Lightweight-Diffuser-Concentrator-Control/dp/B0943C7V1H/ref=sr_1_49?crid=1ETD973V81N4Y&keywords=hair+drier&qid=1670362108&sprefix=hair+drier%2Caps%2C70&sr=8-49,https://m.media-amazon.com/images/I/71M79vWVt-L._AC_UL320_.jpg
Revlon Light & Fast Hair Dryer | 1875W Stunning Blowouts Easily and Comfortably,$29.99,https://www.amazon.com/Revlon-1875W-Lightweight-Fast-Dryer/dp/B07F5QP2HK/ref=sr_1_50?crid=1ETD973V81N4Y&keywords=hair+drier&qid=1670362108&sprefix=hair+drier%2Caps%2C70&sr=8-50,https://m.media-amazon.com/images/I/6105QhStSPS._AC_UL320_.jpg
"INFINITIPRO BY CONAIR Hair Dryer with Diffuser, 1875W AC Motor Pro Hair Dryer with Ceramic Technology, Includes Diffuser and Concentrator, Black",$29.99,https://www.amazon.com/Conair-INFINITIPRO-Motor-Dryer-Black/dp/B07TT9XH98/ref=sr_1_52?crid=1ETD973V81N4Y&keywords=hair+drier&qid=1670362108&sprefix=hair+drier%2Caps%2C70&sr=8-52,https://m.media-amazon.com/images/I/71she6AUavL._AC_UL320_.jpg
"Revlon Turbo Hair Dryer | 1875 Watts of Maximum Shine, Fast Dry (Silver)",$19.99,https://www.amazon.com/Revlon-1875W-Volumizing-Turbo-Dryer/dp/B0027SU9JU/ref=sr_1_53?crid=1ETD973V81N4Y&keywords=hair+drier&qid=1670362108&sprefix=hair+drier%2Caps%2C70&sr=8-53,https://m.media-amazon.com/images/I/71u+Bigyy7L._AC_UL320_.jpg
"1800W Professional Hair Dryer with Diffuser Ionic Conditioning - Powerful, Fast Hairdryer Blow Dryer,AC Motor Heat Hot and Cold Wind Constant Temperature Hair Care Without Damaging Hair",$42.99,https://www.amazon.com/1800W-Professional-Hair-Dryer-Diffuser-Conditioning/dp/B07P4D95MC/ref=sr_1_54?crid=1ETD973V81N4Y&keywords=hair+drier&qid=1670362108&sprefix=hair+drier%2Caps%2C70&sr=8-54,https://m.media-amazon.com/images/I/614B57zxgjL._AC_UL320_.jpg
"Revlon 1875W Titanium Hair Dryer, 1 Count (Pack of 1)",$24.50,https://www.amazon.com/Revlon-Salon-1875W-Titanium-Dryer/dp/B07TS94FLB/ref=sr_1_55?crid=1ETD973V81N4Y&keywords=hair+drier&qid=1670362108&sprefix=hair+drier%2Caps%2C70&sr=8-55,https://m.media-amazon.com/images/I/51EXykTU12L._AC_UL320_.jpg
Artist Hand Bonnet Hair Dryer Adjustable Professional Hood Dryer Stand Up Rolling Base with Wheels Salon Equipment,$129.99,https://www.amazon.com/Artist-Hand-Adjustable-Professional-Equipment/dp/B082SKF65H/ref=sr_1_56?crid=1ETD973V81N4Y&keywords=hair+drier&qid=1670362108&sprefix=hair+drier%2Caps%2C70&sr=8-56,https://m.media-amazon.com/images/I/61-EtSYdxAL._AC_UL320_.jpg
"Ionic Hair Dryer, CONFU 1800W Portable Lightweight Blow Dryer, Fast Drying Negative Ion Hairdryer Blowdryer, 3 Heat Settings & Infinity Speed, with Diffuser and Concentrator Nozzle for Home & Travel",$45.99,https://www.amazon.com/Portable-Lightweight-Hairdryer-Blowdryer-Concentrator/dp/B089SLN2DC/ref=sr_1_57?crid=1ETD973V81N4Y&keywords=hair+drier&qid=1670362108&sprefix=hair+drier%2Caps%2C70&sr=8-57,https://m.media-amazon.com/images/I/61w0ybVh7qL._AC_UL320_.jpg
"RUCHA Diffuser Hair Dryer, Compact Travel Hair Dryer Folding Handle, Ionic Blow Dryer Mini Reduce Frizz Without Damaging Hair",$39.99,https://www.amazon.com/gp/slredirect/picassoRedirect.html/ref=pa_sp_btf_aps_sr_pg1_1?ie=UTF8&adId=A02631193KCUNIAJUUGPM&qualifier=1670362108&id=573443064853691&widgetName=sp_btf&url=%2FRUCHA-Diffuser-Portable-Hairdryer-Professional%2Fdp%2FB09KSVV5BX%2Fref%3Dsr_1_58_sspa%3Fcrid%3D1ETD973V81N4Y%26keywords%3Dhair%2Bdrier%26qid%3D1670362108%26sprefix%3Dhair%2Bdrier%252Caps%252C70%26sr%3D8-58-spons%26psc%3D1,https://m.media-amazon.com/images/I/61KsHsKLGpL._AC_UL320_.jpg
Folding Hair Dryer Compact Blow Dryer Portable Professional Hair Dryer Negative Ionic Low Noise Hair Dryer 3 Heat Settings Lightweight Mini 8x7inch Hair Dryer for Men and Women,$21.99,https://www.amazon.com/gp/slredirect/picassoRedirect.html/ref=pa_sp_btf_aps_sr_pg1_1?ie=UTF8&adId=A0724976JAWE5ZT5I29M&qualifier=1670362108&id=573443064853691&widgetName=sp_btf&url=%2FInfrared-Professional-Negative-Settings-Lightweight%2Fdp%2FB07PJT7278%2Fref%3Dsr_1_59_sspa%3Fcrid%3D1ETD973V81N4Y%26keywords%3Dhair%2Bdrier%26qid%3D1670362108%26sprefix%3Dhair%2Bdrier%252Caps%252C70%26sr%3D8-59-spons%26psc%3D1,https://m.media-amazon.com/images/I/610ZlPjHTAL._AC_UL320_.jpg
"Ionic Hair Dryer, Professional Salon 2000 Watt Blow Dryer, Ceramic Tourmaline Hairdryer with 2 Concentrator, UNIKARA Quiet Lightweight Hair Dryers for Women Men, 2 Speed 3 Heat Settings for Fast Dry",$29.99,https://www.amazon.com/gp/slredirect/picassoRedirect.html/ref=pa_sp_btf_aps_sr_pg1_1?ie=UTF8&adId=A103140312534ADSWO2K6&qualifier=1670362108&id=573443064853691&widgetName=sp_btf&url=%2FProfessional-Tourmaline-Concentrator-UNIKARA-Lightweight%2Fdp%2FB0B15887VC%2Fref%3Dsr_1_60_sspa%3Fcrid%3D1ETD973V81N4Y%26keywords%3Dhair%2Bdrier%26qid%3D1670362108%26sprefix%3Dhair%2Bdrier%252Caps%252C70%26sr%3D8-60-spons%26psc%3D1,https://m.media-amazon.com/images/I/71BbZPJ5kSL._AC_UL320_.jpg
