item_name,price,link_to_item,link_to_item_image
"THE BLOOM TIMES 2 Pcs Fake Plants for Bathroom/Home Office Decor, Small Artificial Faux Greenery for House Decorations (Potted Plants)",$15.99,https://www.amazon.com/gp/slredirect/picassoRedirect.html/ref=pa_sp_atf_aps_sr_pg1_1?ie=UTF8&adId=A0630277VPMGWXG2WTMX&qualifier=1670362063&id=6936149068128504&widgetName=sp_atf&url=%2FBloom-Times-Bathroom-Artificial-Decorations%2Fdp%2FB07698CVNW%2Fref%3Dsr_1_1_sspa%3Fcrid%3D1ETD973V81N4Y%26keywords%3Dpotted%2Bplant%26qid%3D1670362063%26sprefix%3Dpotted%2Bplant%252Caps%252C70%26sr%3D8-1-spons%26psc%3D1,https://m.media-amazon.com/images/I/71mgHj-8PJL._AC_UL320_.jpg
CEWOR Set of 4 Artificial Plants Fake Mini Potted Plant Small Greenery Decor for Indoor Home Farmhouse Aesthetic Bedroom Shelf Office Desk Bathroom Decoration,$16.99,https://www.amazon.com/CEWOR-Artificial-Greenery-Eucalyptus-Centerpiece/dp/B08RMQG8NP/ref=sr_1_2?crid=1ETD973V81N4Y&keywords=potted+plant&qid=1670362063&sprefix=potted+plant%2Caps%2C70&sr=8-2,https://m.media-amazon.com/images/I/81-clhV1NmL._AC_UL320_.jpg
Der Rose 2 Packs Small Fake Plants Mini Artificial Potted Plants for Table Desk Home Bathroom Office Decor,$9.99,https://www.amazon.com/Rose-Plants-Artificial-Potted-Bathroom/dp/B099586RWJ/ref=sr_1_3?crid=1ETD973V81N4Y&keywords=potted+plant&qid=1670362063&sprefix=potted+plant%2Caps%2C70&sr=8-3,https://m.media-amazon.com/images/I/71IH2hkHsfL._AC_UL320_.jpg
Hopewood Fake Plants Indoor Small Artificial Eucalyptus Plants in White Pots for Bedroom Home Decor Faux Plants Decor,$23.99,https://www.amazon.com/Hopewood-Plants-Artificial-Eucalyptus-Bedroom/dp/B0919KS43J/ref=sr_1_4?crid=1ETD973V81N4Y&keywords=potted+plant&qid=1670362063&sprefix=potted+plant%2Caps%2C70&sr=8-4,https://m.media-amazon.com/images/I/81TbgvhxPSS._AC_UL320_.jpg
"Fake Potted Plants - Set of 4 Artificial Potted Flowers Faux Plants Lavender in Macaron Pot Plastic Flowers Bonsai for Indoor Outdoor Home Kitchen Office Desktop Wedding Decor -(Medium,10.5 inch)",$25.99,https://www.amazon.com/Fake-Potted-Plants-Artificial-Lavender/dp/B09TRBSQFY/ref=sr_1_5?crid=1ETD973V81N4Y&keywords=potted+plant&qid=1670362063&sprefix=potted+plant%2Caps%2C70&sr=8-5,https://m.media-amazon.com/images/I/81KmdH1SznL._AC_UL320_.jpg
Set of 2 Artificial Potted Plants Potted Eucalyptus Plant Artificial Grass in Modern Concrete Plant Pots Outdoor,$15.99,https://www.amazon.com/Artificial-Potted-Plants-Eucalyptus-Concrete/dp/B08DY2XKF6/ref=sr_1_6?crid=1ETD973V81N4Y&keywords=potted+plant&qid=1670362063&sprefix=potted+plant%2Caps%2C70&sr=8-6,https://m.media-amazon.com/images/I/71m4qe0hKAL._AC_UL320_.jpg
"Whonline Artificial Hanging Plants Small Fake Potted Plants, Faux Plants for Indoor Outdoor Aesthetic Office Living Room Shelf Decor (1 Pack)",$13.99,https://www.amazon.com/Whonline-Artificial-Hanging-Plants-Outdoor/dp/B091647KGL/ref=sr_1_7?crid=1ETD973V81N4Y&keywords=potted+plant&qid=1670362063&sprefix=potted+plant%2Caps%2C70&sr=8-7,https://m.media-amazon.com/images/I/71L7TLkkUfS._AC_UL320_.jpg
Der Rose 4 Packs Fake Plants Mini Artificial Greenery Potted Plants for Home Decor Indoor Office Table Room Farmhouse,$13.99,https://www.amazon.com/Rose-Artificial-Greenery-Bathroom-Farmhouse/dp/B099596F3B/ref=sr_1_8?crid=1ETD973V81N4Y&keywords=potted+plant&qid=1670362063&sprefix=potted+plant%2Caps%2C70&sr=8-8,https://m.media-amazon.com/images/I/71YUh1Ig0cL._AC_UL320_.jpg
"JPSOR Faux Plants Indoor, Pothos Small Fake Plants for Home Decor Indoor Fake Potted Plant Artificial Plants for Living Room Shelf Home Office Decor（White Ceramic Pot）",$21.99,https://www.amazon.com/JPSOR-Plants-Artificial-Decor%EF%BC%88White-Ceramic/dp/B09N6X4DM2/ref=sr_1_9?crid=1ETD973V81N4Y&keywords=potted+plant&qid=1670362063&sprefix=potted+plant%2Caps%2C70&sr=8-9,https://m.media-amazon.com/images/I/71UEGMkdjCL._AC_UL320_.jpg
2 Pack Small Potted Eucalyptus Plant Artificial Plants Green Boxwood Rosemary Greenery in Modern Concrete Plant Pots,$12.99,https://www.amazon.com/Eucalyptus-Artificial-Rosemary-Greenery-Concrete/dp/B08DY36C16/ref=sr_1_10?crid=1ETD973V81N4Y&keywords=potted+plant&qid=1670362063&sprefix=potted+plant%2Caps%2C70&sr=8-10,https://m.media-amazon.com/images/I/71aWPFgCrOL._AC_UL320_.jpg
Set of 3 Assorted Small Potted Succulent Plants Fake Aloe String of Pearls Hops Succulents in Gray Geometric Concrete Ceramic Pots for Gifts Modern Home Office Desk Table Indoor Outdoor Greenery Decor,$24.99,https://www.amazon.com/Assorted-Succulent-Succulents-Geometric-Concrete/dp/B09WYMMHMY/ref=sr_1_11?crid=1ETD973V81N4Y&keywords=potted+plant&qid=1670362063&sprefix=potted+plant%2Caps%2C70&sr=8-11,https://m.media-amazon.com/images/I/81LmY7MCg3L._AC_UL320_.jpg
"Mini Potted Plants Artificial Eucalyptus Boxwood Rosemary Greenery in Pots Faux Potted Herbs Small Houseplants 8.3""-9"" Tall for Indoor Greenery Tabletop Décor Centerpiece 3 Pack",$16.99,https://www.amazon.com/Winlyn-Artificial-Eucalyptus-Houseplants-Centerpiece/dp/B07XGL2Z26/ref=sr_1_12?crid=1ETD973V81N4Y&keywords=potted+plant&qid=1670362063&sprefix=potted+plant%2Caps%2C70&sr=8-12,https://m.media-amazon.com/images/I/717VMkUdVdL._AC_UL320_.jpg
Set of 3 Assorted Small Potted Plants Fake Eucalyptus Boxwood Plants and Aloe Succulent Plant in Gray Geometric Concrete Ceramic Pots for Gifts Home Kitchen Table Desk Indoor Outdoor Greenery Decor,$22.99,https://www.amazon.com/Assorted-Eucalyptus-Succulent-Geometric-Concrete/dp/B09TDPFM1B/ref=sr_1_13?crid=1ETD973V81N4Y&keywords=potted+plant&qid=1670362063&sprefix=potted+plant%2Caps%2C70&sr=8-13,https://m.media-amazon.com/images/I/81M4OdQ7NvL._AC_UL320_.jpg
Der Rose 2 Pack Fake Plants Artificial Potted Faux Plants for Office Desk Home Farmhouse Decor,$19.99,https://www.amazon.com/Plants-Artificial-Potted-Office-Farmhouse/dp/B087NDB9RK/ref=sr_1_14?crid=1ETD973V81N4Y&keywords=potted+plant&qid=1670362063&sprefix=potted+plant%2Caps%2C70&sr=8-14,https://m.media-amazon.com/images/I/71OoYyaIhoL._AC_UL320_.jpg
Mini Potted Artificial Plants Real Looking Plastic Fiddle Leaf Fig Plant with Rustic Black Cement Planter for House Office Desk Decor,$18.99,https://www.amazon.com/AlphaAcc-Artificial-Looking-Plastic-Planter/dp/B07VXCP1KQ/ref=sr_1_15?crid=1ETD973V81N4Y&keywords=potted+plant&qid=1670362063&sprefix=potted+plant%2Caps%2C70&sr=8-15,https://m.media-amazon.com/images/I/61ynNRCle3L._AC_UL320_.jpg
Winlyn Set of 3 Small Potted Plants Artificial Eucalyptus Rosemary Boxwood Plants in Black and White Geometric Pots for Table Centerpiece Kitchen Counter Windowsill Indoor Outdoor Garden Greens Decor,$22.99,https://www.amazon.com/Winlyn-Artificial-Eucalyptus-Centerpiece-Windowsill/dp/B09PG5YZ3V/ref=sr_1_16?crid=1ETD973V81N4Y&keywords=potted+plant&qid=1670362063&sprefix=potted+plant%2Caps%2C70&sr=8-16,https://m.media-amazon.com/images/I/81Ob3qJXwtL._AC_UL320_.jpg
JC nateva Small Fake Plants Mini Potted Artificial Plants Indoor for Home Office Farmhouse Kitchen Bathroom Table Decor,$19.99,https://www.amazon.com/gp/slredirect/picassoRedirect.html/ref=pa_sp_mtf_aps_sr_pg1_1?ie=UTF8&adId=A055422836KABY0M9FSHX&qualifier=1670362063&id=6936149068128504&widgetName=sp_mtf&url=%2FJC-nateva-Artificial-Farmhouse-Bathroom%2Fdp%2FB08GKS17SV%2Fref%3Dsr_1_17_sspa%3Fcrid%3D1ETD973V81N4Y%26keywords%3Dpotted%2Bplant%26qid%3D1670362063%26sprefix%3Dpotted%2Bplant%252Caps%252C70%26sr%3D8-17-spons%26psc%3D1,https://m.media-amazon.com/images/I/81rIkKZhoYL._AC_UL320_.jpg
"MOSADE Artificial Fiddle Leaf Fig Tree 50"" Fake Potted Ficus Lyrata Plant with Handmade Seagrass Basket, Perfect Faux Plants Home Décor for Indoor Outdoor Office Porch Balcony Bedroom Bathroom Gift",$65.99,https://www.amazon.com/gp/slredirect/picassoRedirect.html/ref=pa_sp_mtf_aps_sr_pg1_1?ie=UTF8&adId=A072611624X823PECEPAO&qualifier=1670362063&id=6936149068128504&widgetName=sp_mtf&url=%2FMOSADE-Artificial-Handmade-Seagrass-Bathroom%2Fdp%2FB09YKQJ4L9%2Fref%3Dsr_1_18_sspa%3Fcrid%3D1ETD973V81N4Y%26keywords%3Dpotted%2Bplant%26qid%3D1670362063%26sprefix%3Dpotted%2Bplant%252Caps%252C70%26sr%3D8-18-spons%26psc%3D1,https://m.media-amazon.com/images/I/61s1zr8FMFL._AC_UL320_.jpg
"Faux Plants Indoor 17"" Artificial Plants in Ceramic Pot Fake Potted Plants for Home Living Room Office Decor Bedroom Aesthetic, Briful",$36.99,https://www.amazon.com/gp/slredirect/picassoRedirect.html/ref=pa_sp_mtf_aps_sr_pg1_1?ie=UTF8&adId=A05475263NNK7NNNIDZZ6&qualifier=1670362063&id=6936149068128504&widgetName=sp_mtf&url=%2FArtificial-Decorative-Bathroom-Bedroom-Aesthetic%2Fdp%2FB09KXW55ZG%2Fref%3Dsr_1_19_sspa%3Fcrid%3D1ETD973V81N4Y%26keywords%3Dpotted%2Bplant%26qid%3D1670362063%26sprefix%3Dpotted%2Bplant%252Caps%252C70%26sr%3D8-19-spons%26psc%3D1,https://m.media-amazon.com/images/I/71aww2dk4RL._AC_UL320_.jpg
"MOSADE Artificial Palm Tree 37”Fake Potted Areca Palm Plant with Handmade Seagrass Basket, Perfect Faux Tree Home Décor for Indoor Outdoor Office Porch Balcony Bedroom Bathroom Gift",$54.99,https://www.amazon.com/gp/slredirect/picassoRedirect.html/ref=pa_sp_mtf_aps_sr_pg1_1?ie=UTF8&adId=A08497422QD0DX862T87L&qualifier=1670362063&id=6936149068128504&widgetName=sp_mtf&url=%2FMOSADE-Artificial-Handmade-Seagrass-Bathroom%2Fdp%2FB09LCNWRMT%2Fref%3Dsr_1_20_sspa%3Fcrid%3D1ETD973V81N4Y%26keywords%3Dpotted%2Bplant%26qid%3D1670362063%26sprefix%3Dpotted%2Bplant%252Caps%252C70%26sr%3D8-20-spons%26psc%3D1,https://m.media-amazon.com/images/I/81Pmg7ZWQuL._AC_UL320_.jpg
14 Pcs Assorted Artificial Succulents Fake Plants in Rectangular Wooden Pots Artificial Potted Succulents Plants Arrangement for Table Centerpiece Windowsill Shelf Mantel Tropical Greenery Decor,$28.99,https://www.amazon.com/Artificial-Arrangement-Succulents-Centerpiece-Windowsill/dp/B09GNF3KKZ/ref=sr_1_21?crid=1ETD973V81N4Y&keywords=potted+plant&qid=1670362063&sprefix=potted+plant%2Caps%2C70&sr=8-21,https://m.media-amazon.com/images/I/81OMSoYOSsL._AC_UL320_.jpg
"JC nateva 16"" Small Fake Plants Artificial Potted Faux Plants for Office Desk Shelf Bathroom Home Decor",$14.99,https://www.amazon.com/JC-nateva-Plants-Artificial-Bathroom/dp/B08GKD2MXW/ref=sr_1_22?crid=1ETD973V81N4Y&keywords=potted+plant&qid=1670362063&sprefix=potted+plant%2Caps%2C70&sr=8-22,https://m.media-amazon.com/images/I/71-7ozmx81L._AC_UL320_.jpg
NEW RUICHENG Mini Potted Artificial Eucalyptus Plants 3 Pack Set Gypsophila Rosemary Greenery in Pots Small Fake Plant Plastic Flower (Purple Green),$13.99,https://www.amazon.com/NEW-RUICHENG-Artificial-Lavender-Bathroom/dp/B07ZYHB6NW/ref=sr_1_23?crid=1ETD973V81N4Y&keywords=potted+plant&qid=1670362063&sprefix=potted+plant%2Caps%2C70&sr=8-23,https://m.media-amazon.com/images/I/51AOmHW9RVL._AC_UL320_.jpg
Winlyn 3 Pcs Small Potted Succulents Plants Artificial String of Pearls Aloe Hops Succulents in Black Geometric Concrete Pots for Gifts Modern Home Bathroom Window Table Indoor Outdoor Greenery Décor,$19.99,https://www.amazon.com/Winlyn-Succulents-Artificial-Geometric-Concrete/dp/B0BB71L1PV/ref=sr_1_24?crid=1ETD973V81N4Y&keywords=potted+plant&qid=1670362063&sprefix=potted+plant%2Caps%2C70&sr=8-24,https://m.media-amazon.com/images/I/81RV7mLQgqL._AC_UL320_.jpg
CEWOR 4 Packs Mini Potted Fake Plants Artificial Plastic Eucalyptus Potted Plants Greenery Centerpiece for Home Farmhouse Bathroom Office Desk Table Decor,$19.99,https://www.amazon.com/CEWOR-Artificial-Greenery-Eucalyptus-Centerpiece/dp/B08LYK4P62/ref=sr_1_25?crid=1ETD973V81N4Y&keywords=potted+plant&qid=1670362063&sprefix=potted+plant%2Caps%2C70&sr=8-25,https://m.media-amazon.com/images/I/819ZtDlIPML._AC_UL320_.jpg
Faux Plants Indoor - Fake Potted Pothos Plant for Home Decor Artificial Greenery with White Ceramic Planter for Bedroom Living Room Office Garden Table Shelf Decor,$18.99,https://www.amazon.com/Faux-Plants-Indoor-Artificial-Greenery/dp/B09VDJ48HK/ref=sr_1_26?crid=1ETD973V81N4Y&keywords=potted+plant&qid=1670362063&sprefix=potted+plant%2Caps%2C70&sr=8-26,https://m.media-amazon.com/images/I/71SEUGSdqfL._AC_UL320_.jpg
4pcs Small Fake Plants Potted Artificial Mini Fake Plant Set Greenery Evergreen Lotus Leaf Clover Luau Leaf for Desk Table Home Office Room Bedroom Decoration,$19.99,https://www.amazon.com/Artificial-Greenery-Evergreen-Bedroom-Decoration/dp/B09HC6B1DS/ref=sr_1_27?crid=1ETD973V81N4Y&keywords=potted+plant&qid=1670362063&sprefix=potted+plant%2Caps%2C70&sr=8-27,https://m.media-amazon.com/images/I/71LvUqh2TbL._AC_UL320_.jpg
"Kazeila 3 Pack Potted Fake Plants Artificial Snake Plant,Greenery Eucalyptus Leaves Plant and Flocked Sage Plant,Faux Desk Plants for Indoor Home Office Farmhouse Kitchen Bathroom Table Decor",$27.99,https://www.amazon.com/Kazeila-Artifical-Greenery-Eucalyptus-Farmhouse/dp/B0932WDDLD/ref=sr_1_28?crid=1ETD973V81N4Y&keywords=potted+plant&qid=1670362063&sprefix=potted+plant%2Caps%2C70&sr=8-28,https://m.media-amazon.com/images/I/71k8p2MrqKL._AC_UL320_.jpg
"Plainview Growers Succulent Plant 5.5 Inch, 1 EA",$10.99,https://www.amazon.com/Plainview-Growers-Plant-Succulent-Inch/dp/B07GF3ZSK6/ref=sr_1_29_f3_0o_wf?crid=1ETD973V81N4Y&keywords=potted+plant&qid=1670362063&sprefix=potted+plant%2Caps%2C70&sr=8-29,https://m.media-amazon.com/images/I/71DHB-m5xpL._AC_UL320_.jpg
"GUKJOB Metal Plant Stand, 19inch 2 Tier Tall Plant Stand Rack for Indoor Outdoor, Multiple Iron Flower Pot Stand Holder Potted Plant Shelf for Patio Garden Room Balcony Corner Kitchen (Black, 19"")",$17.99,https://www.amazon.com/GUKJOB-Outdoor-Multiple-Balcony-Kitchen/dp/B0BFQMWB9R/ref=sr_1_30?crid=1ETD973V81N4Y&keywords=potted+plant&qid=1670362063&sprefix=potted+plant%2Caps%2C70&sr=8-30,https://m.media-amazon.com/images/I/7127mqaWzZL._AC_UL320_.jpg
CEWOR 2pcs Artificial Hanging Plants 3.6ft Fake Ivy Vine Fake Ivy Leaves for Wall House Room Patio Indoor Outdoor Decor (No Baskets),$9.99,https://www.amazon.com/CEWOR-Artificial-Hanging-Wedding-Decoration/dp/B07RLW6XTH/ref=sr_1_31?crid=1ETD973V81N4Y&keywords=potted+plant&qid=1670362063&sprefix=potted+plant%2Caps%2C70&sr=8-31,https://m.media-amazon.com/images/I/81D5aL2Z+JL._AC_UL320_.jpg
"Costa Farms ZZ, Zamioculcas zamiifolia, Indoor Plant in Planter, Great Room Decor 12-Inches Tall, White-Natural Décor Planter",$19.58,https://www.amazon.com/Costa-Farms-ZZ-Zamioculcas-White-Natural/dp/B07RJYZ7W3/ref=sr_1_32?crid=1ETD973V81N4Y&keywords=potted+plant&qid=1670362063&sprefix=potted+plant%2Caps%2C70&sr=8-32,https://m.media-amazon.com/images/I/71R7HdJYeEL._AC_UL320_.jpg
"Fake Snake Plant 14"" Faux Potted Plant Artificial Snake Plant with White Ceramic Pot Sansevieria Plant Perfect for House Modern Living Room Office Housewarming Gift Indoor Decor",$31.99,https://www.amazon.com/gp/slredirect/picassoRedirect.html/ref=pa_sp_mtf_aps_sr_pg1_1?ie=UTF8&adId=A016742810U2PIMRK0JXJ&qualifier=1670362063&id=6936149068128504&widgetName=sp_mtf&url=%2FArtificial-Ceramic-Sansevieria-Perfect-Housewarming%2Fdp%2FB09KLJWVQD%2Fref%3Dsr_1_33_sspa%3Fcrid%3D1ETD973V81N4Y%26keywords%3Dpotted%2Bplant%26qid%3D1670362063%26sprefix%3Dpotted%2Bplant%252Caps%252C70%26sr%3D8-33-spons%26psc%3D1,https://m.media-amazon.com/images/I/61e-kBYcglL._AC_UL320_.jpg
"Kazeila Artificial Lemon Tree, 3 Feet Fake Lemon Plant, Pre Potted Faux Lemon Tree, Plastic Lemon Fruit Tree for Home Decor Living Room Office",$39.99,https://www.amazon.com/gp/slredirect/picassoRedirect.html/ref=pa_sp_mtf_aps_sr_pg1_1?ie=UTF8&adId=A05800262OGYT0GV75OPB&qualifier=1670362063&id=6936149068128504&widgetName=sp_mtf&url=%2FKazeila-Artificial-Potted-Plastic-Living%2Fdp%2FB09PFS3C2K%2Fref%3Dsr_1_34_sspa%3Fcrid%3D1ETD973V81N4Y%26keywords%3Dpotted%2Bplant%26qid%3D1670362063%26sprefix%3Dpotted%2Bplant%252Caps%252C70%26sr%3D8-34-spons%26psc%3D1,https://m.media-amazon.com/images/I/71FpgZDAI+L._AC_UL320_.jpg
"Costa Farms Pachira, Money Tree, Live Indoor Plant 3-4 Feet Tall, in Decor Planter",$41.61,https://www.amazon.com/gp/slredirect/picassoRedirect.html/ref=pa_sp_mtf_aps_sr_pg1_1?ie=UTF8&adId=A09332482827MQHBZ2YP1&qualifier=1670362063&id=6936149068128504&widgetName=sp_mtf&url=%2FCosta-Farms-Pachira-White-Natural-Planter%2Fdp%2FB093QLCMQS%2Fref%3Dsr_1_35_sspa%3Fcrid%3D1ETD973V81N4Y%26keywords%3Dpotted%2Bplant%26qid%3D1670362063%26sprefix%3Dpotted%2Bplant%252Caps%252C70%26sr%3D8-35-spons%26psc%3D1,https://m.media-amazon.com/images/I/71jcQl7p7YL._AC_UL320_.jpg
"Artificial Potted Plant, Real Touch Artificial Oak Leaves Waterproof Fake Plants Indoor Outdoor, Eco Friendly Modern Concrete Greenery Plant Pots for Office Home Kitchen Shelf Farmhouse Decor",$19.99,https://www.amazon.com/gp/slredirect/picassoRedirect.html/ref=pa_sp_mtf_aps_sr_pg1_1?ie=UTF8&adId=A064166137OOKGSFYXL8J&qualifier=1670362063&id=6936149068128504&widgetName=sp_mtf&url=%2FArtificial-Waterproof-Friendly-Concrete-Farmhouse%2Fdp%2FB094HWYNGK%2Fref%3Dsr_1_36_sspa%3Fcrid%3D1ETD973V81N4Y%26keywords%3Dpotted%2Bplant%26qid%3D1670362063%26sprefix%3Dpotted%2Bplant%252Caps%252C70%26sr%3D8-36-spons%26psc%3D1,https://m.media-amazon.com/images/I/71nhET0PFrS._AC_UL320_.jpg
"Plainview Growers Jade in Stone Pot 6 Inch, 1 EA",$10.99,https://www.amazon.com/Plainview-Growers-Plant-Peperomia/dp/B07G2D1XQF/ref=sr_1_37_f3_0o_wf?crid=1ETD973V81N4Y&keywords=potted+plant&qid=1670362063&sprefix=potted+plant%2Caps%2C70&sr=8-37,https://m.media-amazon.com/images/I/71TAfaa8xyL._AC_UL320_.jpg
"Costa Farms Cat Palm, Chamaedorea Palm Tree, Live Indoor Plant, 3 to 4-Feet Tall, Ships with Décor Planter, Fresh From Our Farm, Excellent Gift",$35.76,https://www.amazon.com/Costa-Farms-Chamaedorea-Planter-Excellent/dp/B07BC5X4RM/ref=sr_1_38?crid=1ETD973V81N4Y&keywords=potted+plant&qid=1670362063&sprefix=potted+plant%2Caps%2C70&sr=8-38,https://m.media-amazon.com/images/I/71IWAh8wLML._AC_UL320_.jpg
"Kitypartsy Orchid Sphagnum Moss,3QT Dried Forest Moss Potting Mix for Potted Plants Moisture Repotting Orchid Soil Medium,Natural Carnivorous Plant Moss for Reptiles, Terrarium Decor & Crafts",$14.99,https://www.amazon.com/Kitypartsy-Sphagnum-Repotting-Carnivorous-Terrarium/dp/B0B76D3V5R/ref=sr_1_39?crid=1ETD973V81N4Y&keywords=potted+plant&qid=1670362063&sprefix=potted+plant%2Caps%2C70&sr=8-39,https://m.media-amazon.com/images/I/91sPjmBmabL._AC_UL320_.jpg
"Pisol Moss Pole for Plants Monstera, Bendable Plant Sticks Support, Plant Stakes for Indoor Potted Plant, 25'' Coco Coir Pole Plant Support for Sphagnum, Pothos and Other Climbing Plants(2 PCS)",$11.95,https://www.amazon.com/Pisol-Pole-Plant-Coco-Coir/dp/B0BCQZ69SP/ref=sr_1_40?crid=1ETD973V81N4Y&keywords=potted+plant&qid=1670362063&sprefix=potted+plant%2Caps%2C70&sr=8-40,https://m.media-amazon.com/images/I/71TInK-vwfL._AC_UL320_.jpg
"Whole Foods Market Tulips 10 Stem, 1 EA",$7.99,https://www.amazon.com/Whole-Foods-Market-Tulips-Stem/dp/B07G2N7FSR/ref=sr_1_41_f3_0o_wf_mod_primary_alm?crid=1ETD973V81N4Y&keywords=potted+plant&qid=1670362063&sbo=m6DjfpMzMLDmL8pSMKX8hw%3D%3D&sprefix=potted+plant%2Caps%2C70&sr=8-41,https://m.media-amazon.com/images/I/71NAIpYiWlS._AC_UL320_.jpg
BACAMA Hanging Plants Artificial Decor Fake Potted Trailing Vines Lifelike Greenery for New Home Decoration 1PCS Light Green,$11.56,https://www.amazon.com/BACAMA-Artificial-Trailing-Lifelike-Decoration/dp/B09HVCGKH7/ref=sr_1_42?crid=1ETD973V81N4Y&keywords=potted+plant&qid=1670362063&sprefix=potted+plant%2Caps%2C70&sr=8-42,https://m.media-amazon.com/images/I/61phQcCI7CL._AC_UL320_.jpg
Lemonfilter 6 Pack Mini Potted Artificial Plants Fake Small Greenery Plastic Faux Red and Green Grass Potted Plants Decorative Fake Plant for House Office Balcony Desk Bathroom Decoration (7-11CM),$16.99,https://www.amazon.com/Lemonfilter-Artificial-Greenery-Decorative-Decoration/dp/B0B81PJ4GL/ref=sr_1_43?crid=1ETD973V81N4Y&keywords=potted+plant&qid=1670362063&sprefix=potted+plant%2Caps%2C70&sr=8-43,https://m.media-amazon.com/images/I/71jwSM1D9eL._AC_UL320_.jpg
"Plant Poles for Potted Plants Indoor, SunKrop 2 Pack 39.4"" Stackable Twig Trellis for Outdoor Plants, Plant Holder Stick for Monstera Hoya Pothos Flowers Stakes Garden Rods Plant Support Structures",$10.99,https://www.amazon.com/Plant-SunKrop-Twig-Stakes-Support/dp/B0BGHPQ1GG/ref=sr_1_44?crid=1ETD973V81N4Y&keywords=potted+plant&qid=1670362063&sprefix=potted+plant%2Caps%2C70&sr=8-44,https://m.media-amazon.com/images/I/71rW9Fc6pkL._AC_UL320_.jpg
"JPSOR Faux Plants Indoor, Artificial Plants for Home Decor Small Fake Plant Fake Potted Plants Faux Pothos with Black Plastic Pot for Outdoor Living Room Bedroom Office Garden",$18.99,https://www.amazon.com/JPSOR-Artificial-Plastic-Outdoor-Bedroom/dp/B09N6NXNGW/ref=sr_1_45?crid=1ETD973V81N4Y&keywords=potted+plant&qid=1670362063&sprefix=potted+plant%2Caps%2C70&sr=8-45,https://m.media-amazon.com/images/I/71UpNZAgWzL._AC_UL320_.jpg
Bamworld Plant Stand Indoor Plant Stands Wood Outdoor Tiered Plant Shelf for Multiple Plants 3 Tiers 7 Potted Ladder Plant Holder Table Plant Pot Stand for Window Garden Balcony Living Room Gifts for Christmas,$27.99,https://www.amazon.com/Bamworld-Stands-Outdoor-Multiple-Balcony/dp/B09234GQXV/ref=sr_1_46?crid=1ETD973V81N4Y&keywords=potted+plant&qid=1670362063&sprefix=potted+plant%2Caps%2C70&sr=8-46,https://m.media-amazon.com/images/I/71cF+BUsZoS._AC_UL320_.jpg
"LuckyGreenery Artificial Scindapsus Aureus, Realistic Fake Plant with Plastic Pot for Home Office Garden Decoration(8in H)",$24.99,https://www.amazon.com/LuckyGreenery-Artificial-Scindapsus-Realistic-Decoration/dp/B08CD9CRVP/ref=sr_1_47?crid=1ETD973V81N4Y&keywords=potted+plant&qid=1670362063&sprefix=potted+plant%2Caps%2C70&sr=8-47,https://m.media-amazon.com/images/I/81lGkRRkOaL._AC_UL320_.jpg
"Lavender Christmas Cactus Plant-Zygocactus - 4"" Pot",$15.00,https://www.amazon.com/Lavender-Christmas-Cactus-Plant-Zygocactus-Pot/dp/B0BJ4L1V3D/ref=sr_1_48?crid=1ETD973V81N4Y&keywords=potted+plant&qid=1670362063&sprefix=potted+plant%2Caps%2C70&sr=8-48,https://m.media-amazon.com/images/I/413g1koQyFL._AC_UL320_.jpg
"LELEE Artificial Potted Plants Mini Fake Plants, 4 Pack Small Eucalyptus Potted Faux Decorative Grass Plant with Black Plastic Pot for Home Decor, Indoor, Office, Desk, Table Decoration",$21.96,https://www.amazon.com/LELEE-Artificial-Eucalyptus-Decorative-Decoration/dp/B09GXW6MF5/ref=sr_1_49?crid=1ETD973V81N4Y&keywords=potted+plant&qid=1670362063&sprefix=potted+plant%2Caps%2C70&sr=8-49,https://m.media-amazon.com/images/I/71xopmcTAYL._AC_UL320_.jpg
"17OZ Fake Moss for Crafts - Artificial Moss for Potted Plants, Natrual Moss for Fake Plants Indoor Micro-Landscape Terrarium Decor, Forest Moss for Hamsters",$19.99,https://www.amazon.com/17OZ-Fake-Moss-Crafts-Micro-Landscape/dp/B0B1Q61TJ7/ref=sr_1_50?crid=1ETD973V81N4Y&keywords=potted+plant&qid=1670362063&sprefix=potted+plant%2Caps%2C70&sr=8-50,https://m.media-amazon.com/images/I/91hTlh+OOnL._AC_UL320_.jpg
"Floral Roses 16 Stem, 1 EA",$10.99,https://www.amazon.com/Floral-Roses-16-Stem-EA/dp/B07GDGYC86/ref=sr_1_51_f3_0o_wf?crid=1ETD973V81N4Y&keywords=potted+plant&qid=1670362063&sprefix=potted+plant%2Caps%2C70&sr=8-51,https://m.media-amazon.com/images/I/61uJnBCFnJL._AC_UL320_.jpg
Set of 3 Small Potted Plants Faux Eucalyptus Plants and Tropical Snake Plant in Geometric Gray Pots for Modern Bathroom Office Table Shelf Windowsill Home Indoor Outdoor Green Décor,$19.99,https://www.amazon.com/Eucalyptus-Tropical-Geometric-Bathroom-Windowsill/dp/B0B744JTKW/ref=sr_1_52?crid=1ETD973V81N4Y&keywords=potted+plant&qid=1670362063&sprefix=potted+plant%2Caps%2C70&sr=8-52,https://m.media-amazon.com/images/I/71jD2rHgkCL._AC_UL320_.jpg
4 Packs Artificial Plants - Faux Plants for Home - for Office - Desk Farmhouse Room Decor - Mini Potted Greenery Decor - Bonus Gold Self Adhesive Ribbon,$17.99,https://www.amazon.com/Packs-Artificial-Plants-Farmhouse-Greenery/dp/B0BB3FFVS2/ref=sr_1_53?crid=1ETD973V81N4Y&keywords=potted+plant&qid=1670362063&sprefix=potted+plant%2Caps%2C70&sr=8-53,https://m.media-amazon.com/images/I/91TJIaUjVSL._AC_UL320_.jpg
"PLAINVIEW GROWERS Succulent Plant in Ceramic Pot 3IN, 1 EA",$4.99,https://www.amazon.com/Plainview-Growers-Plant-Succulent-Ceramic/dp/B07D6P1PXN/ref=sr_1_54_f3_0o_wf?crid=1ETD973V81N4Y&keywords=potted+plant&qid=1670362063&sprefix=potted+plant%2Caps%2C70&sr=8-54,https://m.media-amazon.com/images/I/71b9Ep1TDML._AC_UL320_.jpg
"HiGift 10 Pack 18 inch Plant Stakes and Supports, Metal Flower Stakes for Potted Plant Indoor, Garden Stakes for Tall Plant Single Stem Flowers Amaryllis Tomatoes Peony Lily Rose (45 cm Long)",$18.99,https://www.amazon.com/HiGift-Support-Flowers-Amaryllis-Tomatoes/dp/B081SKFFDX/ref=sr_1_55?crid=1ETD973V81N4Y&keywords=potted+plant&qid=1670362063&sprefix=potted+plant%2Caps%2C70&sr=8-55,https://m.media-amazon.com/images/I/71MwJTsaEYL._AC_UL320_.jpg
"Costa Farms Money Tree Pachira, Medium Ships in Premium Ceramic Planter, 16-Inches Tall, Gift",$33.27,https://www.amazon.com/Costa-Farms-Pachira-Premium-16-Inches/dp/B07G853D6N/ref=sr_1_56?crid=1ETD973V81N4Y&keywords=potted+plant&qid=1670362063&sprefix=potted+plant%2Caps%2C70&sr=8-56,https://m.media-amazon.com/images/I/61Z7MIiDe9L._AC_UL320_.jpg
HC STAR Artificial Plant Potted Mini Fake Plant Decorative Lifelike Flower Green Plants,$12.99,https://www.amazon.com/HC-STAR-Artificial-Decorative-Lifelike/dp/B08B3RXDFP/ref=sr_1_57?crid=1ETD973V81N4Y&keywords=potted+plant&qid=1670362063&sprefix=potted+plant%2Caps%2C70&sr=8-57,https://m.media-amazon.com/images/I/61XQ6GjqekL._AC_UL320_.jpg
"Kurrajong Farmhouse 8"" x 4.5"" Artificial Plant in Pot | Beautiful Faux Plant for Bedroom Decor | Fake Plant for Shelf Decor | Realistic Faux Succulent for Desk Decor | Artificial Succulent Plant",$27.95,https://www.amazon.com/gp/slredirect/picassoRedirect.html/ref=pa_sp_btf_aps_sr_pg1_1?ie=UTF8&adId=A064561621JXMSPCFPHS7&qualifier=1670362063&id=6936149068128504&widgetName=sp_btf&url=%2FKurrajong-Farmhouse-Artificial-Concrete-Beautiful%2Fdp%2FB07RV7RK9Y%2Fref%3Dsr_1_58_sspa%3Fcrid%3D1ETD973V81N4Y%26keywords%3Dpotted%2Bplant%26qid%3D1670362063%26sprefix%3Dpotted%2Bplant%252Caps%252C70%26sr%3D8-58-spons%26psc%3D1,https://m.media-amazon.com/images/I/41-arUCex2L._AC_UL320_.jpg
Der Rose Mini Potted Fake Plants Artificial Small Eucalyptus Plants for Home Office Desk Farmhouse Decor,$16.99,https://www.amazon.com/gp/slredirect/picassoRedirect.html/ref=pa_sp_btf_aps_sr_pg1_1?ie=UTF8&adId=A024333610OPJVE3Z37XU&qualifier=1670362063&id=6936149068128504&widgetName=sp_btf&url=%2FPotted-Plants-Artificial-Eucalyptus-Decoration%2Fdp%2FB07VVNHXQN%2Fref%3Dsr_1_59_sspa%3Fcrid%3D1ETD973V81N4Y%26keywords%3Dpotted%2Bplant%26qid%3D1670362063%26sprefix%3Dpotted%2Bplant%252Caps%252C70%26sr%3D8-59-spons%26psc%3D1,https://m.media-amazon.com/images/I/812H3J42FSL._AC_UL320_.jpg
LADADA Artificial Flower Hydrangea and Small CeramicVase Fake Plant Eucalyptus Leaf Berry Flower Arrangement for Home Decoration (White),$18.99,https://www.amazon.com/gp/slredirect/picassoRedirect.html/ref=pa_sp_btf_aps_sr_pg1_1?ie=UTF8&adId=A0581163399I59YW91YR5&qualifier=1670362063&id=6936149068128504&widgetName=sp_btf&url=%2FLADADA-Artificial-CeramicVase-Eucalyptus-Arrangement%2Fdp%2FB08YDCWK5M%2Fref%3Dsr_1_60_sspa%3Fcrid%3D1ETD973V81N4Y%26keywords%3Dpotted%2Bplant%26qid%3D1670362063%26sprefix%3Dpotted%2Bplant%252Caps%252C70%26sr%3D8-60-spons%26psc%3D1,https://m.media-amazon.com/images/I/51nXd-u5DNL._AC_UL320_.jpg
