item_name,price,link_to_item,link_to_item_image
"Amazon Basics Stainless Steel Dinner Forks with Round Edge, Pack of 12",$11.69,https://www.amazon.com/gp/slredirect/picassoRedirect.html/ref=pa_sp_atf_aps_sr_pg1_1?ie=UTF8&adId=A0899060OOOO55Y68VNE&qualifier=1670362026&id=1843507979743147&widgetName=sp_atf&url=%2FAmazonBasics-Stainless-Steel-Kitchen-Dinner%2Fdp%2FB0736W5XNB%2Fref%3Dsr_1_1_sspa%3Fcrid%3D1ETD973V81N4Y%26keywords%3Dfork%26qid%3D1670362026%26sprefix%3Dfork%252Caps%252C70%26sr%3D8-1-spons%26psc%3D1,https://m.media-amazon.com/images/I/71Wwbxe8+EL._AC_UL320_.jpg
"16 Piece Dinner Forks Set,Top Food Grade Extra-Fine Stainless Steel Forks with Squared Handle,Forks Silverware,Metal Forks for Home Kitchen Restaurant Hotel,8 Inches,Mirror Finish & Dishwasher Safe",$12.99,https://www.amazon.com/gp/slredirect/picassoRedirect.html/ref=pa_sp_atf_aps_sr_pg1_1?ie=UTF8&adId=A0387337315HC8L5DGG0O&qualifier=1670362026&id=1843507979743147&widgetName=sp_atf&url=%2FExtra-Fine-Stainless-Flatware-Restaurant-Dishwasher%2Fdp%2FB08CRKHCPB%2Fref%3Dsr_1_2_sspa%3Fcrid%3D1ETD973V81N4Y%26keywords%3Dfork%26qid%3D1670362026%26sprefix%3Dfork%252Caps%252C70%26sr%3D8-2-spons%26psc%3D1,https://m.media-amazon.com/images/I/61mf8+C5TbL._AC_UL320_.jpg
"16 Pcs Dinner Forks, Forks Silverware 8"", Food-Grade Stainless Steel Forks Set, Metal Forks for Eating, Flatware Table Forks, Mirror Polished, Dishwasher Safe",$13.59,https://www.amazon.com/gp/slredirect/picassoRedirect.html/ref=pa_sp_atf_aps_sr_pg1_1?ie=UTF8&adId=A02241152YLKX5HGLW6CI&qualifier=1670362026&id=1843507979743147&widgetName=sp_atf&url=%2FStainless-Silverware-Restaurant-Polished-Dishwasher%2Fdp%2FB09MHP5H8H%2Fref%3Dsr_1_3_sspa%3Fcrid%3D1ETD973V81N4Y%26keywords%3Dfork%26qid%3D1670362026%26sprefix%3Dfork%252Caps%252C70%26sr%3D8-3-spons%26psc%3D1,https://m.media-amazon.com/images/I/61B0PKeUJaL._AC_UL320_.jpg
"Hiware 12-Piece Forks Silverware Set, Food-Grade Stainless Steel Dinner Forks, Mirror Polished, Dishwasher Safe - 8 Inch",$10.18,https://www.amazon.com/gp/slredirect/picassoRedirect.html/ref=pa_sp_atf_aps_sr_pg1_1?ie=UTF8&adId=A0695045CGYQ63I1QKDH&qualifier=1670362026&id=1843507979743147&widgetName=sp_atf&url=%2FSilverware-Extra-Fine-Stainless-Restaurant-Dishwasher%2Fdp%2FB01G8HUH8S%2Fref%3Dsr_1_4_sspa%3Fcrid%3D1ETD973V81N4Y%26keywords%3Dfork%26qid%3D1670362026%26sprefix%3Dfork%252Caps%252C70%26sr%3D8-4-spons%26psc%3D1,https://m.media-amazon.com/images/I/61U4tatR8HL._AC_UL320_.jpg
"Forks,Set of 6 Top Food Grade Stainless Steel Forks Silverware Set, Dinner Forks, Flatware Forks,Cutlery Forks,8 Inches, Mirror Polished & Dishwasher Safe",$5.99,https://www.amazon.com/Forks-Stainless-Silverware-Flatware-Dishwasher/dp/B09Y28F8MJ/ref=sr_1_5?crid=1ETD973V81N4Y&keywords=fork&qid=1670362026&sprefix=fork%2Caps%2C70&sr=8-5,https://m.media-amazon.com/images/I/71xq17gerNL._AC_UL320_.jpg
"Amazon Basics Stainless Steel Dinner Forks with Round Edge, Pack of 12",$11.69,https://www.amazon.com/AmazonBasics-Stainless-Steel-Kitchen-Dinner/dp/B0736W5XNB/ref=sr_1_6?crid=1ETD973V81N4Y&keywords=fork&qid=1670362026&sprefix=fork%2Caps%2C70&sr=8-6,https://m.media-amazon.com/images/I/71Wwbxe8+EL._AC_UL320_.jpg
"Hiware 12-Piece Forks Silverware Set, Food-Grade Stainless Steel Dinner Forks, Mirror Polished, Dishwasher Safe - 8 Inch",$10.18,https://www.amazon.com/Silverware-Extra-Fine-Stainless-Restaurant-Dishwasher/dp/B01G8HUH8S/ref=sr_1_7?crid=1ETD973V81N4Y&keywords=fork&qid=1670362026&sprefix=fork%2Caps%2C70&sr=8-7,https://m.media-amazon.com/images/I/61U4tatR8HL._AC_UL320_.jpg
"24 Pieces Dinner Forks Set (7.1 inch), Unokit Silver Stainless Steel Dinner Forks Set of 24, Forks Silverware, Flatware Forks for Home, Kitchen or Restaurant - Mirror Polished, Dishwasher Safe ",$15.99,https://www.amazon.com/Unokit-Stainless-Silverware-Flatware-Restaurant/dp/B09V2X2G4T/ref=sr_1_8?crid=1ETD973V81N4Y&keywords=fork&qid=1670362026&sprefix=fork%2Caps%2C70&sr=8-8,https://m.media-amazon.com/images/I/719+U+UBZ1L._AC_UL320_.jpg
"24-piece Forks and Spoons Silverware Set, Food Grade Stainless Steel Flatware Cutlery Set for Home, Kitchen and Restaurant, Mirror Polished, Dishwasher Safe",$19.99,https://www.amazon.com/24-piece-Silverware-Stainless-Restaurant-Dishwasher/dp/B093PQWG87/ref=sr_1_9?crid=1ETD973V81N4Y&keywords=fork&qid=1670362026&sprefix=fork%2Caps%2C70&sr=8-9,https://m.media-amazon.com/images/I/718OY16srRS._AC_UL320_.jpg
"POSATE Heavy Weight Plastic Forks, Clear Disposable, 100 Count",$13.80,https://www.amazon.com/Heavy-Weight-Plastic-Forks-Disposable/dp/B085T6685R/ref=sr_1_10?crid=1ETD973V81N4Y&keywords=fork&qid=1670362026&sprefix=fork%2Caps%2C70&sr=8-10,https://m.media-amazon.com/images/I/61hLsGFvYTL._AC_UL320_.jpg
"Amazon Basics Stainless Steel Dinner Forks with Scalloped Edge, Pack of 12",$11.24,https://www.amazon.com/AmazonBasics-Stainless-Kitchen-Dinner-Scalloped/dp/B0736T6DCP/ref=sr_1_11?crid=1ETD973V81N4Y&keywords=fork&qid=1670362026&sprefix=fork%2Caps%2C70&sr=8-11,https://m.media-amazon.com/images/I/710lCkIY3RL._AC_UL320_.jpg
"Bistras Dinner Forks, Stainless Steel Table Forks, Flatware (Set of 12) (Forks)",$6.70,https://www.amazon.com/Bistras-Dinner-Forks-Stainless-Flatware/dp/B09M4G4H8W/ref=sr_1_12?crid=1ETD973V81N4Y&keywords=fork&qid=1670362026&sprefix=fork%2Caps%2C70&sr=8-12,https://m.media-amazon.com/images/I/614bsV6KzcL._AC_UL320_.jpg
"World Centric Corn Starch Forks, 24Count, 24 Count (Pack of 1),",$3.79,https://www.amazon.com/World-Centric-FO-PS-R-P-Compostable-Retail/dp/B003FUPCT6/ref=sr_1_13_f3_0o_wf?crid=1ETD973V81N4Y&keywords=fork&qid=1670362026&sprefix=fork%2Caps%2C70&sr=8-13,https://m.media-amazon.com/images/I/61xgjIFSO2L._AC_UL320_.jpg
"Kitware 12 Pices Fork and Spoons Silverware Set for 6, Stainless Steel Flatware Cutlery, Mirror Polished Kitchen Utensil for Home, Outdoor, Hiking, BBQ",$6.79,https://www.amazon.com/Kitware-Silverware-Stainless-Flatware-Polished/dp/B09W5TWFT6/ref=sr_1_14?crid=1ETD973V81N4Y&keywords=fork&qid=1670362026&sprefix=fork%2Caps%2C70&sr=8-14,https://m.media-amazon.com/images/I/71xDfL6S-3L._AC_UL320_.jpg
"400 Pack Extra Heavyweight Disposable White Plastic Forks - Heavy Duty White Cutlery-Utensils, Parties, Dinners, Catering Services, Family Gatherings",$27.99,https://www.amazon.com/Extra-Heavyweight-Disposable-White-Plastic/dp/B07WV49W8G/ref=sr_1_15?crid=1ETD973V81N4Y&keywords=fork&qid=1670362026&sprefix=fork%2Caps%2C70&sr=8-15,https://m.media-amazon.com/images/I/61Smca4wuWL._AC_UL320_.jpg
Plasticpro Cutlery Plastic Forks Medium Weight Disposable Silverware White (1000 Count),$19.99,https://www.amazon.com/Plasticpro-Cutlery-Plastic-Disposable-Silverware/dp/B07KF57NR8/ref=sr_1_16?crid=1ETD973V81N4Y&keywords=fork&qid=1670362026&sprefix=fork%2Caps%2C70&sr=8-16,https://m.media-amazon.com/images/I/51PiTsq3a0L._AC_UL320_.jpg
"Kyraton Gold Dinner Fork 6 Pieces, Stainless Steel 8.17 Inch Forks Gold Titanium Plating Wedding Silverware, Gold Forks Set of 6",$9.99,https://www.amazon.com/gp/slredirect/picassoRedirect.html/ref=pa_sp_mtf_aps_sr_pg1_1?ie=UTF8&adId=A00277512GTR6VOAS2AZH&qualifier=1670362026&id=1843507979743147&widgetName=sp_mtf&url=%2FKyraton-Stainless-Titanium-Plating-Silverware%2Fdp%2FB086RKX43F%2Fref%3Dsr_1_17_sspa%3Fcrid%3D1ETD973V81N4Y%26keywords%3Dfork%26qid%3D1670362026%26sprefix%3Dfork%252Caps%252C70%26sr%3D8-17-spons%26psc%3D1,https://m.media-amazon.com/images/I/71AU6IZjOEL._AC_UL320_.jpg
"KINGSTONE Dinner Forks Set of 12, 8-Inch 18/10 Stainless Steel Forks Cutlery Table Forks for Home, Kitchen & Restaurant, Dishwasher Safe (Dinner Forks Set, 12-Piece)",$25.99,https://www.amazon.com/gp/slredirect/picassoRedirect.html/ref=pa_sp_mtf_aps_sr_pg1_1?ie=UTF8&adId=A01419171ZXKRR2VQR8AR&qualifier=1670362026&id=1843507979743147&widgetName=sp_mtf&url=%2FKINGSTONE-Flatware-Stainless-Steel-12pcs%2Fdp%2FB09NBG5TVX%2Fref%3Dsr_1_18_sspa%3Fcrid%3D1ETD973V81N4Y%26keywords%3Dfork%26qid%3D1670362026%26sprefix%3Dfork%252Caps%252C70%26sr%3D8-18-spons%26psc%3D1,https://m.media-amazon.com/images/I/51Ne6n1TmXL._AC_UL320_.jpg
"[600 Pack] White Disposable Plastic Forks - Practical Cutlery for Parties, Lunches, Picnics, and Long Trips - Great for Meals, Desserts, or Appetizers",$17.99,https://www.amazon.com/gp/slredirect/picassoRedirect.html/ref=pa_sp_mtf_aps_sr_pg1_1?ie=UTF8&adId=A04090512S9W012NOHBZN&qualifier=1670362026&id=1843507979743147&widgetName=sp_mtf&url=%2FValue-White-Disposable-Plastic-Forks%2Fdp%2FB079N1LY4F%2Fref%3Dsr_1_19_sspa%3Fcrid%3D1ETD973V81N4Y%26keywords%3Dfork%26qid%3D1670362026%26sprefix%3Dfork%252Caps%252C70%26sr%3D8-19-spons%26psc%3D1,https://m.media-amazon.com/images/I/71yAk2WaS2L._AC_UL320_.jpg
"50 Pre Rolled Gold Plastic Silverware - 200pc Set, Service for 50 - Wrapped Disposable Silverware Set with Forks, Knives, Spoons, White Napkins - Fancy Decorative Flatware for Dinner, Party, Wedding",$39.99,https://www.amazon.com/gp/slredirect/picassoRedirect.html/ref=pa_sp_mtf_aps_sr_pg1_1?ie=UTF8&adId=A02313762RWUA9PMA5BPG&qualifier=1670362026&id=1843507979743147&widgetName=sp_mtf&url=%2FPre-Rolled-Gold-Plastic-Silverware%2Fdp%2FB085DKCR82%2Fref%3Dsr_1_20_sspa%3Fcrid%3D1ETD973V81N4Y%26keywords%3Dfork%26qid%3D1670362026%26sprefix%3Dfork%252Caps%252C70%26sr%3D8-20-spons%26psc%3D1,https://m.media-amazon.com/images/I/91PaATXwMHL._AC_UL320_.jpg
"16 Piece Dinner Forks Set,Top Food Grade Extra-Fine Stainless Steel Forks with Squared Handle,Forks Silverware,Metal Forks for Home Kitchen Restaurant Hotel,8 Inches,Mirror Finish & Dishwasher Safe",$12.99,https://www.amazon.com/Extra-Fine-Stainless-Flatware-Restaurant-Dishwasher/dp/B08CRKHCPB/ref=sr_1_21?crid=1ETD973V81N4Y&keywords=fork&qid=1670362026&sprefix=fork%2Caps%2C70&sr=8-21,https://m.media-amazon.com/images/I/61mf8+C5TbL._AC_UL320_.jpg
"Forks,Dinner Forks, Set of 5 Top Food Grade Stainless Steel Silverware Forks, Table Forks, Flatware Forks,8 Inches, Mirror Finish & Dishwasher Safe, Use for Home, Kitchen or Restaurant",$6.82,https://www.amazon.com/Stainless-Silverware-Flatware-Dishwasher-Restaurant/dp/B08ZYCJH86/ref=sr_1_22?crid=1ETD973V81N4Y&keywords=fork&qid=1670362026&sprefix=fork%2Caps%2C70&sr=8-22,https://m.media-amazon.com/images/I/61Md9G13QfL._AC_UL320_.jpg
"MJIYA 12 PCS Dinner Forks Silverware Set, Dominion Heavy Duty Forks, Stainless Steel Salad Forks Multipurpose Use for Home, Kitchen or Restaurant (L (12PCS))",$8.99,https://www.amazon.com/MJIYA-Silverware-Stainless-Multipurpose-Restaurant/dp/B07R9ZLTQN/ref=sr_1_23?crid=1ETD973V81N4Y&keywords=fork&qid=1670362026&sprefix=fork%2Caps%2C70&sr=8-23,https://m.media-amazon.com/images/I/71XHpzjpKkL._AC_UL320_.jpg
"Dinner Forks,Set of 16 Top Food Grade Stainless Steel Silverware Forks,Table Forks,Flatware Forks,8 Inches,Mirror Finish & Dishwasher Safe,Use for Home,Kitchen or Restaurant",$13.99,https://www.amazon.com/Stainless-Silverware-Flatware-Dishwasher-Restaurant/dp/B086D4PV2G/ref=sr_1_24?crid=1ETD973V81N4Y&keywords=fork&qid=1670362026&sprefix=fork%2Caps%2C70&sr=8-24,https://m.media-amazon.com/images/I/61x9UMb8X7L._AC_UL320_.jpg
"Plastic Shiny Metallic Forks - 7.4"" | Silver | 24 Pcs.",$3.00,https://www.amazon.com/Plastic-Shiny-Metallic-Forks-Silver/dp/B08ZSRT9XM/ref=sr_1_25?crid=1ETD973V81N4Y&keywords=fork&qid=1670362026&sprefix=fork%2Caps%2C70&sr=8-25,https://m.media-amazon.com/images/I/21apXKI0FmS._AC_UL320_.jpg
"Dipoo 7.1'' Clear Plastic Forks Heavy Duty with Heat Resistant & BPA Free, Solid and Durable Plastic Cutlery, Premium Disposable Forks for Party Supply(84 Count)",$9.99,https://www.amazon.com/Dipoo-Plastic-Resistant-Durable-Disposable/dp/B0B855S4Z1/ref=sr_1_26?crid=1ETD973V81N4Y&keywords=fork&qid=1670362026&sprefix=fork%2Caps%2C70&sr=8-26,https://m.media-amazon.com/images/I/61WoZRTP9iL._AC_UL320_.jpg
"Matt Dinner Forks 6 Piece, Stainless Steel Forks Silverware Set, Dessert Forks, Table Forks, Salad Forks for Home, Kitchen or Restaurant, Dishwasher Safe (Matt Silver-8.4 Inch)",$6.98,https://www.amazon.com/Stainless-Silverware-Restaurant-Dishwasher-Silver-8-4/dp/B09BCBZ46J/ref=sr_1_27?crid=1ETD973V81N4Y&keywords=fork&qid=1670362026&sprefix=fork%2Caps%2C70&sr=8-27,https://m.media-amazon.com/images/I/51JiP+3iNsL._AC_UL320_.jpg
"Forks Silverware, Dinner Forks 8 Inches, Briout Forks Set of 12 Premium Food Grade Stainless Steel Forks for Home Kitchen Party Restaurant, Mirror Polished Dishwasher Safe",$8.99,https://www.amazon.com/Briout-12-piece-Silverware-Premium-Stainless/dp/B0888628ST/ref=sr_1_28?crid=1ETD973V81N4Y&keywords=fork&qid=1670362026&sprefix=fork%2Caps%2C70&sr=8-28,https://m.media-amazon.com/images/I/41hTd8yJwHL._AC_UL320_.jpg
"Amazon Basics Stainless Steel Dinner Forks with Pearled Edge, Pack of 12",$9.89,https://www.amazon.com/AmazonBasics-Stainless-Kitchen-Dinner-Pearled/dp/B0736T53FJ/ref=sr_1_29?crid=1ETD973V81N4Y&keywords=fork&qid=1670362026&sprefix=fork%2Caps%2C70&sr=8-29,https://m.media-amazon.com/images/I/71N8GqkEaeL._AC_UL320_.jpg
[100 Pack] Heavy Duty Disposable Basic Plastic Forks - Clear,$8.49,https://www.amazon.com/Heavy-Disposable-Basic-Plastic-Forks/dp/B09PFB7RST/ref=sr_1_30?crid=1ETD973V81N4Y&keywords=fork&qid=1670362026&sprefix=fork%2Caps%2C70&sr=8-30,https://m.media-amazon.com/images/I/61hVJmqBl7L._AC_UL320_.jpg
"Colorful Dinner Forks Set of 8, Stainless Steel Rainbow 8-Piece Silverware Dinner Fork Set, Modern Muticolorful Flatware Forks, Mirror Polished, Dishwasher Safe (8.05-Inche)",$13.99,https://www.amazon.com/Colorful-Silverware-Muticolorful-Dishwasher-8-05-Inche/dp/B09RJZ696Q/ref=sr_1_31?crid=1ETD973V81N4Y&keywords=fork&qid=1670362026&sprefix=fork%2Caps%2C70&sr=8-31,https://m.media-amazon.com/images/I/51h0lncgfVL._AC_UL320_.jpg
"Safeware (500 Pcs) -Individually Wrapped White Medium Weight Plastic Fork - Ideal for Party, BBQ, Picnic, Home, Office, Restaurant Use.",$25.99,https://www.amazon.com/Safeware-Individually-Wrapped-Weight-Plastic/dp/B088FBGVGM/ref=sr_1_32?crid=1ETD973V81N4Y&keywords=fork&qid=1670362026&sprefix=fork%2Caps%2C70&sr=8-32,https://m.media-amazon.com/images/I/81w948wVOUL._AC_UL320_.jpg
"PAMI Medium-Weight Disposable Plastic Forks [400-Pack] - Bulk White Plastic Silverware For Parties, Weddings, Catering Food Stands, Takeaway Orders & More- Sturdy Single-Use Partyware Forks",$11.99,https://www.amazon.com/gp/slredirect/picassoRedirect.html/ref=pa_sp_mtf_aps_sr_pg1_1?ie=UTF8&adId=A04706081PU480L48X6XS&qualifier=1670362026&id=1843507979743147&widgetName=sp_mtf&url=%2FPAMI-Medium-Weight-Disposable-Plastic-400-Pack%2Fdp%2FB0B786C95C%2Fref%3Dsr_1_33_sspa%3Fcrid%3D1ETD973V81N4Y%26keywords%3Dfork%26qid%3D1670362026%26sprefix%3Dfork%252Caps%252C70%26sr%3D8-33-spons%26psc%3D1,https://m.media-amazon.com/images/I/71OGX+DjAeL._AC_UL320_.jpg
"12 Piece Dinner Forks Set, Food-Grade Stainless Steel Silverware Forks, Cutlery Forks, Metal Forks for Home, Kitchen or Restaurant, Mirror Polished, Dishwasher Safe - 8 Inch",$11.99,https://www.amazon.com/gp/slredirect/picassoRedirect.html/ref=pa_sp_mtf_aps_sr_pg1_1?ie=UTF8&adId=A054976624QMDAZXZ6UZE&qualifier=1670362026&id=1843507979743147&widgetName=sp_mtf&url=%2FFood-Grade-Stainless-Silverware-Restaurant-Dishwasher%2Fdp%2FB09XBJS3CH%2Fref%3Dsr_1_34_sspa%3Fcrid%3D1ETD973V81N4Y%26keywords%3Dfork%26qid%3D1670362026%26sprefix%3Dfork%252Caps%252C70%26sr%3D8-34-spons%26psc%3D1,https://m.media-amazon.com/images/I/61x9UMb8X7L._AC_UL320_.jpg
"24 Pcs Silverware Set with Steak Knives Service for 4,Stainless Steel Flatware Set,Mirror Polished Cutlery Utensil Set,Home Kitchen Eating Tableware Set,Include Fork Knife Spoon Set,Dishwasher Safe",$17.09,https://www.amazon.com/gp/slredirect/picassoRedirect.html/ref=pa_sp_mtf_aps_sr_pg1_1?ie=UTF8&adId=A0086605184FHGYQHIT9B&qualifier=1670362026&id=1843507979743147&widgetName=sp_mtf&url=%2FSilverware-Stainless-Flatware-Tableware-Dishwasher%2Fdp%2FB09HGTL7B2%2Fref%3Dsr_1_35_sspa%3Fcrid%3D1ETD973V81N4Y%26keywords%3Dfork%26qid%3D1670362026%26sprefix%3Dfork%252Caps%252C70%26sr%3D8-35-spons%26psc%3D1,https://m.media-amazon.com/images/I/71kQacj5dgL._AC_UL320_.jpg
"360 Pack Plastic Forks ,White Disposable Forks Heavy Duty Plastic Cutlery Set Forks",$17.96,https://www.amazon.com/gp/slredirect/picassoRedirect.html/ref=pa_sp_mtf_aps_sr_pg1_1?ie=UTF8&adId=A0714440WRED7Z8AF3ZY&qualifier=1670362026&id=1843507979743147&widgetName=sp_mtf&url=%2FPlastic-Forks-White-Disposable-Cutlery%2Fdp%2FB0B775W5P2%2Fref%3Dsr_1_36_sspa%3Fcrid%3D1ETD973V81N4Y%26keywords%3Dfork%26qid%3D1670362026%26sprefix%3Dfork%252Caps%252C70%26sr%3D8-36-spons%26psc%3D1,https://m.media-amazon.com/images/I/51Zoa27kGNL._AC_UL320_.jpg
"HERLLY Compostable Fork,100 Biodegradable Silverware for Party,Large Disposable Utensils Eco Friendly Durable and Heat Resistant,Alternative to Plastic Fork",$9.99,https://www.amazon.com/HERLLY-Compostable-Fork-Biodegradable-Alternative/dp/B09FLHGMTW/ref=sr_1_37?crid=1ETD973V81N4Y&keywords=fork&qid=1670362026&sprefix=fork%2Caps%2C70&sr=8-37,https://m.media-amazon.com/images/I/71wD582OLqL._AC_UL320_.jpg
Genuine Joe - GJO30403 Heavyweight Fork,$31.19,https://www.amazon.com/Genuine-Joe-GJO30403-HVY-Wght-Height/dp/B01N7N2GPV/ref=sr_1_38?crid=1ETD973V81N4Y&keywords=fork&qid=1670362026&sprefix=fork%2Caps%2C70&sr=8-38,https://m.media-amazon.com/images/I/31xkyCuGuIL._AC_UL320_.jpg
"NUK Kiddy Cutlery Forks, 3 Pack, 18+ Months",$5.99,https://www.amazon.com/NUK-Kiddy-Cutlery-Forks-Months/dp/B08J8J1S8Q/ref=sr_1_39?crid=1ETD973V81N4Y&keywords=fork&qid=1670362026&sprefix=fork%2Caps%2C70&sr=8-39,https://m.media-amazon.com/images/I/71GA0OwT34L._AC_UL320_.jpg
"OLAT 12-Piece Dinner Forks Pack, Stainless Steel Table Forks Set of 12 (Silver 8 Inches)",$9.99,https://www.amazon.com/12-Piece-Dinner-Stainless-Silver-Inches/dp/B09PTTWVZX/ref=sr_1_40?crid=1ETD973V81N4Y&keywords=fork&qid=1670362026&sprefix=fork%2Caps%2C70&sr=8-40,https://m.media-amazon.com/images/I/51-DWEjsFKL._AC_UL320_.jpg
"SANTUO Dinner Forks Set - 12 Packs Silverware Forks with Top Food Grade Stainless Steel, Mirror Finish & Dishwasher Safe, Use for Home, Kitchen or Restaurant - Silver 8 Inches",$11.99,https://www.amazon.com/SANTUO-12-piece-Forks%EF%BC%8C12-Stainless-Dinner/dp/B094FYQP9N/ref=sr_1_41?crid=1ETD973V81N4Y&keywords=fork&qid=1670362026&sprefix=fork%2Caps%2C70&sr=8-41,https://m.media-amazon.com/images/I/6119GoPob7L._AC_UL320_.jpg
"Set of 12, Stainless Steel Dinner Forks and Spoons Silverware Set, Heavy-Duty Forks (8 Inch) and Spoons (7.2 Inch) Cutlery Set, Dishwasher Safe (Silver)",$8.99,https://www.amazon.com/Stainless-Silverware-Heavy-Duty-Cutlery-Dishwasher/dp/B09335ZZZ2/ref=sr_1_42?crid=1ETD973V81N4Y&keywords=fork&qid=1670362026&sprefix=fork%2Caps%2C70&sr=8-42,https://m.media-amazon.com/images/I/61wkykqRGXS._AC_UL320_.jpg
"16 Pcs Forks and Spoons Silverware Set,Food Grade Stainless Steel Flatware Cutlery Set for Home,Kitchen and Restaurant,Mirror Polished,Dishwasher Safe - 8 Dinner Fork(8 inch) and 8 Teaspoon(6.5 inch)",$12.59,https://www.amazon.com/Silverware-Stainless-Flatware-Restaurant-Dishwasher/dp/B09C5X77DY/ref=sr_1_43?crid=1ETD973V81N4Y&keywords=fork&qid=1670362026&sprefix=fork%2Caps%2C70&sr=8-43,https://m.media-amazon.com/images/I/61400ys1DKL._AC_UL320_.jpg
"24 Pcs Silverware Set with Steak Knives Service for 4,Stainless Steel Flatware Set,Mirror Polished Cutlery Utensil Set,Home Kitchen Eating Tableware Set,Include Fork Knife Spoon Set,Dishwasher Safe",$17.09,https://www.amazon.com/Silverware-Stainless-Flatware-Tableware-Dishwasher/dp/B09HGTL7B2/ref=sr_1_44?crid=1ETD973V81N4Y&keywords=fork&qid=1670362026&sprefix=fork%2Caps%2C70&sr=8-44,https://m.media-amazon.com/images/I/71kQacj5dgL._AC_UL320_.jpg
"36-Piece Dinner Forks Set, Funnydin 7.1 Inches Stainless Steel Forks Silverware, Durable Table Forks Set, Use for Home, Kitchen and Restaurant - Mirror Polished, Dishwasher Safe",$19.99,https://www.amazon.com/36-Piece-Funnydin-Stainless-Silverware-Restaurant/dp/B0B6CKFFRC/ref=sr_1_45?crid=1ETD973V81N4Y&keywords=fork&qid=1670362026&sprefix=fork%2Caps%2C70&sr=8-45,https://m.media-amazon.com/images/I/61944jN6T8L._AC_UL320_.jpg
"SOLO Plastic Forks, White, 500 Ct Tej",$28.99,https://www.amazon.com/SOLO-Plastic-Forks-White-500/dp/B07P4198WF/ref=sr_1_46?crid=1ETD973V81N4Y&keywords=fork&qid=1670362026&sprefix=fork%2Caps%2C70&sr=8-46,https://m.media-amazon.com/images/I/412JiU3wpoL._AC_UL320_.jpg
"36 Pieces Dinner Forks Set (8 inch), Pleafind Forks Silverware, Stainless Steel Forks, Silverware Forks, Mirror Polished Fork Set, Small Forks for Home, Kitchen, Restaurant, Dishwasher Safe",$22.99,https://www.amazon.com/Pleafind-Silverware-Stainless-Restaurant-Dishwasher/dp/B0B44X19BX/ref=sr_1_47?crid=1ETD973V81N4Y&keywords=fork&qid=1670362026&sprefix=fork%2Caps%2C70&sr=8-47,https://m.media-amazon.com/images/I/71EIMlCt3EL._AC_UL320_.jpg
"16 Pcs Forks and Spoons Silverware Set,Food Grade Stainless Steel Flatware Cutlery Set for Home,Kitchen and Restaurant,Mirror Polished,Dishwasher Safe - 8 Dinner Fork(8 inch) 8 Dinner Spoon(7.3 inch)",$11.99,https://www.amazon.com/Silverware-Stainless-Flatware-Restaurant-Dishwasher/dp/B09Q3CVWZV/ref=sr_1_48?crid=1ETD973V81N4Y&keywords=fork&qid=1670362026&sprefix=fork%2Caps%2C70&sr=8-48,https://m.media-amazon.com/images/I/61M4tej3fVL._AC_UL320_.jpg
"GreenWorks Compostable Forks,100 Count 7"" Heavyweight Biodegradable Disposable Cutlery Fork",$11.97,https://www.amazon.com/GreenWorks-Compostable-Heavyweight-Disposable-Biodegradable/dp/B06Y4QNT1X/ref=sr_1_49?crid=1ETD973V81N4Y&keywords=fork&qid=1670362026&sprefix=fork%2Caps%2C70&sr=8-49,https://m.media-amazon.com/images/I/61dHDD4NwqL._AC_UL320_.jpg
"Winco 12-Piece Dominion Heavy Weight Dinner Fork Set, 18-0 Stainless Steel, 4.5""L x 0.63""W, Silver",$7.24,https://www.amazon.com/Winco-0014-05-12-Piece-Dominion-Stainless/dp/B004UND74O/ref=sr_1_50?crid=1ETD973V81N4Y&keywords=fork&qid=1670362026&sprefix=fork%2Caps%2C70&sr=8-50,https://m.media-amazon.com/images/I/51KpGEAv8aL._AC_UL320_.jpg
"24 Pieces Dinner Forks, Bestdin Food Grade Stainless Steel Forks Silverware, Forks Set of 24 Use for Home Kitchen Restaurant, 7.1 Inches Flatware Silverware Forks, Mirror Polished & Dishwasher Safe",$16.99,https://www.amazon.com/Bestdin-Stainless-Silverware-Restaurant-Dishwasher/dp/B0B3RBYTNK/ref=sr_1_51?crid=1ETD973V81N4Y&keywords=fork&qid=1670362026&sprefix=fork%2Caps%2C70&sr=8-51,https://m.media-amazon.com/images/I/71trw-sGPnL._AC_UL320_.jpg
400 Light-Weight White Disposable Plastic Forks,$11.99,https://www.amazon.com/Light-Weight-White-Disposable-Plastic-Forks/dp/B07JBLZ3M4/ref=sr_1_52?crid=1ETD973V81N4Y&keywords=fork&qid=1670362026&sprefix=fork%2Caps%2C70&sr=8-52,https://m.media-amazon.com/images/I/61pNgdtCCiL._AC_UL320_.jpg
"[400 Count] Settings Plastic White Forks, Practical Disposable Cutlery, Great for Home, Office, School, Party, Picnics, Restaurant, Take-Out Fast Food, Outdoor Events, Or Every Day Use, 1 Box",$12.98,https://www.amazon.com/Settings-Cutlery-Forks-Disposable-Plastic/dp/B00ZCR48B8/ref=sr_1_53?crid=1ETD973V81N4Y&keywords=fork&qid=1670362026&sprefix=fork%2Caps%2C70&sr=8-53,https://m.media-amazon.com/images/I/81WPc-s8mGL._AC_UL320_.jpg
"Oneida Flight Dinner Forks, Set of 6",$12.99,https://www.amazon.com/Oneida-Flight-Dinner-Forks-Set/dp/B00EUTO0AI/ref=sr_1_54?crid=1ETD973V81N4Y&keywords=fork&qid=1670362026&sprefix=fork%2Caps%2C70&sr=8-54,https://m.media-amazon.com/images/I/61UhKyFmg7L._AC_UL320_.jpg
"Royal 12-Piece Mini Dessert Forks Set - 18/10 Stainless Steel, 6.0"" Mirror Polished Flatware Utensils - Great for Tastings, Cakes, and Using in Home, Kitchen, or Restaurant",$11.99,https://www.amazon.com/Royal-12-Piece-Mini-Dessert-Forks/dp/B075KYPXTH/ref=sr_1_55?crid=1ETD973V81N4Y&keywords=fork&qid=1670362026&sprefix=fork%2Caps%2C70&sr=8-55,https://m.media-amazon.com/images/I/61IZ1sESihL._AC_UL320_.jpg
"Snamonkia Set of 12 Dinner Forks Stainless Steel, 8 Inches, 18/0 Large Table Forks for Salad Steak Spaghetti",$20.99,https://www.amazon.com/Dinner-Forks-Inches-Large-Stainless/dp/B07GKWPR4S/ref=sr_1_56?crid=1ETD973V81N4Y&keywords=fork&qid=1670362026&sprefix=fork%2Caps%2C70&sr=8-56,https://m.media-amazon.com/images/I/51xvHWlKw4L._AC_UL320_.jpg
"16 Pcs Dinner Forks, Forks Silverware 8"", Food-Grade Stainless Steel Forks Set, Metal Forks for Eating, Flatware Table Forks, Mirror Polished, Dishwasher Safe",$13.59,https://www.amazon.com/Stainless-Silverware-Restaurant-Polished-Dishwasher/dp/B09MHP5H8H/ref=sr_1_57?crid=1ETD973V81N4Y&keywords=fork&qid=1670362026&sprefix=fork%2Caps%2C70&sr=8-57,https://m.media-amazon.com/images/I/61B0PKeUJaL._AC_UL320_.jpg
Transitions2earth EcoPure Forks - Box of 500,$24.99,https://www.amazon.com/Transitions2earth-Biodegradable-EcoPure-Forks-Purchased/dp/B002YH36EY/ref=sr_1_58?crid=1ETD973V81N4Y&keywords=fork&qid=1670362026&sprefix=fork%2Caps%2C70&sr=8-58,https://m.media-amazon.com/images/I/81npX96IYfL._AC_UL320_.jpg
"PAMI Medium Weight Disposable Plastic Forks [1000-Pack] - Bulk White Plastic Silverware For Parties, Weddings, Catering Food Stands, Takeaway Orders & More- Sturdy Single-Use Partyware Forks",$19.37,https://www.amazon.com/PAMI-Disposable-Plastic-Forks-1000-Pack/dp/B0B46WMP84/ref=sr_1_59?crid=1ETD973V81N4Y&keywords=fork&qid=1670362026&sprefix=fork%2Caps%2C70&sr=8-59,https://m.media-amazon.com/images/I/71na6VqvV5L._AC_UL320_.jpg
300 Clear Plastic Forks | Heavy Duty Plastic Utensils | Disposable Forks | Fancy Plastic Cutlery | Clear Plastic Silverware Bulk | Nice Disposable Flatware,$24.99,https://www.amazon.com/Plastic-Silverware-Disposable-Flatware-Utensils/dp/B07X1V2SBQ/ref=sr_1_60?crid=1ETD973V81N4Y&keywords=fork&qid=1670362026&sprefix=fork%2Caps%2C70&sr=8-60,https://m.media-amazon.com/images/I/516CmP6R66L._AC_UL320_.jpg
