item_name,price,link_to_item,link_to_item_image
"Bonnlo 30 Inch Top mount Kitchen Sink Drop-in, Farmhouse Kitchen Sink with Sink Protector 18 Gauge, Workstation Sink, Stainless Steel Single Bowl Kitchen Sinks for RV, Travel Trailer, Garage, 30x22x9",$179.99,https://www.amazon.com/gp/slredirect/picassoRedirect.html/ref=pa_sp_atf_aps_sr_pg1_1?ie=UTF8&adId=A04765783OQ4S5BFAIXW6&qualifier=1670362093&id=7310441203817031&widgetName=sp_atf&url=%2FBonnlo-Kitchen-GaugeT304-Stainless-Topmount%2Fdp%2FB08532CL3G%2Fref%3Dsr_1_1_sspa%3Fcrid%3D1ETD973V81N4Y%26keywords%3Dsink%26qid%3D1670362093%26sprefix%3Dsink%252Caps%252C70%26sr%3D8-1-spons%26psc%3D1,https://m.media-amazon.com/images/I/81o3faRZxLL._AC_UL320_.jpg
33 Inch Farmhouse Sink - Loftus Apron Front Kitchen Sink 16 Gauge Stainless Steel Workstation Ledge Deep Single Bowl Farm Sink with Accessories,$329.90,https://www.amazon.com/gp/slredirect/picassoRedirect.html/ref=pa_sp_atf_aps_sr_pg1_1?ie=UTF8&adId=A0889817NKZ8RK8U90MP&qualifier=1670362093&id=7310441203817031&widgetName=sp_atf&url=%2FInch-Farmhouse-Sink-Workstation-Accessories%2Fdp%2FB09MFWW4VJ%2Fref%3Dsr_1_2_sspa%3Fcrid%3D1ETD973V81N4Y%26keywords%3Dsink%26qid%3D1670362093%26sprefix%3Dsink%252Caps%252C70%26sr%3D8-2-spons%26psc%3D1,https://m.media-amazon.com/images/I/71onzojHOTL._AC_UL320_.jpg
"19 Gallon Utility Sink Laundry Tub by JS Jackson Supplies with Adjustable Metal Legs, Ideal for Laundry room, Basement, or Garage Workshop. Heavy Duty Shop Sink. No Faucet Included (White)",$105.99,https://www.amazon.com/gp/slredirect/picassoRedirect.html/ref=pa_sp_atf_aps_sr_pg1_1?ie=UTF8&adId=A05207762T9RPT7TGL9IV&qualifier=1670362093&id=7310441203817031&widgetName=sp_atf&url=%2FJS-Jackson-Supplies-Adjustable-Workshop%2Fdp%2FB081D4W8NC%2Fref%3Dsr_1_3_sspa%3Fcrid%3D1ETD973V81N4Y%26keywords%3Dsink%26qid%3D1670362093%26sprefix%3Dsink%252Caps%252C70%26sr%3D8-3-spons%26psc%3D1,https://m.media-amazon.com/images/I/51hvvM4xSRS._AC_UL320_.jpg
"Kraus KWU110-32 Kore inch Undermount 16 Gauge Single Bowl Stainless Steel Kitchen Integrated Ledge and Accessories (Pack of 5), 32 Inch, 32""-Workstation Sink",$366.64,https://www.amazon.com/gp/slredirect/picassoRedirect.html/ref=pa_sp_atf_aps_sr_pg1_1?ie=UTF8&adId=A05470952B16WBAHFOCS9&qualifier=1670362093&id=7310441203817031&widgetName=sp_atf&url=%2FKWU110-32-Workstation-Undermount-Integrated-Accessories%2Fdp%2FB07S2DX7J9%2Fref%3Dsr_1_4_sspa%3Fcrid%3D1ETD973V81N4Y%26keywords%3Dsink%26qid%3D1670362093%26sprefix%3Dsink%252Caps%252C70%26sr%3D8-4-spons%26psc%3D1,https://m.media-amazon.com/images/I/71zoEJuCUHL._AC_UL320_.jpg
"Kitchen Sink 304 Stainless Steel Nano Raindance Waterfall Sink Home Sink Vegetable Basin Single Sink Workstation Kitchen Sink With Pull-Out Faucet, Pressurized Cup Washer1",$334.00,https://www.amazon.com/Stainless-Raindance-Waterfall-Workstation-Pressurized/dp/B0BGBZJJXJ/ref=sr_1_5?crid=1ETD973V81N4Y&keywords=sink&qid=1670362093&sprefix=sink%2Caps%2C70&sr=8-5,https://m.media-amazon.com/images/I/61d+5xGKzHL._AC_UL320_.jpg
"32-Inch Undermount Workstation Kitchen Sink, 16 Gauge Single Bowl Stainless Steel with Accessories (Pack of 5 Built-in Components), Silver",$159.98,https://www.amazon.com/YSSOA-32-Inch-Undermount-Workstation-Accessories/dp/B08Z3SB7HM/ref=sr_1_6?crid=1ETD973V81N4Y&keywords=sink&qid=1670362093&sprefix=sink%2Caps%2C70&sr=8-6,https://m.media-amazon.com/images/I/717swjxUbmL._AC_UL320_.jpg
33-Inch Drop in Workstation Kitchen Sink - VOKIM 33 x22Inch Single Bowl Kitchen Topmount Sink 16 Gauge Stainless Steel 10'' Deep Handmade Kitchen Sink with Cutting Board& Strainer,$329.69,https://www.amazon.com/VOKIM33-Topmount-Workstation-Kitchen-Stainless/dp/B07ZF8W7FJ/ref=sr_1_7?crid=1ETD973V81N4Y&keywords=sink&qid=1670362093&sprefix=sink%2Caps%2C70&sr=8-7,https://m.media-amazon.com/images/I/618w4KewM7L._AC_UL320_.jpg
"AHB 16"" Bathroom Vanity W/Sink Combo for Small Space, Wall Mounted Bathroom Cabinet Set with Chrome Faucet Pop Up Drain U Shape Drain(Black)",$109.99,https://www.amazon.com/AHB-Bathroom-Vanity-Mounted-Cabinet/dp/B08YK63Q57/ref=sr_1_8?crid=1ETD973V81N4Y&keywords=sink&qid=1670362093&sprefix=sink%2Caps%2C70&sr=8-8,https://m.media-amazon.com/images/I/51lY6YV-nRL._AC_UL320_.jpg
"Houzer 2522-8BS3-1 Glowtone Series Topmount Stainless Steel 3-hole Single Bowl Kitchen Sink, 8-Inch depth, 20-Gauge, Chrome, Modern",$83.81,https://www.amazon.com/2522-8BS3-1-Glowtone-Topmount-Stainless-Kitchen/dp/B002CZPV2I/ref=sr_1_9?crid=1ETD973V81N4Y&keywords=sink&qid=1670362093&sprefix=sink%2Caps%2C70&sr=8-9,https://m.media-amazon.com/images/I/51GKSkvIVJL._AC_UL320_.jpg
"Kraus KHU100-30 Kitchen Sink, 30 Inch, Stainless Steel",$279.95,https://www.amazon.com/Standart-30-inch-Undermount-Stainless-KHU100-30/dp/B0032BYM4Y/ref=sr_1_10?crid=1ETD973V81N4Y&keywords=sink&qid=1670362093&sprefix=sink%2Caps%2C70&sr=8-10,https://m.media-amazon.com/images/I/81v6VhFd+TL._AC_UL320_.jpg
"Free Standing Stainless-Steel Single Bowl Commercial Restaurant Kitchen Sink Set w/ Faucet, Prep & Utility Washing Hand Basin w/ Storage Shelve, laundry tub for Indoor Outdoor (22in)",$239.99,https://www.amazon.com/Standing-Stainless-Steel-Commercial-Restaurant-Kitchen/dp/B0932R4SCY/ref=sr_1_11?crid=1ETD973V81N4Y&keywords=sink&qid=1670362093&sprefix=sink%2Caps%2C70&sr=8-11,https://m.media-amazon.com/images/I/619oFH85beS._AC_UL320_.jpg
"Kraus Quarza Kitchen Sink, 33-Inch Equal Bowls, Black Onyx Granite, KGD-433B model",$239.95,https://www.amazon.com/Kraus-KGD-433B-Double-Granite-Kitchen/dp/B00E6SP4NU/ref=sr_1_12?crid=1ETD973V81N4Y&keywords=sink&qid=1670362093&sprefix=sink%2Caps%2C70&sr=8-12,https://m.media-amazon.com/images/I/61z41b3aXvS._AC_UL320_.jpg
"KRAUS Forteza™ 33” Dual Mount Single Bowl Granite Kitchen Sink in Black, KGD-54BLACK",$289.95,https://www.amazon.com/Kraus-KGD-54BLACK-Forteza-Granite-Kithen/dp/B077F11TYR/ref=sr_1_13?crid=1ETD973V81N4Y&keywords=sink&qid=1670362093&sprefix=sink%2Caps%2C70&sr=8-13,https://m.media-amazon.com/images/I/61gIM4znetS._AC_UL320_.jpg
DELTA 95B932-30S-SS Lorelai Workstation Kitchen Sink Undermount Stainless Steel Single Bowl with WorkFlow Ledge and Chef’s Kit of 6 Accessories,$574.99,https://www.amazon.com/DELTA-95B932-30S-SS-Workstation-Undermount-Accessories/dp/B0921S5GKG/ref=sr_1_14?crid=1ETD973V81N4Y&keywords=sink&qid=1670362093&sprefix=sink%2Caps%2C70&sr=8-14,https://m.media-amazon.com/images/I/81hL8eqwNwS._AC_UL320_.jpg
"Bonnlo 32 Inch Top mount Kitchen Sink Drop-in, Farmhouse Kitchen Sink with Sink Protector 18 Gauge, Workstation Sink, Stainless Steel Single Bowl Kitchen Sinks for RV, Travel Trailer, Garage, 32x22x9",$189.99,https://www.amazon.com/Bonnlo-Drop-Topmount-Kitchen-Stainless/dp/B08532216Q/ref=sr_1_15?crid=1ETD973V81N4Y&keywords=sink&qid=1670362093&sprefix=sink%2Caps%2C70&sr=8-15,https://m.media-amazon.com/images/I/81ikHNucOYL._AC_UL320_.jpg
"HOUZER 1515-6BS-1 Kitchen Sink, 1"", Stainless Steel",$49.01,https://www.amazon.com/1515-6BS-1-Hospitality-Topmount-Stainless-2-Holes/dp/B002CZPT70/ref=sr_1_16?crid=1ETD973V81N4Y&keywords=sink&qid=1670362093&sprefix=sink%2Caps%2C70&sr=8-16,https://m.media-amazon.com/images/I/71tA1GPpBTL._AC_UL320_.jpg
"Signature Hardware 318919 33"" Vine Design Farmhouse Double Basin Copper Kitchen Sink","$1,609.00",https://www.amazon.com/gp/slredirect/picassoRedirect.html/ref=pa_sp_mtf_aps_sr_pg1_1?ie=UTF8&adId=A0394064343V60Y9JI0XA&qualifier=1670362093&id=7310441203817031&widgetName=sp_mtf&url=%2FSignature-Hardware-318919-Farmhouse-Kitchen%2Fdp%2FB0041T16TU%2Fref%3Dsr_1_17_sspa%3Fcrid%3D1ETD973V81N4Y%26keywords%3Dsink%26qid%3D1670362093%26sprefix%3Dsink%252Caps%252C70%26sr%3D8-17-spons%26psc%3D1,https://m.media-amazon.com/images/I/81lmGT82XIL._AC_UL320_.jpg
"iSpring RCC7, NSF Certified, High Capacity Under Sink 5-Stage Reverse Osmosis Drinking Filtration System, 75 GPD, Brushed Nickel Faucet",$189.61,https://www.amazon.com/gp/slredirect/picassoRedirect.html/ref=pa_sp_mtf_aps_sr_pg1_1?ie=UTF8&adId=A07980061W3QA9ZRLMCF8&qualifier=1670362093&id=7310441203817031&widgetName=sp_mtf&url=%2FiSpring-5-Stage-Prestige-Drinking-Certified%2Fdp%2FB003XELTTG%2Fref%3Dsr_1_18_sspa%3Fcrid%3D1ETD973V81N4Y%26keywords%3Dsink%26qid%3D1670362093%26sprefix%3Dsink%252Caps%252C70%26sr%3D8-18-spons%26psc%3D1,https://m.media-amazon.com/images/I/81Cd8roZ-ML._AC_UL320_.jpg
"Gaomasck Kitchen Sinks And Faucet Combo, 30 x 16.5 inch Undermount Kitchen Sink Single Bowl 16 Gauge Stainless Steel Sink, Multifunctional Kitchen Faucet with Pull Down Sprayer",$192.12,https://www.amazon.com/gp/slredirect/picassoRedirect.html/ref=pa_sp_mtf_aps_sr_pg1_1?ie=UTF8&adId=A07226031IQ6O0Q6BROK1&qualifier=1670362093&id=7310441203817031&widgetName=sp_mtf&url=%2FGaomasck-30-inch-Undermount-Multifunctional%2Fdp%2FB09NX8BXZP%2Fref%3Dsr_1_19_sspa%3Fcrid%3D1ETD973V81N4Y%26keywords%3Dsink%26qid%3D1670362093%26sprefix%3Dsink%252Caps%252C70%26sr%3D8-19-spons%26psc%3D1,https://m.media-amazon.com/images/I/61OzFBoRKUL._AC_UL320_.jpg
"KoolMore - SB121610-12B3 2 Compartment Stainless Steel NSF Commercial Kitchen Prep & Utility Sink with 2 Drainboards - Bowl Size 12"" x 16"" x 10""",$521.50,https://www.amazon.com/gp/slredirect/picassoRedirect.html/ref=pa_sp_mtf_aps_sr_pg1_1?ie=UTF8&adId=A0187673YMY215P0IYSE&qualifier=1670362093&id=7310441203817031&widgetName=sp_mtf&url=%2FKoolMore-Compartment-Stainless-Commercial-Drainboards%2Fdp%2FB07KSDLBWM%2Fref%3Dsr_1_20_sspa%3Fcrid%3D1ETD973V81N4Y%26keywords%3Dsink%26qid%3D1670362093%26sprefix%3Dsink%252Caps%252C70%26sr%3D8-20-spons%26psc%3D1,https://m.media-amazon.com/images/I/71HKcWW9ubL._AC_UL320_.jpg
TRINITY THA-0307 Basics Stainless Steel w/Faucet Utility Sink,$342.89,https://www.amazon.com/TRINITY-THA-0307-Basics-Stainless-Utility/dp/B07PTXWC8Z/ref=sr_1_21?crid=1ETD973V81N4Y&keywords=sink&qid=1670362093&sprefix=sink%2Caps%2C70&sr=8-21,https://m.media-amazon.com/images/I/61O5Z3zPeyL._AC_UL320_.jpg
33 Stainless Steel Kitchen Sink Drop In -VASOYO 33x22 Drop In Kitchen Sink Workstation Sink 16 Gauge Top mount Kitchen Sink R10 Deep Single Bowl Kitchen Sink Stainless Steel Sink with Cutting Board,$316.99,https://www.amazon.com/VASOYO-Kitchen-Workstation-Topmount-Stainless/dp/B087BWQZHL/ref=sr_1_22?crid=1ETD973V81N4Y&keywords=sink&qid=1670362093&sprefix=sink%2Caps%2C70&sr=8-22,https://m.media-amazon.com/images/I/61x3EtnT9VL._AC_UL320_.jpg
"Black Kitchen Sink, Stainless Steel Topmount Bar Sink 15x17x9 Inch Single Bowl Drop In Kitchen Sink Combo-Sink Grid,Soap Dispenser,Drain Basket,Faucet Mat,Drain Strainer Set for Modern Kitchen Sink",$104.90,https://www.amazon.com/Stainless-Topmount-Combo-Sink-Dispenser-Strainer/dp/B0BFW2MCHZ/ref=sr_1_23?crid=1ETD973V81N4Y&keywords=sink&qid=1670362093&sprefix=sink%2Caps%2C70&sr=8-23,https://m.media-amazon.com/images/I/61NRFNJTJpL._AC_UL320_.jpg
"KINGO HOME 33 x 22 Inch Drop in Stainless Steel Kitchen Sink, Single Bowl 16 Gauge Top mount Sink Commercial Handmade 9 Inch Deep Kitchen Sinks Workstation Single Basin Brushed Satin Nickel",$219.99,https://www.amazon.com/KINGO-HOME-Commercial-Handmade-Stainless/dp/B07CKBFZ48/ref=sr_1_24?crid=1ETD973V81N4Y&keywords=sink&qid=1670362093&sprefix=sink%2Caps%2C70&sr=8-24,https://m.media-amazon.com/images/I/51uQ+js+ewL._AC_UL320_.jpg
Kitchen Sinks 32x18 inch Undermount Kitchen Sink Stainless Steel Sink 16 Gauge Single Bowl Kitchen Sinks with Accessories,$179.99,https://www.amazon.com/32-inch-Kitchen-Undermount-Single-Stainless/dp/B0946L6VTS/ref=sr_1_25?crid=1ETD973V81N4Y&keywords=sink&qid=1670362093&sprefix=sink%2Caps%2C70&sr=8-25,https://m.media-amazon.com/images/I/61b1bTzFJeL._AC_UL320_.jpg
"Kraus KWU110-30 Kore Kitchen Single Bowl, 30 Inch, 30""- Workstation Sink",$368.00,https://www.amazon.com/KWU110-30-Workstation-Undermount-Integrated-Accessories/dp/B07RZ9KJM9/ref=sr_1_26?crid=1ETD973V81N4Y&keywords=sink&qid=1670362093&sprefix=sink%2Caps%2C70&sr=8-26,https://m.media-amazon.com/images/I/71edJwrwVoL._AC_UL320_.jpg
Ruvati 30-inch Workstation Ledge Undermount 16 Gauge Stainless Steel Kitchen Sink Single Bowl - RVH8310,$399.00,https://www.amazon.com/Ruvati-30-inch-Workstation-Undermount-Stainless/dp/B07J2VF4MD/ref=sr_1_27?crid=1ETD973V81N4Y&keywords=sink&qid=1670362093&sprefix=sink%2Caps%2C70&sr=8-27,https://m.media-amazon.com/images/I/81i1EtZdW2L._AC_UL320_.jpg
"MENSARJOR Kitchen sink, Undermount Kitchen Sink 16 Gauge Single Bowl SUS304 Stainless Steel(22.6 X 18 X 10)",$194.99,https://www.amazon.com/MENSARJOR-Single-Kitchen-Undermount-Stainless/dp/B07C92KGXL/ref=sr_1_28?crid=1ETD973V81N4Y&keywords=sink&qid=1670362093&sprefix=sink%2Caps%2C70&sr=8-28,https://m.media-amazon.com/images/I/610zTWCH2IL._AC_UL320_.jpg
"Hykolity 32-inch Kitchen Sink, 16 Gauge Undermount Single Bowl Stainless Steel Sink with Strainer & Bottom Grid",$179.99,https://www.amazon.com/Hykolity-32-inch-Undermount-Stainless-Strainer/dp/B087J3N32C/ref=sr_1_29?crid=1ETD973V81N4Y&keywords=sink&qid=1670362093&sprefix=sink%2Caps%2C70&sr=8-29,https://m.media-amazon.com/images/I/61YDPR-p-xL._AC_UL320_.jpg
Kraus KBU14 31-1/2 inch Undermount Single Bowl 16-gauge Stainless Steel Kitchen Sink,$199.95,https://www.amazon.com/Kraus-KBU14-Undermount-16-gauge-Stainless/dp/B003U26QZS/ref=sr_1_30?crid=1ETD973V81N4Y&keywords=sink&qid=1670362093&sprefix=sink%2Caps%2C70&sr=8-30,https://m.media-amazon.com/images/I/81QD90v-vjL._AC_UL320_.jpg
"BASDEHEN Kitchen Faucets with Pull Down Sprayer, Black Spring Commercial Kitchen Sink Faucet Solid Brass with 10 Inch Mounting Table 1 Hole Or 3 Hole Compatible",$39.97,https://www.amazon.com/BASDEHEN-Kitchen-Commercial-Mounting-Compatible/dp/B09FSWGYJK/ref=sr_1_31?crid=1ETD973V81N4Y&keywords=sink&qid=1670362093&sprefix=sink%2Caps%2C70&sr=8-31,https://m.media-amazon.com/images/I/71OvAPAX9JL._AC_UL320_.jpg
"Kitchen Faucet, Lufeidra Kitchen Faucets with Pull Down Sprayer Commercial Industrial Spring Single Handle Single Hole Stainless Steel Matte Black Kitchen Faucet for Camper Farmhouse RV Kitchen Sink",$56.99,https://www.amazon.com/Lufeidra-Commercial-Industrial-Stainless-Farmhouse/dp/B08Z3M9HPM/ref=sr_1_32?crid=1ETD973V81N4Y&keywords=sink&qid=1670362093&sprefix=sink%2Caps%2C70&sr=8-32,https://m.media-amazon.com/images/I/61LUJ4pnHaL._AC_UL320_.jpg
"SOCODA Sink in Stainless Steel to be Superimposed 39""x20""Dishwasher for Kitchen|Right Monocontrol| Fregadero Derecho Acero Inoxidable",$117.90,https://www.amazon.com/gp/slredirect/picassoRedirect.html/ref=pa_sp_mtf_aps_sr_pg1_1?ie=UTF8&adId=A05024831DQYO969W1N5Q&qualifier=1670362093&id=7310441203817031&widgetName=sp_mtf&url=%2FStainless-Superimposed-Dishwasher-Monocontrol-Inoxidable%2Fdp%2FB09ZG5CFGZ%2Fref%3Dsr_1_33_sspa%3Fcrid%3D1ETD973V81N4Y%26keywords%3Dsink%26qid%3D1670362093%26sprefix%3Dsink%252Caps%252C70%26sr%3D8-33-spons%26psc%3D1,https://m.media-amazon.com/images/I/4103coD1JEL._AC_UL320_.jpg
"Davivy 32 Inch Stainless Steel Undermount Sink,32 x 19 x 10 Inch Workstation Kitchen Sink,Handmade Single Bowl Kitchen Sinks,Stainless Steel Kitchen Sink",$259.99,https://www.amazon.com/gp/slredirect/picassoRedirect.html/ref=pa_sp_mtf_aps_sr_pg1_1?ie=UTF8&adId=A06030851TQVG1ICVJB0U&qualifier=1670362093&id=7310441203817031&widgetName=sp_mtf&url=%2FDavivy-Stainless-Undermount-Workstation-Handmade%2Fdp%2FB0BCKJKNGV%2Fref%3Dsr_1_34_sspa%3Fcrid%3D1ETD973V81N4Y%26keywords%3Dsink%26qid%3D1670362093%26sprefix%3Dsink%252Caps%252C70%26sr%3D8-34-spons%26psc%3D1,https://m.media-amazon.com/images/I/71jBDlgwNKL._AC_UL320_.jpg
"Gaomasck Bar Sink , 10 x 17 inch Kitchen Sink Undermount Single Bowl 16 Gauge Stainless Steel Sink, High-end Handmade for Kitchen Sink, Bar Sink or Outdoor Sink",$95.12,https://www.amazon.com/gp/slredirect/picassoRedirect.html/ref=pa_sp_mtf_aps_sr_pg1_1?ie=UTF8&adId=A0432044ISCQB7D8N7TP&qualifier=1670362093&id=7310441203817031&widgetName=sp_mtf&url=%2FGaomasck-10-inch-Undermount-Stainless%2Fdp%2FB09XCLCPTH%2Fref%3Dsr_1_35_sspa%3Fcrid%3D1ETD973V81N4Y%26keywords%3Dsink%26qid%3D1670362093%26sprefix%3Dsink%252Caps%252C70%26sr%3D8-35-spons%26psc%3D1,https://m.media-amazon.com/images/I/51EiV86fWnL._AC_UL320_.jpg
Drop In Kitchen Sink - GhomeG 25x22 Kitchen Sink Drop In Topmount Ledge Workstation 18 Gauge Stainless Steel Drop Sink Bar Prep Sink Laundry Sink,$259.99,https://www.amazon.com/gp/slredirect/picassoRedirect.html/ref=pa_sp_mtf_aps_sr_pg1_1?ie=UTF8&adId=A0963584UI3BJEAE62SO&qualifier=1670362093&id=7310441203817031&widgetName=sp_mtf&url=%2FDrop-Kitchen-Sink-Workstation-Stainless%2Fdp%2FB087NNMGN7%2Fref%3Dsr_1_36_sspa%3Fcrid%3D1ETD973V81N4Y%26keywords%3Dsink%26qid%3D1670362093%26sprefix%3Dsink%252Caps%252C70%26sr%3D8-36-spons%26psc%3D1%26smid%3DA1KJLK2SSI2FKI,https://m.media-amazon.com/images/I/71cS-FqmSlS._AC_UL320_.jpg
"Kitchen Sink Glass Rinser,Faucet Bar Glass Rinser,Bottle Washer,Kitchen Sinks Accessories,Cup Cleaner for Bottle,Glass Cleaner Sink Attachment,Matte Black",$19.99,https://www.amazon.com/Kitchen-Rinser-Accessories-Cleaner-Attachment/dp/B09V4XSL27/ref=sr_1_37?crid=1ETD973V81N4Y&keywords=sink&qid=1670362093&sprefix=sink%2Caps%2C70&sr=8-37,https://m.media-amazon.com/images/I/61Xq8c4kBYL._AC_UL320_.jpg
"HGN Metal Kitchen Sink Glass Rinser,Faucet Glass Rinser for Kitchen Sinks,Bottle Washer,Kitchen Sink Accessories,Stainless Steel,Brush Nickel",$56.99,https://www.amazon.com/HGN-Kitchen-Rinser-Accessories-Stainless/dp/B08T1QP8ST/ref=sr_1_38?crid=1ETD973V81N4Y&keywords=sink&qid=1670362093&sprefix=sink%2Caps%2C70&sr=8-38,https://m.media-amazon.com/images/I/71C45sa1KqL._AC_UL320_.jpg
"Sink Splash Guard Behind Faucet - 2 Pack, Silicone Faucet Handle Drip Catcher Tray, Kitchen Sink Mats, Faucet Mat by HOMKULA (Black)",$15.99,https://www.amazon.com/Sink-Splash-Guard-Behind-Faucet/dp/B0BDVPV944/ref=sr_1_39?crid=1ETD973V81N4Y&keywords=sink&qid=1670362093&sprefix=sink%2Caps%2C70&sr=8-39,https://m.media-amazon.com/images/I/61nSchhsT-L._AC_UL320_.jpg
"ARLBA 2 Pack Sink Protectors for Kitchen Sink W/Center Drain Hole,13.3""x11.6""x1.25"" 304 Stainless Steel Sink Grid Protection,Sink Grate Sink Rack for Bottom of Sink w/ 2Pack Sink Strainers",$33.77,https://www.amazon.com/ARLBA-Stainless-Protectors-Universal-Strainers/dp/B09SKV6LFR/ref=sr_1_40?crid=1ETD973V81N4Y&keywords=sink&qid=1670362093&sprefix=sink%2Caps%2C70&sr=8-40,https://m.media-amazon.com/images/I/71a2LUQXT5L._AC_UL320_.jpg
"GIMILI Touchless Kitchen Faucet with Pull Down Sprayer, High Arc Single Handle Motion Sensor Smart Activated Hands-Free Kitchen Sink Faucet, Brushed Nickel",$87.99,https://www.amazon.com/GIMILI-Touchless-Kitchen-Activated-Hands-Free/dp/B09QLS86RD/ref=sr_1_41?crid=1ETD973V81N4Y&keywords=sink&qid=1670362093&sprefix=sink%2Caps%2C70&sr=8-41,https://m.media-amazon.com/images/I/616ak1C-agL._AC_UL320_.jpg
"Kitchen Sink Faucet, Kitchen Faucet Stainless Steel with Pull Down Sprayer Brushed Nickel Commercial Modern High arc Single Handle Single Hole Pull Out Kitchen Faucets for Bar Laundry rv Utility Sink",$35.91,https://www.amazon.com/Kitchen-Stainless-Sprayer-Brushed-Commercial/dp/B08GH9QMS4/ref=sr_1_42?crid=1ETD973V81N4Y&keywords=sink&qid=1670362093&sprefix=sink%2Caps%2C70&sr=8-42,https://m.media-amazon.com/images/I/51g+OYKmoqL._AC_UL320_.jpg
OWOFAN Kitchen Faucet with Pull Down Sprayer Brushed Nickel Stainless Steel Single Handle Pull Out Spring Sink Faucets 1 Hole Or 3 Hole Dual Function for Farmhouse Camper Laundry Utility Rv Wet Bar,$47.02,https://www.amazon.com/OWOFAN-Lead-Free-Commercial-Sprayer-Kitchen/dp/B07D8F5NCW/ref=sr_1_43?crid=1ETD973V81N4Y&keywords=sink&qid=1670362093&sprefix=sink%2Caps%2C70&sr=8-43,https://m.media-amazon.com/images/I/51NglhZFByL._AC_UL320_.jpg
"NORDIQAL Upgraded Kitchen Sink Splash Guard (14.5*5.5in) Silicone Water Faucet Handle Drip Tray, Sink Protectors for Kitchen Sink, Sink Mat for RV and Farmhouse (Model I White)",$8.99,https://www.amazon.com/NORDIQAL-Upgraded-Silicone-Protectors-Farmhouse/dp/B0B74R8NG9/ref=sr_1_44?crid=1ETD973V81N4Y&keywords=sink&qid=1670362093&sprefix=sink%2Caps%2C70&sr=8-44,https://m.media-amazon.com/images/I/711QtS2A6ZL._AC_UL320_.jpg
Elkay DSESR127221 Dayton Single Bowl Dual Mount Stainless Steel Sink,$141.80,https://www.amazon.com/Dayton-DSESR127221-Single-Mount-Stainless/dp/B00BYG7CLO/ref=sr_1_45?crid=1ETD973V81N4Y&keywords=sink&qid=1670362093&sprefix=sink%2Caps%2C70&sr=8-45,https://m.media-amazon.com/images/I/6153Xgj6vDL._AC_UL320_.jpg
"ROVOGO 24 x 18 inches Drop-in Kitchen Sink Single Bowl with 2 Holes, 304 Stainless Steel Handmade Residential Sink with Drain Kit",$179.99,https://www.amazon.com/ROVOGO-Kitchen-Stainless-Handmade-Residential/dp/B08CK2KN7Z/ref=sr_1_46?crid=1ETD973V81N4Y&keywords=sink&qid=1670362093&sprefix=sink%2Caps%2C70&sr=8-46,https://m.media-amazon.com/images/I/61yoLMK-beL._AC_UL320_.jpg
"Under Sink Mat,34x22"" Sink Cabinet Absorbent Mat For Kitchen,Quick Dry Under Sink Drip Tray,Slip-Resistant Rubber Backed Protect Bathroom Cabinet,Hide Stains Under Kitchen Sink Mats,Dark Blue BY WEKEY",$19.99,https://www.amazon.com/Sink-Mat-Absorbent-Slip-Resistant-WEKEY/dp/B0BDDPZY7R/ref=sr_1_47?crid=1ETD973V81N4Y&keywords=sink&qid=1670362093&sprefix=sink%2Caps%2C70&sr=8-47,https://m.media-amazon.com/images/I/61LYBCB1wTL._AC_UL320_.jpg
"Houzer ADA Glowtone Topmount Large 17"" Single Bowl Bar/Prep Sink, 3-Hole, 22 Gauge Stainless Steel, A1722-7BS-1",$73.83,https://www.amazon.com/Houzer-A1722-7BS-1-Glowtone-Topmount-Stainless/dp/B0011YFQAS/ref=sr_1_48?crid=1ETD973V81N4Y&keywords=sink&qid=1670362093&sprefix=sink%2Caps%2C70&sr=8-48,https://m.media-amazon.com/images/I/719BHoatdSL._AC_UL320_.jpg
Kraus Quarza Kitchen Sink | 33-Inch 60/40 Bowls | Black Granite | KGD-442 model,$249.95,https://www.amazon.com/Kraus-KGD-442BLACK-Granite-Kitchen-33-inch/dp/B07B95VJC5/ref=sr_1_49?crid=1ETD973V81N4Y&keywords=sink&qid=1670362093&sprefix=sink%2Caps%2C70&sr=8-49,https://m.media-amazon.com/images/I/61iqNqOjIsL._AC_UL320_.jpg
"30 Inch Undermount Kitchen Sink Stainless Steel, BoomHoze 30 x 19 Inch Undermount Workstation Sink Commercial 16 Gauge Stainless Steel Undermount Sink Deep Single Bowl Kitchen Sink with Accessories",$285.00,https://www.amazon.com/Commercial-Undermount-Workstation-Stainless-Integrated/dp/B08C794RFZ/ref=sr_1_50?crid=1ETD973V81N4Y&keywords=sink&qid=1670362093&sprefix=sink%2Caps%2C70&sr=8-50,https://m.media-amazon.com/images/I/61VgNcAs3YL._AC_UL320_.jpg
33 Inch Drop In Kitchen Sink Workstation-Hovheir 33x22 Stainless Steel Topmount Drop In Kitchen Sink Double Ledges Workstation Sink 16 Gauge Deep Single Bowl Kitchen Sink Overmount Kitchen Sink,$319.99,https://www.amazon.com/Workstation-Topmount-Stainless-Rectangle-Accessories/dp/B088655RCV/ref=sr_1_51?crid=1ETD973V81N4Y&keywords=sink&qid=1670362093&sprefix=sink%2Caps%2C70&sr=8-51,https://m.media-amazon.com/images/I/71XYaSGCGlL._AC_UL320_.jpg
"KES Rectangle Vessel Sink 16""X12"" White Bathroom Sink Above Counter Porcelain Ceramic Small Sink Bowl, BVS110S40",$63.90,https://www.amazon.com/KES-Rectangle-Bathroom-Porcelain-BVS110S40/dp/B08CTFYC2R/ref=sr_1_52?crid=1ETD973V81N4Y&keywords=sink&qid=1670362093&sprefix=sink%2Caps%2C70&sr=8-52,https://m.media-amazon.com/images/I/51V+3y8qCfL._AC_UL320_.jpg
"kitchen sink mats, JIUBAR sink protectors for kitchen sink,silicone sink mat,Sink Mat Grid 26''x 14'' for Bottom of Farmhouse Stainless Steel Porcelain Sink Center Drain.",$32.99,https://www.amazon.com/JIUBAR-protectors-Farmhouse-Stainless-Porcelain/dp/B0B7MMHL3X/ref=sr_1_53?crid=1ETD973V81N4Y&keywords=sink&qid=1670362093&sprefix=sink%2Caps%2C70&sr=8-53,https://m.media-amazon.com/images/I/71wbtV+F3OL._AC_UL320_.jpg
"Sinber 33"" Drop in Double Bowl 304 Stainless Steel Kitchen Sink",$219.95,https://www.amazon.com/Sinber-Double-Stainless-Steel-Kitchen/dp/B09NF2KTVG/ref=sr_1_54?crid=1ETD973V81N4Y&keywords=sink&qid=1670362093&sprefix=sink%2Caps%2C70&sr=8-54,https://m.media-amazon.com/images/I/71CXYR3f0vL._AC_UL320_.jpg
"VALISY 24 x18 Inch Modern Above Counter Porcelain Ceramic White Rectangle Bathroom Vessel Sink, Vanity Lavatory Bath Countertop Art Basin Sinks with Single Faucet Hole",$149.99,https://www.amazon.com/VALISY-Porcelain-Rectangle-Bathroom-Countertop/dp/B08SQB16NX/ref=sr_1_55?crid=1ETD973V81N4Y&keywords=sink&qid=1670362093&sprefix=sink%2Caps%2C70&sr=8-55,https://m.media-amazon.com/images/I/71wcEWPHy8L._AC_UL320_.jpg
"QOUWIPY Sink Protectors for Kitchen Sink, Sink Mat 13.8'' x 11.8'', 2 PCS Kitchen Sink Mats for Center Drain, Sink Mats for Bottom of Kitchen Sink, Kitchen Sink Mat, Kitchen Sink Mats and Protectors",$18.99,https://www.amazon.com/QOUWIPY-Protectors-Kitchen-Center-Drain/dp/B0B74M8KBL/ref=sr_1_56?crid=1ETD973V81N4Y&keywords=sink&qid=1670362093&sprefix=sink%2Caps%2C70&sr=8-56,https://m.media-amazon.com/images/I/71amDuiOhHL._AC_UL320_.jpg
"Sinber 16"" Undermount 18 Gauge Single Bowl 304 Stainless Steel Kitchen Sink",$99.95,https://www.amazon.com/Sinber-Undermount-Single-Stainless-Kitchen/dp/B09NF48GP8/ref=sr_1_57?crid=1ETD973V81N4Y&keywords=sink&qid=1670362093&sprefix=sink%2Caps%2C70&sr=8-57,https://m.media-amazon.com/images/I/61yn+4G4ObL._AC_UL320_.jpg
"Double Bowl Kitchen Sinks,DeerValley DV-1K028 33"" L x 18"" W White Farmhouse Ceramic Kitchen Sink,Reversible Double Bowl Farmhouse Sink with Apron Front Porcelain Ceramic Kitchen Sinks",$298.00,https://www.amazon.com/Double-Bowl-DeerValley-33-18/dp/B08DFT9XFL/ref=sr_1_58?crid=1ETD973V81N4Y&keywords=sink&qid=1670362093&sprefix=sink%2Caps%2C70&sr=8-58,https://m.media-amazon.com/images/I/71D59wHhMQL._AC_UL320_.jpg
"Sink Protectors for Kitchen Sink, 16"" x 12"" Silicone Kitchen Sink Mats for Bottom of Kitchen Sink, 2 Pack Silicone Sink Mats and Protectors for Farmhouse Stainless Steel Sink with Any Drain(Grey)",$20.99,https://www.amazon.com/Protectors-Kitchen-Silicone-Farmhouse-Stainless/dp/B0B9SV2VTX/ref=sr_1_59?crid=1ETD973V81N4Y&keywords=sink&qid=1670362093&sprefix=sink%2Caps%2C70&sr=8-59,https://m.media-amazon.com/images/I/71XaOxbasWL._AC_UL320_.jpg
"QKVCX Silicone Sink Protectors for Kitchen ,(28.2''x 14.2'')Sink Protectors for Kitchen,Sink Drainage Mat- Non-slip Sink Mat for Bottom of Kitchen Farmhouse Porcelain Sink Kitchen Sink Grid Accessory.",$37.75,https://www.amazon.com/QKVCX-Protectors-Farmhouse-Porcelain-Accessory/dp/B0BJ5TCXMJ/ref=sr_1_60?crid=1ETD973V81N4Y&keywords=sink&qid=1670362093&sprefix=sink%2Caps%2C70&sr=8-60,https://m.media-amazon.com/images/I/81Q6BzvN8zL._AC_UL320_.jpg
