item_name,price,link_to_item,link_to_item_image
"HENCKELS Premium Quality 15-Piece Knife Set with Block, Razor-Sharp, German Engineered Knife Informed by over 100 Years of Masterful Knife Making, Lightweight and Strong, Dishwasher Safe",$129.95,https://www.amazon.com/gp/slredirect/picassoRedirect.html/ref=pa_sp_atf_aps_sr_pg1_1?ie=UTF8&adId=A02563591CFQFDCOZOKWD&qualifier=1670362028&id=5934931917496995&widgetName=sp_atf&url=%2FHENCKELS-Razor-Sharp-Engineered-Lightweight-Dishwasher%2Fdp%2FB00GHX5HGG%2Fref%3Dsr_1_1_sspa%3Fcrid%3D1ETD973V81N4Y%26keywords%3Dknife%26qid%3D1670362028%26sprefix%3Dknife%252Caps%252C70%26sr%3D8-1-spons%26psc%3D1,https://m.media-amazon.com/images/I/71FtjejRbvL._AC_UL320_.jpg
Ecovita 100% Compostable Knives - 500 Large Disposable Utensils (7 in.) Bulk Size Eco Friendly Durable and Heat Resistant Alternative to Plastic Knives with Convenient Tray,$68.55,https://www.amazon.com/gp/slredirect/picassoRedirect.html/ref=pa_sp_atf_aps_sr_pg1_1?ie=UTF8&adId=A08299392AFICT94O5OHJ&qualifier=1670362028&id=5934931917496995&widgetName=sp_atf&url=%2F100-Compostable-Knives-Disposable-Alternative%2Fdp%2FB07MK5NT71%2Fref%3Dsr_1_2_sspa%3Fcrid%3D1ETD973V81N4Y%26keywords%3Dknife%26qid%3D1670362028%26sprefix%3Dknife%252Caps%252C70%26sr%3D8-2-spons%26psc%3D1,https://m.media-amazon.com/images/I/61w-lN3D4KL._AC_UL320_.jpg
"Best.Buy.Damascus1 Damascus pocket knife 6.5"" Olive Wood 3Pcs Knife Set Folding knife Pocket Knife For Men, knife Sharpeners Premium Quality Hunting gear Pocket Knives gifts for men",$37.49,https://www.amazon.com/gp/slredirect/picassoRedirect.html/ref=pa_sp_atf_aps_sr_pg1_1?ie=UTF8&adId=A03472212OKCS8ITS7N7U&qualifier=1670362028&id=5934931917496995&widgetName=sp_atf&url=%2FBest-Buy-Damascus1-Damascus-tactical-accessories-sharpeners%2Fdp%2FB017LRCSD6%2Fref%3Dsr_1_3_sspa%3Fcrid%3D1ETD973V81N4Y%26keywords%3Dknife%26qid%3D1670362028%26sprefix%3Dknife%252Caps%252C70%26sr%3D8-3-spons%26psc%3D1,https://m.media-amazon.com/images/I/61fUo0Uh5fL._AC_UL320_.jpg
"KitchenAid Gourmet 14-Piece Forged Triple Rivet Block Set with Built-in Knife Sharpener, Natural",$68.08,https://www.amazon.com/gp/slredirect/picassoRedirect.html/ref=pa_sp_atf_aps_sr_pg1_1?ie=UTF8&adId=A10359833MEW1ELTU8EYV&qualifier=1670362028&id=5934931917496995&widgetName=sp_atf&url=%2FKitchenAid-Gourmet-14-Piece-Cutlery-Natural%2Fdp%2FB09111CM4X%2Fref%3Dsr_1_4_sspa%3Fcrid%3D1ETD973V81N4Y%26keywords%3Dknife%26qid%3D1670362028%26sprefix%3Dknife%252Caps%252C70%26sr%3D8-4-spons%26psc%3D1,https://m.media-amazon.com/images/I/71-GAs9FNQL._AC_UL320_.jpg
"HENCKELS Classic Razor-Sharp 8-inch Chef's Knife, German Engineered Informed by 100+ Years of Mastery",$54.95,https://www.amazon.com/HENCKELS-Classic-Razor-Sharp-Engineered-Informed/dp/B00004RFMT/ref=sr_1_5?crid=1ETD973V81N4Y&keywords=knife&qid=1670362028&sprefix=knife%2Caps%2C70&sr=8-5,https://m.media-amazon.com/images/I/61VxzQYWhnL._AC_UL320_.jpg
"Smith & Wesson Extreme Ops SWA24S 7.1in S.S. Folding Knife with 3.1in Serrated Clip Point Blade and Aluminum Handle for Outdoor, Tactical, Survival and EDC",$14.60,https://www.amazon.com/Smith-Wesson-SWA24S-Serrated-Aluminum/dp/B007HAE5GQ/ref=sr_1_6?crid=1ETD973V81N4Y&keywords=knife&qid=1670362028&sprefix=knife%2Caps%2C70&sr=8-6,https://m.media-amazon.com/images/I/81FWNXaX+vL._AC_UL320_.jpg
"Astercook Chef Knife, 8 Inch Professional Kitchen Knife, German High Carbon Stainless Steel Ultra Sharp Knife, Chefs Knives with Ergonomic Handle and Gift Box",$29.99,https://www.amazon.com/Professional-Kitchen-German-Stainless-Ergonomic/dp/B09XTZXF39/ref=sr_1_7?crid=1ETD973V81N4Y&keywords=knife&qid=1670362028&sprefix=knife%2Caps%2C70&sr=8-7,https://m.media-amazon.com/images/I/71bVrt6YHKL._AC_UL320_.jpg
"imarku Japanese Chef Knife - Pro Kitchen Knife 8 Inch Chef's Knives High Carbon Stainless Steel Sharp Paring Knife with Ergonomic Handle, Useful Kitchen Gadgets & Christmas Gifts for Women & Men",$23.99,https://www.amazon.com/Imarku-Kitchen-Stainless-Ergonomic-Equipment/dp/B01DDBJF12/ref=sr_1_8?crid=1ETD973V81N4Y&keywords=knife&qid=1670362028&sprefix=knife%2Caps%2C70&sr=8-8,https://m.media-amazon.com/images/I/71Cft3HWeSL._AC_UL320_.jpg
Snake Eye Tactical Everyday Carry Karambit Style Folding Pocket Knife,$14.99,https://www.amazon.com/Assisted-Folding-BestSeller989-Karambit-Tactical/dp/B076GRVL65/ref=sr_1_9?crid=1ETD973V81N4Y&keywords=knife&qid=1670362028&sprefix=knife%2Caps%2C70&sr=8-9,https://m.media-amazon.com/images/I/61unCrHosAS._AC_UL320_.jpg
"oddtmall Tactical Pocket Knife - Folding Hunting Knife With 440 Stainless Steel Blade Serrated Clip & Zinc Alloy Handle For Camping, Hiking, Fishing, Outdoor Tactical Survival",$36.99,https://www.amazon.com/oddtmall-Tactical-Pocket-Knife-Stainless/dp/B0BBWCXFL9/ref=sr_1_10?crid=1ETD973V81N4Y&keywords=knife&qid=1670362028&sprefix=knife%2Caps%2C70&sr=8-10,https://m.media-amazon.com/images/I/71AA+8VNUTL._AC_UL320_.jpg
Dark Side Ballistics Blades Spring Assisted,$10.49,https://www.amazon.com/Dark-Side-Ballistics-DS-A019BL-MC-DS-A019BL/dp/B00UPITDJG/ref=sr_1_11?crid=1ETD973V81N4Y&keywords=knife&qid=1670362028&sprefix=knife%2Caps%2C70&sr=8-11,https://m.media-amazon.com/images/I/71sY64pxzrL._AC_UL320_.jpg
"MOSFiATA 8"" Super Sharp Professional Chef's Knife with Finger Guard and Knife Sharpener, German High Carbon Stainless Steel EN1.4116 with Micarta Handle and Gift Box",$39.99,https://www.amazon.com/MOSFiATA-Professional-Sharpener-Stainless-Micarta/dp/B07Q1FFC65/ref=sr_1_12?crid=1ETD973V81N4Y&keywords=knife&qid=1670362028&sprefix=knife%2Caps%2C70&sr=8-12,https://m.media-amazon.com/images/I/71vULN5EO+L._AC_UL320_.jpg
"imarku Chef Knife 7 Inch Kitchen Knife Ultra Sharp Santoku Knife - 7Cr17Mov Japanese Chefs Knife - Ergonomic Pakkawood Handle, Best Knives & Kitchen Gadgets Choice, Christmas Gifts for Women and Men",$39.99,https://www.amazon.com/Santoku-Knife-Stainless-Ergonomic-Restaurant/dp/B0865TNBKC/ref=sr_1_13?crid=1ETD973V81N4Y&keywords=knife&qid=1670362028&sprefix=knife%2Caps%2C70&sr=8-13,https://m.media-amazon.com/images/I/61SgeLVLCDL._AC_UL320_.jpg
ALBATROSS EDC Cool Spring Assisted Folding Pocket Knives Tactical Sharp Raptor Claw Knife,$14.99,https://www.amazon.com/JUNHAO-Assisted-Folding-Tactical-Collections/dp/B0774TT8TP/ref=sr_1_14?crid=1ETD973V81N4Y&keywords=knife&qid=1670362028&sprefix=knife%2Caps%2C70&sr=8-14,https://m.media-amazon.com/images/I/81KIePlMZzL._AC_UL320_.jpg
"NEDFOSS Pocket Folding Knife with personality, Hunting knife with Special Design Non-Slip Pattern Handle, Cool Sharp survival EDC knife, pocket knife for men to Camping, Hiking",$16.99,https://www.amazon.com/NedFoss-Folding-personality-Non-Slip-survival/dp/B096662Q3J/ref=sr_1_15?crid=1ETD973V81N4Y&keywords=knife&qid=1670362028&sprefix=knife%2Caps%2C70&sr=8-15,https://m.media-amazon.com/images/I/71BaQP4XucL._AC_UL320_.jpg
"Perfect Point Throwing Knife Set – Set of 9 Throwers, Black Stainless Steel Blades w/ Red Cord Wrapped Handles w/ Chinese Inscription, Nylon Sheath, Well Balanced, Throwing Sport Knives – PP-060-9",$10.49,https://www.amazon.com/Perfect-Point-PP-060-9-Throwing-Cord-Wrapped/dp/B0087BH6YC/ref=sr_1_16?crid=1ETD973V81N4Y&keywords=knife&qid=1670362028&sprefix=knife%2Caps%2C70&sr=8-16,https://m.media-amazon.com/images/I/61qNMiEk2pL._AC_UL320_.jpg
"KONOLL Bread Knife,8-Inch Pro serrated Bagle knife Forged Hammered Germany High Carbon Steel Cake Slicing (8-Inch Thunder-K Series)",$31.50,https://www.amazon.com/gp/slredirect/picassoRedirect.html/ref=pa_sp_mtf_aps_sr_pg1_1?ie=UTF8&adId=A06542313JJU7EIYO61E9&qualifier=1670362028&id=5934931917496995&widgetName=sp_mtf&url=%2FKONOLL-serrated-Hammered-Germany-Thunder-K%2Fdp%2FB08TLP9SWF%2Fref%3Dsr_1_17_sspa%3Fcrid%3D1ETD973V81N4Y%26keywords%3Dknife%26qid%3D1670362028%26sprefix%3Dknife%252Caps%252C70%26sr%3D8-17-spons%26psc%3D1,https://m.media-amazon.com/images/I/71GHaY+SKtL._AC_UL320_.jpg
"TUNFOU Butcher Knife, 7.5 Inch Professional Meat Cleaver Knife Serbian Chef Knife Full Tang Almazan Kitchen Knife Set with Leather Sheath",$39.99,https://www.amazon.com/gp/slredirect/picassoRedirect.html/ref=pa_sp_mtf_aps_sr_pg1_1?ie=UTF8&adId=A06126903PDUI03SDG6KD&qualifier=1670362028&id=5934931917496995&widgetName=sp_mtf&url=%2FTUNFOU-Butcher-Professional-Cleaver-Serbian%2Fdp%2FB0BDZJGZVM%2Fref%3Dsr_1_18_sspa%3Fcrid%3D1ETD973V81N4Y%26keywords%3Dknife%26qid%3D1670362028%26sprefix%3Dknife%252Caps%252C70%26sr%3D8-18-spons%26psc%3D1,https://m.media-amazon.com/images/I/71WyQWTJqCL._AC_UL320_.jpg
"Lichamp Champagne Saber Sword with Forged Damascus Blade Champagne Knife Opener, 16-1/2 inches",$69.99,https://www.amazon.com/gp/slredirect/picassoRedirect.html/ref=pa_sp_mtf_aps_sr_pg1_1?ie=UTF8&adId=A074872480I4WQ278RD8&qualifier=1670362028&id=5934931917496995&widgetName=sp_mtf&url=%2FLichamp-Champagne-Forged-Damascus-Opener%2Fdp%2FB0BLH3GR8M%2Fref%3Dsr_1_19_sspa%3Fcrid%3D1ETD973V81N4Y%26keywords%3Dknife%26qid%3D1670362028%26sprefix%3Dknife%252Caps%252C70%26sr%3D8-19-spons%26psc%3D1,https://m.media-amazon.com/images/I/61UWe2vDUpL._AC_UL320_.jpg
"CIVIVI Mini Praxis Folding Pocket Knife, 2.98"" D2 Steel Blade G10 Handle Small EDC Knife with Pocket Clip for Men Women, Sharp Camping Survival Hiking Knives C18026C-1",$29.75,https://www.amazon.com/gp/slredirect/picassoRedirect.html/ref=pa_sp_mtf_aps_sr_pg1_1?ie=UTF8&adId=A00698502W0HEB2PP63QU&qualifier=1670362028&id=5934931917496995&widgetName=sp_mtf&url=%2FCIVIVI-Mini-Praxis-Survival-C18026C-1%2Fdp%2FB0BF8FPH5L%2Fref%3Dsr_1_20_sspa%3Fcrid%3D1ETD973V81N4Y%26keywords%3Dknife%26qid%3D1670362028%26sprefix%3Dknife%252Caps%252C70%26sr%3D8-20-spons%26psc%3D1,https://m.media-amazon.com/images/I/61PDmgOGSfL._AC_UL320_.jpg
Pocket Knife Spring Assisted Folding Knives - Military EDC USMC Tactical Jack Knifes - Best Camping Hunting Fishing Hiking Survival Knofe - Travel Accessories Gear - Boy Scout Knife Gifts for Men 0207,$13.15,https://www.amazon.com/Grand-Way-Hunting-Folding-Rosewood/dp/B076DFCLWQ/ref=sr_1_21?crid=1ETD973V81N4Y&keywords=knife&qid=1670362028&sprefix=knife%2Caps%2C70&sr=8-21,https://m.media-amazon.com/images/I/71QjPqzNZ2L._AC_UL320_.jpg
"Brewin Kitchen Knife with Sharpener, Razor Sharp 8 Inch Chef Knife with Red Pakkawood Handle German High Carbon Stainless Steel Full Tang Professional Cooking Knives with Gift Box",$26.99,https://www.amazon.com/Brewin-Sharpener-Pakkawood-Stainless-Professional/dp/B09YQZ9WCH/ref=sr_1_22?crid=1ETD973V81N4Y&keywords=knife&qid=1670362028&sprefix=knife%2Caps%2C70&sr=8-22,https://m.media-amazon.com/images/I/71EzqldYQiL._AC_UL320_.jpg
"Wüsthof Classic Hollow Edge 2-Piece Chef's Knife Set, Black, 6-inch and 3.5-inch",$225.00,https://www.amazon.com/W%C3%BCsthof-Classic-Hollow-2-Piece-3-5-inch/dp/B0B6QBT4FH/ref=sr_1_23?crid=1ETD973V81N4Y&keywords=knife&qid=1670362028&sprefix=knife%2Caps%2C70&sr=8-23,https://m.media-amazon.com/images/I/61b0ng0Gg5L._AC_UL320_.jpg
"2,95” Serrated Blade Pocket Knife - Black Folding Knife with Glass Breaker and Seatbelt Cutter - Small EDC Knife with Pocket Clip for Men Women - Sharp Tactical Camping Survival Hiking Knives 6680",$15.99,https://www.amazon.com/95-Serrated-Blade-Pocket-Knife/dp/B0B5H6XXNH/ref=sr_1_24?crid=1ETD973V81N4Y&keywords=knife&qid=1670362028&sprefix=knife%2Caps%2C70&sr=8-24,https://m.media-amazon.com/images/I/71KbSt--pyL._AC_UL320_.jpg
"ENOKING Serbian Chef Knife 6.7 Inch Meat Cleaver Forged Chef Butcher Knife Full Tang Kitchen Knives, Set with Leather Sheath for Home, Outdoor Cooking, Camping, BBQ (Black Handle Upgraded)",$28.99,https://www.amazon.com/ENOKING-Butcher-Forged-Cleaver-Leather/dp/B08FWRQ7WT/ref=sr_1_25?crid=1ETD973V81N4Y&keywords=knife&qid=1670362028&sprefix=knife%2Caps%2C70&sr=8-25,https://m.media-amazon.com/images/I/81LdxA6dA5L._AC_UL320_.jpg
"Authentic XYJ Since 1986,Outstanding Ancient Forging,6.7 Inch Full Tang,Serbian Chefs knife,Chef Meat Cleaver,Kitchen Knives,Set with Leather Sheath,Take Carrying,Butcher,for Camping or Outdoor",$29.86,https://www.amazon.com/Authentic-XYJ-Outstanding-Ancient-Carrying/dp/B07SZSGVXM/ref=sr_1_26?crid=1ETD973V81N4Y&keywords=knife&qid=1670362028&sprefix=knife%2Caps%2C70&sr=8-26,https://m.media-amazon.com/images/I/81G2BoNaeoL._AC_UL320_.jpg
"Smith & Wesson 8in Throwing Knives and 10in Axes Combo with Full Tang Stainless Steel Design, Bottle Opener and Nylon Sheaths for Recreation and Competition",$49.99,https://www.amazon.com/Throwing-Stainless-Sheaths-Recreation-Competition/dp/B07Z8LMMRC/ref=sr_1_27?crid=1ETD973V81N4Y&keywords=knife&qid=1670362028&sprefix=knife%2Caps%2C70&sr=8-27,https://m.media-amazon.com/images/I/61Li2WwJuTL._AC_UL320_.jpg
"NedFoss Fixed Blade Knife with leather sheath ,Survival Camping Knife Full Tang Blade, Outdoor Duty Hunting Knife with 440 Stainless-Steel Blade and Clip, 12.5 inch bushcraft knife for Hiking",$29.99,https://www.amazon.com/NedFoss-leather-Survival-Stainless-Steel-bushcraft/dp/B09D2W7N9G/ref=sr_1_28?crid=1ETD973V81N4Y&keywords=knife&qid=1670362028&sprefix=knife%2Caps%2C70&sr=8-28,https://m.media-amazon.com/images/I/71D+DeEp+-L._AC_UL320_.jpg
"Mueller UltraForged Professional Meat Cleaver Knife 7"" Handmade High-Carbon Clad Steel Serbian Chef Knife with Leather Sheath, Full Tang Pakkawood Handle, Multi-functional for Kitchen, Camping, BBQ",$24.99,https://www.amazon.com/UltraForged-Professional-High-Carbon-Pakkawood-Multi-functional/dp/B0B4PYC1LQ/ref=sr_1_29?crid=1ETD973V81N4Y&keywords=knife&qid=1670362028&sprefix=knife%2Caps%2C70&sr=8-29,https://m.media-amazon.com/images/I/81P8SFH4hhL._AC_UL320_.jpg
"A+ Choice Pocket Knife Sharp Folding Knives - 4"" 440C Stainless Steel Clip Point Blade with Pocket Clip, Wood Handle, Glass Breaker - Best Camping Hiking Fishing Work Knofe",$9.99,https://www.amazon.com/Folding-Pocket-Knife-Men-EDC/dp/B09NKZJ2CC/ref=sr_1_30?crid=1ETD973V81N4Y&keywords=knife&qid=1670362028&sprefix=knife%2Caps%2C70&sr=8-30,https://m.media-amazon.com/images/I/71luTE66+KL._AC_UL320_.jpg
"Chef Knife - Kitchen Knives, 8 inch Chef's Knife, 4 inch Paring Knife, High Carbon Stainless Steel with Ergonomic Handle",$10.99,https://www.amazon.com/Chef-Knife-Kitchen-Stainless-Ergonomic/dp/B092CRWJZN/ref=sr_1_31?crid=1ETD973V81N4Y&keywords=knife&qid=1670362028&sprefix=knife%2Caps%2C70&sr=8-31,https://m.media-amazon.com/images/I/51n9QKVU7HS._AC_UL320_.jpg
"Knife Set, EXTTE Kitchen Knife Set of 4, Professional Chef Knife Set with Sharp Blade & Full Tang Handle, 8 inch Chef Knife & 8 inch Serrated Bread Knife & 5 inch Utility Knife & Ceramic Peeler",$29.99,https://www.amazon.com/EXTTE-Kitchen-Professional-Serrated-Utility/dp/B09XKC4LNY/ref=sr_1_32?crid=1ETD973V81N4Y&keywords=knife&qid=1670362028&sprefix=knife%2Caps%2C70&sr=8-32,https://m.media-amazon.com/images/I/61yEgx53GdL._AC_UL320_.jpg
"J&J Natura Series 15-Piece Kitchen Knife Set, High Carbon Stainless Steel with Block, Super Sharp, Durable Cooking Knife with Ergonomic Fraxinus Wooden Handle…",$149.00,https://www.amazon.com/gp/slredirect/picassoRedirect.html/ref=pa_sp_mtf_aps_sr_pg1_1?ie=UTF8&adId=A0657788V63K7W2FRM4A&qualifier=1670362028&id=5934931917496995&widgetName=sp_mtf&url=%2F15-Piece-Kitchen-Stainless-Ergonomic-Fraxinus%2Fdp%2FB09Q5SLQ4T%2Fref%3Dsr_1_33_sspa%3Fcrid%3D1ETD973V81N4Y%26keywords%3Dknife%26qid%3D1670362028%26sprefix%3Dknife%252Caps%252C70%26sr%3D8-33-spons%26psc%3D1,https://m.media-amazon.com/images/I/61196SqIm1L._AC_UL320_.jpg
"imarku Butcher Knife, 7-inch Sharp Chef Knife, Japanese SUS440A Stainless Steel Cleaver Knife with Pakkawood Handle - Vegetable Knife Kitchen Knife in Gift Box - Christmas Gifts for Women",$46.99,https://www.amazon.com/gp/slredirect/picassoRedirect.html/ref=pa_sp_mtf_aps_sr_pg1_1?ie=UTF8&adId=A03642211ZQEWIDFUE7CS&qualifier=1670362028&id=5934931917496995&widgetName=sp_mtf&url=%2Fimarku-Butcher-Japanese-Stainless-Pakkawood%2Fdp%2FB0BFWPB76M%2Fref%3Dsr_1_34_sspa%3Fcrid%3D1ETD973V81N4Y%26keywords%3Dknife%26qid%3D1670362028%26sprefix%3Dknife%252Caps%252C70%26sr%3D8-34-spons%26psc%3D1,https://m.media-amazon.com/images/I/713uUu4IFDL._AC_UL320_.jpg
"TUNFOU Bone Knife, Heavy Duty Bone Cleaver Knife Meat Cleaver High Carbon Steel Bone Cutting Knife Bone Chopping Knife for Home Kitchen Restaurant",$39.99,https://www.amazon.com/gp/slredirect/picassoRedirect.html/ref=pa_sp_mtf_aps_sr_pg1_1?ie=UTF8&adId=A09634337RATU9MZJ8V4&qualifier=1670362028&id=5934931917496995&widgetName=sp_mtf&url=%2FTUNFOU-Cleaver-Cutting-Chopping-Restaurant%2Fdp%2FB0BD549P66%2Fref%3Dsr_1_35_sspa%3Fcrid%3D1ETD973V81N4Y%26keywords%3Dknife%26qid%3D1670362028%26sprefix%3Dknife%252Caps%252C70%26sr%3D8-35-spons%26psc%3D1,https://m.media-amazon.com/images/I/81snpiLvl3L._AC_UL320_.jpg
"GrandMesser Chef Knife Set - 8"" Cooking Knife & 5"" Paring Knife with High Carbon German Stainless Steel Forging - Ergonomic Color Non-Slip Handle - Kitchen Knife with Gift Box",$28.99,https://www.amazon.com/gp/slredirect/picassoRedirect.html/ref=pa_sp_mtf_aps_sr_pg1_1?ie=UTF8&adId=A0785927BJ8PVHMF9RH0&qualifier=1670362028&id=5934931917496995&widgetName=sp_mtf&url=%2FGrandMesser-Universal-High-Grade-Stainless-Ergonomic%2Fdp%2FB089F9VHF9%2Fref%3Dsr_1_36_sspa%3Fcrid%3D1ETD973V81N4Y%26keywords%3Dknife%26qid%3D1670362028%26sprefix%3Dknife%252Caps%252C70%26sr%3D8-36-spons%26psc%3D1,https://m.media-amazon.com/images/I/61vgA3anrhL._AC_UL320_.jpg
"Best.Buy.Damascus1 Damascus pocket knife 6.5"" Olive Wood 3Pcs Knife Set Folding knife Pocket Knife For Men, knife Sharpeners Premium Quality Hunting gear Pocket Knives gifts for men",$37.49,https://www.amazon.com/Best-Buy-Damascus1-Damascus-tactical-accessories-sharpeners/dp/B017LRCSD6/ref=sr_1_37?crid=1ETD973V81N4Y&keywords=knife&qid=1670362028&sprefix=knife%2Caps%2C70&sr=8-37,https://m.media-amazon.com/images/I/61fUo0Uh5fL._AC_UL320_.jpg
"Twin Blade Knife - Dark Knight Pocket Folding Spring Assisted Dual Blades Bat Knives With Belt Clip Rainbow, Red, Black, Gold And Silver (total black-black)",$15.99,https://www.amazon.com/SM-Group-Batman-Knife-Blade/dp/B07Q5ZMH23/ref=sr_1_38?crid=1ETD973V81N4Y&keywords=knife&qid=1670362028&sprefix=knife%2Caps%2C70&sr=8-38,https://m.media-amazon.com/images/I/61jiokqT7nL._AC_UL320_.jpg
"Man Crates Folding Knife Making Kit – Includes Heat-Treated, Stainless Steel Drop Point Blade, Linen Micarta Handle Scales, Vise, File and More – Great Gifts for Men",$139.99,https://www.amazon.com/Man-Crates-Folding-Knife-Making/dp/B07ZG2HTKP/ref=sr_1_39?crid=1ETD973V81N4Y&keywords=knife&qid=1670362028&sprefix=knife%2Caps%2C70&sr=8-39,https://m.media-amazon.com/images/I/61atCMdUueL._AC_UL320_.jpg
"ZWILLING Porterhouse Razor-Sharp Steak Knife Set of 8 with Black Presentation Case, Gift Set",$49.95,https://www.amazon.com/ZWILLING-Porterhouse-Stainless-Presentation-silver/dp/B08BLPNWBM/ref=sr_1_40?crid=1ETD973V81N4Y&keywords=knife&qid=1670362028&sprefix=knife%2Caps%2C70&sr=8-40,https://m.media-amazon.com/images/I/813iDnVLYyL._AC_UL320_.jpg
"3.7"" Stainless Steel Blade Pocket Knife | Kershaw Grid 2200,Grey",$38.14,https://www.amazon.com/Stainless-Steel-Pocket-Kershaw-2200/dp/B01B7MQE3G/ref=sr_1_41?crid=1ETD973V81N4Y&keywords=knife&qid=1670362028&sprefix=knife%2Caps%2C70&sr=8-41,https://m.media-amazon.com/images/I/71KeVONqVgL._AC_UL320_.jpg
"Multitool Pocket Knife, Stocking Stuffers Christmas Gifts for Men Dad Husband, Cool Gadgets for Men, Folding Tactical Knife With Blade, Plier, Screwdrivers for Camping Hiking Fishing",$19.99,https://www.amazon.com/Multitool-Valentines-Boyfriend-Tactical-Screwdriver/dp/B09BKX8CFT/ref=sr_1_42?crid=1ETD973V81N4Y&keywords=knife&qid=1670362028&sprefix=knife%2Caps%2C70&sr=8-42,https://m.media-amazon.com/images/I/71eHLeVPriL._AC_UL320_.jpg
"Cold Steel Recon 1 Series Tactical Folding Knife with Tri-Ad Lock and Pocket Clip - Made with Premium CPM-S35VN Steel, Tanto Half Serrated",$84.17,https://www.amazon.com/Cold-Steel-Recon-Tanto-Serr/dp/B07G7J166B/ref=sr_1_43?crid=1ETD973V81N4Y&keywords=knife&qid=1670362028&sprefix=knife%2Caps%2C70&sr=8-43,https://m.media-amazon.com/images/I/71HXkzcsdsL._AC_UL320_.jpg
"MTech USA – Spring Assisted Folding Knife – Stainless Steel Blade, Aluminum Handle w/ Embossed Flag, Rope Cutter, Glass Punch, Pocket Clip - Hunting, Camping, Survival, Tactical, EDC – MT-A845F",$9.99,https://www.amazon.com/MTECH-USA-MT-A845F-Spring-Assisted/dp/B07PT3PD31/ref=sr_1_44?crid=1ETD973V81N4Y&keywords=knife&qid=1670362028&sprefix=knife%2Caps%2C70&sr=8-44,https://m.media-amazon.com/images/I/71DBTAzZVqL._AC_UL320_.jpg
"PAUDIN Nakiri Knife Razor Sharp Meat Cleaver 7 inch High Carbon Stainless Steel Vegetable Kitchen Knife, Multipurpose Asian Chef Knife for Home and Kitchen with Ergonomic Handle",$23.79,https://www.amazon.com/Cleaver-Knife-Chinese-Vegetable-Stainless/dp/B07KC949P2/ref=sr_1_45?crid=1ETD973V81N4Y&keywords=knife&qid=1670362028&sprefix=knife%2Caps%2C70&sr=8-45,https://m.media-amazon.com/images/I/71pZA0JIytL._AC_UL320_.jpg
Poshland BC-1092 Handmade Damascus Steel 8 Inches Full Tang Skiner Knife,$39.99,https://www.amazon.com/Poshland-Price-Reduced-BC-T-1092-Beautiful/dp/B07J4892BV/ref=sr_1_46?crid=1ETD973V81N4Y&keywords=knife&qid=1670362028&sprefix=knife%2Caps%2C70&sr=8-46,https://m.media-amazon.com/images/I/713vE3zfRKL._AC_UL320_.jpg
"Handmade Fixed Blade High Carbon Steel , Damascus Steel Hunting Knives, Bushcraft , EDC , Survival and Pocket Knife For Men With Sheath.",$19.99,https://www.amazon.com/Handmade-Damascus-Knives-Bushcraft-Survival/dp/B0BDLYWGL6/ref=sr_1_47?crid=1ETD973V81N4Y&keywords=knife&qid=1670362028&sprefix=knife%2Caps%2C70&sr=8-47,https://m.media-amazon.com/images/I/91cGhPbm0jL._AC_UL320_.jpg
"ALBATROSS EDC Cool Sharp Tactical Folding Pocket Knife,SpeedSafe Spring Assisted Opening Knifes with Liner Lock,Pocketclip,Glass Breaker,Seatbelt Cutter",$10.66,https://www.amazon.com/JUNHAO-Albatross-Tactical-SpeedSafe-Pocketclip/dp/B0774JBRNT/ref=sr_1_48?crid=1ETD973V81N4Y&keywords=knife&qid=1670362028&sprefix=knife%2Caps%2C70&sr=8-48,https://m.media-amazon.com/images/I/71F50t4+iaL._AC_UL320_.jpg
"SZCO Supplies 5.5"" Horn/Bone Handle Crescent Blade Ulu Knife with Sheath",$24.07,https://www.amazon.com/SZCO-Supplies-Handle-Crescent-Sheath/dp/B08NFHWSHM/ref=sr_1_49?crid=1ETD973V81N4Y&keywords=knife&qid=1670362028&sprefix=knife%2Caps%2C70&sr=8-49,https://m.media-amazon.com/images/I/61LixFLdw-L._AC_UL320_.jpg
"ZYLISS Paring Knife with Sheath Cover, 3.5-Inch Stainless Steel Blade, Green",$9.99,https://www.amazon.com/ZYLISS-Paring-Sheath-3-5-Inch-Stainless/dp/B0018I8PXM/ref=sr_1_50?crid=1ETD973V81N4Y&keywords=knife&qid=1670362028&sprefix=knife%2Caps%2C70&sr=8-50,https://m.media-amazon.com/images/I/51i3C7lY4sL._AC_UL320_.jpg
ZhengSheng 8 inches Chef Knife German Hign Carbon Stainless Steel Blade Kitchen Knife with Wooden handle and Sheath Ultra sharp Cooking Knife for Professional Use,$10.88,https://www.amazon.com/ZhengSheng-Ultra-sharp-Stainless-Chopping-Professional/dp/B096M5HRXW/ref=sr_1_51?crid=1ETD973V81N4Y&keywords=knife&qid=1670362028&sprefix=knife%2Caps%2C70&sr=8-51,https://m.media-amazon.com/images/I/41MG0Ma-HUS._AC_UL320_.jpg
ODENWOLF HUNTER - Hunting Knife with Sheath - Strong Stick Tang Fixed Blade Knife - Made of 420 Steel - Tactical Hunting Knives with Hard Sheath with Non-Slip TPE-Handle,$19.90,https://www.amazon.com/ODENWOLF-HUNTER-Tactical-Non-Slip-TPE-Handle/dp/B0B6JP3GX7/ref=sr_1_52?crid=1ETD973V81N4Y&keywords=knife&qid=1670362028&sprefix=knife%2Caps%2C70&sr=8-52,https://m.media-amazon.com/images/I/81hNy49OLPL._AC_UL320_.jpg
"ITOKEY EDC Pocket Knife with Sheath, Gentleman’s Slim Knife with Tanto Blade, Wood Handle, Flipper Open, Liner Lock, Outdoor Folding Knives for Men Everyday Carry",$14.99,https://www.amazon.com/ITOKEY-Gentlemans-Flipper-Outdoor-Everyday/dp/B09N3RXNY9/ref=sr_1_53?crid=1ETD973V81N4Y&keywords=knife&qid=1670362028&sprefix=knife%2Caps%2C70&sr=8-53,https://m.media-amazon.com/images/I/714wDbz13KL._AC_UL320_.jpg
"Uncle Henry 153UH Golden Spike Fixed Blade Knife with 5in High Carbon S.S. Blade, Staglon Handle, Sharpening Stone, Full Tang, and Leather Sheath for Hunting, Skinning, Camping, and Outdoors",$35.89,https://www.amazon.com/Uncle-Henry-153UH-Golden-Spike/dp/B000IE9LRG/ref=sr_1_54?crid=1ETD973V81N4Y&keywords=knife&qid=1670362028&sprefix=knife%2Caps%2C70&sr=8-54,https://m.media-amazon.com/images/I/41FT+aBbk8L._AC_UL320_.jpg
"FLISSA Mini Folding Pocket Knife, 2.5-Inch Stainless Steel Drop Point Blade, EDC Pocket Knives for Men with Bottle Opener and Glass Breaker (Wood)",$8.99,https://www.amazon.com/Flissa-Folding-2-5-Inch-Stainless-Breaker/dp/B09T2XPTYV/ref=sr_1_55?crid=1ETD973V81N4Y&keywords=knife&qid=1670362028&sprefix=knife%2Caps%2C70&sr=8-55,https://m.media-amazon.com/images/I/712fksXVWtL._AC_UL320_.jpg
aisyoko Santoku Knife 5 inches-Japan VG-10 Super Steel 67 Layer Damascus Steel-Sharp Kitchen Knife-Luxury Gift Box with Colored Wooden Handle-With Scabbard,$59.99,https://www.amazon.com/aisyoko-inches-Japan-Damascus-Steel-Sharp-Knife-Luxury/dp/B09NB9HG5X/ref=sr_1_56?crid=1ETD973V81N4Y&keywords=knife&qid=1670362028&sprefix=knife%2Caps%2C70&sr=8-56,https://m.media-amazon.com/images/I/81ErFOw+TvL._AC_UL320_.jpg
"Smith Chu Forged Viking Knives, Husk Chef Knife Butcher Knives Hussk Fishing Filet & Bait Knife Japanese Chef Knife Boning Knife Japan knives Meat Cleaver for Kitchen or Camping",$29.99,https://www.amazon.com/Butcher-Fishing-Japanese-Cleaver-Kitchen/dp/B08CC7SF9W/ref=sr_1_57?crid=1ETD973V81N4Y&keywords=knife&qid=1670362028&sprefix=knife%2Caps%2C70&sr=8-57,https://m.media-amazon.com/images/I/61vGWTP-D0L._AC_UL320_.jpg
Authentic XYJ FULL TANG 6.2 Inch Kitchen Knife Chef Knives With Carrying Leather Knife Sheath High Carbon Steel Slicing Cutting Butcher Knives For Meat Vegetable Cooking Tool,$29.86,https://www.amazon.com/XYJ-Tactical-Carrying-Stainless-Vegetable/dp/B08NPV7G6D/ref=sr_1_58?crid=1ETD973V81N4Y&keywords=knife&qid=1670362028&sprefix=knife%2Caps%2C70&sr=8-58,https://m.media-amazon.com/images/I/81kHLkOiiVL._AC_UL320_.jpg
GRAND WAY Pocket Folding Knife - Military Style - Boy Scouts Knife - Tactical Knife - Good for Camping Indoor and Outdoor Activities Mens Gift,$12.99,https://www.amazon.com/Spring-Assisted-Knife-Military-Activities/dp/B01CDM805E/ref=sr_1_59?crid=1ETD973V81N4Y&keywords=knife&qid=1670362028&sprefix=knife%2Caps%2C70&sr=8-59,https://m.media-amazon.com/images/I/71S1DR0UHyL._AC_UL320_.jpg
"KNINE OUTDOORS Fish Fillet Knife Set Curved Flex 7 inch 9 inch Filet Knife for Filleting and Boning, Non-Slip Handles, Includes Fishing Braid Line Scissors, Fish Dressing Scissors, Filleting Pad",$59.97,https://www.amazon.com/KNINE-OUTDOORS-Filleting-Non-Slip-Scissors/dp/B0B9L2DSNY/ref=sr_1_60?crid=1ETD973V81N4Y&keywords=knife&qid=1670362028&sprefix=knife%2Caps%2C70&sr=8-60,https://m.media-amazon.com/images/I/817ZrHtIZoL._AC_UL320_.jpg
