item_name,price,link_to_item,link_to_item_image
"Bugucat Water Bottle 32OZ, Tritan Drinks Bottle with Straw and Time Markings, Jug Leak Proof,Sport Water Storage Container for Teenager Adult, Water Bottle for Gym School Cycling Fitness Outdoor",$12.99,https://www.amazon.com/gp/slredirect/picassoRedirect.html/ref=pa_sp_atf_aps_sr_pg1_1?ie=UTF8&adId=A03319331CWZY43NLB3E7&qualifier=1670362019&id=4008997404474032&widgetName=sp_atf&url=%2FBugucat-Markings-Storage-Container-Teenager%2Fdp%2FB0B2J34WBB%2Fref%3Dsr_1_1_sspa%3Fcrid%3D1ETD973V81N4Y%26keywords%3Dbottle%26qid%3D1670362019%26sprefix%3Dbottle%252Caps%252C70%26sr%3D8-1-spons%26psc%3D1,https://m.media-amazon.com/images/I/61fcDLqbf7L._AC_UL320_.jpg
Hydro Flask Wide Mouth Straw Lid,$39.46,https://www.amazon.com/gp/slredirect/picassoRedirect.html/ref=pa_sp_atf_aps_sr_pg1_1?ie=UTF8&adId=A020955538FM3HCYVUMBQ&qualifier=1670362019&id=4008997404474032&widgetName=sp_atf&url=%2FHydro-Flask-Mouth-Water-Bottle%2Fdp%2FB083GBMKS3%2Fref%3Dsr_1_2_sspa%3Fcrid%3D1ETD973V81N4Y%26keywords%3Dbottle%26qid%3D1670362019%26sprefix%3Dbottle%252Caps%252C70%26sr%3D8-2-spons%26psc%3D1,https://m.media-amazon.com/images/I/517bKKnADzL._AC_UL320_.jpg
"NUK Simply Natural™ Bottles with SafeTemp, Gift Set, 0+ Months",$32.99,https://www.amazon.com/gp/slredirect/picassoRedirect.html/ref=pa_sp_atf_aps_sr_pg1_1?ie=UTF8&adId=A01424523BCQLWTLQAHRU&qualifier=1670362019&id=4008997404474032&widgetName=sp_atf&url=%2FNUK-Simply-Natural-Bottles-SafeTemp%2Fdp%2FB08VQL312N%2Fref%3Dsr_1_3_sspa%3Fcrid%3D1ETD973V81N4Y%26keywords%3Dbottle%26qid%3D1670362019%26sprefix%3Dbottle%252Caps%252C70%26sr%3D8-3-spons%26psc%3D1,https://m.media-amazon.com/images/I/71sqY0CV38L._AC_UL320_.jpg
Hydro Flask Standard Mouth Bottle with Flex Cap,$34.95,https://www.amazon.com/gp/slredirect/picassoRedirect.html/ref=pa_sp_atf_aps_sr_pg1_1?ie=UTF8&adId=A00770743421E9RA9HGKS&qualifier=1670362019&id=4008997404474032&widgetName=sp_atf&url=%2FHydro-Flask-Standard-Mouth-Flex%2Fdp%2FB09SQNTX9H%2Fref%3Dsr_1_4_sspa%3Fcrid%3D1ETD973V81N4Y%26keywords%3Dbottle%26qid%3D1670362019%26sprefix%3Dbottle%252Caps%252C70%26sr%3D8-4-spons%26psc%3D1,https://m.media-amazon.com/images/I/617oGVlgPKL._AC_UL320_.jpg
"Iron Flask Sports Water Bottle - 40 Oz, 3 Lids (Straw Lid), Leak Proof, Vacuum Insulated Stainless Steel, Double Walled, Thermo Mug, Metal Canteen",$26.95,https://www.amazon.com/Iron-Flask-Sports-Water-Bottle/dp/B07N2F3JXP/ref=sr_1_5?crid=1ETD973V81N4Y&keywords=bottle&qid=1670362019&sprefix=bottle%2Caps%2C70&sr=8-5,https://m.media-amazon.com/images/I/71mvub7gP4L._AC_UL320_.jpg
Hydro Flask Wide Mouth Bottle with Flex Cap,$35.93,https://www.amazon.com/Hydro-Flask-Water-Bottle-Stainless/dp/B07YXLXX7S/ref=sr_1_6?crid=1ETD973V81N4Y&keywords=bottle&qid=1670362019&sprefix=bottle%2Caps%2C70&sr=8-6,https://m.media-amazon.com/images/I/61JEB+cGneL._AC_UL320_.jpg
"BlenderBottle Classic V2 Shaker Bottle Perfect for Protein Shakes and Pre Workout, 28-Ounce, Black",$10.99,https://www.amazon.com/BlenderBottle-C03596-Classic-Bottle-28-Ounce/dp/B07TL6PNLD/ref=sr_1_7?crid=1ETD973V81N4Y&keywords=bottle&qid=1670362019&sprefix=bottle%2Caps%2C70&sr=8-7,https://m.media-amazon.com/images/I/61Rx91iwTqL._AC_UL320_.jpg
"MEITAGIE 32oz Motivational Water Bottle with Time Marker & Fruit Strainer, Leak-proof BPA Free Non-Toxic 1l Bottle with Carrying Strap, Perfect for Fitness, Gym and Outdoor Sports",$9.99,https://www.amazon.com/MEITAGIE-Motivational-Strainer-Leak-proof-Non-Toxic/dp/B0978P112T/ref=sr_1_8?crid=1ETD973V81N4Y&keywords=bottle&qid=1670362019&sprefix=bottle%2Caps%2C70&sr=8-8,https://m.media-amazon.com/images/I/712en1BIwNL._AC_UL320_.jpg
Opard 30oz Sports Water Bottle with Leak Proof Flip Top Lid BPA Free Tritan Reusable Plastic for Gym and Outdoor,$14.99,https://www.amazon.com/Opard-Sports-Reusable-Plastic-Outdoor/dp/B0897MN4WY/ref=sr_1_9?crid=1ETD973V81N4Y&keywords=bottle&qid=1670362019&sprefix=bottle%2Caps%2C70&sr=8-9,https://m.media-amazon.com/images/I/51WqytO2NpL._AC_UL320_.jpg
North Mountain Supply - W5CTCL-BKP 750ml Clear Glass Bordeaux Wine Bottle Flat-Bottomed Screw-Top Finish - with 28mm Black Plastic Lids - Case of 12,$29.99,https://www.amazon.com/North-Mountain-Supply-Flat-Bottomed-Screw-Top/dp/B07NDVXG1N/ref=sr_1_10?crid=1ETD973V81N4Y&keywords=bottle&qid=1670362019&sprefix=bottle%2Caps%2C70&sr=8-10,https://m.media-amazon.com/images/I/71DElHnBJ+L._AC_UL320_.jpg
Hydro Flask Standard Mouth Bottle with Flex Cap,$30.95,https://www.amazon.com/Hydro-Flask-FBA_S24SX110-Standard-Bottle/dp/B01KXHGWQU/ref=sr_1_11?crid=1ETD973V81N4Y&keywords=bottle&qid=1670362019&sprefix=bottle%2Caps%2C70&sr=8-11,https://m.media-amazon.com/images/I/61ICsghoDwL._AC_UL320_.jpg
Pogo BPA-Free Plastic Water Bottle with Chug Lid,$9.99,https://www.amazon.com/Pogo-BPA-Free-Plastic-Water-Bottle/dp/B00WH2NKRO/ref=sr_1_12?crid=1ETD973V81N4Y&keywords=bottle&qid=1670362019&sprefix=bottle%2Caps%2C70&sr=8-12,https://m.media-amazon.com/images/I/81I4cdYTx0L._AC_UL320_.jpg
"ELYPHINE 32OZ Water Bottles with Removable Straw & Time Marker, Motivational Water Bottle with BPA Free Tritan Material, Leakproof Water Jug for Fitness Sports",$8.98,https://www.amazon.com/Bottle-ELYPHINE-Motivational-Leakproof-Outdoor/dp/B09CKP6TGQ/ref=sr_1_13?crid=1ETD973V81N4Y&keywords=bottle&qid=1670362019&sprefix=bottle%2Caps%2C70&sr=8-13,https://m.media-amazon.com/images/I/71ZpKuVyulL._AC_UL320_.jpg
Hydro Flask Wide Mouth Straw Lid,$49.95,https://www.amazon.com/Hydro-Flask-Mouth-Water-Bottle/dp/B083GB5ZQT/ref=sr_1_14?crid=1ETD973V81N4Y&keywords=bottle&qid=1670362019&sprefix=bottle%2Caps%2C70&sr=8-14,https://m.media-amazon.com/images/I/51srToMz+YS._AC_UL320_.jpg
"MEITAGIE 32oz Leakproof Motivational Sports Water Bottle with Straw & Time Marker, Flip Top Durable BPA Free Tritan Non-Toxic Frosted Bottle Perfect for Office, School, Gym and Workout",$9.89,https://www.amazon.com/MEITAGIE-Leakproof-Motivational-Durable-Non-Toxic/dp/B097STJLWR/ref=sr_1_15?crid=1ETD973V81N4Y&keywords=bottle&qid=1670362019&sprefix=bottle%2Caps%2C70&sr=8-15,https://m.media-amazon.com/images/I/71E3wxtmJ1L._AC_UL320_.jpg
"Triple-Insulated Stainless Steel Water Bottle with Straw Lid - Flip-Top Lid - Wide-Mouth Cap (25 Oz) Insulated Water Bottles, Keeps Hot and Cold - Sports Canteen Water Bottle Great for Hiking & Biking",$17.99,https://www.amazon.com/Triple-Insulated-Stainless-Steel-Bottle/dp/B08B1VTTB9/ref=sr_1_16?crid=1ETD973V81N4Y&keywords=bottle&qid=1670362019&sprefix=bottle%2Caps%2C70&sr=8-16,https://m.media-amazon.com/images/I/81HHI2mPzEL._AC_UL320_.jpg
"Amazon Brand - Mama Bear Wide-Neck Baby Bottle Nipple, BPA-Free, Fast Flow (Pack of 6)",$10.26,https://www.amazon.com/gp/slredirect/picassoRedirect.html/ref=pa_sp_mtf_aps_sr_pg1_1?ie=UTF8&adId=A0626242172922NM3OIWS&qualifier=1670362019&id=4008997404474032&widgetName=sp_mtf&url=%2FAmazon-Brand-Wide-Neck-Bottle-BPA-Free%2Fdp%2FB07SPX7GFY%2Fref%3Dsr_1_17_sspa%3Fcrid%3D1ETD973V81N4Y%26keywords%3Dbottle%26qid%3D1670362019%26sprefix%3Dbottle%252Caps%252C70%26sr%3D8-17-spons%26psc%3D1,https://m.media-amazon.com/images/I/71bUd4HxoCL._AC_UL320_.jpg
"SANTECO Water Bottles, Reusable Wide Mouth Sports Bottle, Easy to Clean BPA Free Tritan, Double Wall Insulated Light Weight Bottles with Handle for Daily Fitness, Gym, Running, Hiking",$11.99,https://www.amazon.com/gp/slredirect/picassoRedirect.html/ref=pa_sp_mtf_aps_sr_pg1_1?ie=UTF8&adId=A10456593FAMDC3A9L53H&qualifier=1670362019&id=4008997404474032&widgetName=sp_mtf&url=%2FSanteco-Reusable-Leakproof-Bottles-Fitness%2Fdp%2FB09WZY58RP%2Fref%3Dsr_1_18_sspa%3Fcrid%3D1ETD973V81N4Y%26keywords%3Dbottle%26qid%3D1670362019%26sprefix%3Dbottle%252Caps%252C70%26sr%3D8-18-spons%26psc%3D1,https://m.media-amazon.com/images/I/51QfLQd1XYL._AC_UL320_.jpg
Half Gallon Water Bottle with Straw 74 oz Large Water Bottle Big Gym Water Bottle with Storage Sleeve BPA Free Gallon Water Jug with Handle and Bottle Brush Army Green,$28.99,https://www.amazon.com/gp/slredirect/picassoRedirect.html/ref=pa_sp_mtf_aps_sr_pg1_1?ie=UTF8&adId=A01068931MSR8246IE2WB&qualifier=1670362019&id=4008997404474032&widgetName=sp_mtf&url=%2FGallon-Bottle-Storage-Sleeve-Handle%2Fdp%2FB09XTVMVT1%2Fref%3Dsr_1_19_sspa%3Fcrid%3D1ETD973V81N4Y%26keywords%3Dbottle%26qid%3D1670362019%26sprefix%3Dbottle%252Caps%252C70%26sr%3D8-19-spons%26psc%3D1,https://m.media-amazon.com/images/I/71x9GkNfFWL._AC_UL320_.jpg
FIDLOCK Twist Bottle 590 Set- Bike Water Bottle Holder with Attached Bottle - Cage Free Magnetic Mount - Transparent Black,$44.99,https://www.amazon.com/gp/slredirect/picassoRedirect.html/ref=pa_sp_mtf_aps_sr_pg1_1?ie=UTF8&adId=A10352071GPQ0AJCPIQC2&qualifier=1670362019&id=4008997404474032&widgetName=sp_mtf&url=%2FFidlock-TWIST-Bottle-Holder-Attached%2Fdp%2FB086WPK2RC%2Fref%3Dsr_1_20_sspa%3Fcrid%3D1ETD973V81N4Y%26keywords%3Dbottle%26qid%3D1670362019%26sprefix%3Dbottle%252Caps%252C70%26sr%3D8-20-spons%26psc%3D1%26smid%3DA2NHRWS76WGLAC,https://m.media-amazon.com/images/I/61Z21xHoFgS._AC_UL320_.jpg
"ICEWATER-40 oz, Auto Spout Lid + Wide Mouth Lid, Stainless Steel Water Bottle, BPA Free, Double Walled Vacuum, Lockable Lid, Leak Proof, Pop-up Top, One-handed Operation (40 oz, Black)",$13.99,https://www.amazon.com/ICEWATER-40-Stainless-Lockable-One-handed-Operation/dp/B0BG6T9RX8/ref=sr_1_21?crid=1ETD973V81N4Y&keywords=bottle&qid=1670362019&sprefix=bottle%2Caps%2C70&sr=8-21,https://m.media-amazon.com/images/I/61zEfaW5oYL._AC_UL320_.jpg
HYDRO CELL Stainless Steel Water Bottle w/ Straw & Wide Mouth Lids (64oz 40oz 32oz 24oz 18oz 14oz) - Keeps Liquids Hot or Cold w/ Vacuum Insulated Sweat Proof Sport Design (Black24oz),$20.99,https://www.amazon.com/HYDRO-CELL-Stainless-Steel-Bottle/dp/B076S2S9VY/ref=sr_1_22?crid=1ETD973V81N4Y&keywords=bottle&qid=1670362019&sprefix=bottle%2Caps%2C70&sr=8-22,https://m.media-amazon.com/images/I/810Lu7japKL._AC_UL320_.jpg
"Brewberry Sports Bottle and Travel Mug for Hot and Cold Beverages, Wide Mouth, Double Wall Insulated Hydration Sports Water Bottle for Hiking, Biking, and Activities, 22 OZ BPA Free",$15.99,https://www.amazon.com/Brewberry-Beverages-Insulated-Hydration-Activities/dp/B0B642XS9Y/ref=sr_1_23?crid=1ETD973V81N4Y&keywords=bottle&qid=1670362019&sprefix=bottle%2Caps%2C70&sr=8-23,https://m.media-amazon.com/images/I/810G3JWpuKL._AC_UL320_.jpg
"Juice Bottles with Caps for Juicing & Smoothies, Reusable Clear Empty Plastic Bottles with Caps, 32 Ounce Drink Containers for Mini Fridge, Juicer Shots, Small Water Bottles Bulk 32 oz (6 Pack)",$16.99,https://www.amazon.com/Stock-Your-Home-Containers-Beverages/dp/B088KPPZBQ/ref=sr_1_24?crid=1ETD973V81N4Y&keywords=bottle&qid=1670362019&sprefix=bottle%2Caps%2C70&sr=8-24,https://m.media-amazon.com/images/I/71s1NQUF+ML._AC_UL320_.jpg
"BJPKPK Insulated Water Bottles -17oz/25oz, Stainless Steel Water Bottles,Sports Water Bottles Keep Cold for 24 Hours and Hot for 12 Hours, Water Bottle for School",$9.41,https://www.amazon.com/BJPKPK-Stainless-Insulated-Bottles-Goldenrod/dp/B08GG5TZXG/ref=sr_1_25?crid=1ETD973V81N4Y&keywords=bottle&qid=1670362019&sprefix=bottle%2Caps%2C70&sr=8-25,https://m.media-amazon.com/images/I/61FOtBVdN7L._AC_UL320_.jpg
Hydracy Water Bottle with Time Marker -Large 32oz BPA Free Water Bottle & No Sweat Sleeve -Leak Proof Gym Bottle with Fruit Infuser Strainer & Times to Drink -Ideal Gift for Fitness Sports & Outdoors,$24.97,https://www.amazon.com/Hydracy-Water-Bottle-Time-Marker/dp/B085QJ4RBJ/ref=sr_1_26?crid=1ETD973V81N4Y&keywords=bottle&qid=1670362019&sprefix=bottle%2Caps%2C70&sr=8-26,https://m.media-amazon.com/images/I/81edILVrhvL._AC_UL320_.jpg
"Enerbone 32 oz Water Bottle with Times to Drink and Straw, Motivational Drinking Water Bottles with Carrying Strap, Leakproof BPA & Toxic Free, Ensure You Drink Enough Water for Fitness Gym Outdoor",$9.99,https://www.amazon.com/Enerbone-Leakproof-Drinking-Carrying-Green-Purple/dp/B097SDP3R4/ref=sr_1_27?crid=1ETD973V81N4Y&keywords=bottle&qid=1670362019&sprefix=bottle%2Caps%2C70&sr=8-27,https://m.media-amazon.com/images/I/71ZGNPBApJL._AC_UL320_.jpg
AQUAFIT 1 Gallon Water Bottle With Times To Drink - 128 oz Water Bottle With Straw - Motivational Water Bottle - Large Water Bottle - Sports Water Bottle With Time Marker - Gym Water Jug 1 Gallon,$24.49,https://www.amazon.com/Gallon-Water-Bottle-Time-Marker/dp/B08FXD5SNC/ref=sr_1_28?crid=1ETD973V81N4Y&keywords=bottle&qid=1670362019&sprefix=bottle%2Caps%2C70&sr=8-28,https://m.media-amazon.com/images/I/7189r6Q+5-L._AC_UL320_.jpg
"VOLTRX Premium Electric Protein Shaker Bottle, Made with Tritan - BPA Free - 24 oz Vortex Portable Mixer Cup/USB Rechargeable Shaker Cups for Protein Shakes",$25.98,https://www.amazon.com/VOLTRX-Premium-Electric-Protein-Shaker/dp/B07QP13BJ9/ref=sr_1_29?crid=1ETD973V81N4Y&keywords=bottle&qid=1670362019&sprefix=bottle%2Caps%2C70&sr=8-29,https://m.media-amazon.com/images/I/51Dk3zEQGbL._AC_UL320_.jpg
"Kids Water Bottle, 12oz Water Bottles Kids with Straw and Stickers, Stainless Steel Vacuum Double Wall Insulated cup, Kids Water Bottle for School, Gifts for Girls(Green and Pink)",$13.97,https://www.amazon.com/Bottle-Bottles-Stickers-Stainless-Insulated/dp/B0BFCXLDRC/ref=sr_1_30?crid=1ETD973V81N4Y&keywords=bottle&qid=1670362019&sprefix=bottle%2Caps%2C70&sr=8-30,https://m.media-amazon.com/images/I/71vgLNGp9tL._AC_UL320_.jpg
"Nefeeko Collapsible Water Bottle, Reuseable BPA Free Silicone Foldable Water Bottles for Travel Gym Camping Hiking, Portable Leak Proof Sports Water Bottle with Carabiner",$12.99,https://www.amazon.com/Nefeeko-Collapsible-Silicone-Portable-Foldable/dp/B07Q5XMNMC/ref=sr_1_31?crid=1ETD973V81N4Y&keywords=bottle&qid=1670362019&sprefix=bottle%2Caps%2C70&sr=8-31,https://m.media-amazon.com/images/I/41IGu2qSS5L._AC_UL320_.jpg
sunkey 32 oz Glass Water Bottle with Time Marker Bamboo Lid Neoprene Sleeve for to Go Travel Gym Home Reusable Eco Friendly Bpa Free (Gray),$16.99,https://www.amazon.com/sunkey-Bottle-Neoprene-Reusable-Friendly/dp/B08SWDCBQL/ref=sr_1_32?crid=1ETD973V81N4Y&keywords=bottle&qid=1670362019&sprefix=bottle%2Caps%2C70&sr=8-32,https://m.media-amazon.com/images/I/716L0PIkf1L._AC_UL320_.jpg
Gandeer 24 Pieces Aluminum Water Bottle 17 oz Leak Proof Sports Bottle Bulk Lightweight Aluminum Bike Water Bottles with Buckle and Twist Cap for Gym Sports Travel Riding Camping Running (Dark Blue),$69.99,https://www.amazon.com/gp/slredirect/picassoRedirect.html/ref=pa_sp_mtf_aps_sr_pg1_1?ie=UTF8&adId=A072888028WM22531S6CD&qualifier=1670362019&id=4008997404474032&widgetName=sp_mtf&url=%2FGandeer-Aluminum-Lightweight-Bottles-Camping%2Fdp%2FB0BBR8D972%2Fref%3Dsr_1_33_sspa%3Fcrid%3D1ETD973V81N4Y%26keywords%3Dbottle%26qid%3D1670362019%26sprefix%3Dbottle%252Caps%252C70%26sr%3D8-33-spons%26psc%3D1,https://m.media-amazon.com/images/I/71R3jmyMz2L._AC_UL320_.jpg
"YEBTS LIFE Water Bottle,Vacuum Insulated Water Bottles with 2 Lids & 2 Straws& Brush,Stainless Steel Water Bottles Keep Hot and Cold,Leak Proof,Sports Water Bottle for Hiking Biking Sport(24oz, Black)",$16.99,https://www.amazon.com/gp/slredirect/picassoRedirect.html/ref=pa_sp_mtf_aps_sr_pg1_1?ie=UTF8&adId=A0234527S2B87QWLVAGR&qualifier=1670362019&id=4008997404474032&widgetName=sp_mtf&url=%2FYEBTS-Bottle-Insulated-Bottles-Stainless%2Fdp%2FB0BG8KM6KK%2Fref%3Dsr_1_34_sspa%3Fcrid%3D1ETD973V81N4Y%26keywords%3Dbottle%26qid%3D1670362019%26sprefix%3Dbottle%252Caps%252C70%26sr%3D8-34-spons%26psc%3D1,https://m.media-amazon.com/images/I/61bBwG2csrL._AC_UL320_.jpg
"SANTECO Insulated Water Bottles 24 oz, Stainless Steel Thermos with Lanyard & Wide Mouth Spout Lid, Leak Proof, Double Wall Vacuum Water Bottle, Keep Drinks Hot & Cold for Hiking Camping - Purple",$19.99,https://www.amazon.com/gp/slredirect/picassoRedirect.html/ref=pa_sp_mtf_aps_sr_pg1_1?ie=UTF8&adId=A00739623VIFKBT6B6TWC&qualifier=1670362019&id=4008997404474032&widgetName=sp_mtf&url=%2FSANTECO-Insulated-Bottles-Stainless-Thermos%2Fdp%2FB0B6927HVY%2Fref%3Dsr_1_35_sspa%3Fcrid%3D1ETD973V81N4Y%26keywords%3Dbottle%26qid%3D1670362019%26sprefix%3Dbottle%252Caps%252C70%26sr%3D8-35-spons%26psc%3D1,https://m.media-amazon.com/images/I/71-YtJlWlQL._AC_UL320_.jpg
"Turbo Air TBC-50SB, 50"" Wide Bottle Cooler","$3,035.43",https://www.amazon.com/gp/slredirect/picassoRedirect.html/ref=pa_sp_mtf_aps_sr_pg1_1?ie=UTF8&adId=A0464456TZW96DVXR17&qualifier=1670362019&id=4008997404474032&widgetName=sp_mtf&url=%2FTurbo-Air-TBC-50SB-Bottle-Cooler%2Fdp%2FB008I4E7ZO%2Fref%3Dsr_1_36_sspa%3Fcrid%3D1ETD973V81N4Y%26keywords%3Dbottle%26qid%3D1670362019%26sprefix%3Dbottle%252Caps%252C70%26sr%3D8-36-spons%26psc%3D1%26smid%3DA1SKXJWLNJ7EP0,https://m.media-amazon.com/images/I/51g4FqCukUL._AC_UL320_.jpg
6-Pack Bulk Empty Plastic Juice Bottles with Caps Reusable 400ml Durable Water Bottles great Sensory Bottles and Smoothie Bottles with Black Lids Great Calming Bottles for Sensory Crafts,$13.93,https://www.amazon.com/Got-Dragon-Plastic-Reusable-Smoothie/dp/B08C3SQPZN/ref=sr_1_37?crid=1ETD973V81N4Y&keywords=bottle&qid=1670362019&sprefix=bottle%2Caps%2C70&sr=8-37,https://m.media-amazon.com/images/I/61eFPaWq0SL._AC_UL320_.jpg
Stanley Quick Flip GO Bottle,$23.00,https://www.amazon.com/Stanley-Quick-Flip-Bottle-Lilac/dp/B09PCLPPC7/ref=sr_1_38?crid=1ETD973V81N4Y&keywords=bottle&qid=1670362019&sprefix=bottle%2Caps%2C70&sr=8-38,https://m.media-amazon.com/images/I/51DDmz5B9NL._AC_UL320_.jpg
"Comotomo Baby Bottle, Green, 5 Ounce (2 Count)",$19.81,https://www.amazon.com/Comotomo-Bottle-Green-Ounce-Count/dp/B009QXDE46/ref=sr_1_39?crid=1ETD973V81N4Y&keywords=bottle&qid=1670362019&sprefix=bottle%2Caps%2C70&sr=8-39,https://m.media-amazon.com/images/I/71qmUC+4tPL._AC_UL320_.jpg
AQUAFIT Half Gallon Water Bottle With Times To Drink - 64 oz Water Bottle With Straw - Water Jug - Motivational Water Bottle - Large Water Bottle - Sports Water Bottle With Time Marker for Gym,$19.99,https://www.amazon.com/AQUAFIT-Gallon-Water-Bottle-Motivational/dp/B094X6N4PG/ref=sr_1_40?crid=1ETD973V81N4Y&keywords=bottle&qid=1670362019&sprefix=bottle%2Caps%2C70&sr=8-40,https://m.media-amazon.com/images/I/710dHhMx4iL._AC_UL320_.jpg
"QAYSKYTY Stainless Steel Water Bottles Insulated, 32 oz Metal Water Bottle, Double Wall Vacuum Sweat-Proof BPA Free Wide Mouth for Sports Gym Travel Outdoor (1 Bottle+1 Lid)",$12.99,https://www.amazon.com/QAYSKYTY-Stainless-Bottles-Insulated-Sweat-Proof/dp/B0BC1D5JSR/ref=sr_1_41?crid=1ETD973V81N4Y&keywords=bottle&qid=1670362019&sprefix=bottle%2Caps%2C70&sr=8-41,https://m.media-amazon.com/images/I/61LvxXG3N8L._AC_UL320_.jpg
"Water Bottle with Straw, 128oz BPA Free Leak-proof Water Bottle with Times to Drink Perfect for Fitness Gym Camping Outdoor Sports, Gallon Water Bottle",$17.99,https://www.amazon.com/Leak-proof-Perfect-Fitness-Camping-Outdoor/dp/B09P9ZNGJH/ref=sr_1_42?crid=1ETD973V81N4Y&keywords=bottle&qid=1670362019&sprefix=bottle%2Caps%2C70&sr=8-42,https://m.media-amazon.com/images/I/61odgjuP3WL._AC_UL320_.jpg
"VOLTRX Shaker Bottle, Gallium USB C Rechargeable Electric Protein Shake Mixer, Shaker Cups for Protein Shakes and Meal Replacement Shakes, BPA Free, Made with Tritan, 24oz",$19.96,https://www.amazon.com/VOLTRX-Gallium-Rechargeable-Electric-Replacement/dp/B0BFF5MN6T/ref=sr_1_43?crid=1ETD973V81N4Y&keywords=bottle&qid=1670362019&sprefix=bottle%2Caps%2C70&sr=8-43,https://m.media-amazon.com/images/I/61xY5x1JAkL._AC_UL320_.jpg
"BlenderBottle Classic Shaker Bottle Perfect for Protein Shakes and Pre Workout, 28-Ounce (2 Pack), Clear/Black",$16.20,https://www.amazon.com/Blender-Bottle-Classic-Shaker-28-Ounce/dp/B06XDCB2DP/ref=sr_1_44?crid=1ETD973V81N4Y&keywords=bottle&qid=1670362019&sprefix=bottle%2Caps%2C70&sr=8-44,https://m.media-amazon.com/images/I/81f+ubLoFKL._AC_UL320_.jpg
"Superior Glass Oil and Vinegar Dispenser,Measuring Oil Pourer for Kitchen,Wide Opening for Easy Refill and Cleaning, Clear Glass Oil Bottle with Scale,8.5 Oz",$10.49,https://www.amazon.com/Superior-Vinegar-Dispenser-Measuring-Cleaning/dp/B08CZ89J15/ref=sr_1_45?crid=1ETD973V81N4Y&keywords=bottle&qid=1670362019&sprefix=bottle%2Caps%2C70&sr=8-45,https://m.media-amazon.com/images/I/51Hh5ZkVxDS._AC_UL320_.jpg
"Opard 27oz Water Bottles with Times to Drink - Reusable Motivational Water Bottle with Time Marker and Strap - BPA Free Frosted Plastic - Gym, Sports, Travel (800ml)",$6.99,https://www.amazon.com/Opard-Water-Bottles-Times-Drink/dp/B09TTBJPQ6/ref=sr_1_46?crid=1ETD973V81N4Y&keywords=bottle&qid=1670362019&sprefix=bottle%2Caps%2C70&sr=8-46,https://m.media-amazon.com/images/I/51CzGeN2xqL._AC_UL320_.jpg
"12 Pack, 2 oz Small Clear Glass Bottles with Lids & 3 Stainless Steel Funnels - 60ml Boston Round Sample Bottles for Potion, Juice, Ginger Shots, Oils, Whiskey, Liquids - Mini Travel Bottles, NO Leakage",$14.99,https://www.amazon.com/Small-Clear-Bottles-Stainless-Funnels/dp/B088R6QXPC/ref=sr_1_47?crid=1ETD973V81N4Y&keywords=bottle&qid=1670362019&sprefix=bottle%2Caps%2C70&sr=8-47,https://m.media-amazon.com/images/I/71MhA5R++sL._AC_UL320_.jpg
"12 Oz Plastic Juice Bottles Empty Clear Containers with Tamper Proof Lids for Juice, Milk and Other Beverage, 4 Pcs",$5.99,https://www.amazon.com/Plastic-Bottles-Containers-Tamper-Beverage/dp/B0B4JBBCC7/ref=sr_1_48?crid=1ETD973V81N4Y&keywords=bottle&qid=1670362019&sprefix=bottle%2Caps%2C70&sr=8-48,https://m.media-amazon.com/images/I/61Lrly5IjyL._AC_UL320_.jpg
A5 memobottle - The flat water bottle that fits in your bag | BPA Free | 25oz (750ml),$36.00,https://www.amazon.com/A5-memobottle-750ml-designed-BPA-free/dp/B07F3Z7QVR/ref=sr_1_49?crid=1ETD973V81N4Y&keywords=bottle&qid=1670362019&sprefix=bottle%2Caps%2C70&sr=8-49,https://m.media-amazon.com/images/I/41w62MmCWGL._AC_UL320_.jpg
OXO Good Grips Chef’s Squeeze Bottle Set,$11.95,https://www.amazon.com/OXO-Grips-Chefs-Squeeze-Bottle/dp/B076PT3BD9/ref=sr_1_50?crid=1ETD973V81N4Y&keywords=bottle&qid=1670362019&sprefix=bottle%2Caps%2C70&sr=8-50,https://m.media-amazon.com/images/I/71OQCV4KAOL._AC_UL320_.jpg
3pcs Christmas Wine Bottle Gift Bags Cute Merry Christmas Wine Bottle Covers with Ribbon for Holiday Party gift wine bags (Santa Snowman and elk),$6.19,https://www.amazon.com/Christmas-Bottle-Covers-Holiday-Snowman/dp/B0BB7HMK99/ref=sr_1_51?crid=1ETD973V81N4Y&keywords=bottle&qid=1670362019&sprefix=bottle%2Caps%2C70&sr=8-51,https://m.media-amazon.com/images/I/718cs9x42wL._AC_UL320_.jpg
"ICEWATER-40 Oz Stainless Steel Water Bottle With Straw Lid & Wide Mouth Lid, Double Walled Vacuum, Lock Feature, Leak Proof, Pop-up Tops, One-handed Operation (40 Oz, Purple)",$15.99,https://www.amazon.com/ICEWATER-40-Stainless-Feature-One-handed-Operation/dp/B0B87D98XM/ref=sr_1_52?crid=1ETD973V81N4Y&keywords=bottle&qid=1670362019&sprefix=bottle%2Caps%2C70&sr=8-52,https://m.media-amazon.com/images/I/61vbXmOdqZL._AC_UL320_.jpg
DKM 32oz Large Water Bottle with Motivational Time Maker Leak-proof BPA Free Drinking Water Bottle for Fitness Gym Camping and Outdoor Sports 1 gradient color 1pack,$8.99,https://www.amazon.com/DKM-Motivational-Leak-proof-Drinking-gradient/dp/B09V7RDB8C/ref=sr_1_53?crid=1ETD973V81N4Y&keywords=bottle&qid=1670362019&sprefix=bottle%2Caps%2C70&sr=8-53,https://m.media-amazon.com/images/I/61yUd4QFypL._AC_UL320_.jpg
Ello Syndicate Glass Water Bottle with One-Touch Flip Lid,$16.98,https://www.amazon.com/Ello-Syndicate-Glass-Bottle-One-Touch/dp/B072FP45KM/ref=sr_1_54?crid=1ETD973V81N4Y&keywords=bottle&qid=1670362019&sprefix=bottle%2Caps%2C70&sr=8-54,https://m.media-amazon.com/images/I/61jbWFAiVBL._AC_UL320_.jpg
AQUAFIT Half Gallon Water Bottle With Times To Drink - 64 oz Water Bottle With Straw - Water Jug - Motivational Water Bottle - Large Water Bottle - Sports Water Bottle With Time Marker for Gym,$16.99,https://www.amazon.com/AQUAFIT-Gallon-Water-Bottle-Times/dp/B0B435G9JZ/ref=sr_1_55?crid=1ETD973V81N4Y&keywords=bottle&qid=1670362019&sprefix=bottle%2Caps%2C70&sr=8-55,https://m.media-amazon.com/images/I/71xjVxFYLdL._AC_UL320_.jpg
"Sahara Sailor Water Bottles, 32oz Motivational Sports Water Bottle with Time Marker - Times to Drink - Tritan, BPA Free, Wide Mouth Leakproof, Fast Flow Technology with Clean Brush by Gohippos (1 Bottle)",$10.99,https://www.amazon.com/Sahara-Sailor-Motivational-Encourage-Leakproof/dp/B09FPXDLKR/ref=sr_1_56?crid=1ETD973V81N4Y&keywords=bottle&qid=1670362019&sprefix=bottle%2Caps%2C70&sr=8-56,https://m.media-amazon.com/images/I/61hXesyGT3L._AC_UL320_.jpg
"Under Armour Sidline 32oz Water Bottle, Squeeze Bottle, One-Way Valve Lid, BPA Free, Fits Bike Holder, Cycling, Gym, Hiking, All Sports",$9.00,https://www.amazon.com/UNDER-ARMOUR-Sideline-Squeeze-Royal/dp/B08TQX8P9W/ref=sr_1_57?crid=1ETD973V81N4Y&keywords=bottle&qid=1670362019&sprefix=bottle%2Caps%2C70&sr=8-57,https://m.media-amazon.com/images/I/71hVJshmb4L._AC_UL320_.jpg
Gatorade 32 Oz Squeeze Water Sports Bottle - Pack of 2 - New Easy Grip Design,$13.99,https://www.amazon.com/Gatorade-Squeeze-Sports-Bottle-Design/dp/B00LZSJ642/ref=sr_1_58_mod_primary_new?crid=1ETD973V81N4Y&keywords=bottle&qid=1670362019&sbo=RZvfv%2F%2FHxDF%2BO5021pAnSA%3D%3D&sprefix=bottle%2Caps%2C70&sr=8-58,https://m.media-amazon.com/images/I/51jUx1EVf5L._AC_UL320_.jpg
"BRIGHTFROM Condiment Squeeze Bottles - 4 OZ Squirt Empty Bottles, Twist Top Cap, Leak Proof - Great for Ketchup, Mustard, Syrup, Sauces, Dressing, Oil, Arts and Crafts, BPA-FREE Plastic - Pack of 2",$5.99,https://www.amazon.com/BRIGHTFROM-Condiment-Squeeze-Bottles-Dressing/dp/B09YMPXSYM/ref=sr_1_59?crid=1ETD973V81N4Y&keywords=bottle&qid=1670362019&sprefix=bottle%2Caps%2C70&sr=8-59,https://m.media-amazon.com/images/I/41NHXhK790L._AC_UL320_.jpg
"Brita Insulated Filtered Water Bottle with Straw, Christmas Gift and Stocking Stuffer for Men and Women, Reusable, BPA Free Plastic, Blush, 26 Ounce",$20.89,https://www.amazon.com/Brita-Plastic-Water-Filter-Bottle/dp/B08FSBNYQC/ref=sr_1_60?crid=1ETD973V81N4Y&keywords=bottle&qid=1670362019&sprefix=bottle%2Caps%2C70&sr=8-60,https://m.media-amazon.com/images/I/61+QBezEvUL._AC_UL320_.jpg
