item_name,price,link_to_item,link_to_item_image
"TOSY 36 and 360 LEDs Frisbee - Extremely Bright Flying Disc, Smart Modes, Glow in The Dark, Auto Light Up, Rechargeable, 175g, Perfect Christmas, Birthday & Camping Gift for Men/Boys/Teenagers",$32.78,https://www.amazon.com/gp/slredirect/picassoRedirect.html/ref=pa_sp_atf_aps_sr_pg1_1?ie=UTF8&adId=A00627263PGPMI1UA7BEW&qualifier=1670361996&id=2220586243175221&widgetName=sp_atf&url=%2FTOSY-360-LEDs-Frisbee-Rechargeable%2Fdp%2FB0BGJKYLKF%2Fref%3Dsr_1_2_sspa%3Fcrid%3D1ETD973V81N4Y%26keywords%3Dfrisbee%26qid%3D1670361996%26sprefix%3Dfrisbee%252Caps%252C70%26sr%3D8-2-spons%26psc%3D1,https://m.media-amazon.com/images/I/81pONaCAj+L._AC_UL320_.jpg
"4 of TOSY 36 LEDs Frisbee - Extremely Bright Flying Disc, Smart Modes, Glow in The Dark, Auto Light Up, Rechargeable, Perfect Christmas & Birthday Gift for Men/Boys/Teenagers",$144.99,https://www.amazon.com/gp/slredirect/picassoRedirect.html/ref=pa_sp_atf_aps_sr_pg1_1?ie=UTF8&adId=A051251125L0QTQ6NN3X&qualifier=1670361996&id=2220586243175221&widgetName=sp_atf&url=%2FTOSY-LEDs-Frisbee-Extremely-Rechargeable%2Fdp%2FB0BBNGBF4N%2Fref%3Dsr_1_3_sspa%3Fcrid%3D1ETD973V81N4Y%26keywords%3Dfrisbee%26qid%3D1670361996%26sprefix%3Dfrisbee%252Caps%252C70%26sr%3D8-3-spons%26psc%3D1,https://m.media-amazon.com/images/I/91ZL-s8PP-L._AC_UL320_.jpg
50 Strong Brand Super Fun 145 Gram Flying Sporting Disc - Great Outdoor Frisbee-Style Game - Made in USA,$16.99,https://www.amazon.com/gp/slredirect/picassoRedirect.html/ref=pa_sp_atf_aps_sr_pg1_1?ie=UTF8&adId=A03162743RXTFO6CM5S8Z&qualifier=1670361996&id=2220586243175221&widgetName=sp_atf&url=%2F50-Strong-Brand-Flying-Sporting%2Fdp%2FB0B21YBB95%2Fref%3Dsr_1_4_sspa%3Fcrid%3D1ETD973V81N4Y%26keywords%3Dfrisbee%26qid%3D1670361996%26sprefix%3Dfrisbee%252Caps%252C70%26sr%3D8-4-spons%26psc%3D1,https://m.media-amazon.com/images/I/81OVZWInNqL._AC_UL320_.jpg
Discraft 175 gram Ultra Star Sport Disc,$11.08,https://www.amazon.com/Discraft-Ultra-Sport-Fluorescent-Yellow/dp/B0014LWA6G/ref=sr_1_5?crid=1ETD973V81N4Y&keywords=frisbee&qid=1670361996&sprefix=frisbee%2Caps%2C70&sr=8-5,https://m.media-amazon.com/images/I/81bVR4lSiwL._AC_UL320_.jpg
"Franklin Sports Flying Disc - Sport Disc for Beach, Backyard, Lawn, Park, Camping and More - Great for All Ages",$9.99,https://www.amazon.com/Franklin-Sports-Flying-Disc-Backyard/dp/B07VTQZ1QK/ref=sr_1_6?crid=1ETD973V81N4Y&keywords=frisbee&qid=1670361996&sprefix=frisbee%2Caps%2C70&sr=8-6,https://m.media-amazon.com/images/I/71ZP2fUI7ML._AC_UL320_.jpg
"Aerobie Pro Ring Outdoor Flying Disc, 14 inches, Orange",$10.99,https://www.amazon.com/Aerobie-Outdoor-Flying-inches-Orange/dp/B08H5RV3LV/ref=sr_1_7?crid=1ETD973V81N4Y&keywords=frisbee&qid=1670361996&sprefix=frisbee%2Caps%2C70&sr=8-7,https://m.media-amazon.com/images/I/91-Kc-doG5L._AC_UL320_.jpg
"Duncan Intrepid Ultimate Competition Disc, 175g Precision Weighted Flying Disc, Yellow",$9.99,https://www.amazon.com/Duncan-Intrepid-Ultimate-Competition-Precision/dp/B08SY2PZGN/ref=sr_1_8?crid=1ETD973V81N4Y&keywords=frisbee&qid=1670361996&sprefix=frisbee%2Caps%2C70&sr=8-8,https://m.media-amazon.com/images/I/8198zTbr-aL._AC_UL320_.jpg
Dynamic Discs Night Glider LED Catch Flying Disc | 175g Glow in The Dark Catch Disc | Light-up Easy to Throw Ultimate Disc | Great for Backyard Games and Tailgating (Blue),$15.99,https://www.amazon.com/Dynamic-Light-up-Ultimate-Backyard-Tailgating/dp/B09316GYBX/ref=sr_1_9?crid=1ETD973V81N4Y&keywords=frisbee&qid=1670361996&sprefix=frisbee%2Caps%2C70&sr=8-9,https://m.media-amazon.com/images/I/71gDFGLVEoS._AC_UL320_.jpg
"Eastgoing Ultimate Flying Disc 175 Gram, 10.75 Inch Sport Disc ，Loads of Colors Available, Suitable for Competitions, Team Flying Disc for Beach, Park, Pet, Camping and More,",$9.99,https://www.amazon.com/Eastgoing-Frisbee-Throwing-Multiple-Backyard/dp/B08TB8744V/ref=sr_1_10?crid=1ETD973V81N4Y&keywords=frisbee&qid=1670361996&sprefix=frisbee%2Caps%2C70&sr=8-10,https://m.media-amazon.com/images/I/71kYdd589LL._AC_UL320_.jpg
Activ Life Kid’s Flying Rings [2 Pack] They Fly Straight & Don’t Hurt! 80% Lighter Than Standard Frisbees - Replace Screen Time with Healthy Family Fun - Get Outside & Play! Proudly Made in The USA,$13.99,https://www.amazon.com/Activ-Life-stocking-stuffers-for-kids/dp/B010PB26Z0/ref=sr_1_11?crid=1ETD973V81N4Y&keywords=frisbee&qid=1670361996&sprefix=frisbee%2Caps%2C70&sr=8-11,https://m.media-amazon.com/images/I/810+5dkbVWL._AC_UL320_.jpg
KONG - Flyer - Durable Rubber Flying Disc Dog Toy,$11.99,https://www.amazon.com/Kong-Rubber-Flyer-Large-Red/dp/B000BRTADK/ref=sr_1_12?crid=1ETD973V81N4Y&keywords=frisbee&qid=1670361996&sprefix=frisbee%2Caps%2C70&sr=8-12,https://m.media-amazon.com/images/I/71Ldvmp0FnL._AC_UL320_.jpg
﻿﻿Fun Easy to Throw Boomerang for Kids & Adults - It Really Does Fly Back - Soft Foam Design Allows for Safe Play & Soft Impact Indoors or Outdoors - Great Beginner Toy & Gift Idea for Boys & Girls,$14.97,https://www.amazon.com/gp/slredirect/picassoRedirect.html/ref=pa_sp_mtf_aps_sr_pg1_1?ie=UTF8&adId=A08834691AVTY8H71DWSV&qualifier=1670361996&id=2220586243175221&widgetName=sp_mtf&url=%2FRefresh-Sports-Boomerang-Yard-Games%2Fdp%2FB08C81Y6DG%2Fref%3Dsr_1_13_sspa%3Fcrid%3D1ETD973V81N4Y%26keywords%3Dfrisbee%26qid%3D1670361996%26sprefix%3Dfrisbee%252Caps%252C70%26sr%3D8-13-spons%26psc%3D1,https://m.media-amazon.com/images/I/81UTtOPbXTL._AC_UL320_.jpg
"HHD X-Com Ultimate Disc 175 Gram Flying Disc USA Ultimate Championship Level of WFDF and USAU Disc, Deluxe Model, New Pure Material Non-Recycling 1 Pack 1 Storage Bag Over 17 Stickers",$13.99,https://www.amazon.com/gp/slredirect/picassoRedirect.html/ref=pa_sp_mtf_aps_sr_pg1_1?ie=UTF8&adId=A04953583QXUMKMIP7CXD&qualifier=1670361996&id=2220586243175221&widgetName=sp_mtf&url=%2FFrisbee-Ultimate-Outdoor-Features-Resistant-Material%2Fdp%2FB089G1LHN1%2Fref%3Dsr_1_14_sspa%3Fcrid%3D1ETD973V81N4Y%26keywords%3Dfrisbee%26qid%3D1670361996%26sprefix%3Dfrisbee%252Caps%252C70%26sr%3D8-14-spons%26psc%3D1,https://m.media-amazon.com/images/I/91KKE6TiiFL._AC_UL320_.jpg
Dynamic Discs Dynamic Dunk Game Set | Flying Disc Toss Dunk Game Set | Includes 2 Targets and 2 Frisbees | Mesh Carrying Case Included | Great for Tailgating and Backyard BBQ,$39.99,https://www.amazon.com/gp/slredirect/picassoRedirect.html/ref=pa_sp_mtf_aps_sr_pg1_1?ie=UTF8&adId=A05729621HEKLIVD71H1A&qualifier=1670361996&id=2220586243175221&widgetName=sp_mtf&url=%2FFrisbees-Carrying-Included-Tailgating-Backyard%2Fdp%2FB09318PJ2G%2Fref%3Dsr_1_15_sspa%3Fcrid%3D1ETD973V81N4Y%26keywords%3Dfrisbee%26qid%3D1670361996%26sprefix%3Dfrisbee%252Caps%252C70%26sr%3D8-15-spons%26psc%3D1%26smid%3DA2SBWS70I1U2B8,https://m.media-amazon.com/images/I/71+T6B6FY0S._AC_UL320_.jpg
"Zdgao Flying Discs for Kids and Adult, 9 Inch Plastic Flying Disc Set in Bulk, Set of 8",$16.99,https://www.amazon.com/gp/slredirect/picassoRedirect.html/ref=pa_sp_mtf_aps_sr_pg1_1?ie=UTF8&adId=A08280782P2ANGEDZGSI&qualifier=1670361996&id=2220586243175221&widgetName=sp_mtf&url=%2FZdgao-Flying-Discs-Plastic-Adults%2Fdp%2FB08LDQXTB3%2Fref%3Dsr_1_16_sspa%3Fcrid%3D1ETD973V81N4Y%26keywords%3Dfrisbee%26qid%3D1670361996%26sprefix%3Dfrisbee%252Caps%252C70%26sr%3D8-16-spons%26psc%3D1,https://m.media-amazon.com/images/I/619i6z6STuL._AC_UL320_.jpg
Champion Sports Compeition Flying Discs - Available in Multiple Colors and Sizes,$4.99,https://www.amazon.com/Champion-Sports-Plastic-Flying-Assorted/dp/B004IMWGNA/ref=sr_1_17?crid=1ETD973V81N4Y&keywords=frisbee&qid=1670361996&sprefix=frisbee%2Caps%2C70&sr=8-17,https://m.media-amazon.com/images/I/71PlXk+24HL._AC_UL320_.jpg
Wham-O World Class Freestyle Frisbee 160g,$13.69,https://www.amazon.com/Wham-World-Class-Freestyle-Frisbee/dp/B000FUOAME/ref=sr_1_18?crid=1ETD973V81N4Y&keywords=frisbee&qid=1670361996&sprefix=frisbee%2Caps%2C70&sr=8-18,https://m.media-amazon.com/images/I/71glSIAa2bL._AC_UL320_.jpg
Discraft Ultra-Star 175g Ultimate Disc,$12.54,https://www.amazon.com/Discraft-Ultra-Star-Ultimate-Green/dp/B01AC9UCBA/ref=sr_1_19?crid=1ETD973V81N4Y&keywords=frisbee&qid=1670361996&sprefix=frisbee%2Caps%2C70&sr=8-19,https://m.media-amazon.com/images/I/71a5YZSRhbL._AC_UL320_.jpg
Dynamic Discs Frisbee Rings | Easily Catchable with No Pain Flying Discs | Perfect for Outdoor Family Fun | Floats on Water | Get Active! (2 Pack Set),$6.99,https://www.amazon.com/Dynamic-Frisbee-Catchable-Perfect-Outdoor/dp/B08BDN6VT9/ref=sr_1_20?crid=1ETD973V81N4Y&keywords=frisbee&qid=1670361996&sprefix=frisbee%2Caps%2C70&sr=8-20,https://m.media-amazon.com/images/I/81Lg9n+848L._AC_UL320_.jpg
"B. toys by Battat Flying Disc Set -4 Colorful Frisbees Disc-Oh! Outdoor Sports & Games for Kids“-Active Play-Backyard, Park, Beach 4 Years +, Multi Color",$8.99,https://www.amazon.com/B-toys-Battat-Colorful-Play-Backyard/dp/B0813DBQ36/ref=sr_1_21?crid=1ETD973V81N4Y&keywords=frisbee&qid=1670361996&sprefix=frisbee%2Caps%2C70&sr=8-21,https://m.media-amazon.com/images/I/71g3xfUfNRL._AC_UL320_.jpg
ChuckIt! Paraflight Flyer Dog Frisbee Toy Floats,$9.20,https://www.amazon.com/Chuckit-Paraflight-Frisbee-Distance-Orange/dp/B008ESY894/ref=sr_1_22?crid=1ETD973V81N4Y&keywords=frisbee&qid=1670361996&sprefix=frisbee%2Caps%2C70&sr=8-22,https://m.media-amazon.com/images/I/91KVOgiFuvL._AC_UL320_.jpg
"Gamecraft 9"" Plastic Flying Discs (Set of 6), Multi",$14.49,https://www.amazon.com/Gamecraft-Plastic-Flying-Discs-Set/dp/B0018A6NGG/ref=sr_1_23?crid=1ETD973V81N4Y&keywords=frisbee&qid=1670361996&sprefix=frisbee%2Caps%2C70&sr=8-23,https://m.media-amazon.com/images/I/610GPNtCGFL._AC_UL320_.jpg
FLAGHOUSE Flying Saucer Set,$12.99,https://www.amazon.com/FLAGHOUSE-7707AMZ-Flying-Saucer-Set/dp/B00BJEJXNQ/ref=sr_1_24?crid=1ETD973V81N4Y&keywords=frisbee&qid=1670361996&sprefix=frisbee%2Caps%2C70&sr=8-24,https://m.media-amazon.com/images/I/71rtv55HrXL._AC_UL320_.jpg
Activ Life Kid’s Flying Rings [2 Pack] They Fly Straight & Don’t Hurt! 80% Lighter Than Standard Frisbees - Replace Screen Time with Healthy Family Fun - Get Outside & Play! Proudly Made in The USA,$13.99,https://www.amazon.com/gp/slredirect/picassoRedirect.html/ref=pa_sp_mtf_aps_sr_pg1_1?ie=UTF8&adId=A10315956DV6HAK54MS3&qualifier=1670361996&id=2220586243175221&widgetName=sp_mtf&url=%2FActiv-Life-stocking-stuffers-for-kids%2Fdp%2FB010PB26Z0%2Fref%3Dsr_1_25_sspa%3Fcrid%3D1ETD973V81N4Y%26keywords%3Dfrisbee%26qid%3D1670361996%26sprefix%3Dfrisbee%252Caps%252C70%26sr%3D8-25-spons%26psc%3D1,https://m.media-amazon.com/images/I/810+5dkbVWL._AC_UL320_.jpg
YDDS Flying Disc - 9Inch Plastic Flying Disc for Kids Set of 8 Flying Disc Bulk (95 Gram),$17.69,https://www.amazon.com/gp/slredirect/picassoRedirect.html/ref=pa_sp_mtf_aps_sr_pg1_1?ie=UTF8&adId=A021154311H7MRGQVQJ7D&qualifier=1670361996&id=2220586243175221&widgetName=sp_mtf&url=%2FYDDS-Flying-Disc-9Inch-Plastic%2Fdp%2FB08K8NQ9SX%2Fref%3Dsr_1_26_sspa%3Fcrid%3D1ETD973V81N4Y%26keywords%3Dfrisbee%26qid%3D1670361996%26sprefix%3Dfrisbee%252Caps%252C70%26sr%3D8-26-spons%26psc%3D1,https://m.media-amazon.com/images/I/61AKKfcQuzL._AC_UL320_.jpg
"Flying Rings Disc Outdoor Games: 2 Pack Lightweight Sport Dics, Perfect Beach Games for Adults and Family, Floatable Flying Dics for Water,Lawn and Backyard,Great Toy Gift for Kids Boys",$4.99,https://www.amazon.com/gp/slredirect/picassoRedirect.html/ref=pa_sp_mtf_aps_sr_pg1_1?ie=UTF8&adId=A00358869ALME52RWY1O&qualifier=1670361996&id=2220586243175221&widgetName=sp_mtf&url=%2FFlying-Rings-Disc-Outdoor-Games%2Fdp%2FB0B24811D9%2Fref%3Dsr_1_27_sspa%3Fcrid%3D1ETD973V81N4Y%26keywords%3Dfrisbee%26qid%3D1670361996%26sprefix%3Dfrisbee%252Caps%252C70%26sr%3D8-27-spons%26psc%3D1,https://m.media-amazon.com/images/I/71sMxNHu3QL._AC_UL320_.jpg
"Duncan Intrepid Ultimate Competition Disc, 175g Precision Weighted Flying Disc, Yellow",$9.99,https://www.amazon.com/gp/slredirect/picassoRedirect.html/ref=pa_sp_mtf_aps_sr_pg1_1?ie=UTF8&adId=A0090150301ZUWR6XK4QD&qualifier=1670361996&id=2220586243175221&widgetName=sp_mtf&url=%2FDuncan-Intrepid-Ultimate-Competition-Precision%2Fdp%2FB08SY2PZGN%2Fref%3Dsr_1_28_sspa%3Fcrid%3D1ETD973V81N4Y%26keywords%3Dfrisbee%26qid%3D1670361996%26sprefix%3Dfrisbee%252Caps%252C70%26sr%3D8-28-spons%26psc%3D1,https://m.media-amazon.com/images/I/8198zTbr-aL._AC_UL320_.jpg
"Dog Flying Disc, 3 Pack Dog Flyer Dog Toy, Dog Soft Rubber Interactive Lightweight Flying Disc Dog Toy for Small Large Dogs - Floats in Water & Safe on Teeth, 7 inch.",$8.99,https://www.amazon.com/Flying-Flyer-Rubber-Interactive-Lightweight/dp/B098BJFF53/ref=sr_1_29?crid=1ETD973V81N4Y&keywords=frisbee&qid=1670361996&sprefix=frisbee%2Caps%2C70&sr=8-29,https://m.media-amazon.com/images/I/6172+HY8EML._AC_UL320_.jpg
Wham-O Pro-Classic U-Flex Frisbee 130g colors and styles vary,$11.69,https://www.amazon.com/Wham-Pro-Classic-U-Flex-Frisbee-colors/dp/B0009TNFI6/ref=sr_1_30?crid=1ETD973V81N4Y&keywords=frisbee&qid=1670361996&sprefix=frisbee%2Caps%2C70&sr=8-30,https://m.media-amazon.com/images/I/8149-Dsn5mL._AC_UL320_.jpg
"TOSY 36 and 360 LEDs Frisbee - Extremely Bright Flying Disc, Smart Modes, Glow in The Dark, Auto Light Up, Rechargeable, 175g, Perfect Christmas, Birthday & Camping Gift for Men/Boys/Teenagers",$32.78,https://www.amazon.com/TOSY-360-LEDs-Frisbee-Rechargeable/dp/B0BGJKYLKF/ref=sr_1_31?crid=1ETD973V81N4Y&keywords=frisbee&qid=1670361996&sprefix=frisbee%2Caps%2C70&sr=8-31,https://m.media-amazon.com/images/I/81pONaCAj+L._AC_UL320_.jpg
Nite Ize Flashflight LED Light Up Flying Disc,$19.99,https://www.amazon.com/Nite-Ize-Flashflight-Flying-Choose-Your-Color/dp/B07FQTPR2F/ref=sr_1_32?crid=1ETD973V81N4Y&keywords=frisbee&qid=1670361996&sprefix=frisbee%2Caps%2C70&sr=8-32,https://m.media-amazon.com/images/I/81UpmK4TpdL._AC_UL320_.jpg
Aerobie 6061442 Superdisc Outdoor Flying Disc - Red,$13.69,https://www.amazon.com/Aerobie-6061442-Superdisc-Outdoor-Flying/dp/B07Q5VDNZJ/ref=sr_1_33?crid=1ETD973V81N4Y&keywords=frisbee&qid=1670361996&sprefix=frisbee%2Caps%2C70&sr=8-33,https://m.media-amazon.com/images/I/81htqr4UY9L._AC_UL320_.jpg
Discraft 175g Ultimate Disc Bundle (3 Discs),$29.87,https://www.amazon.com/Discraft-Ultimate-Bundle-Discs-White/dp/B01FOVRT80/ref=sr_1_34?crid=1ETD973V81N4Y&keywords=frisbee&qid=1670361996&sprefix=frisbee%2Caps%2C70&sr=8-34,https://m.media-amazon.com/images/I/81JDd-Sw5SL._AC_UL320_.jpg
"INNOVA Big Kahuna INNmold Beach Frisbee 200g – Designed to Handle High Winds, Easy to Grip Rim",$8.79,https://www.amazon.com/INNOVA-Kahuna-INNmold-Beach-Frisbee/dp/B09SM51W65/ref=sr_1_35_mod_primary_new?crid=1ETD973V81N4Y&keywords=frisbee&qid=1670361996&sbo=RZvfv%2F%2FHxDF%2BO5021pAnSA%3D%3D&sprefix=frisbee%2Caps%2C70&sr=8-35,https://m.media-amazon.com/images/I/910pzX4Zf1L._AC_UL320_.jpg
"Nerf Dog Durable Nylon Dog Toys, made with Nerf Tough Material, Lightweight, Non-Toxic, BPA-Free, Assorted Toys",$6.73,https://www.amazon.com/Nerf-Dog-Nylon-Flying-Medium/dp/B00EUV72OW/ref=sr_1_36?crid=1ETD973V81N4Y&keywords=frisbee&qid=1670361996&sprefix=frisbee%2Caps%2C70&sr=8-36,https://m.media-amazon.com/images/I/91zRrBjgC6L._AC_UL320_.jpg
"PrimePets 2 Pack 7 Inch Dog Frisbees, Dog Flying Disc, Durable Dog Toys, Nature Rubber Floating Flying Saucer for Water Pool Beach(Orange, Green)",$11.99,https://www.amazon.com/PrimePets-Frisbee-Flying-Durable-Floating/dp/B08DHXNQDB/ref=sr_1_37?crid=1ETD973V81N4Y&keywords=frisbee&qid=1670361996&sprefix=frisbee%2Caps%2C70&sr=8-37,https://m.media-amazon.com/images/I/51HUhRqeVKL._AC_UL320_.jpg
Wham-O Frisbee 175g,$16.23,https://www.amazon.com/Wham-O-Frisbee-wham-o-175g/dp/B076G5F3YT/ref=sr_1_38_mod_primary_new?crid=1ETD973V81N4Y&keywords=frisbee&qid=1670361996&sbo=RZvfv%2F%2FHxDF%2BO5021pAnSA%3D%3D&sprefix=frisbee%2Caps%2C70&sr=8-38,https://m.media-amazon.com/images/I/81fzamNsrXL._AC_UL320_.jpg
Gravity Disc Frisbee Disc Golf Net & Discs Set Game – Pocket Mini Disc Golf Set w/Portable Disc Golf Basket to Play Anywhere You Go – Indoor & Outdoor Games for Adults and Family (Net & Discs Pack),$39.99,https://www.amazon.com/Gravity-Disc-Frisbee-Golf-Discs/dp/B0B8JXCFQJ/ref=sr_1_39?crid=1ETD973V81N4Y&keywords=frisbee&qid=1670361996&sprefix=frisbee%2Caps%2C70&sr=8-39,https://m.media-amazon.com/images/I/81nN6+yRPcL._AC_UL320_.jpg
"Whamo-O Frisbee - World Class Frisbee - Sport Flying Disc 119G - Lightweight - Durable Flying Disc Toys for School, Game Prizes, Party, Indoor & Outdoor Game",$8.99,https://www.amazon.com/Whamo-Frisbee-Lightweight-Durable-Outdoor/dp/B09VYGG886/ref=sr_1_40?crid=1ETD973V81N4Y&keywords=frisbee&qid=1670361996&sprefix=frisbee%2Caps%2C70&sr=8-40,https://m.media-amazon.com/images/I/713D4WCk7ML._AC_UL320_.jpg
"100 Frisbee Golf Stickers Funny Frisbee Waterproof Decals for Water Bottle, Laptop, Skateboard, Motorcycle, Teen Adult Sticker Pack",$3.99,https://www.amazon.com/Frisbee-Stickers-Waterproof-Skateboard-Motorcycle/dp/B0B1NB5WB5/ref=sr_1_41?crid=1ETD973V81N4Y&keywords=frisbee&qid=1670361996&sprefix=frisbee%2Caps%2C70&sr=8-41,https://m.media-amazon.com/images/I/91JemCJZlgL._AC_UL320_.jpg
Nerf Dog Atomic Flyer,$6.65,https://www.amazon.com/Nerf-Dog-10in-Atomic-Flyer/dp/B07TWJFCW9/ref=sr_1_42?crid=1ETD973V81N4Y&keywords=frisbee&qid=1670361996&sprefix=frisbee%2Caps%2C70&sr=8-42,https://m.media-amazon.com/images/I/71U-+fQbamL._AC_UL320_.jpg
New WHAM-O RECYCLED FRISBEE - REFLYER 175 GRAM DISC,$12.99,https://www.amazon.com/New-WHAM-RECYCLED-FRISBEE-REFLYER/dp/B01N0JHSIU/ref=sr_1_43?crid=1ETD973V81N4Y&keywords=frisbee&qid=1670361996&sprefix=frisbee%2Caps%2C70&sr=8-43,https://m.media-amazon.com/images/I/71dE92MmHyL._AC_UL320_.jpg
"Flying Rings Disc Outdoor Games: 2 Pack Lightweight Sport Dics, Perfect Beach Games for Adults and Family, Floatable Flying Dics for Water,Lawn and Backyard,Great Toy Gift for Kids Boys",$4.99,https://www.amazon.com/Flying-Rings-Disc-Outdoor-Games/dp/B0B24811D9/ref=sr_1_44?crid=1ETD973V81N4Y&keywords=frisbee&qid=1670361996&sprefix=frisbee%2Caps%2C70&sr=8-44,https://m.media-amazon.com/images/I/71sMxNHu3QL._AC_UL320_.jpg
"URBANSTREAM Flying Rings Flying Disc - Glow in The Dark Frisbees - Fly Straight - Float On The Water - Light Up Frisbee, 4 Pack",$9.99,https://www.amazon.com/Flying-Rings-Disc-Frisbees-Straight/dp/B09P1TL68S/ref=sr_1_45?crid=1ETD973V81N4Y&keywords=frisbee&qid=1670361996&sprefix=frisbee%2Caps%2C70&sr=8-45,https://m.media-amazon.com/images/I/51M4lC2+BxL._AC_UL320_.jpg
"Duncan Intrepid Ultimate Competition Disc, 175g Precision Weighted Flying Disc, White",$9.99,https://www.amazon.com/Duncan-Intrepid-Ultimate-Competition-Precision/dp/B08SY9WLXV/ref=sr_1_46?crid=1ETD973V81N4Y&keywords=frisbee&qid=1670361996&sprefix=frisbee%2Caps%2C70&sr=8-46,https://m.media-amazon.com/images/I/71MFRT2ZanL._AC_UL320_.jpg
Franklin Sports Disc Golf Discs Set - Disc Golf Equipment Starter Set,$11.89,https://www.amazon.com/Franklin-Sports-Disc-Golf-Pro/dp/B00JSOXNDU/ref=sr_1_47?crid=1ETD973V81N4Y&keywords=frisbee&qid=1670361996&sprefix=frisbee%2Caps%2C70&sr=8-47,https://m.media-amazon.com/images/I/81OTVOsuyRL._AC_UL320_.jpg
3 Pieces LED Catch Flying Disc 175g 10.43 Inch Sport Disc Glow in The Dark Disc Golf Light up Disc Easy to Throw Ultimate Disc for Outdoor Camping Beach Backyard Lawn Park Team Games Adults Gifts,$37.99,https://www.amazon.com/Pieces-Ultimate-Outdoor-Camping-Backyard/dp/B0BGXL2R1Y/ref=sr_1_48?crid=1ETD973V81N4Y&keywords=frisbee&qid=1670361996&sprefix=frisbee%2Caps%2C70&sr=8-48,https://m.media-amazon.com/images/I/813G+VzsnEL._AC_UL320_.jpg
"Agreatca 8 Pack 8 inch Flying Discs Flying Saucer Flyer Disks Backyard Games, Fun Summer Outdoor Activity Game for Camping - Birthday Party Favors",$13.99,https://www.amazon.com/Agreatca-Frisbees-Assortment-Frisbee-Ultimate/dp/B07FVNMQFC/ref=sr_1_49?crid=1ETD973V81N4Y&keywords=frisbee&qid=1670361996&sprefix=frisbee%2Caps%2C70&sr=8-49,https://m.media-amazon.com/images/I/51FAUBbXi5L._AC_UL320_.jpg
50 Strong Brand Super Fun 145 Gram Flying Sporting Disc - Great Outdoor Frisbee-Style Game - Made in USA,$16.99,https://www.amazon.com/50-Strong-Brand-Flying-Sporting/dp/B0B221SVZK/ref=sr_1_50?crid=1ETD973V81N4Y&keywords=frisbee&qid=1670361996&sprefix=frisbee%2Caps%2C70&sr=8-50,https://m.media-amazon.com/images/I/81b3KLbHPfL._AC_UL320_.jpg
Aerobie 6046475 LED Skyligher Skylighter Disc Assorted,$11.87,https://www.amazon.com/Aerobie-6046475-Skylighter-Assorted-Colours/dp/B07KFYVFX8/ref=sr_1_51?crid=1ETD973V81N4Y&keywords=frisbee&qid=1670361996&sprefix=frisbee%2Caps%2C70&sr=8-51,https://m.media-amazon.com/images/I/814tO4-mK3L._AC_UL320_.jpg
ChuckIt! Zipflight Flyer Dog Frisbee Toy Floats,$13.95,https://www.amazon.com/Chuckit-ZipFlight-Frisbee-Bright-Playtime/dp/B00QT4H3AQ/ref=sr_1_52?crid=1ETD973V81N4Y&keywords=frisbee&qid=1670361996&sprefix=frisbee%2Caps%2C70&sr=8-52,https://m.media-amazon.com/images/I/81yqhP1LqwL._AC_UL320_.jpg
"Dynamic Discs Beach Glider Catch Flying Disc | 175 Gram | Easy to Throw and Catch Ultimate Disc | Great for Backyard Games, Tailgating, and More!",$8.99,https://www.amazon.com/Dynamic-Glider-Ultimate-Backyard-Tailgating/dp/B09LRCHFDJ/ref=sr_1_53?crid=1ETD973V81N4Y&keywords=frisbee&qid=1670361996&sprefix=frisbee%2Caps%2C70&sr=8-53,https://m.media-amazon.com/images/I/71WWYPr5siL._AC_UL320_.jpg
"Innova Disc Golf Set – Driver, Mid-Range & Putter, Comfortable DX Plastic, Colors May Vary (3 Pack)",$28.99,https://www.amazon.com/Innova-Material-Stack-Disc-Golf/dp/B06XDFWS8L/ref=sr_1_54?crid=1ETD973V81N4Y&keywords=frisbee&qid=1670361996&sprefix=frisbee%2Caps%2C70&sr=8-54,https://m.media-amazon.com/images/I/81tZTfm9JwS._AC_UL320_.jpg
Frisbee: The Life and Death of a Hippie Preacher,$1.99,https://www.amazon.com/Frisbee-Life-Death-Hippie-Preacher/dp/B00L412BHO/ref=sr_1_55?crid=1ETD973V81N4Y&keywords=frisbee&qid=1670361996&sprefix=frisbee%2Caps%2C70&sr=8-55,https://m.media-amazon.com/images/I/71d5vHi-uqL._AC_UL320_.jpg
"Duncan Intrepid Ultimate Competition Disc, 175g Precision Weighted Flying Disc, Colors May Vary, 1 Disc",$14.00,https://www.amazon.com/Duncan-Rider-Ultimate-Assorted-Color/dp/B01E0G1CKG/ref=sr_1_56?crid=1ETD973V81N4Y&keywords=frisbee&qid=1670361996&sprefix=frisbee%2Caps%2C70&sr=8-56,https://m.media-amazon.com/images/I/91xEGschGEL._AC_UL320_.jpg
ZippyPaws - Rope Gliderz Durable Outdoor Dog Toy Flying Disc,$8.99,https://www.amazon.com/ZippyPaws-ZP402-Rope-Gliderz-Squeak/dp/B06XTD4RH1/ref=sr_1_57?crid=1ETD973V81N4Y&keywords=frisbee&qid=1670361996&sprefix=frisbee%2Caps%2C70&sr=8-57,https://m.media-amazon.com/images/I/71wsoqs7E0L._AC_UL320_.jpg
"15 Pack Dog Flying Disc Silicone Puppy Flyer Toy Soft Dog Floating Saucer Indestructible React Faster Training Interactive Toys for Small Medium Dog Puppy Outdoor Sport Toys, 5 Colors",$17.99,https://www.amazon.com/Silicone-Floating-Indestructible-Training-Interactive/dp/B09N8V2TMJ/ref=sr_1_58?crid=1ETD973V81N4Y&keywords=frisbee&qid=1670361996&sprefix=frisbee%2Caps%2C70&sr=8-58,https://m.media-amazon.com/images/I/711MJP+ojTL._AC_UL320_.jpg
Chuckit! Lite Flight,$9.88,https://www.amazon.com/Chuckit-31790-10-Lite-Flight/dp/B06WV7RVN9/ref=sr_1_59?crid=1ETD973V81N4Y&keywords=frisbee&qid=1670361996&sprefix=frisbee%2Caps%2C70&sr=8-59,https://m.media-amazon.com/images/I/81GeJjfUqGL._AC_UL320_.jpg
"Nerf Dog Large Nylon Flyer, Green and Black, 10 inches",$9.99,https://www.amazon.com/Nerf-Dog-Large-TIRE-Flyer/dp/B07TSTGKYJ/ref=sr_1_60?crid=1ETD973V81N4Y&keywords=frisbee&qid=1670361996&sprefix=frisbee%2Caps%2C70&sr=8-60,https://m.media-amazon.com/images/I/518UZrRq6ZL._AC_UL320_.jpg
