item_name,price,link_to_item,link_to_item_image
"Amazon Basics Low-Profile Wired USB Keyboard with US Layout (QWERTY), Matte Black",$9.65,https://www.amazon.com/gp/slredirect/picassoRedirect.html/ref=pa_sp_atf_aps_sr_pg1_1?ie=UTF8&adId=A04706831EH2Y91FRW30Q&qualifier=1670362083&id=1426141204379236&widgetName=sp_atf&url=%2FAmazonBasics-Matte-Keyboard-QWERTY-Layout%2Fdp%2FB07WJ5D3H4%2Fref%3Dsr_1_1_sspa%3Fcrid%3D1ETD973V81N4Y%26keywords%3Dkeyboard%26qid%3D1670362083%26sprefix%3Dkeyboard%252Caps%252C70%26sr%3D8-1-spons%26psc%3D1,https://m.media-amazon.com/images/I/81cg9myC9kL._AC_UY218_.jpg
Logitech MK335 Wireless Keyboard and Mouse Combo - Black/Silver,$34.99,https://www.amazon.com/gp/slredirect/picassoRedirect.html/ref=pa_sp_atf_aps_sr_pg1_1?ie=UTF8&adId=A0630810FLP87QZ2GSGA&qualifier=1670362083&id=1426141204379236&widgetName=sp_atf&url=%2FLogitech-13004-MK335%2Fdp%2FB072JX77X6%2Fref%3Dsr_1_2_sspa%3Fcrid%3D1ETD973V81N4Y%26keywords%3Dkeyboard%26qid%3D1670362083%26sprefix%3Dkeyboard%252Caps%252C70%26sr%3D8-2-spons%26psc%3D1,https://m.media-amazon.com/images/I/5110JBRA1-L._AC_UY218_.jpg
"Logitech MK270 Wireless Keyboard And Mouse Combo For Windows, 2.4 GHz Wireless, Compact Mouse, 8 Multimedia And Shortcut Keys, For PC, Laptop - Black",$22.99,https://www.amazon.com/Logitech-MK270-Wireless-Keyboard-Mouse/dp/B079JLY5M5/ref=sr_1_3?crid=1ETD973V81N4Y&keywords=keyboard&qid=1670362083&sprefix=keyboard%2Caps%2C70&sr=8-3,https://m.media-amazon.com/images/I/61pUul1oDlL._AC_UY218_.jpg
"Gaming Keyboard, 7-Color Rainbow LED Backlit, 104 Keys Quiet Light Up Keyboard with Wrist Rest, Multimedia Keys, Whisper Silent, 19 Anti-ghosting Keys, Waterproof Office Wired Keyboard for PC Mac Xbox",$20.99,https://www.amazon.com/Keyboard-7-Color-Multimedia-Anti-ghosting-Waterproof/dp/B09YRBD8TM/ref=sr_1_4?crid=1ETD973V81N4Y&keywords=keyboard&qid=1670362083&sprefix=keyboard%2Caps%2C70&sr=8-4,https://m.media-amazon.com/images/I/71xV95j1TyL._AC_UY218_.jpg
"Amazon Basics Low-Profile Wired USB Keyboard with US Layout (QWERTY), Matte Black",$9.65,https://www.amazon.com/AmazonBasics-Matte-Keyboard-QWERTY-Layout/dp/B07WJ5D3H4/ref=sr_1_5?crid=1ETD973V81N4Y&keywords=keyboard&qid=1670362083&sprefix=keyboard%2Caps%2C70&sr=8-5,https://m.media-amazon.com/images/I/81cg9myC9kL._AC_UY218_.jpg
"Dacoity Gaming Keyboard, 104 Keys All-Metal Panel, Rainbow LED Backlit Quiet Computer Keyboard, Wrist Rest, Multimedia Keys, Anti-ghosting Keys, Waterproof Light Up USB Wired Keyboard for PC Mac Xbox",$24.99,https://www.amazon.com/All-Metal-Dacoity-Multimedia-Anti-ghosting-Waterproof/dp/B09TZWLFLY/ref=sr_1_6?crid=1ETD973V81N4Y&keywords=keyboard&qid=1670362083&sprefix=keyboard%2Caps%2C70&sr=8-6,https://m.media-amazon.com/images/I/715XLKbQnFL._AC_UY218_.jpg
"Wireless Keyboard Mouse Combo, cimetech Compact Full Size Wireless Keyboard and Mouse Set 2.4G Ultra-Thin Sleek Design for Windows, Computer, Desktop, PC, Notebook - (Black)",$32.99,https://www.amazon.com/gp/slredirect/picassoRedirect.html/ref=pa_sp_mtf_aps_sr_pg1_1?ie=UTF8&adId=A004987410IMO8S0MXTRG&qualifier=1670362083&id=1426141204379236&widgetName=sp_mtf&url=%2FWireless-Keyboard-Cimetech-Ultra-Thin-Computer%2Fdp%2FB08DCFYRJX%2Fref%3Dsr_1_7_sspa%3Fcrid%3D1ETD973V81N4Y%26keywords%3Dkeyboard%26qid%3D1670362083%26sprefix%3Dkeyboard%252Caps%252C70%26sr%3D8-7-spons%26psc%3D1,https://m.media-amazon.com/images/I/71deu0tXx1L._AC_UY218_.jpg
"FOPETT Keyboard and Mouse Sets Wireless Keyboard and Mouse Sets,Reliable 2.4 GHz Connectivity for PC,Laptop,Smart TV and More (Milk Tea Color)",$42.99,https://www.amazon.com/SADES-Keyboard-Wireless-Reliable-Connectivity/dp/B097R4L2JF/ref=sr_1_8?crid=1ETD973V81N4Y&keywords=keyboard&qid=1670362083&sprefix=keyboard%2Caps%2C70&sr=8-8,https://m.media-amazon.com/images/I/61g5I32uonL._AC_UY218_.jpg
Redragon S101 Wired Gaming Keyboard and Mouse Combo RGB Backlit Gaming Keyboard with Multimedia Keys Wrist Rest and Red Backlit Gaming Mouse 3200 DPI for Windows PC Gamers (Black),$42.99,https://www.amazon.com/Redragon-S101-Keyboard-Ergonomic-Programmable/dp/B00NLZUM36/ref=sr_1_9?crid=1ETD973V81N4Y&keywords=keyboard&qid=1670362083&sprefix=keyboard%2Caps%2C70&sr=8-9,https://m.media-amazon.com/images/I/71kr3WAj1FL._AC_UY218_.jpg
"CHONCHOW LED Keyboard and Mouse Combo, 104 Keys Rainbow Backlit Keyboard and 7 Color RGB Mouse, White Gaming Keyboard and Mouse Combo for PC Laptop Xbox PS4 Gamers and Work",$22.99,https://www.amazon.com/CHONCHOW-Keyboard-Rainbow-Backlit-Gaming/dp/B09BFSKDHT/ref=sr_1_10?crid=1ETD973V81N4Y&keywords=keyboard&qid=1670362083&sprefix=keyboard%2Caps%2C70&sr=8-10,https://m.media-amazon.com/images/I/61TlWKp--WL._AC_UY218_.jpg
"Computer Keyboard Wired, Plug Play USB Keyboard, Low Profile Chiclet Keys, Large Number Pad, Caps Indicators, Foldable Stands, Spill-Resistant, Anti-Wear Letters for Windows Mac PC Laptop, Full Size",$14.98,https://www.amazon.com/Computer-Keyboard-Indicators-Spill-Resistant-Anti-Wear/dp/B09NLS9TK4/ref=sr_1_11?crid=1ETD973V81N4Y&keywords=keyboard&qid=1670362083&sprefix=keyboard%2Caps%2C70&sr=8-11,https://m.media-amazon.com/images/I/61s6ZL3Vg3L._AC_UY218_.jpg
Compressed-air-duster-Keyboard-cleaner-110000RPM Electric air dusters-Replace air can-no Canned air Duster-pc Cleaning-air Blower-Cordless air Duster for Computers-Compressed air-car dusters 7600mAh,$69.99,https://www.amazon.com/gp/slredirect/picassoRedirect.html/ref=pa_sp_mtf_aps_sr_pg1_1?ie=UTF8&adId=A03293093EEBOW642F2X7&qualifier=1670362083&id=1426141204379236&widgetName=sp_mtf&url=%2FCompressed-air-duster-Keyboard-cleaner-110000RPM-dusters-Replace-Cleaning-air-Blower-Cordless-Computers-Compressed%2Fdp%2FB0BF4Z8CX7%2Fref%3Dsr_1_12_sspa%3Fcrid%3D1ETD973V81N4Y%26keywords%3Dkeyboard%26qid%3D1670362083%26sprefix%3Dkeyboard%252Caps%252C70%26sr%3D8-12-spons%26psc%3D1,https://m.media-amazon.com/images/I/719u0MOko1L._AC_UY218_.jpg
"Snpurdiri 60% Wired Gaming Keyboard, RGB Backlit Ultra-Compact Mini Keyboard, Waterproof Small Compact 61 Keys Keyboard for PC/Mac Gamer, Typist, Travel, Easy to Carry on Business Trip(Black-White)",$28.99,https://www.amazon.com/Snpurdiri-Keyboard-Ultra-Compact-Waterproof-Black-White/dp/B097T276QL/ref=sr_1_13?crid=1ETD973V81N4Y&keywords=keyboard&qid=1670362083&sprefix=keyboard%2Caps%2C70&sr=8-13,https://m.media-amazon.com/images/I/61UGJ7z-sUL._AC_UY218_.jpg
"Logitech G413 TKL SE Mechanical Gaming Keyboard - Compact Backlit Keyboard with Tactile Mechanical Switches, Anti-Ghosting, Compatible with Windows, macOS - Black Aluminum",$49.99,https://www.amazon.com/Logitech-Keyboard-Mechanical-Anti-Ghosting-Keys-White/dp/B08Z7J4KV3/ref=sr_1_14?crid=1ETD973V81N4Y&keywords=keyboard&qid=1670362083&sprefix=keyboard%2Caps%2C70&sr=8-14,https://m.media-amazon.com/images/I/61U-zlxQmWL._AC_UY218_.jpg
"Loigys Wireless Keyboard, 2.4G Full-Sized Ergonomic Wireless Computer Keyboard with Wrist Rest for Windows, Mac OS Laptop/PC/Desktop/Notebook (Black)",$20.79,https://www.amazon.com/Loigys-Wireless-Keyboard-Full-Sized-Ergonomic/dp/B09N7532L7/ref=sr_1_15?crid=1ETD973V81N4Y&keywords=keyboard&qid=1670362083&sprefix=keyboard%2Caps%2C70&sr=8-15,https://m.media-amazon.com/images/I/61fUslO3LXL._AC_UY218_.jpg
"Microsoft Ergonomic Keyboard - Black. Wired, Comfortable, Ergonomic Keyboard with Cushioned Wrist and Palm Support. Split Keyboard. Dedicated Office Key.",$39.99,https://www.amazon.com/Microsoft-LXM-00001-Ergonomic-Keyboard/dp/B07Y414QXJ/ref=sr_1_16?crid=1ETD973V81N4Y&keywords=keyboard&qid=1670362083&sprefix=keyboard%2Caps%2C70&sr=8-16,https://m.media-amazon.com/images/I/71V3DbiEJfL._AC_UY218_.jpg
SteelSeries New Apex 9 Mini – HotSwap Optical Mini Keyboard – 60% Compact Design – Optical Switches – RGB Customization – Aluminum Alloy Frame – Double Shot PBT Keycap,$105.99,https://www.amazon.com/gp/slredirect/picassoRedirect.html/ref=pa_sp_mtf_aps_sr_pg1_1?ie=UTF8&adId=A0756683RXECMTGUOAJK&qualifier=1670362083&id=1426141204379236&widgetName=sp_mtf&url=%2FNew-SteelSeries-Apex-Mini-Customization%2Fdp%2FB0B16HC4K8%2Fref%3Dsr_1_17_sspa%3Fcrid%3D1ETD973V81N4Y%26keywords%3Dkeyboard%26qid%3D1670362083%26sprefix%3Dkeyboard%252Caps%252C70%26sr%3D8-17-spons%26psc%3D1,https://m.media-amazon.com/images/I/710tFiQvqaL._AC_UY218_.jpg
Logitech MK335 Wireless Keyboard and Mouse Combo - Black/Silver,$34.99,https://www.amazon.com/Logitech-13004-MK335/dp/B072JX77X6/ref=sr_1_18?crid=1ETD973V81N4Y&keywords=keyboard&qid=1670362083&sprefix=keyboard%2Caps%2C70&sr=8-18,https://m.media-amazon.com/images/I/5110JBRA1-L._AC_UY218_.jpg
"Portable 60% Mechanical Gaming Keyboard, MageGee MK-Box LED Backlit Compact 68 Keys Mini Wired Office Keyboard with Red Switch for Windows Laptop PC Mac - Black/Grey",$29.99,https://www.amazon.com/Portable-Mechanical-Keyboard-MageGee-Backlit/dp/B098LG3N6R/ref=sr_1_20?crid=1ETD973V81N4Y&keywords=keyboard&qid=1670362083&sprefix=keyboard%2Caps%2C70&sr=8-20,https://m.media-amazon.com/images/I/618zZ7u3sUL._AC_UY218_.jpg
"Havit Mechanical Keyboard, Wired Compact PC Keyboard with Number Pad Red Switch Mechanical Gaming Keyboard 89 Keys for Computer/Laptop (Black)",$45.99,https://www.amazon.com/Mechanical-Keyboard-Gaming-Keycaps-Computer/dp/B085ZDXGZW/ref=sr_1_21?crid=1ETD973V81N4Y&keywords=keyboard&qid=1670362083&sprefix=keyboard%2Caps%2C70&sr=8-21,https://m.media-amazon.com/images/I/71yGtauB-AL._AC_UY218_.jpg
"cimetech Wireless Keyboard, 2.4G Advanced Full Size Keyboard with Number Pad, Silent Ergonomic Keyboard and 110 Keys, for Laptop, Desktop, PC, Mac, Windows 10/8/7/XP, Battery Included (Aqua Green)",$22.99,https://www.amazon.com/gp/slredirect/picassoRedirect.html/ref=pa_sp_btf_aps_sr_pg1_1?ie=UTF8&adId=A03644613JLGHLC6PH342&qualifier=1670362083&id=1426141204379236&widgetName=sp_btf&url=%2FCimetech-Wireless-Keyboard-Desktop-Windows%2Fdp%2FB083BGLB4D%2Fref%3Dsr_1_22_sspa%3Fcrid%3D1ETD973V81N4Y%26keywords%3Dkeyboard%26qid%3D1670362083%26sprefix%3Dkeyboard%252Caps%252C70%26sr%3D8-22-spons%26psc%3D1,https://m.media-amazon.com/images/I/61ALLULMC0L._AC_UY218_.jpg
