item_name,price,link_to_item,link_to_item_image
Amazon Basics Laptop Backpack - Fits Up to 17-Inch Laptops,$38.99,https://www.amazon.com/gp/slredirect/picassoRedirect.html/ref=pa_sp_atf_aps_sr_pg1_1?ie=UTF8&adId=A0669160GSMCCNMCPUTL&qualifier=1670361984&id=7436677867260920&widgetName=sp_atf&url=%2FAmazonBasics-Backpack-Laptops-up-17-inches%2Fdp%2FB00EEBS9O0%2Fref%3Dsr_1_1_sspa%3Fcrid%3D1ETD973V81N4Y%26keywords%3Dbackpack%26qid%3D1670361983%26sprefix%3Dbackpack%252Caps%252C70%26sr%3D8-1-spons%26psc%3D1,https://m.media-amazon.com/images/I/81vfzNUAXEL._AC_UY218_.jpg
"Bagsure Travel Laptop Backpack, Business Water Resistant Laptop Backpack with USB Charging Port, Durable Anti Theft College School Computer Bag for Men & Women Fits 15.6 Inch Notebook & Laptop",$27.99,https://www.amazon.com/gp/slredirect/picassoRedirect.html/ref=pa_sp_atf_aps_sr_pg1_1?ie=UTF8&adId=A083347073M5TCW0L7OR&qualifier=1670361984&id=7436677867260920&widgetName=sp_atf&url=%2FBagsure-Backpack-Business-Resistant-Charging%2Fdp%2FB09XC98KCQ%2Fref%3Dsr_1_2_sspa%3Fcrid%3D1ETD973V81N4Y%26keywords%3Dbackpack%26qid%3D1670361983%26sprefix%3Dbackpack%252Caps%252C70%26sr%3D8-2-spons%26psc%3D1,https://m.media-amazon.com/images/I/81CwlKDp4UL._AC_UY218_.jpg
"Matein Travel Laptop Backpack, Business Anti Theft Slim Durable Laptops Backpack with USB Charging Port, Water Resistant College School Computer Bag Gifts for Men & Women Fits 15.6 Inch Notebook, Grey",$29.99,https://www.amazon.com/Backpack-Business-Charging-Resistant-Computer/dp/B06XZTZ7GB/ref=sr_1_3?crid=1ETD973V81N4Y&keywords=backpack&qid=1670361983&sprefix=backpack%2Caps%2C70&sr=8-3,https://m.media-amazon.com/images/I/81OFxhFWmML._AC_UY218_.jpg
"Laptop Backpack,Business Travel Anti Theft Slim Durable Laptops Backpack with USB Charging Port,Water Resistant College School Computer Bag for Women & Men Fits 15.6 Inch Laptop and Notebook - Black",$31.99,https://www.amazon.com/Backpack-Business-Charging-Resistant-Computer/dp/B07F2YJRN2/ref=sr_1_4?crid=1ETD973V81N4Y&keywords=backpack&qid=1670361983&sprefix=backpack%2Caps%2C70&sr=8-4,https://m.media-amazon.com/images/I/81idlqFqcUL._AC_UY218_.jpg
JanSport SuperBreak One Backpack - Lightweight School Bookbag,$32.00,https://www.amazon.com/JanSport-Superbreak-Backpack-Jansport-Black/dp/B0007QCQGI/ref=sr_1_5?crid=1ETD973V81N4Y&keywords=backpack&qid=1670361983&sprefix=backpack%2Caps%2C70&sr=8-5,https://m.media-amazon.com/images/I/71c8Ye5F3ML._AC_UY218_.jpg
Vintage Backpack Travel Laptop Backpack with usb Charging Port for Women & Men School College Students Backpack Fits 15.6 Inch Laptop Grey,$22.12,https://www.amazon.com/Vintage-Backpack-Charging-College-Students/dp/B08JGZW8SH/ref=sr_1_6?crid=1ETD973V81N4Y&keywords=backpack&qid=1670361983&sprefix=backpack%2Caps%2C70&sr=8-6,https://m.media-amazon.com/images/I/81oXngHgobL._AC_UY218_.jpg
"Amazon Basics Backpack + Cubes Set, Blue, Black",$75.72,https://www.amazon.com/gp/slredirect/picassoRedirect.html/ref=pa_sp_mtf_aps_sr_pg1_1?ie=UTF8&adId=A049385928LFLS5637JOJ&qualifier=1670361984&id=7436677867260920&widgetName=sp_mtf&url=%2FAmazon-Basics-Backpack-Cubes-Black%2Fdp%2FB09MHS8CT1%2Fref%3Dsr_1_7_sspa%3Fcrid%3D1ETD973V81N4Y%26keywords%3Dbackpack%26qid%3D1670361983%26sprefix%3Dbackpack%252Caps%252C70%26sr%3D8-7-spons%26psc%3D1,https://m.media-amazon.com/images/I/51WfQ6jix2L._AC_UY218_.jpg
"SUPACOOL Lightweight Casual Laptop Backpack with USB Charging Port For for Men and Women, School Bookbag for College (Full Black)…",$21.99,https://www.amazon.com/SUPACOOL-Lightweight-Casual-Backpack-Charging/dp/B09G1TPWBQ/ref=sr_1_8?crid=1ETD973V81N4Y&keywords=backpack&qid=1670361983&sprefix=backpack%2Caps%2C70&sr=8-8,https://m.media-amazon.com/images/I/61u1TgEUldL._AC_UY218_.jpg
The North Face Vault Backpack,$58.95,https://www.amazon.com/North-Face-Vault-TNF-Black/dp/B0823VZ3PH/ref=sr_1_9?crid=1ETD973V81N4Y&keywords=backpack&qid=1670361983&sprefix=backpack%2Caps%2C70&sr=8-9,https://m.media-amazon.com/images/I/91gPBjjRsAS._AC_UY218_.jpg
Samurai Tactical Wakizashi Tactical Backpack,$22.93,https://www.amazon.com/Samurai-Tactical-Wakizashi-Backpack-Black/dp/B075VJZWNH/ref=sr_1_10?crid=1ETD973V81N4Y&keywords=backpack&qid=1670361983&sprefix=backpack%2Caps%2C70&sr=8-10,https://m.media-amazon.com/images/I/91dwi3d68IL._AC_UY218_.jpg
"Travel Laptop Backpack,TSA Large Travel Backpack for Women Men, 17 Inch Business Flight Approved Carry On Backpack with USB Charger Port and Luggage Sleeve, MATEIN Durable College School Bookbag,Grey",$31.99,https://www.amazon.com/Backpack-MATEIN-Resistant-Business-Approved/dp/B07QN9NPKN/ref=sr_1_11?crid=1ETD973V81N4Y&keywords=backpack&qid=1670361983&sprefix=backpack%2Caps%2C70&sr=8-11,https://m.media-amazon.com/images/I/81awVGYcw-L._AC_UY218_.jpg
"YOREPEK Travel Backpack, Extra Large 50L Laptop Backpacks for Men Women, Water Resistant College School Bookbag Airline Approved Business Work Bag with USB Charging Port Fits 17 Inch Computer, Black",$31.99,https://www.amazon.com/gp/slredirect/picassoRedirect.html/ref=pa_sp_mtf_aps_sr_pg1_1?ie=UTF8&adId=A0800886JWUPIK4C92ES&qualifier=1670361984&id=7436677867260920&widgetName=sp_mtf&url=%2FBackpack-Charging-Friendly-Resistant-Business%2Fdp%2FB071ZYHCM6%2Fref%3Dsr_1_12_sspa%3Fcrid%3D1ETD973V81N4Y%26keywords%3Dbackpack%26qid%3D1670361983%26sprefix%3Dbackpack%252Caps%252C70%26sr%3D8-12-spons%26psc%3D1%26smid%3DA3V4E18OQQ20AS,https://m.media-amazon.com/images/I/71Nv2xl+KjL._AC_UY218_.jpg
"YOREPEK Travel Backpack, Extra Large 50L Laptop Backpacks for Men Women, Water Resistant College School Bookbag Airline Approved Business Work Bag with USB Charging Port Fits 17 Inch Computer, Black",$31.99,https://www.amazon.com/Backpack-Charging-Friendly-Resistant-Business/dp/B071ZYHCM6/ref=sr_1_13?crid=1ETD973V81N4Y&keywords=backpack&qid=1670361983&sprefix=backpack%2Caps%2C70&sr=8-13,https://m.media-amazon.com/images/I/71Nv2xl+KjL._AC_UY218_.jpg
Abshoo Classical Basic Travel Backpack For School Water Resistant Bookbag,$22.19,https://www.amazon.com/Classical-Backpack-College-Resistant-Bookbag/dp/B07CPW148Z/ref=sr_1_14?crid=1ETD973V81N4Y&keywords=backpack&qid=1670361983&sprefix=backpack%2Caps%2C70&sr=8-14,https://m.media-amazon.com/images/I/716-ufSNJ5L._AC_UY218_.jpg
"Everest Luggage Backpack with Front and Side Pockets, Black, Large",$12.91,https://www.amazon.com/Everest-Luggage-Backpack-Front-Pockets/dp/B000F3HQZO/ref=sr_1_15?crid=1ETD973V81N4Y&keywords=backpack&qid=1670361983&sprefix=backpack%2Caps%2C70&sr=8-15,https://m.media-amazon.com/images/I/41ulK8az1oL._AC_UY218_.jpg
SHRRADOO Extra Large 52L Travel Laptop Backpack with USB Charging Port Fit 17 Inch Laptops for Men Women,$38.99,https://www.amazon.com/Travel-Laptop-Backpack-Charging-Laptops/dp/B07V4R4Z77/ref=sr_1_16?crid=1ETD973V81N4Y&keywords=backpack&qid=1670361983&sprefix=backpack%2Caps%2C70&sr=8-16,https://m.media-amazon.com/images/I/61Ns-H-YLtL._AC_UY218_.jpg
"LOVEVOOK Laptop Backpack for Women,Laptop Bag for Women 15.6 inch,Waterproof Travel Backpack Purse,Stylish Womens Backpack,Work Computer Bags Bookbag Teacher School Back Pack with USB Port,Black",$36.99,https://www.amazon.com/gp/slredirect/picassoRedirect.html/ref=pa_sp_mtf_aps_sr_pg1_1?ie=UTF8&adId=A09489853OEQ7VTVU40L9&qualifier=1670361984&id=7436677867260920&widgetName=sp_mtf&url=%2FBackpack-LOVEVOOK-Backpacks-Waterproof-Anti-theft%2Fdp%2FB09D72DR9D%2Fref%3Dsr_1_17_sspa%3Fcrid%3D1ETD973V81N4Y%26keywords%3Dbackpack%26qid%3D1670361983%26sprefix%3Dbackpack%252Caps%252C70%26sr%3D8-17-spons%26psc%3D1,https://m.media-amazon.com/images/I/71gCoYu8A9L._AC_UY218_.jpg
"High Sierra Loop-Backpack, School, Travel, or Work Bookbag with tablet-sleeve, Silver Heather, One Size",$34.99,https://www.amazon.com/High-Sierra-Backpack-Heather-8-5-Inch/dp/B085W9RW96/ref=sr_1_18?crid=1ETD973V81N4Y&keywords=backpack&qid=1670361983&sprefix=backpack%2Caps%2C70&sr=8-18,https://m.media-amazon.com/images/I/91bNgpMwmSL._AC_UY218_.jpg
OMOUBOI Casual Daypacks Superbreak Backpack Laptop Backpack for Women & Men Fits Tourism School Business (Black),$14.95,https://www.amazon.com/Daypacks-OMOUBOI-Superbreak-Backpack-Business/dp/B07TWKZV7V/ref=sr_1_19?crid=1ETD973V81N4Y&keywords=backpack&qid=1670361983&sprefix=backpack%2Caps%2C70&sr=8-19,https://m.media-amazon.com/images/I/71rMAQXLs0L._AC_UY218_.jpg
Backpack Bookbag for School College Student Travel Business Hiking Fit Laptop Up to 15.6 Inch,$23.19,https://www.amazon.com/ProEtrade-Backpack-School-College-Resistant/dp/B072QS2Q96/ref=sr_1_20?crid=1ETD973V81N4Y&keywords=backpack&qid=1670361983&sprefix=backpack%2Caps%2C70&sr=8-20,https://m.media-amazon.com/images/I/81u6JwJKfwL._AC_UY218_.jpg
"Everest Luggage Basic Backpack, Dark Green, Medium",$10.11,https://www.amazon.com/Everest-Luggage-Basic-Backpack-Medium/dp/B005IFC47E/ref=sr_1_21?crid=1ETD973V81N4Y&keywords=backpack&qid=1670361983&sprefix=backpack%2Caps%2C70&sr=8-21,https://m.media-amazon.com/images/I/51aoYTEnvYL._AC_UY218_.jpg
"Matein Travel Laptop Backpack, Business Anti Theft Slim Durable Laptops Backpack with USB Charging Port, Water Resistant College School Computer Bag Gifts for Men & Women Fits 15.6 Inch Notebook, Grey",$29.99,https://www.amazon.com/gp/slredirect/picassoRedirect.html/ref=pa_sp_btf_aps_sr_pg1_1?ie=UTF8&adId=A02210121HW5EUOFPSKHU&qualifier=1670361984&id=7436677867260920&widgetName=sp_btf&url=%2FBackpack-Business-Charging-Resistant-Computer%2Fdp%2FB06XZTZ7GB%2Fref%3Dsr_1_22_sspa%3Fcrid%3D1ETD973V81N4Y%26keywords%3Dbackpack%26qid%3D1670361983%26sprefix%3Dbackpack%252Caps%252C70%26sr%3D8-22-spons%26psc%3D1%26smid%3DA1PQG4T5PZRJDI,https://m.media-amazon.com/images/I/81OFxhFWmML._AC_UY218_.jpg
