item_name,price,link_to_item,link_to_item_image
"American Standard 2887218.020 2887.218.020 Toilet, Normal Height, White",$272.83,https://www.amazon.com/gp/slredirect/picassoRedirect.html/ref=pa_sp_atf_aps_sr_pg1_1?ie=UTF8&adId=A0889357U5LNF1D2SQ3Z&qualifier=1670362071&id=3616309286174862&widgetName=sp_atf&url=%2FAmerican-Standard-2887218-020-2887-218-020-Toilet%2Fdp%2FB01BWMODSO%2Fref%3Dsr_1_1_sspa%3Fcrid%3D1ETD973V81N4Y%26keywords%3Dtoilet%26qid%3D1670362071%26sprefix%3Dtoilet%252Caps%252C70%26sr%3D8-1-spons%26psc%3D1,https://m.media-amazon.com/images/I/51hCC3zRg3L._AC_UL320_.jpg
"American Standard 2851A104.020 Town Square S Right Height Elongated One-Piece Toilet with Seat, White",$526.09,https://www.amazon.com/gp/slredirect/picassoRedirect.html/ref=pa_sp_atf_aps_sr_pg1_1?ie=UTF8&adId=A08892333P0BDRWI5XCI&qualifier=1670362071&id=3616309286174862&widgetName=sp_atf&url=%2FAmerican-Standard-2851A104-020-Elongated-One-Piece%2Fdp%2FB07X1THXZV%2Fref%3Dsr_1_3_sspa%3Fcrid%3D1ETD973V81N4Y%26keywords%3Dtoilet%26qid%3D1670362071%26sprefix%3Dtoilet%252Caps%252C70%26sr%3D8-3-spons%26psc%3D1,https://m.media-amazon.com/images/I/51OlYrOLzmL._AC_UL320_.jpg
"American Standard 2988101.020 Cadet 3 FloWise 2-Piece 1.28 GPF Single Flush Right Height Round Front Toilet with Concealed Trapway, White",$375.05,https://www.amazon.com/gp/slredirect/picassoRedirect.html/ref=pa_sp_atf_aps_sr_pg1_1?ie=UTF8&adId=A08903493K9028C9M0615&qualifier=1670362071&id=3616309286174862&widgetName=sp_atf&url=%2FAmerican-Standard-2988-101-020-Concealed-Trapway%2Fdp%2FB004K4NHSY%2Fref%3Dsr_1_4_sspa%3Fcrid%3D1ETD973V81N4Y%26keywords%3Dtoilet%26qid%3D1670362071%26sprefix%3Dtoilet%252Caps%252C70%26sr%3D8-4-spons%26psc%3D1,https://m.media-amazon.com/images/I/61loCjXiPVL._AC_UL320_.jpg
"Swiss Madison Well Made Forever SM-1T254 St. Tropez One Piece Toilet, 26.6 x 15 x 31 inches, Glossy White",$303.71,https://www.amazon.com/Swiss-Madison-SM-1T254-Tornado-Closing/dp/B0744CTXW8/ref=sr_1_5?crid=1ETD973V81N4Y&keywords=toilet&qid=1670362071&sprefix=toilet%2Caps%2C70&sr=8-5,https://m.media-amazon.com/images/I/712VyfvUppL._AC_UL320_.jpg
"Swiss Madison SM-1T257 Sublime II Compact 24"" Length One Piece Toilet Dual Flush 0.8/1.28 GPF with Side Holes, Glossy White",$243.51,https://www.amazon.com/Sublime-1-Piece-Compact-Small-Toilet/dp/B07CSG4VWN/ref=sr_1_6?crid=1ETD973V81N4Y&keywords=toilet&qid=1670362071&sprefix=toilet%2Caps%2C70&sr=8-6,https://m.media-amazon.com/images/I/71GS3gpoyfL._AC_UL320_.jpg
Swiss Madison SM-1T803 Chateau Elongated Toilet Dual Flush 0.8/1.28 Gpf (Soft Closing Quick Release Seat Included),$207.51,https://www.amazon.com/Swiss-Madison-SM-1T803-Elongated-Included/dp/B074WGB757/ref=sr_1_7?crid=1ETD973V81N4Y&keywords=toilet&qid=1670362071&sprefix=toilet%2Caps%2C70&sr=8-7,https://m.media-amazon.com/images/I/815yhgeDprL._AC_UL320_.jpg
"TOTO Drake Two-Piece Elongated 1.6 GPF Universal Height TORNADO FLUSH Toilet with CEFIONTECT, Cotton White - CST776CSFG#01",$292.39,https://www.amazon.com/TOTO-Two-Piece-Elongated-Universal-CEFIONTECT/dp/B0999Q23WQ/ref=sr_1_8_mod_primary_new?crid=1ETD973V81N4Y&keywords=toilet&qid=1670362071&sbo=RZvfv%2F%2FHxDF%2BO5021pAnSA%3D%3D&sprefix=toilet%2Caps%2C70&sr=8-8,https://m.media-amazon.com/images/I/61bfhN3oraS._AC_UL320_.jpg
"Swiss Madison Well Made Forever SM-1T258, Carré One-Piece Square Toilet Left Side Flush Handle Toilet 1.28 gpf , White",$217.54,https://www.amazon.com/Swiss-Madison-Well-Forever-SM-1T258/dp/B09RQ37WM7/ref=sr_1_9?crid=1ETD973V81N4Y&keywords=toilet&qid=1670362071&sprefix=toilet%2Caps%2C70&sr=8-9,https://m.media-amazon.com/images/I/71eC3k43RxL._AC_UL320_.jpg
WOODBRIDGE Cotton White T-0019 Toilet,$365.77,https://www.amazon.com/WOODBRIDGE-T-0019-High-Efficiency-Cotton-White/dp/B07H781NMC/ref=sr_1_10?crid=1ETD973V81N4Y&keywords=toilet&qid=1670362071&sprefix=toilet%2Caps%2C70&sr=8-10,https://m.media-amazon.com/images/I/61yp4Eg7FxL._AC_UL320_.jpg
"Swiss Madison Well Made Forever SM-1T106 Concorde One Piece Toilet, Glossy White",$201.83,https://www.amazon.com/Swiss-Madison-SM-1T106-Concorde-Included/dp/B076JLHXZ9/ref=sr_1_11?crid=1ETD973V81N4Y&keywords=toilet&qid=1670362071&sprefix=toilet%2Caps%2C70&sr=8-11,https://m.media-amazon.com/images/I/710kZFGAnML._AC_UL320_.jpg
"American Standard 288DA114.020 288DA.114.020 Toilet, Normal Height, White",$150.00,https://www.amazon.com/American-Standard-288DA114-020-288DA-114-020-Toilet/dp/B01BWMOH0S/ref=sr_1_12?crid=1ETD973V81N4Y&keywords=toilet&qid=1670362071&sprefix=toilet%2Caps%2C70&sr=8-12,https://m.media-amazon.com/images/I/61lgtKKEfHL._AC_UL320_.jpg
TokeShimi LED Bathroom Vanity Mirror with Light 40x24 inch Anti-Fog & Dimmer-able 3-Color Lights CRI90+ Wall Mounted Fashion Waterproof,$167.99,https://www.amazon.com/gp/slredirect/picassoRedirect.html/ref=pa_sp_mtf_aps_sr_pg1_1?ie=UTF8&adId=A0555110CMI1KDRNZ1UX&qualifier=1670362071&id=3616309286174862&widgetName=sp_mtf&url=%2FTokeShimi-Mothers-Bathroom-Anti-Fog-Adjustable%2Fdp%2FB08N4LTC75%2Fref%3Dsr_1_13_sspa%3Fcrid%3D1ETD973V81N4Y%26keywords%3Dtoilet%26qid%3D1670362071%26sprefix%3Dtoilet%252Caps%252C70%26sr%3D8-13-spons%26psc%3D1%26smid%3DAIDMJPPX7CDD8,https://m.media-amazon.com/images/I/91wTJ09TVyL._AC_UL320_.jpg
"White 2-piece Elongated Toilet with Standard 12-in Rough-in , ELLAI Powerful Single Flush 1.28 GPF ADA Chair Height Toilet (Seat Included)",$219.90,https://www.amazon.com/gp/slredirect/picassoRedirect.html/ref=pa_sp_mtf_aps_sr_pg1_1?ie=UTF8&adId=A06965842NY5IQNBAXY3I&qualifier=1670362071&id=3616309286174862&widgetName=sp_mtf&url=%2F2-piece-Elongated-Standard-Powerful-Included%2Fdp%2FB08X6QK4GD%2Fref%3Dsr_1_14_sspa%3Fcrid%3D1ETD973V81N4Y%26keywords%3Dtoilet%26qid%3D1670362071%26sprefix%3Dtoilet%252Caps%252C70%26sr%3D8-14-spons%26psc%3D1,https://m.media-amazon.com/images/I/415QdcaZjhL._AC_UL320_.jpg
"ELLAI MT-3602, Smart Toilet with bidet function, One-piece Toilet with Auto-Flush, Warm Water, Air Drying Function, Heated Seat, LED Nightlight, Includes Remote Control",$794.90,https://www.amazon.com/gp/slredirect/picassoRedirect.html/ref=pa_sp_mtf_aps_sr_pg1_1?ie=UTF8&adId=A0043042MU5BHVWMC2Z&qualifier=1670362071&id=3616309286174862&widgetName=sp_mtf&url=%2FMT-3602-function-auto-flush-nightlight-control%2Fdp%2FB09TSCPNWL%2Fref%3Dsr_1_15_sspa%3Fcrid%3D1ETD973V81N4Y%26keywords%3Dtoilet%26qid%3D1670362071%26sprefix%3Dtoilet%252Caps%252C70%26sr%3D8-15-spons%26psc%3D1%26smid%3DA1RUV8KQ19SISS,https://m.media-amazon.com/images/I/713SdKHyQBL._AC_UL320_.jpg
"KUZIUA Smart Bidet Toilet, Tankless Bidet Toilet with Blackout Flush, Rear Washing, Automatic Open & Close Lid, Heated Seat, Warm Water, Dryer, HP - 2209C","$1,259.00",https://www.amazon.com/gp/slredirect/picassoRedirect.html/ref=pa_sp_mtf_aps_sr_pg1_1?ie=UTF8&adId=A0064562YOOIYE5R1A97&qualifier=1670362071&id=3616309286174862&widgetName=sp_mtf&url=%2FKUZIUA-Tankless-Blackout-Washing-Automatic%2Fdp%2FB0B7D44QXQ%2Fref%3Dsr_1_16_sspa%3Fcrid%3D1ETD973V81N4Y%26keywords%3Dtoilet%26qid%3D1670362071%26sprefix%3Dtoilet%252Caps%252C70%26sr%3D8-16-spons%26psc%3D1,https://m.media-amazon.com/images/I/71vzLBicI4L._AC_UL320_.jpg
"HOROW HWMT-8733 Small Compact One Piece Toilet For Bathroom, Powerful & Quiet Dual Flush Modern Toilet, 12'' Rough-In Toilet & Soft Closing Seat Include, 25""D x 13.4""W x 28.4""H, White",$241.25,https://www.amazon.com/HOROW-HWMT-8733-Compact-Bathroom-Concealed/dp/B07K32DFHS/ref=sr_1_17?crid=1ETD973V81N4Y&keywords=toilet&qid=1670362071&sprefix=toilet%2Caps%2C70&sr=8-17,https://m.media-amazon.com/images/I/51vILnldNOL._AC_UL320_.jpg
"Smart Toilet One Piece Smart Bidet Toilet, Bidet Toilet Seat with Heated, Auto Smart Toilet with Warm Water Sprayer & Dryer, One Piece Toilet for Bathrooms",$589.00,https://www.amazon.com/Smart-Toilet-Heated-Sprayer-Bathrooms/dp/B0B29JVW5N/ref=sr_1_19?crid=1ETD973V81N4Y&keywords=toilet&qid=1670362071&sprefix=toilet%2Caps%2C70&sr=8-19,https://m.media-amazon.com/images/I/71QXJRbWGjL._AC_UL320_.jpg
Fine Fixtures Dual-Flush Elongated One-Piece Toilet with High Efficiency Flush,$226.90,https://www.amazon.com/Fine-Fixtures-Dual-Flush-One-Piece-Included/dp/B083P74KGD/ref=sr_1_20?crid=1ETD973V81N4Y&keywords=toilet&qid=1670362071&sprefix=toilet%2Caps%2C70&sr=8-20,https://m.media-amazon.com/images/I/71QV+xWaLOL._AC_UL320_.jpg
"HOROW T0338W Elongated One Piece Toilet with Comfort Chair Seat ADA Height 17.3"", Power Dual Flush 0.8/1.28 GPF and MAP 1000g, Standard White Toilet Bowl",$289.99,https://www.amazon.com/HOROW-T0338W-Elongated-Toilet-Standard/dp/B09WYQCPMP/ref=sr_1_21?crid=1ETD973V81N4Y&keywords=toilet&qid=1670362071&sprefix=toilet%2Caps%2C70&sr=8-21,https://m.media-amazon.com/images/I/51udAsN4UkL._AC_UL320_.jpg
"TOTO Drake Two-Piece Elongated 1.28 GPF TORNADO FLUSH Toilet with CEFIONTECT, Cotton White - CST776CEG#01",$263.09,https://www.amazon.com/TOTO-Two-Piece-Elongated-TORNADO-CEFIONTECT/dp/B0999QT5WD/ref=sr_1_22?crid=1ETD973V81N4Y&keywords=toilet&qid=1670362071&sprefix=toilet%2Caps%2C70&sr=8-22,https://m.media-amazon.com/images/I/61bfhN3oraS._AC_UL320_.jpg
"White 2-piece Elongated Toilet with Standard 12-in Rough-in , ELLAI Powerful Single Flush 1.28 GPF ADA Chair Height Toilet (Seat Included)",$219.90,https://www.amazon.com/2-piece-Elongated-Standard-Powerful-Included/dp/B08X6QK4GD/ref=sr_1_23?crid=1ETD973V81N4Y&keywords=toilet&qid=1670362071&sprefix=toilet%2Caps%2C70&sr=8-23,https://m.media-amazon.com/images/I/415QdcaZjhL._AC_UL320_.jpg
"TOTO Drake Two-Piece Elongated 1.6 GPF TORNADO FLUSH Toilet with CEFIONTECT, Cotton White - CST776CSG#01",$256.68,https://www.amazon.com/TOTO-Two-Piece-Elongated-TORNADO-CEFIONTECT/dp/B0999NM6CH/ref=sr_1_24?crid=1ETD973V81N4Y&keywords=toilet&qid=1670362071&sprefix=toilet%2Caps%2C70&sr=8-24,https://m.media-amazon.com/images/I/61bfhN3oraS._AC_UL320_.jpg
"HOROW HWMT-8733 Small Compact One Piece Toilet For Bathroom, Powerful & Quiet Dual Flush Modern Toilet, 12'' Rough-In Toilet & Soft Closing Seat Include, 25""D x 13.4""W x 28.4""H, White",$241.25,https://www.amazon.com/gp/slredirect/picassoRedirect.html/ref=pa_sp_mtf_aps_sr_pg1_1?ie=UTF8&adId=A00180902WX7W2KXYLQ5K&qualifier=1670362071&id=3616309286174862&widgetName=sp_mtf&url=%2FHOROW-HWMT-8733-Compact-Bathroom-Concealed%2Fdp%2FB07K32DFHS%2Fref%3Dsr_1_25_sspa%3Fcrid%3D1ETD973V81N4Y%26keywords%3Dtoilet%26qid%3D1670362071%26sprefix%3Dtoilet%252Caps%252C70%26sr%3D8-25-spons%26psc%3D1,https://m.media-amazon.com/images/I/51vILnldNOL._AC_UL320_.jpg
"DeerValley DV-1F026 Ally Dual Flush Elongated Standard One Piece Toilet with Comfortable Seat Height, Soft Close Seat Cover, High-Efficiency Supply, and White Finish Toilet Bowl (White Toilet)",$279.00,https://www.amazon.com/gp/slredirect/picassoRedirect.html/ref=pa_sp_mtf_aps_sr_pg1_1?ie=UTF8&adId=A0903513HOG1EL3WFWY7&qualifier=1670362071&id=3616309286174862&widgetName=sp_mtf&url=%2FElongated-Standard-Comfort-High-Efficiency-LT-1F026%2Fdp%2FB08FLFHBYW%2Fref%3Dsr_1_26_sspa%3Fcrid%3D1ETD973V81N4Y%26keywords%3Dtoilet%26qid%3D1670362071%26sprefix%3Dtoilet%252Caps%252C70%26sr%3D8-26-spons%26psc%3D1,https://m.media-amazon.com/images/I/61bykdHbBRL._AC_UL320_.jpg
"KUZIUA Smart Bidet Toilet, Modern Multi Function One Piece Toilet, Tankless Bidet Toilet with Blackout Flush, Massage Washing, Rear Washing, Automatic Open & Close Lid, Heated Seat, Dryer, HP-2208C","$1,159.00",https://www.amazon.com/gp/slredirect/picassoRedirect.html/ref=pa_sp_mtf_aps_sr_pg1_1?ie=UTF8&adId=A00646861THQJ81UHZCC&qualifier=1670362071&id=3616309286174862&widgetName=sp_mtf&url=%2FKUZIUA-Function-Tankless-Blackout-Automatic%2Fdp%2FB0B7D1T2BV%2Fref%3Dsr_1_27_sspa%3Fcrid%3D1ETD973V81N4Y%26keywords%3Dtoilet%26qid%3D1670362071%26sprefix%3Dtoilet%252Caps%252C70%26sr%3D8-27-spons%26psc%3D1,https://m.media-amazon.com/images/I/612bGuE-i8L._AC_UL320_.jpg
"KOHLER 3810-7 Santa Rosa Comfort Height Elongated 1.28 GPF Toilet with AquaPiston Flush Technology and Left-Hand Trip Lever, Black Black",$785.25,https://www.amazon.com/gp/slredirect/picassoRedirect.html/ref=pa_sp_mtf_aps_sr_pg1_1?ie=UTF8&adId=A05873581T6NNEELI6RLL&qualifier=1670362071&id=3616309286174862&widgetName=sp_mtf&url=%2F3810-7-Elongated-AquaPiston-Technology-Left-Hand%2Fdp%2FB004QZFRYO%2Fref%3Dsr_1_28_sspa%3Fcrid%3D1ETD973V81N4Y%26keywords%3Dtoilet%26qid%3D1670362071%26sprefix%3Dtoilet%252Caps%252C70%26sr%3D8-28-spons%26psc%3D1,https://m.media-amazon.com/images/I/71O5CFDQ1sL._AC_UL320_.jpg
Fine Fixtures Dual-Flush Elongated One-Piece Toilet with High Efficiency Flush…,$258.00,https://www.amazon.com/Fine-Fixtures-Dual-Flush-Elongated-Efficiency/dp/B083P5YC68/ref=sr_1_29?crid=1ETD973V81N4Y&keywords=toilet&qid=1670362071&sprefix=toilet%2Caps%2C70&sr=8-29,https://m.media-amazon.com/images/I/81TYG4kCICL._AC_UL320_.jpg
"KOHLER 3989-0 Highline Two-Piece Comfort Height Toilet with Dual-Flush and Elongated Bowl, White",$389.36,https://www.amazon.com/Kohler-K-3989-0-KOHLER-Toilet-White/dp/B00CJW3IYC/ref=sr_1_30?crid=1ETD973V81N4Y&keywords=toilet&qid=1670362071&sprefix=toilet%2Caps%2C70&sr=8-30,https://m.media-amazon.com/images/I/71MkkPHePCL._AC_UL320_.jpg
Swiss Madison SM-1T123 Virage One Piece Elongated Toilet 1.28 GPF,$188.77,https://www.amazon.com/Swiss-Madison-SM-1T123-Virage-Elongated/dp/B083QS2NFQ/ref=sr_1_31?crid=1ETD973V81N4Y&keywords=toilet&qid=1670362071&sprefix=toilet%2Caps%2C70&sr=8-31,https://m.media-amazon.com/images/I/81kEtmKkGzL._AC_UL320_.jpg
Swiss Madison St. Tropez One Piece Elongated Toilet (Side Flush),$271.99,https://www.amazon.com/Swiss-Madison-Tropez-Elongated-Toilet/dp/B08SZ26GYP/ref=sr_1_32?crid=1ETD973V81N4Y&keywords=toilet&qid=1670362071&sprefix=toilet%2Caps%2C70&sr=8-32,https://m.media-amazon.com/images/I/71qSFcY+92L._AC_UL320_.jpg
"Siewl Portable Toilet for Camping, Portable Folding Toilet with Lid, Waterproof Porta Potty Car Toilet Bucket Toilet Portable Potty for Adults, Travel Toilet for Camping Hiking Boat Trips Beach",$25.99,https://www.amazon.com/Siewl-Portable-Camping-Folding-Waterproof/dp/B09KXVR9TM/ref=sr_1_33?crid=1ETD973V81N4Y&keywords=toilet&qid=1670362071&sprefix=toilet%2Caps%2C70&sr=8-33,https://m.media-amazon.com/images/I/61g0vcvurHL._AC_UL320_.jpg
Swiss Madison SM-1T112 Ivy One Piece Toilet Dual Flush,$231.49,https://www.amazon.com/Swiss-Madison-SM-1T112-Elongated-Included/dp/B074CMVLHQ/ref=sr_1_34?crid=1ETD973V81N4Y&keywords=toilet&qid=1670362071&sprefix=toilet%2Caps%2C70&sr=8-34,https://m.media-amazon.com/images/I/71ekuLB7F-L._AC_UL320_.jpg
"Kohler K-3999-0 Highline Comfort Height Two-piece Elongated 1.28 Gpf Toilet with Class Five Flushing Technology And Left-hand Trip Lever, Seat Not Included, White",$342.78,https://www.amazon.com/Kohler-Two-piece-Elongated-Technology-Left-hand/dp/B004PULVOK/ref=sr_1_35?crid=1ETD973V81N4Y&keywords=toilet&qid=1670362071&sprefix=toilet%2Caps%2C70&sr=8-35,https://m.media-amazon.com/images/I/71sVluQFoxL._AC_UL320_.jpg
"DeerValley DV-1F026 Ally Dual Flush Elongated Standard One Piece Toilet with Comfortable Seat Height, Soft Close Seat Cover, High-Efficiency Supply, and White Finish Toilet Bowl (White Toilet)",$279.00,https://www.amazon.com/Elongated-Standard-Comfort-High-Efficiency-LT-1F026/dp/B08FLFHBYW/ref=sr_1_36?crid=1ETD973V81N4Y&keywords=toilet&qid=1670362071&sprefix=toilet%2Caps%2C70&sr=8-36,https://m.media-amazon.com/images/I/61bykdHbBRL._AC_UL320_.jpg
"VOVO STYLEMENT TCB-8100W Smart Bidet Toilet, Made in Korea, One Piece Toilet with Auto Dual Flush, LED Nightlight, Heated Seat, Warm Water and Dry","$1,590.00",https://www.amazon.com/VOVO-STYLEMENT-TCB-8100W-Toilet-Sterilization/dp/B09WX7BF2K/ref=sr_1_37?crid=1ETD973V81N4Y&keywords=toilet&qid=1670362071&sprefix=toilet%2Caps%2C70&sr=8-37,https://m.media-amazon.com/images/I/61qaQYw9dsL._AC_UL320_.jpg
"Swiss Madison Well Made Forever Ivy SM-WT450 Wall Hung Toilet, Glossy White",$163.61,https://www.amazon.com/Swiss-Madison-SM-WT450-Toilet-Glossy/dp/B07R71CYXY/ref=sr_1_38?crid=1ETD973V81N4Y&keywords=toilet&qid=1670362071&sprefix=toilet%2Caps%2C70&sr=8-38,https://m.media-amazon.com/images/I/71DUZTThMCL._AC_UL320_.jpg
"Fluidmaster 400CR Universal Toilet Fill Flapper Repair Kit for 2-Inch Flush Valves, 1-Pack, Multicolor",$10.97,https://www.amazon.com/Fluidmaster-400CRP14-Universal-Flapper-Toilets/dp/B007TUHQWY/ref=sr_1_40?crid=1ETD973V81N4Y&keywords=toilet&qid=1670362071&sprefix=toilet%2Caps%2C70&sr=8-40,https://m.media-amazon.com/images/I/71KE5bdmw4L._AC_UL320_.jpg
"Veken Ultra-Slim Bidet Attachment for Toilet, Dual Nozzle (Feminine/Posterior Wash) Hygienic Bidet, Adjustable Water Pressure Baday Beday Budet Badette Toilet Attachment with Brass Inlet",$29.99,https://www.amazon.com/Veken-Ultra-Slim-Non-Electric-Adjustable-Attachment/dp/B082HFS8KT/ref=sr_1_41?crid=1ETD973V81N4Y&keywords=toilet&qid=1670362071&sprefix=toilet%2Caps%2C70&sr=8-41,https://m.media-amazon.com/images/I/61k5yG-tWKS._AC_UL320_.jpg
"Arofa Handheld Bidet Sprayer for Toilet-Adjustable Water Pressure Control with Bidet Hose for Feminine Wash, Stainless Steel Brushed Nickel Cloth Diaper Bidet Toilet Sprayer for Baby Wash",$25.47,https://www.amazon.com/Handheld-Toilet-Adjustable-Pressure-Feminine-Stainless/dp/B086W1YZSH/ref=sr_1_42?crid=1ETD973V81N4Y&keywords=toilet&qid=1670362071&sprefix=toilet%2Caps%2C70&sr=8-42,https://m.media-amazon.com/images/I/71Bw206MUpL._AC_UL320_.jpg
"Clear Rear Bidet Attachment for Toilet - Toilet Bidet with 2 Retractable Nozzles for Front & Back Cleansing - Non Electric, Fresh Water Bidet Toilet Seat Attachment - Easy Install Bidet Sprayer",$38.99,https://www.amazon.com/Bidet-Toilet-Seat-Attachment-Washer/dp/B07YN9JXNW/ref=sr_1_43?crid=1ETD973V81N4Y&keywords=toilet&qid=1670362071&sprefix=toilet%2Caps%2C70&sr=8-43,https://m.media-amazon.com/images/I/71--G5lpqcL._AC_UL320_.jpg
"Bidet Attachment - SAMODRA Non-electric Cold Water Bidet Toilet Seat Attachment with Pressure Controls,Retractable Self-cleaning Dual Nozzles for Frontal & Rear Wash - Black",$39.99,https://www.amazon.com/Bidet-Attachment-Non-electric-Retractable-Self-cleaning/dp/B07ZRC6717/ref=sr_1_44?crid=1ETD973V81N4Y&keywords=toilet&qid=1670362071&sprefix=toilet%2Caps%2C70&sr=8-44,https://m.media-amazon.com/images/I/61IGdBkaALL._AC_UL320_.jpg
"DeerValley DV-1F52807 One Piece Toilet Elongated,Small Toilet Compact Modern One Piece Toilet With Soft Close Toilet Seat Ceramic Glossy White Toilets Single Flush for Small Bathroom Space",$279.00,https://www.amazon.com/DeerValley-One-Piece-Toilet-Small/dp/B08DLL6G5Q/ref=sr_1_45?crid=1ETD973V81N4Y&keywords=toilet&qid=1670362071&sprefix=toilet%2Caps%2C70&sr=8-45,https://m.media-amazon.com/images/I/71632zcfnkL._AC_UL320_.jpg
"ELLAI MT-3602, Smart Toilet with bidet function, One-piece Toilet with Auto-Flush, Warm Water, Air Drying Function, Heated Seat, LED Nightlight, Includes Remote Control",$794.90,https://www.amazon.com/MT-3602-function-auto-flush-nightlight-control/dp/B09TSCPNWL/ref=sr_1_46?crid=1ETD973V81N4Y&keywords=toilet&qid=1670362071&sprefix=toilet%2Caps%2C70&sr=8-46,https://m.media-amazon.com/images/I/713SdKHyQBL._AC_UL320_.jpg
"American Standard 2887218.020 2887.218.020 Toilet, Normal Height, White",$272.83,https://www.amazon.com/American-Standard-2887218-020-2887-218-020-Toilet/dp/B01BWMODSO/ref=sr_1_47?crid=1ETD973V81N4Y&keywords=toilet&qid=1670362071&sprefix=toilet%2Caps%2C70&sr=8-47,https://m.media-amazon.com/images/I/51hCC3zRg3L._AC_UL320_.jpg
"Kohler K-3577-0 WellworthÂ Classic Toilet, White",$242.36,https://www.amazon.com/Kohler-K-3577-0-Wellworth-Round-Front-Technology/dp/B003BPYF48/ref=sr_1_48?crid=1ETD973V81N4Y&keywords=toilet&qid=1670362071&sprefix=toilet%2Caps%2C70&sr=8-48,https://m.media-amazon.com/images/I/518uH8pZz5L._AC_UL320_.jpg
"WOODBRIDGE T-0019-CH TOILET, WIth Chrome Button",$329.00,https://www.amazon.com/WOODBRIDGE-T-0019-CH-TOILET-Chrome-Button/dp/B0923RLHBK/ref=sr_1_49?crid=1ETD973V81N4Y&keywords=toilet&qid=1670362071&sprefix=toilet%2Caps%2C70&sr=8-49,https://m.media-amazon.com/images/I/81sIWeh7oNL._AC_UL320_.jpg
"KKPOT Bidet Attachment for Toilet -Self Cleaning Dual Nozzle, Non-Electric Bidet, Cold & Warm Fresh Water Bidet Sprayer With Temperature & Pressure Controls",$49.99,https://www.amazon.com/KKPOT-Non-Electric-Cold-Warm-Water/dp/B09XXC1VBK/ref=sr_1_50?crid=1ETD973V81N4Y&keywords=toilet&qid=1670362071&sprefix=toilet%2Caps%2C70&sr=8-50,https://m.media-amazon.com/images/I/51PaLb5kArL._AC_UL320_.jpg
"American Standard 3451.001.020 Madera Everclean 15-Inch Universal Top Spud Floor Mount Toilet Bowl, White",$106.27,https://www.amazon.com/American-Standard-3451-001-020-Everclean-Universal/dp/B004OZM1CW/ref=sr_1_51?crid=1ETD973V81N4Y&keywords=toilet&qid=1670362071&sprefix=toilet%2Caps%2C70&sr=8-51,https://m.media-amazon.com/images/I/41iN0PCtL+L._AC_UL320_.jpg
"Kohler K-5481-0 Highline Comfort Height Toilet, White",$329.44,https://www.amazon.com/Kohler-K-5481-0-Two-Piece-Round-Front-Technology/dp/B06XGNP85W/ref=sr_1_52?crid=1ETD973V81N4Y&keywords=toilet&qid=1670362071&sprefix=toilet%2Caps%2C70&sr=8-52,https://m.media-amazon.com/images/I/61WR8ELjFUL._AC_UL320_.jpg
"Veken Bidet Attachment for Toilet, Non-Electric Self-Cleaning Dual Nozzle (Feminine/Bidet Wash) Toilet Bidet, Fresh Water Sprayer Toilet Seat Attachment with Adjustable Pressure Control",$35.28,https://www.amazon.com/Veken-Bidet-Non-Electric-Cleaning-Adjustable/dp/B07H2DWVMK/ref=sr_1_53?crid=1ETD973V81N4Y&keywords=toilet&qid=1670362071&sprefix=toilet%2Caps%2C70&sr=8-53,https://m.media-amazon.com/images/I/61oYid87RrL._AC_UL320_.jpg
"HOROW Heated Toilet, Upmarket Compact Toilet, One Piece Smart Toilet with Heating Seat, Small Tankless Toilet with Blackout Flush, Soft Close Cover",$419.99,https://www.amazon.com/HOROW-Upmarket-Compact-Tankless-Blackout/dp/B09TFNCZ8F/ref=sr_1_54?crid=1ETD973V81N4Y&keywords=toilet&qid=1670362071&sprefix=toilet%2Caps%2C70&sr=8-54,https://m.media-amazon.com/images/I/516FdjHIbrL._AC_UL320_.jpg
"DeerValley DV-1F52508 Symmetry One Piece Toilet, Dual Flush 1.1/1.6 GPF Elongated Standard Toilet for Bathroom, Toilets with Comfortable Seat Height (Seat Included) (White)",$275.00,https://www.amazon.com/DeerValley-DV-1F52508-Elongated-Standard-Comfortable/dp/B09TSMP2JX/ref=sr_1_55?crid=1ETD973V81N4Y&keywords=toilet&qid=1670362071&sprefix=toilet%2Caps%2C70&sr=8-55,https://m.media-amazon.com/images/I/7177UMaIl1L._AC_UL320_.jpg
"Bidet Sprayer for Toilet Handheld Bidet Sprayer Adjustable Toilet Sprayer Bathroom Jet Sprayer Kit with Bidet Hose for Bathing Pets,Feminine Wash, Baby Diaper",$15.96,https://www.amazon.com/sprayer-handheld-adjustable-Bathroom-Feminine/dp/B09P61FTN8/ref=sr_1_56?crid=1ETD973V81N4Y&keywords=toilet&qid=1670362071&sprefix=toilet%2Caps%2C70&sr=8-56,https://m.media-amazon.com/images/I/71bJtLBCcxL._AC_UL320_.jpg
"WinZo WZ5081 Elongated One Piece Toilet Low Profile, High Efficiency Flush 1.28 GPF with Soft Close Seat White",$322.00,https://www.amazon.com/WinZo-WZ5081-Elongated-Profile-Efficiency/dp/B08LR78YKL/ref=sr_1_57?crid=1ETD973V81N4Y&keywords=toilet&qid=1670362071&sprefix=toilet%2Caps%2C70&sr=8-57,https://m.media-amazon.com/images/I/710LldaobIL._AC_UL320_.jpg
"KOHLER 3814-0 Corbelle Comfort Height(R) elongated 1.28 gpf toilet with skirted trapway and Revolution 360 swirl flushing technology and left-hand trip lever (2 Piece), White",$485.21,https://www.amazon.com/3814-0-Elongated-Revolution-Technology-Left-Hand/dp/B077D7KSH6/ref=sr_1_58?crid=1ETD973V81N4Y&keywords=toilet&qid=1670362071&sprefix=toilet%2Caps%2C70&sr=8-58,https://m.media-amazon.com/images/I/61rmPejPSdL._AC_UL320_.jpg
"Bidet Attachment for Toilet,Bidet Toilet Seat Attachment with Non-Electric Dual Nozzle(Self Cleaning Feminine/Posterior Wash),Adjustable Water Pressure Bidet with Brass Inlet(Silver and White)",$20.39,https://www.amazon.com/Attachment-Non-Electric-Cleaning-Posterior-Adjustable/dp/B0BGPQRND9/ref=sr_1_59?crid=1ETD973V81N4Y&keywords=toilet&qid=1670362071&sprefix=toilet%2Caps%2C70&sr=8-59,https://m.media-amazon.com/images/I/61179F0aD2L._AC_UL320_.jpg
SUPERFLO Macerating Toilet System Silent & Powerful Upflush Toilet to Bathroom Sink &Tub with 600W Toilet Pump & AC Vent for Basement,$799.00,https://www.amazon.com/SUPERFLO-Macerating-Powerful-Bathroom-Basement/dp/B0BLC77Z4V/ref=sr_1_60?crid=1ETD973V81N4Y&keywords=toilet&qid=1670362071&sprefix=toilet%2Caps%2C70&sr=8-60,https://m.media-amazon.com/images/I/71bwEgQKbwL._AC_UL320_.jpg
