item_name,price,link_to_item,link_to_item_image
"TEMI Train Set with Steam Locomotive Engine, Cargo Car and Long Track for Toddlers 3-5, Rechargeable Battery Operated Play Train Toys with Smoke, Light & Sounds, Gift for Kids, Boys & Girls 4-7 Years",$49.99,https://www.amazon.com/gp/slredirect/picassoRedirect.html/ref=pa_sp_atf_aps_sr_pg1_1?ie=UTF8&adId=A0645765148MNDP9RKPGT&qualifier=1670361942&id=2425974235783798&widgetName=sp_atf&url=%2FTEMI-Electronic-Classic-Locomotive-Operated%2Fdp%2FB07P9HQGXP%2Fref%3Dsr_1_1_sspa%3Fcrid%3D1ETD973V81N4Y%26keywords%3Dtrain%26qid%3D1670361942%26sprefix%3Dtrain%252Caps%252C70%26sr%3D8-1-spons%26psc%3D1,https://m.media-amazon.com/images/I/814S7K4qtNL._AC_UL320_.jpg
"Hot Bee Train Set - Train Toy for Boys Girls w/ Smokes, Lights & Sound, Railway Kits w/ Steam Locomotive Engine, Cargo Cars & Tracks, Christmas Gifts for 3 4 5 6 7 8+ year old Kids",$55.99,https://www.amazon.com/gp/slredirect/picassoRedirect.html/ref=pa_sp_atf_aps_sr_pg1_1?ie=UTF8&adId=A08982333C6DE1C6TBA6N&qualifier=1670361942&id=2425974235783798&widgetName=sp_atf&url=%2FTrain-Set-Updated-Electric-Locomotive%2Fdp%2FB087TQC21Y%2Fref%3Dsr_1_2_sspa%3Fcrid%3D1ETD973V81N4Y%26keywords%3Dtrain%26qid%3D1670361942%26sprefix%3Dtrain%252Caps%252C70%26sr%3D8-2-spons%26psc%3D1%26smid%3DA27T6IAWJLGACN,https://m.media-amazon.com/images/I/71Q0OgJTHTL._AC_UL320_.jpg
"Lucky Doug Electric Christmas Train Set for Kids, Battery-Powered Train Toys with Sounds Include 4 Cars and 10 Tracks, Classic Toy Train Set for 3 4 5 6 Years Old Boys Girls",$39.99,https://www.amazon.com/gp/slredirect/picassoRedirect.html/ref=pa_sp_atf_aps_sr_pg1_1?ie=UTF8&adId=A08359941981UY1W6P2UV&qualifier=1670361942&id=2425974235783798&widgetName=sp_atf&url=%2FLucky-Doug-Electric-Christmas-Battery-Powered%2Fdp%2FB089GRK4PJ%2Fref%3Dsr_1_3_sspa%3Fcrid%3D1ETD973V81N4Y%26keywords%3Dtrain%26qid%3D1670361942%26sprefix%3Dtrain%252Caps%252C70%26sr%3D8-3-spons%26psc%3D1,https://m.media-amazon.com/images/I/71R3pNBgIJL._AC_UL320_.jpg
"Electric Trains w/ Steam Locomotive Engine, Cargo Car and Tracks, Train Set w/ Smoke, Sounds & Lights, Rechargeable Model Train Toys for Kids, Christmas Toys Kit for 3 4 5 6 7+ Years Old Boys Toddlers",$45.99,https://www.amazon.com/gp/slredirect/picassoRedirect.html/ref=pa_sp_atf_aps_sr_pg1_1?ie=UTF8&adId=A0635157O81F0I4HVDHS&qualifier=1670361942&id=2425974235783798&widgetName=sp_atf&url=%2FElectric-Locomotive-Rechargeable-Christmas-Toddlers%2Fdp%2FB0BBV5V42P%2Fref%3Dsr_1_4_sspa%3Fcrid%3D1ETD973V81N4Y%26keywords%3Dtrain%26qid%3D1670361942%26sprefix%3Dtrain%252Caps%252C70%26sr%3D8-4-spons%26psc%3D1,https://m.media-amazon.com/images/I/81fxISnukyL._AC_UL320_.jpg
"Hot Bee Train Set - Train Toy for Boys Girls w/ Smokes, Lights & Sound, Railway Kits w/ Steam Locomotive Engine, Cargo Cars & Tracks, Christmas Gifts for 3 4 5 6 7 8+ year old Kids",$55.99,https://www.amazon.com/Train-Set-Updated-Electric-Locomotive/dp/B087TQC21Y/ref=sr_1_5?crid=1ETD973V81N4Y&keywords=train&qid=1670361942&sprefix=train%2Caps%2C70&sr=8-5,https://m.media-amazon.com/images/I/71Q0OgJTHTL._AC_UL320_.jpg
Bullet Train,$5.99,https://www.amazon.com/Bullet-Train-Brad-Pitt/dp/B0B5NWC94P/ref=sr_1_6?crid=1ETD973V81N4Y&keywords=train&qid=1670361942&sprefix=train%2Caps%2C70&sr=8-6,https://m.media-amazon.com/images/I/91wqCk1w3cL._AC_UL320_.jpg
"JUQU Electric Train Set Toy-Classical Christmas Train Sets-Toddlers Train Toys-Battery-Powered Locomotive Engine with Sound and Lights, 3 Cars &10 Tracks,Kids Gift for Age 3 4 5 6 Years Old Boys Grils",$23.99,https://www.amazon.com/JUQU-Toy-Classical-Sets-Toddlers-Toys-Battery-Powered-Locomotive/dp/B0B779GWC5/ref=sr_1_7?crid=1ETD973V81N4Y&keywords=train&qid=1670361942&sprefix=train%2Caps%2C70&sr=8-7,https://m.media-amazon.com/images/I/81TJh1R-IqL._AC_UL320_.jpg
The Christmas Train,$7.99,https://www.amazon.com/Christmas-Train-Dermot-Mulroney/dp/B07JRB8P86/ref=sr_1_8?crid=1ETD973V81N4Y&keywords=train&qid=1670361942&sprefix=train%2Caps%2C70&sr=8-8,https://m.media-amazon.com/images/I/91NyoNlfSOL._AC_UL320_.jpg
"Hot Bee Model Train Set for Boys - Metal Alloy Electric Trains w/ Steam Locomotive,Oil Tank Train,Cargo Cars & Tracks,Train Toys w/ Smoke,Sounds & Lights,Christmas Toys for 3 4 5 6 7+ Years Old Kids",$62.99,https://www.amazon.com/Hot-Bee-Model-Train-Boys/dp/B096VK933H/ref=sr_1_9?crid=1ETD973V81N4Y&keywords=train&qid=1670361942&sprefix=train%2Caps%2C70&sr=8-9,https://m.media-amazon.com/images/I/61LcqyCY50L._AC_UL320_.jpg
"Planes, Trains and Automobiles",$2.99,https://www.amazon.com/Planes-Trains-Automobiles-Steve-Martin/dp/B009DW0ML8/ref=sr_1_10?crid=1ETD973V81N4Y&keywords=train&qid=1670361942&sprefix=train%2Caps%2C70&sr=8-10,https://m.media-amazon.com/images/I/81UUvVmiyfL._AC_UL320_.jpg
"OLAKIDS Kids Ride On Train with Track, 6V Electric Toy with Lights and Sounds, Retractable Footrest, Under Seat Storage, Christmas Theme Battery Powered Gift for Toddlers Boys Girls (Retro Style)",$105.99,https://www.amazon.com/Electric-Retractable-Footrest-Christmas-Toddlers/dp/B0BKG5FFCJ/ref=sr_1_11?crid=1ETD973V81N4Y&keywords=train&qid=1670361942&sprefix=train%2Caps%2C70&sr=8-11,https://m.media-amazon.com/images/I/71LMsC9o8BL._AC_UL320_.jpg
I Love Toy Trains - Ticket to Ride,$0.99,https://www.amazon.com/Love-Toy-Trains-Ticket-Ride/dp/B01BKZWJUM/ref=sr_1_12?crid=1ETD973V81N4Y&keywords=train&qid=1670361942&sprefix=train%2Caps%2C70&sr=8-12,https://m.media-amazon.com/images/I/81ATUMYlrjL._AC_UL320_.jpg
"WolVolk Beautiful 3D Lightning Electric Train Toy for Kids with Music, goes Around and Changes Directions on Contact",$21.96,https://www.amazon.com/gp/slredirect/picassoRedirect.html/ref=pa_sp_mtf_aps_sr_pg1_1?ie=UTF8&adId=A0605801OYBC97Q4R2J2&qualifier=1670361942&id=2425974235783798&widgetName=sp_mtf&url=%2FWolVol-Beautiful-Lightning-Electric-Directions%2Fdp%2FB01N0AJE0H%2Fref%3Dsr_1_13_sspa%3Fcrid%3D1ETD973V81N4Y%26keywords%3Dtrain%26qid%3D1670361942%26sprefix%3Dtrain%252Caps%252C70%26sr%3D8-13-spons%26psc%3D1,https://m.media-amazon.com/images/I/61B-F6-YlsL._AC_UL320_.jpg
Thomas & Friends Fisher-Price Biggest Friend Thomas Pull-Along Toy Train Engine with Storage for Preschool Kids Ages 2 Years and Older,$27.99,https://www.amazon.com/gp/slredirect/picassoRedirect.html/ref=pa_sp_mtf_aps_sr_pg1_1?ie=UTF8&adId=A04398322TB9T8RGLPUF4&qualifier=1670361942&id=2425974235783798&widgetName=sp_mtf&url=%2FThomas-Friends-Fisher-Price-Pull-Along-Preschool%2Fdp%2FB09NP4TMSZ%2Fref%3Dsr_1_14_sspa%3Fcrid%3D1ETD973V81N4Y%26keywords%3Dtrain%26qid%3D1670361942%26sprefix%3Dtrain%252Caps%252C70%26sr%3D8-14-spons%26psc%3D1,https://m.media-amazon.com/images/I/616qh3f7cnL._AC_UL320_.jpg
"Hot Bee Train Set for Boys - Remote Control Train Toys w/ Steam Locomotive, Cargo Cars & Tracks,Trains w/ Realistic Smoke,Sounds & Lights,Christmas Train Toys for 3 4 5 6 7+ Years Old Kids",$84.99,https://www.amazon.com/gp/slredirect/picassoRedirect.html/ref=pa_sp_mtf_aps_sr_pg1_1?ie=UTF8&adId=A05562861492N5EM00R0R&qualifier=1670361942&id=2425974235783798&widgetName=sp_mtf&url=%2FHot-Bee-Train-Set-Boys%2Fdp%2FB0B71P8P3H%2Fref%3Dsr_1_15_sspa%3Fcrid%3D1ETD973V81N4Y%26keywords%3Dtrain%26qid%3D1670361942%26sprefix%3Dtrain%252Caps%252C70%26sr%3D8-15-spons%26psc%3D1,https://m.media-amazon.com/images/I/71uXZTs7Z8L._AC_UL320_.jpg
"Baby Home Metal Alloy Train Set w/ Steam Locomotive Engine, Cargo Car and Tracks, Electric Train Toy for Boys Girls w/ Smokes,Light & Sounds,Gifts for 3 4 5 6 7 8+ Year Old Kids",$49.99,https://www.amazon.com/gp/slredirect/picassoRedirect.html/ref=pa_sp_mtf_aps_sr_pg1_1?ie=UTF8&adId=A01368042HISXTB4LUYQ7&qualifier=1670361942&id=2425974235783798&widgetName=sp_mtf&url=%2FChildren-Locomotive-Engine-Freight-Suitable%2Fdp%2FB08HD8WJL1%2Fref%3Dsr_1_16_sspa%3Fcrid%3D1ETD973V81N4Y%26keywords%3Dtrain%26qid%3D1670361942%26sprefix%3Dtrain%252Caps%252C70%26sr%3D8-16-spons%26psc%3D1,https://m.media-amazon.com/images/I/81nMHTgx1gL._AC_UL320_.jpg
"Electric Christmas Train Toy with Steam Engine for Kids 3 4 5 6 7+ Years Old, Model Train Set w/ Smoke, Light and Sounds for Boys & Girls, Train Cargo Car Tracks Play Set, Xmas Gift for Kids",$39.99,https://www.amazon.com/gp/slredirect/picassoRedirect.html/ref=pa_sp_mtf_aps_sr_pg1_1?ie=UTF8&adId=A08506901QHWOIBSYCY3J&qualifier=1670361942&id=2425974235783798&widgetName=sp_mtf&url=%2FElectric-Christmas-Engine-Sounds-Tracks%2Fdp%2FB0BBTM7XWL%2Fref%3Dsr_1_17_sspa%3Fcrid%3D1ETD973V81N4Y%26keywords%3Dtrain%26qid%3D1670361942%26sprefix%3Dtrain%252Caps%252C70%26sr%3D8-17-spons%26psc%3D1,https://m.media-amazon.com/images/I/81I+G8I4gYL._AC_UL320_.jpg
I Don't Always Stop Look At Trains - Model Train Sweatshirt,$31.99,https://www.amazon.com/gp/slredirect/picassoRedirect.html/ref=pa_sp_mtf_aps_sr_pg1_1?ie=UTF8&adId=A068125328KKZX21A8BRZ&qualifier=1670361942&id=2425974235783798&widgetName=sp_mtf&url=%2FDont-Always-Stop-Look-Trains%2Fdp%2FB08L22HD8B%2Fref%3Dsr_1_18_sspa%3Fcrid%3D1ETD973V81N4Y%26keywords%3Dtrain%26qid%3D1670361942%26sprefix%3Dtrain%252Caps%252C70%26sr%3D8-18-spons%26psc%3D1,https://m.media-amazon.com/images/I/71iZeI7xLaL._AC_UL320_.jpg
"Thomas & Friends Wooden Railway Hiro Engine and Coal Car, Push-Along Train Made from sustainably sourced Wood for Kids 2 Years and up",$21.99,https://www.amazon.com/gp/slredirect/picassoRedirect.html/ref=pa_sp_mtf_aps_sr_pg1_1?ie=UTF8&adId=A07797071R89Q47DI8WOX&qualifier=1670361942&id=2425974235783798&widgetName=sp_mtf&url=%2FThomas-Friends-Railway-Push-Along-sustainably%2Fdp%2FB09C11XSY6%2Fref%3Dsr_1_19_sspa%3Fcrid%3D1ETD973V81N4Y%26keywords%3Dtrain%26qid%3D1670361942%26sprefix%3Dtrain%252Caps%252C70%26sr%3D8-19-spons%26psc%3D1,https://m.media-amazon.com/images/I/714BMVo02JL._AC_UL320_.jpg
"TEMI Toddler Toys for 3 4 5 6 Years Old Boys, Die-cast Construction Toys Car Carrier Vehicle Toy Set w/ Play Mat, Kids Toys Truck Alloy Metal Car Toys Set for Age 3-9 Toddlers Kids Boys & Girls",$39.99,https://www.amazon.com/gp/slredirect/picassoRedirect.html/ref=pa_sp_mtf_aps_sr_pg1_1?ie=UTF8&adId=A03020063V778WFQBNB3T&qualifier=1670361942&id=2425974235783798&widgetName=sp_mtf&url=%2FTEMI-Toddler-Die-cast-Construction-Toddlers%2Fdp%2FB09DY34ZX3%2Fref%3Dsr_1_20_sspa%3Fcrid%3D1ETD973V81N4Y%26keywords%3Dtrain%26qid%3D1670361942%26sprefix%3Dtrain%252Caps%252C70%26sr%3D8-20-spons%26psc%3D1,https://m.media-amazon.com/images/I/81mzApc3+BL._AC_UL320_.jpg
Train,$3.99,https://www.amazon.com/Train-Burt-Lancaster/dp/B001EZ0RQ2/ref=sr_1_21?crid=1ETD973V81N4Y&keywords=train&qid=1670361942&sprefix=train%2Caps%2C70&sr=8-21,https://m.media-amazon.com/images/I/714zqjad5SL._AC_UL320_.jpg
"Little Tikes Tumble Train, Toy Train Set with Lights and Sound, Adjustable Train Tracks That Get Kids Moving- Gifts for Kids, Toys for Toddlers and Boys Girls Ages 3 4 5+ Year Old,Multi-Color",$31.88,https://www.amazon.com/Little-Tikes-Tumble-Lights-Adjustable/dp/B08VZW1TKG/ref=sr_1_22?crid=1ETD973V81N4Y&keywords=train&qid=1670361942&sprefix=train%2Caps%2C70&sr=8-22,https://m.media-amazon.com/images/I/81beUSo7JWS._AC_UL320_.jpg
"OCHIDO Train Set - Christmas Train Sets for Under The Tree, Electric Train Toy Gift for Boys Girls , with Railway Kits,Cargo Cars & Tracks,Light,Smokes & Sound ,for 3 4 5 6 7 8+ Year Old Kids",$49.99,https://www.amazon.com/OCHIDO-Train-Set-Christmas-Electric/dp/B0B8C6JWQ1/ref=sr_1_23?crid=1ETD973V81N4Y&keywords=train&qid=1670361942&sprefix=train%2Caps%2C70&sr=8-23,https://m.media-amazon.com/images/I/71daGbIK0fL._AC_UL320_.jpg
"Lucky Doug Electric Christmas Train Set for Kids, Battery-Powered Train Toys with Sounds Include 4 Cars and 10 Tracks, Classic Toy Train Set for 3 4 5 6 Years Old Boys Girls",$39.99,https://www.amazon.com/Lucky-Doug-Electric-Christmas-Battery-Powered/dp/B089GRK4PJ/ref=sr_1_24?crid=1ETD973V81N4Y&keywords=train&qid=1670361942&sprefix=train%2Caps%2C70&sr=8-24,https://m.media-amazon.com/images/I/71R3pNBgIJL._AC_UL320_.jpg
Bubble Blowing Toy Train with Lights and Sounds by ArtCreativity - Includes 5oz Bubble Solution and Plastic Funnel - Moving Bump and Go Steam Locomotive for Kids for Boys and Girls,$24.97,https://www.amazon.com/Blowing-ArtCreativity-Solution-Plastic-Locomotive/dp/B07C8L74FX/ref=sr_1_26?crid=1ETD973V81N4Y&keywords=train&qid=1670361942&sprefix=train%2Caps%2C70&sr=8-26,https://m.media-amazon.com/images/I/81lwjRKlYRL._AC_UL320_.jpg
Bob The Train - Non Stop,$0.99,https://www.amazon.com/Bob-Train-Stop-USP-Studios/dp/B07GZF9F1R/ref=sr_1_27?crid=1ETD973V81N4Y&keywords=train&qid=1670361942&sprefix=train%2Caps%2C70&sr=8-27,https://m.media-amazon.com/images/I/71P-Mef6w5L._AC_UL320_.jpg
"Cat Construction Little Machines Power Tracks Battery Operated Train Set, Engine with working headlight, 3 Rail Cars, Working Crane, 2 Magnetic Cargo Containers, and 2 Cat Construction Trucks for Kids",$24.99,https://www.amazon.com/CatToysOfficial-82949-Little-Machines-Tracks/dp/B08PL56VB8/ref=sr_1_28?crid=1ETD973V81N4Y&keywords=train&qid=1670361942&sprefix=train%2Caps%2C70&sr=8-28,https://m.media-amazon.com/images/I/61bYfLGxQkL._AC_UL320_.jpg
I Love Toy Trains - All Aboard,$0.99,https://www.amazon.com/Love-Toy-Trains-All-Aboard/dp/B01BKZW0VK/ref=sr_1_29?crid=1ETD973V81N4Y&keywords=train&qid=1670361942&sprefix=train%2Caps%2C70&sr=8-29,https://m.media-amazon.com/images/I/81quW4ppq9L._AC_UL320_.jpg
"AMOR PRESENT Christmas Wooden Train Ornament, Wooden Mini Train Decoration for Girls Boys Kids Gift Toys for Christmas Party Favor Home Kindergarden Decor",$6.99,https://www.amazon.com/AMOR-PRESENT-Christmas-Decoration-Kindergarden/dp/B0983LXRN6/ref=sr_1_30?crid=1ETD973V81N4Y&keywords=train&qid=1670361942&sprefix=train%2Caps%2C70&sr=8-30,https://m.media-amazon.com/images/I/71I5SA4VIiL._AC_UL320_.jpg
The Busy Little Engine,$1.99,https://www.amazon.com/Busy-Little-Engine-Desmond-Mullen/dp/B000RWAVEQ/ref=sr_1_31?crid=1ETD973V81N4Y&keywords=train&qid=1670361942&sprefix=train%2Caps%2C70&sr=8-31,https://m.media-amazon.com/images/I/81BuwhBwmlL._AC_UL320_.jpg
"iHaHa Electric Train Set for Kids, Battery-Powered Train Toys Include Locomotive Engine, 3 Cars and 10 Tracks, Classic Toy Train Set Halloween Birthday for 3 4 5 6 Years Old Boys Girls",$32.99,https://www.amazon.com/iHaHa-Christmas-Battery-Powered-Include-Locomotive/dp/B089GRPXM5/ref=sr_1_32?crid=1ETD973V81N4Y&keywords=train&qid=1670361942&sprefix=train%2Caps%2C70&sr=8-32,https://m.media-amazon.com/images/I/71TTBrc38OL._AC_UL320_.jpg
Thomas & Friends Percy & Brake Car Bruno Motorized Battery-Powered Toy Train Set for Preschool Kids Ages 3 Years and up,$14.99,https://www.amazon.com/Thomas-Friends-Fisher-Price-Motorized-Battery-Powered/dp/B09P9YCS17/ref=sr_1_33?crid=1ETD973V81N4Y&keywords=train&qid=1670361942&sprefix=train%2Caps%2C70&sr=8-33,https://m.media-amazon.com/images/I/61xgo+ZPWxL._AC_UL320_.jpg
Battat – Wooden Passenger Trains – Classic & Compatible Wooden Toy Train Car Accessories for Kids & Collectors Aged 3 Years Old & Up - Compatible with Thomas Train - (6 Piece Set),$12.99,https://www.amazon.com/Battat-Passenger-Compatible-Accessories-Collectors/dp/B07V3RNL17/ref=sr_1_35?crid=1ETD973V81N4Y&keywords=train&qid=1670361942&sprefix=train%2Caps%2C70&sr=8-35,https://m.media-amazon.com/images/I/81zXIqHZSWS._AC_UL320_.jpg
"72PCS Wooden Train Tracks & Trains, Gift Packed Toy Railway Kits for Kids, Toddler Boys and Girls 3,4,5 Years Old and Up– Premium Wood Construction Toys-Fits Thomas, Brio, IKEA, Melissa",$42.99,https://www.amazon.com/Railway-Toddler-Premium-Construction-Toys-Fits/dp/B0B28BRHQ6/ref=sr_1_36?crid=1ETD973V81N4Y&keywords=train&qid=1670361942&sprefix=train%2Caps%2C70&sr=8-36,https://m.media-amazon.com/images/I/61lY-LTDkfL._AC_UL320_.jpg
Lots & Lots of Really Big Trains - Giants on the Rails,$1.99,https://www.amazon.com/Lots-Really-Big-Trains-Giants/dp/B077378C71/ref=sr_1_37?crid=1ETD973V81N4Y&keywords=train&qid=1670361942&sprefix=train%2Caps%2C70&sr=8-37,https://m.media-amazon.com/images/I/91E7wO+L5OL._AC_UL320_.jpg
MasterPieces Wood Train Sets - The Polar Express 3 Piece Train Set - Officially Licensed Toddler & Kids Toy,$24.99,https://www.amazon.com/MasterPieces-Polar-Express-Real-Train/dp/B07Z4C7DB9/ref=sr_1_38?crid=1ETD973V81N4Y&keywords=train&qid=1670361942&sprefix=train%2Caps%2C70&sr=8-38,https://m.media-amazon.com/images/I/611795DIAmS._AC_UL320_.jpg
"TEMI Train Set with Steam Locomotive Engine, Cargo Car and Long Track for Toddlers 3-5, Rechargeable Battery Operated Play Train Toys with Smoke, Light & Sounds, Gift for Kids, Boys & Girls 4-7 Years",$49.99,https://www.amazon.com/TEMI-Electronic-Classic-Locomotive-Operated/dp/B07P9HQGXP/ref=sr_1_39?crid=1ETD973V81N4Y&keywords=train&qid=1670361942&sprefix=train%2Caps%2C70&sr=8-39,https://m.media-amazon.com/images/I/814S7K4qtNL._AC_UL320_.jpg
Melissa & Doug Wooden Farm Train Set - Classic Wooden Toy (3 linking cars),$14.99,https://www.amazon.com/Melissa-Doug-Wooden-Commerce-Packaging/dp/B07VCLZJY4/ref=sr_1_40?crid=1ETD973V81N4Y&keywords=train&qid=1670361942&sprefix=train%2Caps%2C70&sr=8-40,https://m.media-amazon.com/images/I/618w1slcZdL._AC_UL320_.jpg
"BRICK STORY City Cargo Train Building Set, BNSF Freight Trains Model, Steam Locomotive Train Building Blocks Toys, Gift Trains for Boys Kids Aged 8-14, 635 Pieces",$58.99,https://www.amazon.com/BRICK-STORY-Building-Freight-Locomotive/dp/B0BHNP5KJG/ref=sr_1_42?crid=1ETD973V81N4Y&keywords=train&qid=1670361942&sprefix=train%2Caps%2C70&sr=8-42,https://m.media-amazon.com/images/I/71qNSeCeQRL._AC_UL320_.jpg
Thomas & Friends Classic,$0.99,https://www.amazon.com/Henry-Elephant-Paint-Pots-Queens/dp/B01FYLYZSW/ref=sr_1_44?crid=1ETD973V81N4Y&keywords=train&qid=1670361942&sprefix=train%2Caps%2C70&sr=8-44,https://m.media-amazon.com/images/I/71eDQxYz2QL._AC_UL320_.jpg
Learn Numbers with Max the Glow Train and Bill the Monster Truck,$0.99,https://www.amazon.com/Learn-Numbers-Train-Monster-Truck/dp/B01GOPP8EW/ref=sr_1_45?crid=1ETD973V81N4Y&keywords=train&qid=1670361942&sprefix=train%2Caps%2C70&sr=8-45,https://m.media-amazon.com/images/I/81fsafWwJgL._AC_UL320_.jpg
"SainSmart Jr. Wooden Train Set for Toddler with Double-Side Train Tracks Fits Brio, Thomas, Melissa and Doug, Kids Wood Toy Train for 3,4,5 Year old Boys and Girls",$27.99,https://www.amazon.com/SainSmart-Jr-Double-Side-Magnetic-Toddlers/dp/B07GBRTW48/ref=sr_1_46_mod_primary_new?crid=1ETD973V81N4Y&keywords=train&qid=1670361942&sbo=RZvfv%2F%2FHxDF%2BO5021pAnSA%3D%3D&sprefix=train%2Caps%2C70&sr=8-46,https://m.media-amazon.com/images/I/61+wgGX+GzL._AC_UL320_.jpg
"Fisher-Price Thomas and Friends Thomas Push-Along Toy Train for Toddlers and Preschool Kids, Wooden Railway Thomas​",$9.99,https://www.amazon.com/Thomas-Friends-Push-Along-sustainably-Preschool/dp/B08V6VYHJX/ref=sr_1_48?crid=1ETD973V81N4Y&keywords=train&qid=1670361942&sprefix=train%2Caps%2C70&sr=8-48,https://m.media-amazon.com/images/I/71XDtsadYNL._AC_UL320_.jpg
"Christmas Train Set, Train Toy Set Track Elevated with Locomotive Santa Claus Snowman Xmas Tree Cargo Car Light Controllable Sound, Easy Assemble Electric Train Set for Kids Boys Girls",$32.99,https://www.amazon.com/Christmas-Elevated-Locomotive-Controllable-Assemble/dp/B0B5CW7CWH/ref=sr_1_50?crid=1ETD973V81N4Y&keywords=train&qid=1670361942&sprefix=train%2Caps%2C70&sr=8-50,https://m.media-amazon.com/images/I/71t5BCCkguL._AC_UL320_.jpg
Big Big Train - Summer Shall Not Fade,$46.99,https://www.amazon.com/Big-Train-Summer-Shall-Fade/dp/B0B576XF67/ref=sr_1_51?crid=1ETD973V81N4Y&keywords=train&qid=1670361942&sprefix=train%2Caps%2C70&sr=8-51,https://m.media-amazon.com/images/I/61BtXBxS96L._AC_UL320_.jpg
"Electric Train Sets for Boys Girls Metal Alloy Christmas Trains Toys Steam Locomotive, Passenger Carriages, Tracks, Light & Sounds Rechargeable Birthday Gifts for Kids 3 4 5 6 7 8 + Years Old Green",$59.99,https://www.amazon.com/Electric-Christmas-Locomotive-Passenger-Carriages/dp/B0B1J8VN4X/ref=sr_1_52?crid=1ETD973V81N4Y&keywords=train&qid=1670361942&sprefix=train%2Caps%2C70&sr=8-52,https://m.media-amazon.com/images/I/81DuK6UKGvL._AC_UL320_.jpg
Amazing Trains,$0.99,https://www.amazon.com/Amazing-Trains-Evan-Tramel/dp/B0794LVFPZ/ref=sr_1_53?crid=1ETD973V81N4Y&keywords=train&qid=1670361942&sprefix=train%2Caps%2C70&sr=8-53,https://m.media-amazon.com/images/I/71Swi9IkBJL._AC_UL320_.jpg
"WolVolk Beautiful 3D Lightning Electric Train Toy for Kids with Music, goes Around and Changes Directions on Contact",$21.96,https://www.amazon.com/WolVol-Beautiful-Lightning-Electric-Directions/dp/B01N0AJE0H/ref=sr_1_54?crid=1ETD973V81N4Y&keywords=train&qid=1670361942&sprefix=train%2Caps%2C70&sr=8-54,https://m.media-amazon.com/images/I/61B-F6-YlsL._AC_UL320_.jpg
"Qilay 69 PCS Wooden Train Set -Premium Wood Train Tracks & Trains Toys for Toddlers 3,4,5 Years Old, Expandable Train Toys Railway Kits for Girls Boys, Fit All Major Bands Train Tracks Set",$52.99,https://www.amazon.com/Qilay-Toddlers-Friendly-Building-Construction/dp/B08SGV2BHJ/ref=sr_1_56?crid=1ETD973V81N4Y&keywords=train&qid=1670361942&sprefix=train%2Caps%2C70&sr=8-56,https://m.media-amazon.com/images/I/71CyImtoKSL._AC_UL320_.jpg
"FANL Train Set Toy with Remote - Upgraded Large Size Electric Train Toy Set with Dinosaurs, Battery-Powered Steam Locomotive Engine, Cargo Cars & Tracks, Gift Toys for Age 3 4 5 6 7 8+ Kids, Assorted",$39.16,https://www.amazon.com/Train-Set-Toy-Remote-Battery-Powered/dp/B08KXL8861/ref=sr_1_57?crid=1ETD973V81N4Y&keywords=train&qid=1670361942&sprefix=train%2Caps%2C70&sr=8-57,https://m.media-amazon.com/images/I/81oM4lXxpeL._AC_UL320_.jpg
Trains,$3.75,https://www.amazon.com/Trains/dp/B005ZWC0WY/ref=sr_1_58?crid=1ETD973V81N4Y&keywords=train&qid=1670361942&sprefix=train%2Caps%2C70&sr=8-58,https://m.media-amazon.com/images/I/71j+Y58a7AL._AC_UL320_.jpg
"Thomas & Friends Talking Thomas, Battery Powered Motorized Toy Train with Character Sounds and Phrases for Preschool Kids 3 Years and up",$20.94,https://www.amazon.com/Thomas-Friends-Motorized-Character-Preschool/dp/B09C11HQJR/ref=sr_1_59?crid=1ETD973V81N4Y&keywords=train&qid=1670361942&sprefix=train%2Caps%2C70&sr=8-59,https://m.media-amazon.com/images/I/61ZgJEB5klL._AC_UL320_.jpg
Dinosaur Train Season 1,$1.99,https://www.amazon.com/Elmer-Elasmosaurus/dp/B004D1VQU0/ref=sr_1_60?crid=1ETD973V81N4Y&keywords=train&qid=1670361942&sprefix=train%2Caps%2C70&sr=8-60,https://m.media-amazon.com/images/I/61c+s16fJaL._AC_UL320_.jpg
