item_name,price,link_to_item,link_to_item_image
"Fisca RC Truck Remote Control Bus, 6 CH 2.4G Car Electronic Vehicles Opening Doors and Acceleration Function Toys for Kids with Sound and Light (Red)",$49.99,https://www.amazon.com/gp/slredirect/picassoRedirect.html/ref=pa_sp_atf_aps_sr_pg1_1?ie=UTF8&adId=A0417077MLUK9Z6VNL7T&qualifier=1670361940&id=5898016404240386&widgetName=sp_atf&url=%2Ffisca-Electronic-Vehicles-Acceleration-Function%2Fdp%2FB01MSNA0WO%2Fref%3Dsr_1_1_sspa%3Fcrid%3D1ETD973V81N4Y%26keywords%3Dbus%26qid%3D1670361940%26sprefix%3Dbus%252Caps%252C70%26sr%3D8-1-spons%26psc%3D1,https://m.media-amazon.com/images/I/71KcmGEr1ML._AC_UL320_.jpg
Fisca RC School Bus Remote Control Car Vehicles 6 Ch 2.4G Opening Doors Acceleration & Deceleration Toys with Simulated Sounds and LED Lights Rechargeable Electronic Hobby Truck for Kids,$49.99,https://www.amazon.com/gp/slredirect/picassoRedirect.html/ref=pa_sp_atf_aps_sr_pg1_1?ie=UTF8&adId=A041747334D2CSOQDPN08&qualifier=1670361940&id=5898016404240386&widgetName=sp_atf&url=%2Ffisca-Acceleration-Deceleration-Rechargeable-Electronic%2Fdp%2FB071D19B9F%2Fref%3Dsr_1_2_sspa%3Fcrid%3D1ETD973V81N4Y%26keywords%3Dbus%26qid%3D1670361940%26sprefix%3Dbus%252Caps%252C70%26sr%3D8-2-spons%26psc%3D1,https://m.media-amazon.com/images/I/61eMbxbhYwL._AC_UL320_.jpg
"CoComelon Official Musical Yellow School Bus, Plays Clips from ‘Wheels on The Bus,’ Featuring Removable JJ Figure – Character Toys for Babies, Toddlers, and Kids",$14.59,https://www.amazon.com/Cocomelon-Musical-Yellow-Featuring-Removable/dp/B0855MZXV7/ref=sr_1_3?crid=1ETD973V81N4Y&keywords=bus&qid=1670361940&sprefix=bus%2Caps%2C70&sr=8-3,https://m.media-amazon.com/images/I/81X4J5c7+FL._AC_UL320_.jpg
"Walthers SceneMaster International, Yellow International CE School Bus",$15.98,https://www.amazon.com/Walthers-SceneMaster-International-School-Bus/dp/B007KO8TN4/ref=sr_1_5?crid=1ETD973V81N4Y&keywords=bus&qid=1670361940&sprefix=bus%2Caps%2C70&sr=8-5,https://m.media-amazon.com/images/I/61vmJPjtTnL._AC_UL320_.jpg
"School Bus Toy for Toddlers, 8.5 inch Die Cast Pull Back Cars Yellow Bus Play Vehicles with Pull Back Mechanism and Open Doors",$14.99,https://www.amazon.com/Think-Wing-Toddlers-Vehicles-Mechanism/dp/B07W649323/ref=sr_1_6?crid=1ETD973V81N4Y&keywords=bus&qid=1670361940&sprefix=bus%2Caps%2C70&sr=8-6,https://m.media-amazon.com/images/I/71rH9JqGt3L._AC_UL320_.jpg
"9"" Pull Back School Bus,Light Up & Sounds Die-cast Metal Toy Vehicles with Bright Yellow and Openable Doors",$22.98,https://www.amazon.com/School-Die-cast-Toy-Vehicles-Openable/dp/B078J9FTGC/ref=sr_1_7?crid=1ETD973V81N4Y&keywords=bus&qid=1670361940&sprefix=bus%2Caps%2C70&sr=8-7,https://m.media-amazon.com/images/I/61dxf8owV+L._AC_UL320_.jpg
"🚌 KiNSFUN 5"" Monster School Bus Die Cast Metal Model Toy Car w/ Pullback Action",$8.20,https://www.amazon.com/Monster-School-Bus-Pull-Back-Toy/dp/B004DLWTR4/ref=sr_1_8?crid=1ETD973V81N4Y&keywords=bus&qid=1670361940&sprefix=bus%2Caps%2C70&sr=8-8,https://m.media-amazon.com/images/I/710aCLd80wL._AC_UL320_.jpg
"Fisher-Price Little People Toddler School Bus Push Toy with Lights Sounds and Smart Stages Learning Content, 4 Toy Figures​",$29.99,https://www.amazon.com/Fisher-Price-Little-People-Yellow-Multicolor/dp/B083W22G83/ref=sr_1_9?crid=1ETD973V81N4Y&keywords=bus&qid=1670361940&sprefix=bus%2Caps%2C70&sr=8-9,https://m.media-amazon.com/images/I/71m0R3CzVAL._AC_UL320_.jpg
"Daron MTA New York City Bus 16"" Articulated Bus RT8571 Toy, Blue , Brown",$37.14,https://www.amazon.com/Daron-York-Articulated-RT8571-Brown/dp/B07KS2F3G1/ref=sr_1_10?crid=1ETD973V81N4Y&keywords=bus&qid=1670361940&sprefix=bus%2Caps%2C70&sr=8-10,https://m.media-amazon.com/images/I/81Su1aJsQ-L._AC_UL320_.jpg
"Geyiie School Bus Toys, Bus Toys with Sounds and Lights, Push Pull Toy Transforming Cars, Steering Wheel Driving Toys for Preschool, Pretend Play car Toys Party Gifts for Toddler Boys 3-5",$35.90,https://www.amazon.com/Geyiie-Toy-Transforming-Transport-Vehicles-Educational/dp/B09Q7VXDY1/ref=sr_1_11?crid=1ETD973V81N4Y&keywords=bus&qid=1670361940&sprefix=bus%2Caps%2C70&sr=8-11,https://m.media-amazon.com/images/I/81gi+pbdAeL._AC_UL320_.jpg
The Bus,$1.99,https://www.amazon.com/Bus-Damon-Ristau/dp/B07NPZBZDD/ref=sr_1_12?crid=1ETD973V81N4Y&keywords=bus&qid=1670361940&sprefix=bus%2Caps%2C70&sr=8-12,https://m.media-amazon.com/images/I/71wHblqQc7L._AC_UL320_.jpg
Daron MTA 11 inch Single Bus in New Blue Livery Friction Rolling,$30.24,https://www.amazon.com/Daron-Single-Livery-Friction-Rolling/dp/B083F3P57S/ref=sr_1_13?crid=1ETD973V81N4Y&keywords=bus&qid=1670361940&sprefix=bus%2Caps%2C70&sr=8-13,https://m.media-amazon.com/images/I/81TJM7oblTL._AC_UL320_.jpg
"Crelloci City Bus Toy for Kids, Die Cast Alloy Pull Back Vehicles, Metro Articulated Electric Bus with Sounds and Lights, Model Cars Toys Educational Gift for Kids Boys Girls Ages 3+",$24.99,https://www.amazon.com/Crelloci-Vehicles-Articulated-Electric-Educational/dp/B09VB94TNB/ref=sr_1_14?crid=1ETD973V81N4Y&keywords=bus&qid=1670361940&sprefix=bus%2Caps%2C70&sr=8-14,https://m.media-amazon.com/images/I/61eKas5cPPL._AC_UL320_.jpg
"DUNRIOG TOYS 2 Pack 5.5'' Pull Back School Bus, Die-cast Metal Toy Vehicles with Bright Yellow for Kids Boys Girls",$12.99,https://www.amazon.com/DUNRIOG-TOYS-School-Die-cast-Vehicles/dp/B09PKKRF32/ref=sr_1_15?crid=1ETD973V81N4Y&keywords=bus&qid=1670361940&sprefix=bus%2Caps%2C70&sr=8-15,https://m.media-amazon.com/images/I/71Noo3HvmGL._AC_UL320_.jpg
CORPER TOYS School Bus Toy Die Cast Vehicles Yellow Large Alloy Pull Back 9'' Play Bus with Sounds and Lights for Kids,$24.69,https://www.amazon.com/CORPER-TOYS-School-Vehicles-Yellow/dp/B07J63CBMQ/ref=sr_1_16?crid=1ETD973V81N4Y&keywords=bus&qid=1670361940&sprefix=bus%2Caps%2C70&sr=8-16,https://m.media-amazon.com/images/I/612Od7KDoHL._AC_UL320_.jpg
"Bluey Bus + Mates, 2.5-3 inch Figures | Amazon Exclusive",$39.99,https://www.amazon.com/gp/slredirect/picassoRedirect.html/ref=pa_sp_mtf_aps_sr_pg1_1?ie=UTF8&adId=A08529661XDRVBU4YAC2U&qualifier=1670361940&id=5898016404240386&widgetName=sp_mtf&url=%2FBluey-Brisbane-Adventure-Figures-Exclusive%2Fdp%2FB09Q4GKFJK%2Fref%3Dsr_1_17_sspa%3Fcrid%3D1ETD973V81N4Y%26keywords%3Dbus%26qid%3D1670361940%26sprefix%3Dbus%252Caps%252C70%26sr%3D8-17-spons%26psc%3D1,https://m.media-amazon.com/images/I/71en3famKbL._AC_UL320_.jpg
Just A Boy Who Loves Buses Birthday Yellow School Bus Lover T-Shirt,$18.95,https://www.amazon.com/gp/slredirect/picassoRedirect.html/ref=pa_sp_mtf_aps_sr_pg1_1?ie=UTF8&adId=A06714373JZ45R7XTJB2X&qualifier=1670361940&id=5898016404240386&widgetName=sp_mtf&url=%2FBuses-Birthday-Yellow-School-T-Shirt%2Fdp%2FB09QZ55CSR%2Fref%3Dsr_1_18_sspa%3Fcrid%3D1ETD973V81N4Y%26keywords%3Dbus%26qid%3D1670361940%26sprefix%3Dbus%252Caps%252C70%26sr%3D8-18-spons%26psc%3D1,https://m.media-amazon.com/images/I/61RLDvfE5IL._AC_UL320_.jpg
CORPER TOYS Bus Toys Die Cast Metal Toy Cars Pull Back School Bus Double Decker London Vehicles Friction Powered City Sightseeing Tour Bus Play Vehicle Toy Set for Kids 4 Pack,$25.99,https://www.amazon.com/gp/slredirect/picassoRedirect.html/ref=pa_sp_mtf_aps_sr_pg1_1?ie=UTF8&adId=A1035774YR0JZTMBAOQQ&qualifier=1670361940&id=5898016404240386&widgetName=sp_mtf&url=%2FCORPER-TOYS-Vehicles-Friction-Sightseeing%2Fdp%2FB091T3NTT3%2Fref%3Dsr_1_19_sspa%3Fcrid%3D1ETD973V81N4Y%26keywords%3Dbus%26qid%3D1670361940%26sprefix%3Dbus%252Caps%252C70%26sr%3D8-19-spons%26psc%3D1,https://m.media-amazon.com/images/I/81p4bhLZHBS._AC_UL320_.jpg
The Little Bus Tayo Friends Toy car - Rogi,$18.13,https://www.amazon.com/gp/slredirect/picassoRedirect.html/ref=pa_sp_mtf_aps_sr_pg1_1?ie=UTF8&adId=A08412072CSZBUN7LT070&qualifier=1670361940&id=5898016404240386&widgetName=sp_mtf&url=%2FLittle-Korean-Animation-Toy-South%2Fdp%2FB00APTT9SU%2Fref%3Dsr_1_20_sspa%3Fcrid%3D1ETD973V81N4Y%26keywords%3Dbus%26qid%3D1670361940%26sprefix%3Dbus%252Caps%252C70%26sr%3D8-20-spons%26psc%3D1%26smid%3DA1QDQLAL20ONOW,https://m.media-amazon.com/images/I/61YGYuzSF9L._AC_UL320_.jpg
Bus Toys Pull Back School Bus Double Decker London Vehicles City Sightseeing Tour Bus Die Cast Metal Toy Cars Friction Powered Play Vehicle Toy Set for Kids 4 Pack,$32.99,https://www.amazon.com/OTONOPI-Vehicles-Sightseeing-Friction-Powered/dp/B0993TYG73/ref=sr_1_21?crid=1ETD973V81N4Y&keywords=bus&qid=1670361940&sprefix=bus%2Caps%2C70&sr=8-21,https://m.media-amazon.com/images/I/71Nv8lbroLL._AC_UL320_.jpg
Playmobil School Bus 2022 Version,$32.73,https://www.amazon.com/Playmobil-71094-School-Bus/dp/B09P4CTNJH/ref=sr_1_22?crid=1ETD973V81N4Y&keywords=bus&qid=1670361940&sprefix=bus%2Caps%2C70&sr=8-22,https://m.media-amazon.com/images/I/819USoNHwyL._AC_UL320_.jpg
"Crelloci School Bus Toys for Toddlers, 9'' Pull Back Yellow Toy Bus Diecast Cars with Sounds, Lights and Open Doors, Birthday for Boys, Girls, Kids",$24.69,https://www.amazon.com/Crelloci-School-Toddlers-Diecast-Birthday/dp/B0B42LWKQW/ref=sr_1_24?crid=1ETD973V81N4Y&keywords=bus&qid=1670361940&sprefix=bus%2Caps%2C70&sr=8-24,https://m.media-amazon.com/images/I/61oT2NtGOOL._AC_UL320_.jpg
ArtCreativity Diecast Yellow School Bus Toy for Kids - 8.5 Inch Pull Back Car with Cool Opening Doors and Rubber Tires - Durable Diecast Metal - Best Birthday for Boys and Girls,$11.87,https://www.amazon.com/ArtCreativity-Cast-Yellow-School-Kids/dp/B07P12ZCWX/ref=sr_1_25?crid=1ETD973V81N4Y&keywords=bus&qid=1670361940&sprefix=bus%2Caps%2C70&sr=8-25,https://m.media-amazon.com/images/I/71DVGqrC44L._AC_UL320_.jpg
"School Bus Toy for Toddlers - 9"" Die-cast Pull Back Cars with Sounds Lights and Openable Doors , School Bus Toys for Kids Ages 4-8",$24.99,https://www.amazon.com/School-Bus-Toy-Toddlers-Die-cast/dp/B09TNJNHFH/ref=sr_1_26?crid=1ETD973V81N4Y&keywords=bus&qid=1670361940&sprefix=bus%2Caps%2C70&sr=8-26,https://m.media-amazon.com/images/I/51x2-1adAOL._AC_UL320_.jpg
Melissa & Doug School Bus Wooden Play Set With 7 Play Figures,$14.99,https://www.amazon.com/Melissa-Doug-School-Wooden-Figures/dp/B00K1XF7OA/ref=sr_1_27?crid=1ETD973V81N4Y&keywords=bus&qid=1670361940&sprefix=bus%2Caps%2C70&sr=8-27,https://m.media-amazon.com/images/I/71KY+uNr6UL._AC_UL320_.jpg
Fisca RC School Bus Remote Control Car Vehicles 6 Ch 2.4G Opening Doors Acceleration & Deceleration Toys with Simulated Sounds and LED Lights Rechargeable Electronic Hobby Truck for Kids,$49.99,https://www.amazon.com/fisca-Acceleration-Deceleration-Rechargeable-Electronic/dp/B071D19B9F/ref=sr_1_28?crid=1ETD973V81N4Y&keywords=bus&qid=1670361940&sprefix=bus%2Caps%2C70&sr=8-28,https://m.media-amazon.com/images/I/61eMbxbhYwL._AC_UL320_.jpg
"Blue's Clues & You! Sing-Along School Bus with Josh and Blue Figures, Includes Microphone and Plays 3 Songs, by Just Play",$13.24,https://www.amazon.com/Blues-Clues-You-Sing-Along-School/dp/B08SNMHV4J/ref=sr_1_29?crid=1ETD973V81N4Y&keywords=bus&qid=1670361940&sprefix=bus%2Caps%2C70&sr=8-29,https://m.media-amazon.com/images/I/8128jBuHNkS._AC_UL320_.jpg
"Liberty Imports Kids Pop Up Play Tent - Foldable Indoor and Outdoor Playhouse for Toddlers, Boys and Girls (School Bus)",$26.97,https://www.amazon.com/Liberty-Imports-Foldable-Playhouse-Toddlers/dp/B074HH6RNQ/ref=sr_1_30?crid=1ETD973V81N4Y&keywords=bus&qid=1670361940&sprefix=bus%2Caps%2C70&sr=8-30,https://m.media-amazon.com/images/I/714gYTOQ9iL._AC_UL320_.jpg
Thomas Saf-T-Liner® C2 School Bus (Yellow/White),$69.95,https://www.amazon.com/Thomas-Saf-T-Liner-School-Bus-Yellow/dp/B07G4HDJV6/ref=sr_1_31?crid=1ETD973V81N4Y&keywords=bus&qid=1670361940&sprefix=bus%2Caps%2C70&sr=8-31,https://m.media-amazon.com/images/I/61seiEKfKmL._AC_UL320_.jpg
"Daron MTA Articulated Bus, Small",$18.40,https://www.amazon.com/Daron-MTA-Articulated-Bus-Small/dp/B007BJQHM8/ref=sr_1_32?crid=1ETD973V81N4Y&keywords=bus&qid=1670361940&sprefix=bus%2Caps%2C70&sr=8-32,https://m.media-amazon.com/images/I/91EmgyM6NHL._AC_UL320_.jpg
"School Bus Toys for Boys, Geyiie Die Cast Kids Cars Toys Vehicles Pull and Push London Bus City Tourist Figure Buses Car for Toddler 3 4 5 6 7",$32.90,https://www.amazon.com/gp/slredirect/picassoRedirect.html/ref=pa_sp_mtf_aps_sr_pg1_1?ie=UTF8&adId=A009400824507RTSHOHNG&qualifier=1670361940&id=5898016404240386&widgetName=sp_mtf&url=%2FGeyiie-School-Toddler-Yellow-Vehicle%2Fdp%2FB08P1XK6QZ%2Fref%3Dsr_1_33_sspa%3Fcrid%3D1ETD973V81N4Y%26keywords%3Dbus%26qid%3D1670361940%26sprefix%3Dbus%252Caps%252C70%26sr%3D8-33-spons%26psc%3D1%26smid%3DA24ZSO0O4P4NFR,https://m.media-amazon.com/images/I/81c2BXRcrnL._AC_UL320_.jpg
"School Bus Pop-Up Kids Tent with Sound Play Button, Ball Pit for Toddler & Up - Easy Setup Kids Tent for Indoor & Outdoor, Daycare Playground Activities & Pretend Play, Great for Kids",$31.98,https://www.amazon.com/gp/slredirect/picassoRedirect.html/ref=pa_sp_mtf_aps_sr_pg1_1?ie=UTF8&adId=A0319794WACO7C7J58AE&qualifier=1670361940&id=5898016404240386&widgetName=sp_mtf&url=%2FSchool-Pop-Up-Sound-Button-Toddler%2Fdp%2FB0B627V6D6%2Fref%3Dsr_1_34_sspa%3Fcrid%3D1ETD973V81N4Y%26keywords%3Dbus%26qid%3D1670361940%26sprefix%3Dbus%252Caps%252C70%26sr%3D8-34-spons%26psc%3D1,https://m.media-amazon.com/images/I/71kv4adQ+BL._AC_UL320_.jpg
"Crelloci City Bus Toy for Kids, Die Cast Alloy Pull Back Vehicles, Metro Articulated Electric Bus with Sounds and Lights, Model Cars Toys Educational Gift for Kids Boys Girls Ages 3+",$21.99,https://www.amazon.com/gp/slredirect/picassoRedirect.html/ref=pa_sp_mtf_aps_sr_pg1_1?ie=UTF8&adId=A0990739389PO29924BZC&qualifier=1670361940&id=5898016404240386&widgetName=sp_mtf&url=%2FCrelloci-Vehicles-Articulated-Electric-Educational%2Fdp%2FB09VBBC2CW%2Fref%3Dsr_1_35_sspa%3Fcrid%3D1ETD973V81N4Y%26keywords%3Dbus%26qid%3D1670361940%26sprefix%3Dbus%252Caps%252C70%26sr%3D8-35-spons%26psc%3D1,https://m.media-amazon.com/images/I/61MEbbPgy8L._AC_UL320_.jpg
"TEMI Construction Toddler Truck Toys for 3 4 5 6 Year Old Boys - 5-in-1 Friction Power Vehicle Car Toy for Toddlers 1-3, Carrier Truck Toys for Kids 3-5, Christmas Girls Age 3-9",$36.99,https://www.amazon.com/gp/slredirect/picassoRedirect.html/ref=pa_sp_mtf_aps_sr_pg1_1?ie=UTF8&adId=A029305522VLO95AANJ7M&qualifier=1670361940&id=5898016404240386&widgetName=sp_mtf&url=%2FTEMI-Construction-Toddler-Truck-Toys%2Fdp%2FB0B6W9YV51%2Fref%3Dsr_1_36_sspa%3Fcrid%3D1ETD973V81N4Y%26keywords%3Dbus%26qid%3D1670361940%26sprefix%3Dbus%252Caps%252C70%26sr%3D8-36-spons%26psc%3D1,https://m.media-amazon.com/images/I/71AtP4EnZUL._AC_UL320_.jpg
"Fisca RC Truck Remote Control Bus, 6 CH 2.4G Car Electronic Vehicles Opening Doors and Acceleration Function Toys for Kids with Sound and Light (Red)",$49.99,https://www.amazon.com/fisca-Electronic-Vehicles-Acceleration-Function/dp/B01MSNA0WO/ref=sr_1_37?crid=1ETD973V81N4Y&keywords=bus&qid=1670361940&sprefix=bus%2Caps%2C70&sr=8-37,https://m.media-amazon.com/images/I/71KcmGEr1ML._AC_UL320_.jpg
Bus: American Driver,$50.00,https://www.amazon.com/KL-Bus-American-Driver/dp/B00PQM2QS6/ref=sr_1_38?crid=1ETD973V81N4Y&keywords=bus&qid=1670361940&sprefix=bus%2Caps%2C70&sr=8-38,https://m.media-amazon.com/images/I/81uP4y64oZL._AC_UL320_.png
"ArtCreativity Yellow School Bus Tent with Carry Bag, Pop Up Indoor Tent for Kids, Indoor Playhouse with 2 Openings, Flat-Folding Kids Play Tent for Compact Storage, 43.5 x 28 x 26.5 Inches",$25.97,https://www.amazon.com/ArtCreativity-Playhouse-Openings-Flat-Folding-Compact/dp/B09B2VGZFK/ref=sr_1_39?crid=1ETD973V81N4Y&keywords=bus&qid=1670361940&sprefix=bus%2Caps%2C70&sr=8-39,https://m.media-amazon.com/images/I/71WgcUL84jL._AC_UL320_.jpg
"Bluey Bus + Mates, 2.5-3 inch Figures | Amazon Exclusive",$39.99,https://www.amazon.com/Bluey-Brisbane-Adventure-Figures-Exclusive/dp/B09Q4GKFJK/ref=sr_1_40?crid=1ETD973V81N4Y&keywords=bus&qid=1670361940&sprefix=bus%2Caps%2C70&sr=8-40,https://m.media-amazon.com/images/I/71en3famKbL._AC_UL320_.jpg
"LeapFrog Phonics Fun Animal Bus , Yellow",$23.48,https://www.amazon.com/LeapFrog-80-601300-Alphabet-Phonics-Bus/dp/B06Y1F83VW/ref=sr_1_41?crid=1ETD973V81N4Y&keywords=bus&qid=1670361940&sprefix=bus%2Caps%2C70&sr=8-41,https://m.media-amazon.com/images/I/8194+tTezaL._AC_UL320_.jpg
"Bluey Bus, Bus Vehicle and Figures Pack, with Two 2.5-3"" Figures",$17.49,https://www.amazon.com/Bluey-Vehicle-Figures-Pack-2-5-3/dp/B09Q3R6R7C/ref=sr_1_42?crid=1ETD973V81N4Y&keywords=bus&qid=1670361940&sprefix=bus%2Caps%2C70&sr=8-42,https://m.media-amazon.com/images/I/71AUBKxa72L._AC_UL320_.jpg
CORPER TOYS Bus Toys Die Cast Metal Toy Cars Pull Back School Bus Double Decker London Vehicles Friction Powered City Sightseeing Tour Bus Play Vehicle Toy Set for Kids 4 Pack,$25.99,https://www.amazon.com/CORPER-TOYS-Vehicles-Friction-Sightseeing/dp/B091T3NTT3/ref=sr_1_43?crid=1ETD973V81N4Y&keywords=bus&qid=1670361940&sprefix=bus%2Caps%2C70&sr=8-43,https://m.media-amazon.com/images/I/81p4bhLZHBS._AC_UL320_.jpg
"CoComelon Ultimate Learning Bus, Preschool Learning and Education Toys For Kids 18 Months Up",$61.99,https://www.amazon.com/CoComelon-Ultimate-Learning-Preschool-Education/dp/B09NMK1BFB/ref=sr_1_44?crid=1ETD973V81N4Y&keywords=bus&qid=1670361940&sprefix=bus%2Caps%2C70&sr=8-44,https://m.media-amazon.com/images/I/81Qc19tjXJL._AC_UL320_.jpg
Think Wing School Bus Toy for Toddlers - 5 Inch 2 Set Die-cast Play Vehicles Pull Back Car Yellow School Bus Toys Gift for Kids with Lights Sounds and Openable Doors,$15.80,https://www.amazon.com/Think-Wing-School-Bus-Toddlers/dp/B088LHZWHH/ref=sr_1_45?crid=1ETD973V81N4Y&keywords=bus&qid=1670361940&sprefix=bus%2Caps%2C70&sr=8-45,https://m.media-amazon.com/images/I/71-gEyDY69L._AC_UL320_.jpg
Daron RT8563 New York City MTA Metro Articulated Electric Bus 1:43 Scale- 16 Inches long White/Blue/Black,$24.48,https://www.amazon.com/Daron-RT8563-Articulated-Hybrid-Electric/dp/B004ZHAUEA/ref=sr_1_46?crid=1ETD973V81N4Y&keywords=bus&qid=1670361940&sprefix=bus%2Caps%2C70&sr=8-46,https://m.media-amazon.com/images/I/81iL8FKfhgL._AC_UL320_.jpg
"3 Pack Pull Back School Bus Playset, Die-cast Metal Toy Vehicles with Bright Yellow for Boys Girls Kids Toddlers",$12.95,https://www.amazon.com/School-Playset-Die-cast-Vehicles-Toddlers/dp/B09VZM8NKY/ref=sr_1_48?crid=1ETD973V81N4Y&keywords=bus&qid=1670361940&sprefix=bus%2Caps%2C70&sr=8-48,https://m.media-amazon.com/images/I/71q0qvrDrnL._AC_UL320_.jpg
PLAYMOBIL School Bus,$35.58,https://www.amazon.com/PLAYMOBIL%C2%AE-5680-PLAYMOBIL-School-Bus/dp/B01B1351YY/ref=sr_1_49?crid=1ETD973V81N4Y&keywords=bus&qid=1670361940&sprefix=bus%2Caps%2C70&sr=8-49,https://m.media-amazon.com/images/I/819o12r-s5L._AC_UL320_.jpg
The Magic School Bus Rides Again: Blast Off!,$6.99,https://www.amazon.com/Magic-School-Bus-Rides-Again/dp/B086B9QHD9/ref=sr_1_50?crid=1ETD973V81N4Y&keywords=bus&qid=1670361940&sprefix=bus%2Caps%2C70&sr=8-50,https://m.media-amazon.com/images/I/812ILkT9I4L._AC_UL320_.jpg
Battat – Light & Sound School Bus – School Bus Toy Vehicle for Toddlers 18 Months +,$18.25,https://www.amazon.com/Battat-School-Vehicle-Toddlers-Months/dp/B01NCYYCJ1/ref=sr_1_51?crid=1ETD973V81N4Y&keywords=bus&qid=1670361940&sprefix=bus%2Caps%2C70&sr=8-51,https://m.media-amazon.com/images/I/71+Io-VlN5L._AC_UL320_.jpg
"Rc Bus for Kids - 12.5 Inches Remote Control City Bus with Led Lights, 2.4G Rc Car Vehicle with Realistic Interior, Safe and Durable Classic Bus Toy, Great Gift for Boys & Girls 3-5 Years Old",$21.99,https://www.amazon.com/Rc-Bus-Kids-Realistic-Interior/dp/B0B5F95PYS/ref=sr_1_54?crid=1ETD973V81N4Y&keywords=bus&qid=1670361940&sprefix=bus%2Caps%2C70&sr=8-54,https://m.media-amazon.com/images/I/61l2FpMsynL._AC_UL320_.jpg
Kiddie Play School Bus Pop Up Play Tent for Kids Boys & Girls Indoor Outdoor Playhouse Toy,$25.89,https://www.amazon.com/Kiddie-Play-School-Indoor-Outdoor/dp/B0735KMFF6/ref=sr_1_55?crid=1ETD973V81N4Y&keywords=bus&qid=1670361940&sprefix=bus%2Caps%2C70&sr=8-55,https://m.media-amazon.com/images/I/81MEnnrQaIL._AC_UL320_.jpg
"Big Daddy Huge Yellow School Bus with Lights and Cool Openable Doors Pull Back Toy School Bus with Sounds and Songs for Girls, Boys, Toddlers",$29.99,https://www.amazon.com/Big-Daddy-Yellow-Openable-Toddlers/dp/B07R5QBV4J/ref=sr_1_56?crid=1ETD973V81N4Y&keywords=bus&qid=1670361940&sprefix=bus%2Caps%2C70&sr=8-56,https://m.media-amazon.com/images/I/61KgxkwSNML._AC_UL320_.jpg
Pop It! Buffalo Games - Cocomelon Mini Bus,$5.00,https://www.amazon.com/Pop-Buffalo-Games-Cocomelon-Mini/dp/B0BDMWLL5Z/ref=sr_1_58?crid=1ETD973V81N4Y&keywords=bus&qid=1670361940&sprefix=bus%2Caps%2C70&sr=8-58,https://m.media-amazon.com/images/I/81fdBGEsjRL._AC_UL320_.jpg
Bus Boss Funny Yellow School Bus Driver T-Shirt,$18.95,https://www.amazon.com/gp/slredirect/picassoRedirect.html/ref=pa_sp_btf_aps_sr_pg1_1?ie=UTF8&adId=A06588802WS69T73XD36Z&qualifier=1670361940&id=5898016404240386&widgetName=sp_btf&url=%2FBus-Funny-Yellow-School-Driver%2Fdp%2FB0B2LZX4JJ%2Fref%3Dsr_1_59_sspa%3Fcrid%3D1ETD973V81N4Y%26keywords%3Dbus%26qid%3D1670361940%26sprefix%3Dbus%252Caps%252C70%26sr%3D8-59-spons%26psc%3D1,https://m.media-amazon.com/images/I/61CQOfAf-6L._AC_UL320_.jpg
"TEMI Toddler Toys for 3 4 5 6 Years Old Boys, Die-cast Construction Toys Car Carrier Vehicle Toy Set w/ Play Mat, Kids Toys Truck Alloy Metal Car Toys Set for Age 3-9 Toddlers Kids Boys & Girls",$39.99,https://www.amazon.com/gp/slredirect/picassoRedirect.html/ref=pa_sp_btf_aps_sr_pg1_1?ie=UTF8&adId=A09863632V7FNHHLPGO7A&qualifier=1670361940&id=5898016404240386&widgetName=sp_btf&url=%2FTEMI-Toddler-Die-cast-Construction-Toddlers%2Fdp%2FB09DY34ZX3%2Fref%3Dsr_1_60_sspa%3Fcrid%3D1ETD973V81N4Y%26keywords%3Dbus%26qid%3D1670361940%26sprefix%3Dbus%252Caps%252C70%26sr%3D8-60-spons%26psc%3D1,https://m.media-amazon.com/images/I/81mzApc3+BL._AC_UL320_.jpg
