item_name,price,link_to_item,link_to_item_image
"Kyraton Cereal Bowls 4 Pieces, Unbreakable And Reusable Light Weight Bowl For Rice Noodle Soup Snack Salad Fruit Dishwasher Safe, Microwave Safe BPA Free (Orange)",$12.98,https://www.amazon.com/gp/slredirect/picassoRedirect.html/ref=pa_sp_atf_aps_sr_pg1_1?ie=UTF8&adId=A068375623PEID7O0DCVE&qualifier=1670362033&id=1604240383969520&widgetName=sp_atf&url=%2FKyraton-Unbreakable-Reusable-Dishwasher-Microwave%2Fdp%2FB09VGYBWRD%2Fref%3Dsr_1_1_sspa%3Fcrid%3D1ETD973V81N4Y%26keywords%3Dbowl%26qid%3D1670362033%26sprefix%3Dbowl%252Caps%252C70%26sr%3D8-1-spons%26psc%3D1,https://m.media-amazon.com/images/I/51icBBOU4XL._AC_UL320_.jpg
100% Compostable Paper Bowls [12 oz.] – 150 Disposable Bowls Eco Friendly Sturdy Tree Free Liquid and Heat Resistant Alternative to Plastic or Paper Bowls by Ecovita,$29.00,https://www.amazon.com/gp/slredirect/picassoRedirect.html/ref=pa_sp_atf_aps_sr_pg1_1?ie=UTF8&adId=A06826932AQP3BDBRN1V1&qualifier=1670362033&id=1604240383969520&widgetName=sp_atf&url=%2FEcovita-Compostable-Bowls-12-150%2Fdp%2FB08X12J4GQ%2Fref%3Dsr_1_2_sspa%3Fcrid%3D1ETD973V81N4Y%26keywords%3Dbowl%26qid%3D1670362033%26sprefix%3Dbowl%252Caps%252C70%26sr%3D8-2-spons%26psc%3D1,https://m.media-amazon.com/images/I/8140TRK-WqL._AC_UL320_.jpg
"DOWAN Ceramic Soup Bowls, Cereal Bowl, 22 Ounce Bowls Set, Chip Resistant, Dishwasher & Microwave Safe, Porcelain Bowls for Kitchen, White Bowls for Cereal Soup Rice Pasta Salad Oatmeal, Set of 4",$19.99,https://www.amazon.com/DOWAN-Ounces-Porcelain-Bowls-Cereal/dp/B01CEBRM1W/ref=sr_1_3?crid=1ETD973V81N4Y&keywords=bowl&qid=1670362033&sprefix=bowl%2Caps%2C70&sr=8-3,https://m.media-amazon.com/images/I/71DpscEWqDL._AC_UL320_.jpg
"Unbreakable Cereal Bowls - 24 OZ Wheat Straw Fiber Lightweight Bowl Sets 4 - Dishwasher & Microwave Safe - for,Rice,Soup Bowls",$9.99,https://www.amazon.com/Unbreakable-Cereal-Bowls-Lightweight-Dishwasher/dp/B07YWHTV2D/ref=sr_1_4?crid=1ETD973V81N4Y&keywords=bowl&qid=1670362033&sprefix=bowl%2Caps%2C70&sr=8-4,https://m.media-amazon.com/images/I/61myfQBx5QL._AC_UL320_.jpg
"DOWAN Ceramic Soup Bowls, 32 Ounces White Ramen Bowl for Noodle, Porcelain Salad Bowls Set of 4, Large Cereal Snack Bowls for Kitchen, Dishwasher & Microwave Safe",$26.99,https://www.amazon.com/DOWAN-Porcelain-Bowls-Shape-Cereal/dp/B07RT4W84V/ref=sr_1_5?crid=1ETD973V81N4Y&keywords=bowl&qid=1670362033&sprefix=bowl%2Caps%2C70&sr=8-5,https://m.media-amazon.com/images/I/519Io9isIML._AC_UL320_.jpg
"Pyrex Smart Essentials 3-Piece Prepware Mixing Bowl Set, 1-Qt, 1.5-Qt ,and 2.5-Qt Glass Mixing Bowls, Dishwasher, Microwave and Freezer Safe",$17.84,https://www.amazon.com/Pyrex-Tempered-1-5-Quart-Microwave-Dishwasher/dp/B00LGLHUA0/ref=sr_1_6?crid=1ETD973V81N4Y&keywords=bowl&qid=1670362033&sprefix=bowl%2Caps%2C70&sr=8-6,https://m.media-amazon.com/images/I/51aBv22vc5L._AC_UL320_.jpg
"Corelle Vitrelle 28-Oz Bowl, Triple Layer Glass and Chip Resistant, Easy-to-Clean, Lightweight Round Bowl, Red Rim Band",$8.50,https://www.amazon.com/Corelle-Triple-Resistant-Clean-Lightweight/dp/B000KYX6AW/ref=sr_1_7?crid=1ETD973V81N4Y&keywords=bowl&qid=1670362033&sprefix=bowl%2Caps%2C70&sr=8-7,https://m.media-amazon.com/images/I/61RS4Sd46gS._AC_UL320_.jpg
"PTNITWO Cereal Bowls-Set of 4 Wheat Straw Fiber Bowls, Unbreakable And Reusable Light Weight Bowl For Rice Noodle Soup Snack Salad Fruit BPA Free Dishwasher Safe (4 Color) (Mutil Color)",$6.59,https://www.amazon.com/PTNITWO-Wheat-Straw-Fiber-Unbreakable/dp/B0BFX8QGJR/ref=sr_1_8?crid=1ETD973V81N4Y&keywords=bowl&qid=1670362033&sprefix=bowl%2Caps%2C70&sr=8-8,https://m.media-amazon.com/images/I/71cZKbMC6EL._AC_UL320_.jpg
"S&Q's Ceramic Soup Cereal Bowls - 36 Ounce Ceramic Bowls, Japanese Noodle Bowl Set, Stoneware Bowls for Kitchen, Breakfast, Oatmeal, Microwave and Dishwasher Safe, [Set of 4], Dark Blue",$30.95,https://www.amazon.com/Ceramic-Large-Cereal-Bowls-Dishwasher/dp/B095PMV5ML/ref=sr_1_9?crid=1ETD973V81N4Y&keywords=bowl&qid=1670362033&sprefix=bowl%2Caps%2C70&sr=8-9,https://m.media-amazon.com/images/I/81x0mK0VuIS._AC_UL320_.jpg
"JoyJolt Stainless Steel Mixing Bowl Set of 6 Mixing Bowls. 5qt Large Mixing Bowl to 0.5qt Small Metal Bowl. Kitchen, Cooking and Storage Nesting Bowls. Dough, Batter and Baking Bowls",$22.95,https://www.amazon.com/JoyJolt-Stainless-Kitchen-Cooking-Storage/dp/B0B9P4NNWD/ref=sr_1_10?crid=1ETD973V81N4Y&keywords=bowl&qid=1670362033&sprefix=bowl%2Caps%2C70&sr=8-10,https://m.media-amazon.com/images/I/51tDTO312kL._AC_UL320_.jpg
"Kook Ceramic Japanese Noodle Bowl Set, Large Capacity, For Ramen, Udon, Soba, Pho and Soup, Microwave and Dishwasher Safe, 34 oz, Black/ Red, Set of 4",$39.95,https://www.amazon.com/KooK-Japanese-Ceramic-Noodle-Interior/dp/B079TZSRSV/ref=sr_1_11?crid=1ETD973V81N4Y&keywords=bowl&qid=1670362033&sprefix=bowl%2Caps%2C70&sr=8-11,https://m.media-amazon.com/images/I/81mHpqPQFpL._AC_UL320_.jpg
"Euro-Ware Mixing Bowl, 3 quart, Stainless Steel",$6.99,https://www.amazon.com/Euro-Ware-3203-Mixing-Quart-Stainless/dp/B00ONT7I04/ref=sr_1_12?crid=1ETD973V81N4Y&keywords=bowl&qid=1670362033&sprefix=bowl%2Caps%2C70&sr=8-12,https://m.media-amazon.com/images/I/41BcveLVxxL._AC_UL320_.jpg
"Unbreakable Cereal Bowls 24 OZ Microwave and Dishwasher Safe BPA-Free Bowl Dessert Bowls for Serving Soup, Oatmeal, Pasta and Salad [Set of 6]",$16.97,https://www.amazon.com/Unbreakable-Microwave-Dishwasher-Dessert-Serving/dp/B0967DPQY7/ref=sr_1_13?crid=1ETD973V81N4Y&keywords=bowl&qid=1670362033&sprefix=bowl%2Caps%2C70&sr=8-13,https://m.media-amazon.com/images/I/61CI96n7ROS._AC_UL320_.jpg
"Cereal Bowls, 20 Ounce Porcelain Soup Bowls Set, Salad Dessert Pasta Fruit Bowls,Set of 6,Sea Blue",$31.99,https://www.amazon.com/DANMERS-Ounce-Porcelain-Cereal-Dessert/dp/B086QXGSJJ/ref=sr_1_14?crid=1ETD973V81N4Y&keywords=bowl&qid=1670362033&sprefix=bowl%2Caps%2C70&sr=8-14,https://m.media-amazon.com/images/I/51Jmt8BawqL._AC_UL320_.jpg
"DOWAN 39 Ounce Bowls, Serving Bowls, Soup Bowls for Christmas, Salad Bowls, Porcelain Pasta Bowls, Chip Resistant Ceramic, Microwave and Dishwasher Safe, Stackable, 7 Inches, White, Thanksgiving Gift",$12.99,https://www.amazon.com/DOWAN-Ounce-Porcelain-Cereal-Bowls/dp/B07T6645QP/ref=sr_1_15?crid=1ETD973V81N4Y&keywords=bowl&qid=1670362033&sprefix=bowl%2Caps%2C70&sr=8-15,https://m.media-amazon.com/images/I/61s-LWetu9L._AC_UL320_.jpg
"Mora Ceramic Flat Bowls Set of 4 - 25 oz- For Soup, Salad, Rice, Cereal, Breakfast, Dinner, Serving, Oatmeal, etc - Microwave, Dishwasher and Oven Safe Porcelain Bowl for Eating and Kitchen - Neutrals",$29.99,https://www.amazon.com/Mora-Ceramic-Flat-Bowls-Set/dp/B09V4WLKZ2/ref=sr_1_16?crid=1ETD973V81N4Y&keywords=bowl&qid=1670362033&sprefix=bowl%2Caps%2C70&sr=8-16,https://m.media-amazon.com/images/I/61BIejwYhZL._AC_UL320_.jpg
"uniidea Ceramic Large Ramen Bowl Set, 20oz Porcelain Multi-Purpose Ramen Bowls for Soup, Noodle, Pho, Udon, 2 Sets (6 Pieces) Noodle Bowl",$31.99,https://www.amazon.com/gp/slredirect/picassoRedirect.html/ref=pa_sp_mtf_aps_sr_pg1_1?ie=UTF8&adId=A05839422J4604R1JKEYE&qualifier=1670362033&id=1604240383969520&widgetName=sp_mtf&url=%2FCeramic-Porcelain-Purpose-Noodle-Pieces%2Fdp%2FB08KJGCL1B%2Fref%3Dsr_1_17_sspa%3Fcrid%3D1ETD973V81N4Y%26keywords%3Dbowl%26qid%3D1670362033%26sprefix%3Dbowl%252Caps%252C70%26sr%3D8-17-spons%26psc%3D1,https://m.media-amazon.com/images/I/61Whnw4QdOL._AC_UL320_.jpg
"LE TAUCI Cereal Bowls 6 Inch, Ceramic Bowl Set for Soup, Dessert, Fruits, Salad, Noodle, Ramen, 22 Ounce Bowls for Kitchen, Set of 4, Ceylon blue",$28.99,https://www.amazon.com/gp/slredirect/picassoRedirect.html/ref=pa_sp_mtf_aps_sr_pg1_1?ie=UTF8&adId=A05527753OW92SCB89TA6&qualifier=1670362033&id=1604240383969520&widgetName=sp_mtf&url=%2FTAUCI-Cereal-Reactive-Dessert-Ceylon%2Fdp%2FB083S6XP1M%2Fref%3Dsr_1_18_sspa%3Fcrid%3D1ETD973V81N4Y%26keywords%3Dbowl%26qid%3D1670362033%26sprefix%3Dbowl%252Caps%252C70%26sr%3D8-18-spons%26psc%3D1,https://m.media-amazon.com/images/I/81u94lfa6YL._AC_UL320_.jpg
"DELLING Ultra-Strong 22 Ounces Soup Bowls - White Porcelain Cereal Bowls with Study Sides, Wide Base - White Large Bowls for Kitchen, Snack, Rice Pasta Salad Oatmeal, Set of 6, Microwave Safe",$27.49,https://www.amazon.com/gp/slredirect/picassoRedirect.html/ref=pa_sp_mtf_aps_sr_pg1_1?ie=UTF8&adId=A04065423GEKWEJNC2UA6&qualifier=1670362033&id=1604240383969520&widgetName=sp_mtf&url=%2FDelling-Ultra-Strong-Ounces-Soup-Bowls%2Fdp%2FB08FB1QBG1%2Fref%3Dsr_1_19_sspa%3Fcrid%3D1ETD973V81N4Y%26keywords%3Dbowl%26qid%3D1670362033%26sprefix%3Dbowl%252Caps%252C70%26sr%3D8-19-spons%26psc%3D1,https://m.media-amazon.com/images/I/51kOQKZZThL._AC_UL320_.jpg
"3 oz Glass Juvia Mini Tasting Bowl - 3 3/4"" x 3 1/2"" x 1"" - 60 count box",$146.63,https://www.amazon.com/gp/slredirect/picassoRedirect.html/ref=pa_sp_mtf_aps_sr_pg1_1?ie=UTF8&adId=A05662942VIFQTPX4L0LP&qualifier=1670362033&id=1604240383969520&widgetName=sp_mtf&url=%2FGlass-Juvia-Mini-Tasting-Bowl%2Fdp%2FB09KH41VNL%2Fref%3Dsr_1_20_sspa%3Fcrid%3D1ETD973V81N4Y%26keywords%3Dbowl%26qid%3D1670362033%26sprefix%3Dbowl%252Caps%252C70%26sr%3D8-20-spons%26psc%3D1,https://m.media-amazon.com/images/I/61zjTIwZrwL._AC_UL320_.jpg
"Kyraton Cereal Bowls 4 Pieces, Unbreakable And Reusable Light Weight Bowl For Rice Noodle Soup Snack Salad Fruit Dishwasher Safe, Microwave Safe BPA Free ( Mutil Color)",$13.98,https://www.amazon.com/Kyraton-Unbreakable-Reusable-Dishwasher-Microwave/dp/B09VGVPD16/ref=sr_1_21?crid=1ETD973V81N4Y&keywords=bowl&qid=1670362033&sprefix=bowl%2Caps%2C70&sr=8-21,https://m.media-amazon.com/images/I/51u+WgyFuPL._AC_UL320_.jpg
OXO Good Grips 3-Piece Mixing Bowl Set - Assorted Colors,$27.99,https://www.amazon.com/OXO-1169600-3-Piece-Mixing-Yellow/dp/B002BFQR3G/ref=sr_1_22?crid=1ETD973V81N4Y&keywords=bowl&qid=1670362033&sprefix=bowl%2Caps%2C70&sr=8-22,https://m.media-amazon.com/images/I/71jzRchO0wL._AC_UL320_.jpg
"TAO CICADA Cereal Bowls - Set of 4 Wheat Straw Fiber Bowls，Unbreakable & Lightweight for Snacks, Rice, Condiments, Side Dishes, or Ice Cream, Dishwasher & Microwave Safe",$9.09,https://www.amazon.com/TAO-CICADA-Cereal-Bowls-Bowls%EF%BC%8CUnbreakable/dp/B08TLVDMKV/ref=sr_1_23?crid=1ETD973V81N4Y&keywords=bowl&qid=1670362033&sprefix=bowl%2Caps%2C70&sr=8-23,https://m.media-amazon.com/images/I/71zykKujWEL._AC_UL320_.jpg
"Selamica Porcelain 10oz Cereal Bowl Set - Set of 6, 5 inch Soup Bowls, Ceramic bowls for Dessert, Ice Cream, Assorted Colors",$25.99,https://www.amazon.com/Selamica-Porcelain-10oz-Bowls-Set/dp/B089MHNW1N/ref=sr_1_24?crid=1ETD973V81N4Y&keywords=bowl&qid=1670362033&sprefix=bowl%2Caps%2C70&sr=8-24,https://m.media-amazon.com/images/I/71qMBfvyZ2L._AC_UL320_.jpg
"JapanBargain S-2045, Japanese Plastic Noodle Soup Bowl, 38-OZ",$5.99,https://www.amazon.com/JapanBargain-2045-Japanese-Plastic-Ounce/dp/B0042ITNBI/ref=sr_1_25?crid=1ETD973V81N4Y&keywords=bowl&qid=1670362033&sprefix=bowl%2Caps%2C70&sr=8-25,https://m.media-amazon.com/images/I/51NfaYLZ5vL._AC_UL320_.jpg
"Mixing Bowls with Airtight Lids, 6 Piece Stainless Steel Metal Bowls by Umite Chef, Measurement Marks & Colorful Non-Slip Bottoms Size 7, 3.5, 2.5, 2.0,1.5, 1QT, Great for Mixing & Serving",$37.99,https://www.amazon.com/Airtight-Stainless-Umite-Chef-Measurement/dp/B07Q2BJBJ6/ref=sr_1_26?crid=1ETD973V81N4Y&keywords=bowl&qid=1670362033&sprefix=bowl%2Caps%2C70&sr=8-26,https://m.media-amazon.com/images/I/81nvK8vfu3L._AC_UL320_.jpg
"DeeCoo Porcelain Bowls Set (18-Ounce, 6-Piece) - Bowls for Cereal, Soup, Salad, Pasta, Fruit, Ice Cream Bowls Service - Microwave and Dishwasher Safe, Assorted Designs",$23.99,https://www.amazon.com/DeeCoo-Porcelain-Bowls-18-Ounce-6-Piece/dp/B0881WZGM1/ref=sr_1_27?crid=1ETD973V81N4Y&keywords=bowl&qid=1670362033&sprefix=bowl%2Caps%2C70&sr=8-27,https://m.media-amazon.com/images/I/71sTWnXmCPL._AC_UL320_.jpg
"Dixie Ultra Disposable Paper Bowls, 156 Count (6 packs of 26 Bowls)",$6.99,https://www.amazon.com/Dixie-Ultra-Dinner-Printed-Disposable/dp/B010OV9KQ4/ref=sr_1_28?crid=1ETD973V81N4Y&keywords=bowl&qid=1670362033&sprefix=bowl%2Caps%2C70&sr=8-28,https://m.media-amazon.com/images/I/91Ky5vK2QXS._AC_UL320_.jpg
"DOWAN Large Serving Bowls, 60 Ounces White Salad Bowl, 10"" Turkey Serving Platter, Shallow Pasta Bowls Set of 2, Serving Dishes for Entertaining, Big Dinner Bowl Plates for Thanksgiving Christmas",$33.59,https://www.amazon.com/gp/slredirect/picassoRedirect.html/ref=pa_sp_mtf_aps_sr_pg1_1?ie=UTF8&adId=A03489613R89SPVL5ES3I&qualifier=1670362033&id=1604240383969520&widgetName=sp_mtf&url=%2FDOWAN-Inches-Porcelain-Serving-Shallow%2Fdp%2FB0711F3R5M%2Fref%3Dsr_1_29_sspa%3Fcrid%3D1ETD973V81N4Y%26keywords%3Dbowl%26qid%3D1670362033%26sprefix%3Dbowl%252Caps%252C70%26sr%3D8-29-spons%26psc%3D1,https://m.media-amazon.com/images/I/6136KPKyyJL._AC_UL320_.jpg
"Unbreakable Cereal Bowls - 24 OZ Wheat Straw Fiber Lightweight Bowl Sets 4 - Dishwasher & Microwave Safe - for,Rice,Soup Bowls",$9.99,https://www.amazon.com/gp/slredirect/picassoRedirect.html/ref=pa_sp_mtf_aps_sr_pg1_1?ie=UTF8&adId=A04653383XZMAYSFRJF0&qualifier=1670362033&id=1604240383969520&widgetName=sp_mtf&url=%2FUnbreakable-Cereal-Bowls-Lightweight-Dishwasher%2Fdp%2FB07YWHTV2D%2Fref%3Dsr_1_30_sspa%3Fcrid%3D1ETD973V81N4Y%26keywords%3Dbowl%26qid%3D1670362033%26sprefix%3Dbowl%252Caps%252C70%26sr%3D8-30-spons%26psc%3D1,https://m.media-amazon.com/images/I/61myfQBx5QL._AC_UL320_.jpg
"Unbreakable Cereal Bowls - 24 OZ Wheat Straw Fiber Lightweight Bowl Sets 8 - Dishwasher & Microwave Safe - for,Rice,Soup Bowls",$14.99,https://www.amazon.com/gp/slredirect/picassoRedirect.html/ref=pa_sp_mtf_aps_sr_pg1_1?ie=UTF8&adId=A08899523GKXX9IVLB0BW&qualifier=1670362033&id=1604240383969520&widgetName=sp_mtf&url=%2FUnbreakable-Cereal-Bowls-Lightweight-Dishwasher%2Fdp%2FB0818T5HT5%2Fref%3Dsr_1_31_sspa%3Fcrid%3D1ETD973V81N4Y%26keywords%3Dbowl%26qid%3D1670362033%26sprefix%3Dbowl%252Caps%252C70%26sr%3D8-31-spons%26psc%3D1,https://m.media-amazon.com/images/I/61DcAiYpDEL._AC_UL320_.jpg
"AmorArc Ceramic Cereal Bowls Set of 6, 24 oz Handmade Stoneware Bowls Set for Cereal Soup Salad Bread, Stylish Kitchen Bowls for Meal, Dishwasher & Microwave Safe, Reactive Glaze Ivory",$36.95,https://www.amazon.com/gp/slredirect/picassoRedirect.html/ref=pa_sp_mtf_aps_sr_pg1_1?ie=UTF8&adId=A0106518XQ37E2G7SRKA&qualifier=1670362033&id=1604240383969520&widgetName=sp_mtf&url=%2FAmorArc-Handmade-Stoneware-Dishwasher-Microwave%2Fdp%2FB09SZ7C4DZ%2Fref%3Dsr_1_32_sspa%3Fcrid%3D1ETD973V81N4Y%26keywords%3Dbowl%26qid%3D1670362033%26sprefix%3Dbowl%252Caps%252C70%26sr%3D8-32-spons%26psc%3D1,https://m.media-amazon.com/images/I/716c5eIFBzL._AC_UL320_.jpg
"[Set of 6] Unbreakable Cereal Bowls, 32 Ounces Microwave and Dishwasher Safe BPA Free Salad Bowls, Stackable for Serving Soup, Oatmeal, Pasta, Noodle - 6 Colors",$18.87,https://www.amazon.com/Unbreakable-Microwave-Dishwasher-Stackable-Serving/dp/B09N3LCVB2/ref=sr_1_33?crid=1ETD973V81N4Y&keywords=bowl&qid=1670362033&sprefix=bowl%2Caps%2C70&sr=8-33,https://m.media-amazon.com/images/I/61dsf2PY2wL._AC_UL320_.jpg
"DOWAN Ceramic Cereal Bowls, 23 Oz Vibrant Color Dessert Bowls for Thanksgiving, Christmas and Kitchen, Soup Bowl Set for Pasta, Salad, Ice Cream and Oatmeal, Set of 6",$36.99,https://www.amazon.com/DOWAN-Ounces-Porcelain-Cereal-Colorful/dp/B07P2H5P3R/ref=sr_1_34?crid=1ETD973V81N4Y&keywords=bowl&qid=1670362033&sprefix=bowl%2Caps%2C70&sr=8-34,https://m.media-amazon.com/images/I/81yeDHhtelL._AC_UL320_.jpg
"Dixie Paper Bowls, 10oz, Dessert or Light Lunch Size Printed Disposable Bowl, 36 Count (Pack of 8)",$31.89,https://www.amazon.com/Dixie-Everyday-Dessert-Printed-Disposable/dp/B01LTHXM3Y/ref=sr_1_36?crid=1ETD973V81N4Y&keywords=bowl&qid=1670362033&rdc=1&sprefix=bowl%2Caps%2C70&sr=8-36,https://m.media-amazon.com/images/I/91pfmuSlvbS._AC_UL320_.jpg
"Getstar Dessert Bowls, Small Porcelain Bowl Set (6 Pcs, 4.5 inch & 10 oz), Microwavable, Dishwasher & Freezer Safe Small Bowls for Ice Cream, Side Dishes, Snacks & Desserts, Set of 6 (White)",$23.99,https://www.amazon.com/Getstar-Porcelain-Microwavable-Dishwasher-Desserts/dp/B09CTJZ5VS/ref=sr_1_37?crid=1ETD973V81N4Y&keywords=bowl&qid=1670362033&sprefix=bowl%2Caps%2C70&sr=8-37,https://m.media-amazon.com/images/I/61grW0PM9NL._AC_UL320_.jpg
"[Set of 8] Unbreakable Cereal Bowls 30 OZ Ramen Bowl Microwave and Dishwasher Safe BPA-Free Eco-Friendly Deep Soup Bowl for Cereal, Salad, Soup, Rice（NOT CERAMIC）",$21.97,https://www.amazon.com/Unbreakable-Cereal-Microwave-Dishwasher-Friendly/dp/B0854548DJ/ref=sr_1_38?crid=1ETD973V81N4Y&keywords=bowl&qid=1670362033&sprefix=bowl%2Caps%2C70&sr=8-38,https://m.media-amazon.com/images/I/61Z2yj1xtRL._AC_UL320_.jpg
"【Set Of 6】Unbreakable Cereal Bowls, 25 OZ Wheat Straw Bowls Microwave and Dishwasher Safe BPA-Free Eco-Friendly Bowl Beige Color for Cereal, Serving ,Soup, Oatmeal, Pasta and Salad（NOT CERAMIC）",$16.94,https://www.amazon.com/6%E3%80%91Unbreakable-Microwave-Dishwasher-Friendly-Serving/dp/B09S632DHL/ref=sr_1_39?crid=1ETD973V81N4Y&keywords=bowl&qid=1670362033&sprefix=bowl%2Caps%2C70&sr=8-39,https://m.media-amazon.com/images/I/51g-dnnkwuL._AC_UL320_.jpg
"KitchenAid Classic Prep Bowls with Lids, Set of 4, Empire Red",$12.48,https://www.amazon.com/KitchenAid-KE176OSERA-Classic-Bowls-Empire/dp/B07TMR8JZ6/ref=sr_1_40?crid=1ETD973V81N4Y&keywords=bowl&qid=1670362033&sprefix=bowl%2Caps%2C70&sr=8-40,https://m.media-amazon.com/images/I/714CxVWiS5L._AC_UL320_.jpg
Corelle Cereal Bowl Set for 6 | 18 Ounce Reusable Soup Bowls in Winter Frost White | Triple Layer Strong Glass is Eco-Friendly and Highly Chip and Crack Resistant | Dishwasher and Microwave Safe,$21.99,https://www.amazon.com/Corelle-Eco-Friendly-Resistant-Dishwasher-Microwave/dp/B00F39GHDM/ref=sr_1_41?crid=1ETD973V81N4Y&keywords=bowl&qid=1670362033&sprefix=bowl%2Caps%2C70&sr=8-41,https://m.media-amazon.com/images/I/61lNHwTE1wL._AC_UL320_.jpg
"US Acrylic Fresco 28 oz. Plastic Stackable Snack Bowls for Cereal and Ice Cream in Grey Stone | Set of 8 | 6-inch Reusable, BPA-Free, Made in the USA, Dishwasher Safe Dinnerware",$14.99,https://www.amazon.com/US-Acrylic-Stackable-Dishwasher-Dinnerware/dp/B09YYV546Z/ref=sr_1_43?crid=1ETD973V81N4Y&keywords=bowl&qid=1670362033&sprefix=bowl%2Caps%2C70&sr=8-43,https://m.media-amazon.com/images/I/51u9yiNJgJL._AC_UL320_.jpg
"100% Compostable 16 oz. Paper Bowls [125-Pack] Heavy-Duty Disposable Bowls Bulk Pack, Eco-Friendly Natural Unbleached Bagasse, Hot or Cold Use, Biodegradable Made of Sugar Cane Fibers",$19.99,https://www.amazon.com/100-Compostable-oz-Bowls-Biodegradable/dp/B08F82MK6T/ref=sr_1_44?crid=1ETD973V81N4Y&keywords=bowl&qid=1670362033&sprefix=bowl%2Caps%2C70&sr=8-44,https://m.media-amazon.com/images/I/81hLHdE4MKL._AC_UL320_.jpg
"Y YHY Pasta Bowls 30oz, Large Salad Serving Bowls, White Soup Bowls, Porcelain Pasta Bowls Set of 6, Microwave Dishwasher Safe",$29.11,https://www.amazon.com/YHY-Ounces-Porcelain-Pasta-Serving/dp/B07NP7HWZ2/ref=sr_1_45?crid=1ETD973V81N4Y&keywords=bowl&qid=1670362033&sprefix=bowl%2Caps%2C70&sr=8-45,https://m.media-amazon.com/images/I/51hUAPMfehL._AC_UL320_.jpg
"Selamica Porcelain 40oz Large Bowls 9 inch Big Pasta Salad Bowls, Microwave and Oven Safe, Assorted Colors, Set of 6",$46.99,https://www.amazon.com/Selamica-Ceramic-Shallow-Assorted-Colors/dp/B09D3H8SQX/ref=sr_1_46?crid=1ETD973V81N4Y&keywords=bowl&qid=1670362033&sprefix=bowl%2Caps%2C70&sr=8-46,https://m.media-amazon.com/images/I/71pRy+DaSdL._AC_UL320_.jpg
"100% Compostable 12 oz. Paper Bowls [125-Pack] Heavy-Duty Quality Natural Disposable Bagasse, Eco-Friendly Biodegradable Made of Sugar Cane Fibers",$17.99,https://www.amazon.com/oz-Paper-Bowls-125-Pack-Biodegradable/dp/B07X5265HW/ref=sr_1_47?crid=1ETD973V81N4Y&keywords=bowl&qid=1670362033&sprefix=bowl%2Caps%2C70&sr=8-47,https://m.media-amazon.com/images/I/81m-pYYDUQL._AC_UL320_.jpg
"Mixing Bowls with Airtight Lids, 20PCS Stainless Steel Mixing Bowls Set, Nesting Bowls with 3 Grater Attachments & Non-Slip Bottoms, Size7, 4, 3, 2, 1.5, 1QT Bowls for Baking&Prepping",$40.99,https://www.amazon.com/Airtight-Stainless-Attachments-Measurement-Non-Slip/dp/B08V8Y9H94/ref=sr_1_48?crid=1ETD973V81N4Y&keywords=bowl&qid=1670362033&sprefix=bowl%2Caps%2C70&sr=8-48,https://m.media-amazon.com/images/I/61qpze2nPtS._AC_UL320_.jpg
"Ziploc Food Storage Meal Prep Containers Reusable for Kitchen Organization, Smart Snap Technology, Dishwasher Safe, Deep Rectangle, 2 Count",$3.79,https://www.amazon.com/Ziploc-Large-Rectangle-Containers-Count/dp/B074G4KCNW/ref=sr_1_49?crid=1ETD973V81N4Y&keywords=bowl&qid=1670362033&sprefix=bowl%2Caps%2C70&sr=8-49,https://m.media-amazon.com/images/I/81hUeoYICaL._AC_UL320_.jpg
"FERAHI Ceramic Bowls, 10 Oz Small Bowls, Set of 8 Ice Cream Bowls, Dessert Bowls, Cereal Bowls for Salsa, Rice, Sauce, Side Dishes, Snack, Condiment, 4.75 Inch-Microwave Dishwasher Safe, Faded Paint",$20.99,https://www.amazon.com/FERAHI-Ceramic-Condiment-Inch-Microwave-Dishwasher/dp/B09Z6QDWGG/ref=sr_1_50?crid=1ETD973V81N4Y&keywords=bowl&qid=1670362033&sprefix=bowl%2Caps%2C70&sr=8-50,https://m.media-amazon.com/images/I/81bqs8ONN6L._AC_UL320_.jpg
"vancasso Starry Cereal Bowls, Soup Pasta Bowls, 25 Ounce - 6.9"" Ceramic Serving Bowls for Kitchen, Housewarming Gift, Large Bowls Set of 4 for Dessert Dinner, Dishwasher & Microwave & Oven Safe, Green",$27.99,https://www.amazon.com/vancasso-Cereal-Bowls-Pasta-Ounce/dp/B09S3NSCYJ/ref=sr_1_51?crid=1ETD973V81N4Y&keywords=bowl&qid=1670362033&sprefix=bowl%2Caps%2C70&sr=8-51,https://m.media-amazon.com/images/I/81ZnsN5TdOL._AC_UL320_.jpg
"Soup Cereal Bowls Set of 4, HLUKANA 32 Ounce Ceramic Bowls Set, Great Cereal Bowls, Salad, Rice, Pasta or Soup Bowls, Large Capacity, Microwavable Ceramic Bowls, Heat and Cold Resistant Porcelain",$21.99,https://www.amazon.com/HLUKANA-Capacity-Microwavable-Resistant-Porcelain/dp/B0992852YP/ref=sr_1_52?crid=1ETD973V81N4Y&keywords=bowl&qid=1670362033&sprefix=bowl%2Caps%2C70&sr=8-52,https://m.media-amazon.com/images/I/81Xm4VquEyL._AC_UL320_.jpg
100 Count Disposable 5 ounce White Plastic Dessert Bowls,$9.99,https://www.amazon.com/Count-Disposable-ounce-Plastic-Dessert/dp/B08CY85RTB/ref=sr_1_53?crid=1ETD973V81N4Y&keywords=bowl&qid=1670362033&sprefix=bowl%2Caps%2C70&sr=8-53,https://m.media-amazon.com/images/I/61O6ptOAZiL._AC_UL320_.jpg
"Yedio White Ceramic Cereal Bowls, 17 Ounce Porcelain Bowl for Kitchen Cereal Soup Rice Salad Pasta Dessert Snack Fruits Ice Cream, Set of 6, Microwave Dishwasher Freezer Oven Safe Easy Clean Stackable",$19.99,https://www.amazon.com/Yedio-Porcelain-Kitchen-Microwave-Dishwasher/dp/B08ZS76VD6/ref=sr_1_54?crid=1ETD973V81N4Y&keywords=bowl&qid=1670362033&sprefix=bowl%2Caps%2C70&sr=8-54,https://m.media-amazon.com/images/I/51v4N2Fb1lS._AC_UL320_.jpg
"Sweese 10 oz Porcelain Bowls Set of 6 - for Ice Cream, Dessert, Soup, Small Side Dishes, Salad, Cereal, Rice - Microwave, Dishwasher and Oven Safe - White - 101.001",$27.99,https://www.amazon.com/Sweese-101-001-Porcelain-Bowls-Dessert/dp/B072JVNQQB/ref=sr_1_55?crid=1ETD973V81N4Y&keywords=bowl&qid=1670362033&sprefix=bowl%2Caps%2C70&sr=8-55,https://m.media-amazon.com/images/I/619-gOxSTtL._AC_UL320_.jpg
"Vivimee Unbreakable Japanese Style Ramen Bowl Set of 2, 37oz Black Large Ramen Bowls and Spoons Set with Chopsticks & Saucers for Pho Thai Miso Udon Soup Noodles or Asian Food, Matte Melamine Bowls",$29.99,https://www.amazon.com/Unbreakable-Japanese-Vivimee-Chopsticks-Melamine/dp/B08QMX9HJP/ref=sr_1_56?crid=1ETD973V81N4Y&keywords=bowl&qid=1670362033&sprefix=bowl%2Caps%2C70&sr=8-56,https://m.media-amazon.com/images/I/71BAF-Jev9L._AC_UL320_.jpg
"SULIVES Cereal Bowls Set of 4, 6 Inch Ceramic Bowls for Kitchen, Colorful Cute Serving Bowls Set for Soup Salad Pasta Ramen Fruit - 26 OZ",$34.99,https://www.amazon.com/SULIVES-Ceramic-Kitchen-Colorful-Serving/dp/B0B6NVHTQ3/ref=sr_1_57?crid=1ETD973V81N4Y&keywords=bowl&qid=1670362033&sprefix=bowl%2Caps%2C70&sr=8-57,https://m.media-amazon.com/images/I/81eQBQuf5PL._AC_UL320_.jpg
"Farielyn-X 8.3"" Large Salad Soup Ramen Bowls, 68 OZ Super Stackable Round Fine Porcelain Cereal Pasta Serving Bowl Sets, 2 Pack - Microwavable Ceramic Bowls - Heat and Cold Resistant Porcelain",$21.99,https://www.amazon.com/Farielyn-X-Stackable-Porcelain-Cereal-Serving/dp/B08JC5238J/ref=sr_1_58?crid=1ETD973V81N4Y&keywords=bowl&qid=1670362033&sprefix=bowl%2Caps%2C70&sr=8-58,https://m.media-amazon.com/images/I/81aUxO6CBxL._AC_UL320_.jpg
AmazonCommercial 9.25 in. White Melamine Spaghetti Bowl - 6 Piece Set,$11.44,https://www.amazon.com/gp/slredirect/picassoRedirect.html/ref=pa_sp_btf_aps_sr_pg1_1?ie=UTF8&adId=A0051656QDA6HJ1P5BAZ&qualifier=1670362033&id=1604240383969520&widgetName=sp_btf&url=%2FAmazonCommercial-9-25-White-Melamine-Spaghetti%2Fdp%2FB08F5PMRH2%2Fref%3Dsr_1_59_sspa%3Fcrid%3D1ETD973V81N4Y%26keywords%3Dbowl%26qid%3D1670362033%26sprefix%3Dbowl%252Caps%252C70%26sr%3D8-59-spons%26psc%3D1,https://m.media-amazon.com/images/I/61Db-nYnWdL._AC_UL320_.jpg
"Selamica Porcelain 10oz Cereal Bowl Set - Set of 6, 5 inch Soup Bowls, Ceramic bowls for Dessert, Ice Cream, Assorted Colors",$25.99,https://www.amazon.com/gp/slredirect/picassoRedirect.html/ref=pa_sp_btf_aps_sr_pg1_1?ie=UTF8&adId=A0871101OIC8DUQ927K3&qualifier=1670362033&id=1604240383969520&widgetName=sp_btf&url=%2FSelamica-Porcelain-10oz-Bowls-Set%2Fdp%2FB089MHNW1N%2Fref%3Dsr_1_60_sspa%3Fcrid%3D1ETD973V81N4Y%26keywords%3Dbowl%26qid%3D1670362033%26sprefix%3Dbowl%252Caps%252C70%26sr%3D8-60-spons%26psc%3D1,https://m.media-amazon.com/images/I/71qMBfvyZ2L._AC_UL320_.jpg
