item_name,price,link_to_item,link_to_item_image
Google Pixel 7-5G Android Phone - Unlocked Smartphone with Wide Angle Lens and 24-Hour Battery - 256GB - Lemongrass,$699.00,https://www.amazon.com/gp/slredirect/picassoRedirect.html/ref=pa_sp_atf_aps_sr_pg1_1?ie=UTF8&adId=A0729024120Q6F49UN3HA&qualifier=1670362085&id=1348911016461129&widgetName=sp_atf&url=%2FGoogle-Pixel-7-5G-Android-Phone%2Fdp%2FB0BCRC3Q3R%2Fref%3Dsr_1_1_sspa%3Fcrid%3D1ETD973V81N4Y%26keywords%3Dcell%2Bphone%26qid%3D1670362085%26sprefix%3Dcell%2Bphone%252Caps%252C70%26sr%3D8-1-spons%26psc%3D1,https://m.media-amazon.com/images/I/816gMjg908L._AC_UY218_.jpg
"SAMSUNG Galaxy S22+ Cell Phone, Factory Unlocked Android Smartphone, 256GB, 8K Camera & Video, Brightest Display Screen, Long Battery Life, Fast 4nm Processor, US Version, Green",$849.99,https://www.amazon.com/gp/slredirect/picassoRedirect.html/ref=pa_sp_atf_aps_sr_pg1_1?ie=UTF8&adId=A0219964DP5Q269LMS1A&qualifier=1670362085&id=1348911016461129&widgetName=sp_atf&url=%2FSAMSUNG-Smartphone-Unlocked-Brightest-Processor%2Fdp%2FB09MVYNR2H%2Fref%3Dsr_1_2_sspa%3Fcrid%3D1ETD973V81N4Y%26keywords%3Dcell%2Bphone%26qid%3D1670362085%26sprefix%3Dcell%2Bphone%252Caps%252C70%26sr%3D8-2-spons%26psc%3D1,https://m.media-amazon.com/images/I/71GFJM41gKL._AC_UY218_.jpg
"Simple Mobile Motorola Moto g Pure, 32GB, Blue - Prepaid Smartphone (Locked)",$39.99,https://www.amazon.com/Simple-Mobile-Motorola-Moto-Pure/dp/B0BHF67H9N/ref=sr_1_4?crid=1ETD973V81N4Y&keywords=cell+phone&qid=1670362085&sprefix=cell+phone%2Caps%2C70&sr=8-4,https://m.media-amazon.com/images/I/71zGrrAe5NL._AC_UY218_.jpg
Moto G Power | 2021 | 3-Day battery | Unlocked | Made for US by Motorola | 4/64GB | 48MP Camera | Gray,$129.99,https://www.amazon.com/Power-battery-Unlocked-Motorola-Camera/dp/B08NWBY8YJ/ref=sr_1_5?crid=1ETD973V81N4Y&keywords=cell+phone&qid=1670362085&sprefix=cell+phone%2Caps%2C70&sr=8-5,https://m.media-amazon.com/images/I/61jKxwxAZFL._AC_UY218_.jpg
"SAMSUNG Galaxy A53 5G A Series Cell Phone, Factory Unlocked Android Smartphone, 128GB, 6.5” FHD Super AMOLED Screen, Long Battery Life, US Version, Black",$399.00,https://www.amazon.com/gp/slredirect/picassoRedirect.html/ref=pa_sp_mtf_aps_sr_pg1_1?ie=UTF8&adId=A1037871XKHUZ94AZ6CB&qualifier=1670362085&id=1348911016461129&widgetName=sp_mtf&url=%2FSAMSUNG-Factory-Unlocked-Android-Smartphone%2Fdp%2FB09R6FJWWS%2Fref%3Dsr_1_6_sspa%3Fcrid%3D1ETD973V81N4Y%26keywords%3Dcell%2Bphone%26qid%3D1670362085%26sprefix%3Dcell%2Bphone%252Caps%252C70%26sr%3D8-6-spons%26psc%3D1,https://m.media-amazon.com/images/I/71HN4P-pd5L._AC_UY218_.jpg
"SAMSUNG Galaxy Z Flip 4 Cell Phone, Factory Unlocked Android Smartphone, 256GB, Flex Mode, Hands Free Camera, Compact, Foldable Design, Informative Cover Screen, US Version, Bora Purple",$909.99,https://www.amazon.com/gp/slredirect/picassoRedirect.html/ref=pa_sp_mtf_aps_sr_pg1_1?ie=UTF8&adId=A05528271ZKB43L32HKFY&qualifier=1670362085&id=1348911016461129&widgetName=sp_mtf&url=%2FSAMSUNG-Unlocked-Smartphone-Foldable-Informative%2Fdp%2FB0B3T9D5T8%2Fref%3Dsr_1_7_sspa%3Fcrid%3D1ETD973V81N4Y%26keywords%3Dcell%2Bphone%26qid%3D1670362085%26sprefix%3Dcell%2Bphone%252Caps%252C70%26sr%3D8-7-spons%26psc%3D1,https://m.media-amazon.com/images/I/51K7abmErwL._AC_UY218_.jpg
"Tracfone Samsung Galaxy A03s, 32GB, Black - Prepaid Smartphone (Locked)",$49.88,https://www.amazon.com/gp/slredirect/picassoRedirect.html/ref=pa_sp_mtf_aps_sr_pg1_1?ie=UTF8&adId=A03295692QWTD3D9YXRNX&qualifier=1670362085&id=1348911016461129&widgetName=sp_mtf&url=%2FTracfone-Samsung-Galaxy-A03s-Black%2Fdp%2FB09T2JFWKR%2Fref%3Dsr_1_8_sspa%3Fcrid%3D1ETD973V81N4Y%26keywords%3Dcell%2Bphone%26qid%3D1670362085%26sprefix%3Dcell%2Bphone%252Caps%252C70%26sr%3D8-8-spons%26psc%3D1,https://m.media-amazon.com/images/I/812woqv69CL._AC_UY218_.jpg
"UMIDIGI Cell Phone G1, Android12 Unlocked Cell Phone, Dual Sim 4G LTE Mobile Phone, 2+32GB 256G Expandable, 6.52"" HD+, 5150mAh, GSM Unlocked",$99.99,https://www.amazon.com/gp/slredirect/picassoRedirect.html/ref=pa_sp_mtf_aps_sr_pg1_1?ie=UTF8&adId=A071776436PHHUSOL8U5K&qualifier=1670362085&id=1348911016461129&widgetName=sp_mtf&url=%2FUMIDIGI-G1-Android12-Unlocked-Expandable%2Fdp%2FB0B6H61222%2Fref%3Dsr_1_9_sspa%3Fcrid%3D1ETD973V81N4Y%26keywords%3Dcell%2Bphone%26qid%3D1670362085%26sprefix%3Dcell%2Bphone%252Caps%252C70%26sr%3D8-9-spons%26psc%3D1,https://m.media-amazon.com/images/I/714Dh3h3R8L._AC_UY218_.jpg
"Samsung Galaxy S10e, 128GB, Prism Black - Unlocked (Renewed)",$144.00,https://www.amazon.com/Samsung-Galaxy-128GB-Prism-Black/dp/B082T4F34B/ref=sr_1_10?crid=1ETD973V81N4Y&keywords=cell+phone&qid=1670362085&sprefix=cell+phone%2Caps%2C70&sr=8-10,https://m.media-amazon.com/images/I/71bK3oKRCOL._AC_UY218_.jpg
"Simple Mobile BLU View 2, 32GB, Black - Prepaid Smartphone (Locked)",$28.62,https://www.amazon.com/Simple-Mobile-View-32GB-Black/dp/B0BHF4TDPL/ref=sr_1_11?crid=1ETD973V81N4Y&keywords=cell+phone&qid=1670362085&sprefix=cell+phone%2Caps%2C70&sr=8-11,https://m.media-amazon.com/images/I/614MpQ2+ODL._AC_UY218_.jpg
"SAMSUNG Galaxy A53 5G A Series Cell Phone, Factory Unlocked Android Smartphone, 128GB, 6.5” FHD Super AMOLED Screen, Long Battery Life, US Version, Black",$399.00,https://www.amazon.com/SAMSUNG-Factory-Unlocked-Android-Smartphone/dp/B09R6FJWWS/ref=sr_1_12?crid=1ETD973V81N4Y&keywords=cell+phone&qid=1670362085&sprefix=cell+phone%2Caps%2C70&sr=8-12,https://m.media-amazon.com/images/I/71HN4P-pd5L._AC_UY218_.jpg
"TracFone BLU View 2 (2022) 4G LTE, 32GB, Sim Card Included, Black - Prepaid Smartphone (Locked)",$29.35,https://www.amazon.com/TracFone-View-Prepaid-Smartphone-Locked/dp/B09XFJY4N4/ref=sr_1_13?crid=1ETD973V81N4Y&keywords=cell+phone&qid=1670362085&sprefix=cell+phone%2Caps%2C70&sr=8-13,https://m.media-amazon.com/images/I/61qTWOAsIPL._AC_UY218_.jpg
"OUKITEL C21 Pro Unlocked Smartphones 21MP Triple Camera Mobile Phone 6.39"" HD+ Unlocked Cell Phones 4GB + 64GB/256GB External SD 4000mAh Battery Android 11 Dual SIM/OTG/GPS/WiFi",$99.99,https://www.amazon.com/OUKITEL-C21-Octa-core-Processor-Smartphones/dp/B08K2K831J/ref=sr_1_14?crid=1ETD973V81N4Y&keywords=cell+phone&qid=1670362085&sprefix=cell+phone%2Caps%2C70&sr=8-14,https://m.media-amazon.com/images/I/61J0MsXLb+L._AC_UY218_.jpg
Moto G Pure | 2021 | 2-Day battery | Unlocked | Made for US by Motorola | 3/32GB | 13MP Camera | Deep Indigo,$120.23,https://www.amazon.com/battery-Unlocked-Motorola-Camera-Indigo/dp/B09BTB5MKT/ref=sr_1_15?crid=1ETD973V81N4Y&keywords=cell+phone&qid=1670362085&sprefix=cell+phone%2Caps%2C70&sr=8-15,https://m.media-amazon.com/images/I/61voYsPhFTL._AC_UY218_.jpg
Motorola Moto G Stylus 5G | 2021 | 2-Day Battery | Unlocked | Made for US 4/128GB | 48MP Camera | Cosmic Emerald,$179.99,https://www.amazon.com/Motorola-Stylus-Battery-Unlocked-Emerald/dp/B0BFYRV4CD/ref=sr_1_16?crid=1ETD973V81N4Y&keywords=cell+phone&qid=1670362085&sprefix=cell+phone%2Caps%2C70&sr=8-16,https://m.media-amazon.com/images/I/41wKBxAos4L._AC_UY218_.jpg
"SAMSUNG Galaxy S22 Ultra Cell Phone, Factory Unlocked Android Smartphone, 128GB, 8K Camera & Video, Brightest Display Screen, S Pen, Long Battery Life, Fast 4nm Processor, US Version, Phantom Black",$878.99,https://www.amazon.com/SAMSUNG-Smartphone-Unlocked-Brightest-Processor/dp/B09MVZSW5V/ref=sr_1_17?crid=1ETD973V81N4Y&keywords=cell+phone&qid=1670362085&sprefix=cell+phone%2Caps%2C70&sr=8-17,https://m.media-amazon.com/images/I/61U6oC65TTL._AC_UY218_.jpg
Samsung Galaxy S20+ 5G 128GB Fully Unlocked Smartphone (Renewed),$249.00,https://www.amazon.com/Galaxy-S20-5G-Unlocked-Smartphone/dp/B08FRQMW31/ref=sr_1_18?crid=1ETD973V81N4Y&keywords=cell+phone&qid=1670362085&sprefix=cell+phone%2Caps%2C70&sr=8-18,https://m.media-amazon.com/images/I/61BgDOd6ViL._AC_UY218_.jpg
Motorola Moto Revvlry + / G7 Plus | Made for The USA 4/64GB | 16MP Dual Camera System | Black t-Mobile,$69.00,https://www.amazon.com/Motorola-Revvlry-Camera-System-t-Mobile/dp/B0B4KSHVS3/ref=sr_1_19?crid=1ETD973V81N4Y&keywords=cell+phone&qid=1670362085&sprefix=cell+phone%2Caps%2C70&sr=8-19,https://m.media-amazon.com/images/I/41nJoojccwL._AC_UY218_.jpg
Moto G stylus | 2021 | 2-Day battery | Unlocked | Made for US by Motorola | 4/128GB | 48MP Camera | Black,$149.99,https://www.amazon.com/stylus-battery-Unlocked-Motorola-Camera/dp/B08NWF8SL4/ref=sr_1_20?crid=1ETD973V81N4Y&keywords=cell+phone&qid=1670362085&sprefix=cell+phone%2Caps%2C70&sr=8-20,https://m.media-amazon.com/images/I/71EZ6W1itcL._AC_UY218_.jpg
Moto G Stylus 5G | 2021 | 2-Day battery | Unlocked | Made for US by Motorola | 6/256GB | 48MP Camera | Cosmic Emerald,$199.99,https://www.amazon.com/Stylus-Battery-Unlocked-Motorola-Emerald/dp/B092BYTXM3/ref=sr_1_21?crid=1ETD973V81N4Y&keywords=cell+phone&qid=1670362085&sprefix=cell+phone%2Caps%2C70&sr=8-21,https://m.media-amazon.com/images/I/61ACu5xcNpL._AC_UY218_.jpg
"SAMSUNG Galaxy Z Flip 4 Cell Phone, Factory Unlocked Android Smartphone, 256GB, Flex Mode, Hands Free Camera, Compact, Foldable Design, Informative Cover Screen, US Version, Graphite",$909.99,https://www.amazon.com/SAMSUNG-Unlocked-Smartphone-Foldable-Informative/dp/B0B3T9RBC5/ref=sr_1_22?crid=1ETD973V81N4Y&keywords=cell+phone&qid=1670362085&sprefix=cell+phone%2Caps%2C70&sr=8-22,https://m.media-amazon.com/images/I/51DWctAXAbL._AC_UY218_.jpg
