item_name,price,link_to_item,link_to_item_image
"Ball & Cast Upholstered Bench, 44""W, Black - Taper Leg",$85.44,https://www.amazon.com/gp/slredirect/picassoRedirect.html/ref=pa_sp_atf_aps_sr_pg1_1?ie=UTF8&adId=A01775283ZAPXFCAKEIU&qualifier=1670361958&id=5725396861693271&widgetName=sp_atf&url=%2FBall-Cast-HSA-7001-Upholstered-Living%2Fdp%2FB085NVM2RY%2Fref%3Dsr_1_1_sspa%3Fcrid%3D1ETD973V81N4Y%26keywords%3Dbench%26qid%3D1670361958%26sprefix%3Dbench%252Caps%252C70%26sr%3D8-1-spons%26psc%3D1,https://m.media-amazon.com/images/I/813GXhNB4aS._AC_UL320_.jpg
"FLYBIRD Weight Bench, Adjustable Strength Training Bench for Full Body Workout with Fast Folding-New Version",$149.99,https://www.amazon.com/gp/slredirect/picassoRedirect.html/ref=pa_sp_atf_aps_sr_pg1_1?ie=UTF8&adId=A03876661801UQ4ZOR06R&qualifier=1670361958&id=5725396861693271&widgetName=sp_atf&url=%2FFLYBIRD-Adjustable-Workout-Multi-Purpose-Foldable%2Fdp%2FB07DNYSJ8W%2Fref%3Dsr_1_2_sspa%3Fcrid%3D1ETD973V81N4Y%26keywords%3Dbench%26qid%3D1670361958%26sprefix%3Dbench%252Caps%252C70%26sr%3D8-2-spons%26psc%3D1,https://m.media-amazon.com/images/I/61BZVvxncZL._AC_UL320_.jpg
"LINODI Weight Bench, Adjustable Strength Training Benches for Full Body Workout, Multi-Purpose Foldable Incline Decline Home Gym Bench",$108.89,https://www.amazon.com/gp/slredirect/picassoRedirect.html/ref=pa_sp_atf_aps_sr_pg1_1?ie=UTF8&adId=A08606463PVUWCIVCMHYG&qualifier=1670361958&id=5725396861693271&widgetName=sp_atf&url=%2FLINODI-Adjustable-Strength-Training-Multi-Purpose%2Fdp%2FB08GM14SQQ%2Fref%3Dsr_1_3_sspa%3Fcrid%3D1ETD973V81N4Y%26keywords%3Dbench%26qid%3D1670361958%26sprefix%3Dbench%252Caps%252C70%26sr%3D8-3-spons%26psc%3D1%26smid%3DA15IM6SMWUC88U,https://m.media-amazon.com/images/I/71IYrhv2AzL._AC_UL320_.jpg
"FLYBIRD Adjustable Bench,Utility Weight Bench for Full Body Workout- Multi-Purpose Foldable incline/decline Bench (Black)",$145.99,https://www.amazon.com/gp/slredirect/picassoRedirect.html/ref=pa_sp_atf_aps_sr_pg1_1?ie=UTF8&adId=A10088172WWSE3Q3C5CVM&qualifier=1670361958&id=5725396861693271&widgetName=sp_atf&url=%2FFLYBIRD-Adjustable-Workout-Multi-Purpose-Foldable%2Fdp%2FB07HNLBZ4Y%2Fref%3Dsr_1_4_sspa%3Fcrid%3D1ETD973V81N4Y%26keywords%3Dbench%26qid%3D1670361958%26sprefix%3Dbench%252Caps%252C70%26sr%3D8-4-spons%26psc%3D1,https://m.media-amazon.com/images/I/61LCzHjGfRL._AC_UL320_.jpg
"Lifetime 80305 Portable Folding Bench , White",$51.10,https://www.amazon.com/Lifetime-80305-Portable-Folding-Bench/dp/B00CTVRB50/ref=sr_1_5?crid=1ETD973V81N4Y&keywords=bench&qid=1670361958&sprefix=bench%2Caps%2C70&sr=8-5,https://m.media-amazon.com/images/I/51tl4In7VlL._AC_UL320_.jpg
"SONGMICS Shoe Rack Bench, 3-Tier Bamboo Shoe Organizer, Storage Shelf Holds Up to 264 lb, Ideal for Entryway Bathroom Living Corridor, Natural ULBS04N",$36.65,https://www.amazon.com/SONGMICS-Organizer-Entryway-Bathroom-ULBS04N/dp/B00NL8NB6S/ref=sr_1_6?crid=1ETD973V81N4Y&keywords=bench&qid=1670361958&sprefix=bench%2Caps%2C70&sr=8-6,https://m.media-amazon.com/images/I/71RfmwrKtgS._AC_UL320_.jpg
"SOSPIRO 60 inch Farmhouse Solid Wooden Dining Bench with Metal Frame, Indoor Kitchen Table Bench Seating for Dining Room Living Room Entryway, Brown",$139.99,https://www.amazon.com/SOSPIRO-Farmhouse-Dining-Bench-Entryway/dp/B0BLVPHF3K/ref=sr_1_7?crid=1ETD973V81N4Y&keywords=bench&qid=1670361958&sprefix=bench%2Caps%2C70&sr=8-7,https://m.media-amazon.com/images/I/61qAWaGw7vL._AC_UL320_.jpg
"Ball & Cast Upholstered Bench, 44""W, Black - Taper Leg",$85.44,https://www.amazon.com/Ball-Cast-HSA-7001-Upholstered-Living/dp/B085NVM2RY/ref=sr_1_8?crid=1ETD973V81N4Y&keywords=bench&qid=1670361958&sprefix=bench%2Caps%2C70&sr=8-8,https://m.media-amazon.com/images/I/813GXhNB4aS._AC_UL320_.jpg
"Boraam Farmhouse Bench, White/Natural",$68.99,https://www.amazon.com/Boraam-36369-Farmhouse-Bench-Natural/dp/B0009NZQRU/ref=sr_1_9?crid=1ETD973V81N4Y&keywords=bench&qid=1670361958&sprefix=bench%2Caps%2C70&sr=8-9,https://m.media-amazon.com/images/I/51wuEEjq43L._AC_UL320_.jpg
"Backyard Discovery Garden Farmhouse Wood Bench, Indoor and Outdoor Accent, Walkway, Gardens, Patio, Porch, Walnut",$99.00,https://www.amazon.com/Backyard-Discovery-2006638-Garden-Farmhouse/dp/B086R67TDY/ref=sr_1_10?crid=1ETD973V81N4Y&keywords=bench&qid=1670361958&sprefix=bench%2Caps%2C70&sr=8-10,https://m.media-amazon.com/images/I/91j0Tx723KL._AC_UL320_.jpg
Yaheetech Modern Ottoman Bench Velvet Bench Upholstered Footrest for Living Room with Gold Metal Legs and Padded Seat Ivory,$47.99,https://www.amazon.com/Yaheetech-Modern-Ottoman-Upholstered-Footrest/dp/B0BJ8DXBMB/ref=sr_1_11?crid=1ETD973V81N4Y&keywords=bench&qid=1670361958&sprefix=bench%2Caps%2C70&sr=8-11,https://m.media-amazon.com/images/I/71hlF6M4pvL._AC_UL320_.jpg
"JMLHMXC Bamboo Shoe Rack Bench, 34''L*12.5''W*17.5''H Extended Edition 3-Tier Shoe Rack for entryway,Wooden Shoe Shelf Organizer Holds up to 300 lbs Ideal for Hallway Bathroom Living Room Mudroom",$48.99,https://www.amazon.com/Entryway-Storage-Organizer-Hallway-Bathroom/dp/B09FX7653N/ref=sr_1_12?crid=1ETD973V81N4Y&keywords=bench&qid=1670361958&sprefix=bench%2Caps%2C70&sr=8-12,https://m.media-amazon.com/images/I/71VP7Z9DmFL._AC_UL320_.jpg
Yaheetech 52in Living Room Bench Folding Storage Ottoman Bench Tufted Linen Entryway Couch with Arms Large Footstool Foot Rest Seat with 66lb Storage Space,$99.99,https://www.amazon.com/Yaheetech-Folding-Storage-Entryway-Footstool/dp/B09NPHDJCC/ref=sr_1_13?crid=1ETD973V81N4Y&keywords=bench&qid=1670361958&sprefix=bench%2Caps%2C70&sr=8-13,https://m.media-amazon.com/images/I/81BM0MZKYWL._AC_UL320_.jpg
"APICIZON Bamboo Shoe Storage Bench for Living Room, Entryway Storage Premium Shoe Organizer or Entryway Bench, Gray",$39.99,https://www.amazon.com/APICIZON-Storage-Entryway-Premium-Organizer/dp/B09TPMTYC9/ref=sr_1_14?crid=1ETD973V81N4Y&keywords=bench&qid=1670361958&sprefix=bench%2Caps%2C70&sr=8-14,https://m.media-amazon.com/images/I/715+qbwACnL._AC_UL320_.jpg
"VONLUCE Ottoman Bench, 47 Inch French Vintage Bench with Padded Seat Wood Frame, Button Tufted Bench for Entryway Living Room Bedroom Decor, Vanity & Piano Bench End of Bed Bench & Foot Stool, Beige",$109.99,https://www.amazon.com/VONLUCE-Ottoman-Vintage-Entryway-Bedroom/dp/B0BGLPRNMT/ref=sr_1_15?crid=1ETD973V81N4Y&keywords=bench&qid=1670361958&sprefix=bench%2Caps%2C70&sr=8-15,https://m.media-amazon.com/images/I/61nLfU5ck3L._AC_UL320_.jpg
"DINZI LVJ Shoe Bench, 12 Cubbies Shoe Organizer for Entryway, Storage Bench with Cushion, Cubby Shoe Rack with Adjustable Shelves for Living Room, Bedroom, Mudroom, Hallway, Grey Wash",$92.99,https://www.amazon.com/DINZI-LVJ-Organizer-Entryway-Adjustable/dp/B09HY3WC9Q/ref=sr_1_16?crid=1ETD973V81N4Y&keywords=bench&qid=1670361958&sprefix=bench%2Caps%2C70&sr=8-16,https://m.media-amazon.com/images/I/71WgHlkqliL._AC_UL320_.jpg
"Ball & Cast Upholstered Velvet Storage Bench 44""W x 16""D x 18""H Rose,Golden Powder Coating Legs Set of 1",$152.17,https://www.amazon.com/gp/slredirect/picassoRedirect.html/ref=pa_sp_mtf_aps_sr_pg1_1?ie=UTF8&adId=A025526089OG924NXDZU&qualifier=1670361958&id=5725396861693271&widgetName=sp_mtf&url=%2FBall-Cast-Upholstered-Storage-HSA-7004%2Fdp%2FB08GKGZZKB%2Fref%3Dsr_1_17_sspa%3Fcrid%3D1ETD973V81N4Y%26keywords%3Dbench%26qid%3D1670361958%26sprefix%3Dbench%252Caps%252C70%26sr%3D8-17-spons%26psc%3D1,https://m.media-amazon.com/images/I/81z6s-q9QIL._AC_UL320_.jpg
"IBF Natural Real Wood Entryway Bench, Solid Wood Storage Bench, Industrial Bedroom Bench in Entry Way Hallway Foyer Rack, Modern Shoe Bench Seat for Living Bed Room Indoor, Rustic Brown, 47 Inch",$139.97,https://www.amazon.com/gp/slredirect/picassoRedirect.html/ref=pa_sp_mtf_aps_sr_pg1_1?ie=UTF8&adId=A10000033ACWMIV3URBFN&qualifier=1670361958&id=5725396861693271&widgetName=sp_mtf&url=%2FIBF-Natural-Entryway-Storage-Industrial%2Fdp%2FB0B8RKMLVR%2Fref%3Dsr_1_18_sspa%3Fcrid%3D1ETD973V81N4Y%26keywords%3Dbench%26qid%3D1670361958%26sprefix%3Dbench%252Caps%252C70%26sr%3D8-18-spons%26psc%3D1,https://m.media-amazon.com/images/I/618rVYXkvSL._AC_UL320_.jpg
"IRONCK Shoe Storage Bench, Entryway Bench with Lift Top Storage Box, Metal and Board Bench for Entryway, 2-Tier Shoe Rack Organizer for Entryway, Bedroom, Hallway, Industrial, Vintage Brown",$109.99,https://www.amazon.com/gp/slredirect/picassoRedirect.html/ref=pa_sp_mtf_aps_sr_pg1_1?ie=UTF8&adId=A00373022V39TRWWZBUSA&qualifier=1670361958&id=5725396861693271&widgetName=sp_mtf&url=%2FIRONCK-Storage-Entryway-Organizer-Industrial%2Fdp%2FB09V7SFSX3%2Fref%3Dsr_1_19_sspa%3Fcrid%3D1ETD973V81N4Y%26keywords%3Dbench%26qid%3D1670361958%26sprefix%3Dbench%252Caps%252C70%26sr%3D8-19-spons%26psc%3D1,https://m.media-amazon.com/images/I/81EX2T6UstL._AC_UL320_.jpg
"IRONCK Storage Bench, Industrial Shoe Rack Bench with Storage Box, Holds Up to 240 LB Shoe Organizer for Entryway, Bedroom, Closet & Hallway, Entryway Bathroom",$99.99,https://www.amazon.com/gp/slredirect/picassoRedirect.html/ref=pa_sp_mtf_aps_sr_pg1_1?ie=UTF8&adId=A00679413SYRSNODXZ8FP&qualifier=1670361958&id=5725396861693271&widgetName=sp_mtf&url=%2FIRONCK-Storage-Bench-Industrial-Shoe-Rack-Bench-Storage-Organizer-Entryway%2Fdp%2FB08PVCY57Z%2Fref%3Dsr_1_20_sspa%3Fcrid%3D1ETD973V81N4Y%26keywords%3Dbench%26qid%3D1670361958%26sprefix%3Dbench%252Caps%252C70%26sr%3D8-20-spons%26psc%3D1,https://m.media-amazon.com/images/I/81faZKmEKqL._AC_UL320_.jpg
"Decor Therapy Black Décor Therapy Kyoto Bench, 42w 11.8d 17.75h",$78.57,https://www.amazon.com/D%C3%A9cor-Therapy-FR1481-Kyoto-Black/dp/B00ABS5O16/ref=sr_1_21?crid=1ETD973V81N4Y&keywords=bench&qid=1670361958&sprefix=bench%2Caps%2C70&sr=8-21,https://m.media-amazon.com/images/I/61NyfdBRrcL._AC_UL320_.jpg
"HomePop Faux Leather Button Tufted Decorative Bench with Metal Base, Brown",$143.99,https://www.amazon.com/Meadow-Large-Decorative-Button-Tufting/dp/B07CZDSDC2/ref=sr_1_22?crid=1ETD973V81N4Y&keywords=bench&qid=1670361958&sprefix=bench%2Caps%2C70&sr=8-22,https://m.media-amazon.com/images/I/71+Ip5n4vYL._AC_UL320_.jpg
"Duhome Button-Tufted Ottoman Bench, Upholstered Bedroom Benches Leather Footrest Stool Accent Bench for Entryway Dining Room Living Room Bedroom End of Bed, Yellowish Brown",$89.99,https://www.amazon.com/Duhome-Button-Tufted-Upholstered-Footrest-Yellowish/dp/B0943N4ZJH/ref=sr_1_23?crid=1ETD973V81N4Y&keywords=bench&qid=1670361958&sprefix=bench%2Caps%2C70&sr=8-23,https://m.media-amazon.com/images/I/61oyadJlKDS._AC_UL320_.jpg
"HOOBRO Dining Benches, Pair of 2 Benches, Industrial Style Indoor Benches, Durable Metal Frame, for Kitchen, Dining Room, Living Room, Rustic Brown BF01CD01",$89.99,https://www.amazon.com/HOOBRO-Benches-Industrial-Durable-BF01CD01/dp/B08BLNDPWY/ref=sr_1_24?crid=1ETD973V81N4Y&keywords=bench&qid=1670361958&sprefix=bench%2Caps%2C70&sr=8-24,https://m.media-amazon.com/images/I/61-D1s4zRfL._AC_UL320_.jpg
"LVB Industrial Entryway Bench, Wood and Metal Storage Bench for Living Dining Room, Farmhouse Indoor Entry Way Shoe Benches Seat, Rustic Oak, 47 Inch Long",$139.99,https://www.amazon.com/LVB-Industrial-Entryway-Storage-Farmhouse/dp/B0897VP32K/ref=sr_1_25?crid=1ETD973V81N4Y&keywords=bench&qid=1670361958&sprefix=bench%2Caps%2C70&sr=8-25,https://m.media-amazon.com/images/I/61bwB2pHRuL._AC_UL320_.jpg
"Iroomy Tbfit Extra-Long Designed Upholstered Tufted Bed Bench Seat for Bedroom, Entryway Wood Bench with Sturdy Wooden Legs, Buttoned Vanity Rectangle Dining Bench,Grey",$109.99,https://www.amazon.com/Iroomy-Extra-Long-Designed-Upholstered-Rectangle/dp/B0BLNQLKJ6/ref=sr_1_26?crid=1ETD973V81N4Y&keywords=bench&qid=1670361958&sprefix=bench%2Caps%2C70&sr=8-26,https://m.media-amazon.com/images/I/915R-RQC1pL._AC_UL320_.jpg
"Mr IRONSTONE Shoe Storage Bench, Entryway Bench with Large Lift Top Storage Box and Leather Padded Cushion, Holds Up to 330 LB Shoe Bench for Entryway, Bedroom, Hallway, Bathroom, Rustic Brown",$129.97,https://www.amazon.com/Mr-IRONSTONE-Storage-Entryway-Bathroom/dp/B0B2RJ1QJ8/ref=sr_1_27?crid=1ETD973V81N4Y&keywords=bench&qid=1670361958&sprefix=bench%2Caps%2C70&sr=8-27,https://m.media-amazon.com/images/I/81SV5Q0MHjL._AC_UL320_.jpg
"Roundhill Furniture Biony Fabric Dining Bench with Nailhead Trim, Tan",$97.28,https://www.amazon.com/Roundhill-Furniture-CB162TA-Fabric-Nailhead/dp/B078SHT4D2/ref=sr_1_28?crid=1ETD973V81N4Y&keywords=bench&qid=1670361958&sprefix=bench%2Caps%2C70&sr=8-28,https://m.media-amazon.com/images/I/41qtOjlxYuL._AC_UL320_.jpg
"LVB Industrial Entryway Bench, Wood and Metal Storage Bench, Indoor Farmhouse Hallway Accent Entry Bench for Seating Sitting, Shoe Rack Organizer Cabinet in Foyer Bedroom, Light Grey Oak, 47 Inch Long",$139.96,https://www.amazon.com/gp/slredirect/picassoRedirect.html/ref=pa_sp_mtf_aps_sr_pg1_1?ie=UTF8&adId=A0900645164VZLSL26P8D&qualifier=1670361958&id=5725396861693271&widgetName=sp_mtf&url=%2FLVB-Farmhouse-Entryway-Storage-Industrial%2Fdp%2FB09337RXQQ%2Fref%3Dsr_1_29_sspa%3Fcrid%3D1ETD973V81N4Y%26keywords%3Dbench%26qid%3D1670361958%26sprefix%3Dbench%252Caps%252C70%26sr%3D8-29-spons%26psc%3D1,https://m.media-amazon.com/images/I/61lVDOOIhPL._AC_UL320_.jpg
"HUIMO Button-Tufted Bench for End of Bed, Entryway Bench with Upholstered Linen Fabric, Ottoman Bench for Living Room,Dining Bench for Kitchen(Beige)",$139.99,https://www.amazon.com/gp/slredirect/picassoRedirect.html/ref=pa_sp_mtf_aps_sr_pg1_1?ie=UTF8&adId=A016958436FJJHYX0N7L7&qualifier=1670361958&id=5725396861693271&widgetName=sp_mtf&url=%2FHUIMO-Button-Tufted-Entryway-Upholstered-Ottoman%2Fdp%2FB09LCGZ44X%2Fref%3Dsr_1_30_sspa%3Fcrid%3D1ETD973V81N4Y%26keywords%3Dbench%26qid%3D1670361958%26sprefix%3Dbench%252Caps%252C70%26sr%3D8-30-spons%26psc%3D1,https://m.media-amazon.com/images/I/81-SQJx9suL._AC_UL320_.jpg
"Psilvam Knight Bench, Two Person Outdoor Poly Lumber Patio Backless Bench, Weatherproof Garden Bench That Never Rot and Fade, Suit for Garden, Porch and Park (Brown)",$189.97,https://www.amazon.com/gp/slredirect/picassoRedirect.html/ref=pa_sp_mtf_aps_sr_pg1_1?ie=UTF8&adId=A00820692P9MDGEESDK9E&qualifier=1670361958&id=5725396861693271&widgetName=sp_mtf&url=%2FPsilvam-Knight-Outdoor-Backless-Weatherproof%2Fdp%2FB0BLTQ2QCW%2Fref%3Dsr_1_31_sspa%3Fcrid%3D1ETD973V81N4Y%26keywords%3Dbench%26qid%3D1670361958%26sprefix%3Dbench%252Caps%252C70%26sr%3D8-31-spons%26psc%3D1,https://m.media-amazon.com/images/I/51POhSuVrHL._AC_UL320_.jpg
HARISON Adjustable Weight Bench Folding Exercise Bench Multipurpose Incline Decline Workout Bench for Strength Training(Updated),$139.00,https://www.amazon.com/gp/slredirect/picassoRedirect.html/ref=pa_sp_mtf_aps_sr_pg1_1?ie=UTF8&adId=A1040727H9CLXIARVYFJ&qualifier=1670361958&id=5725396861693271&widgetName=sp_mtf&url=%2FHARISON-Adjustable-Exercise-Multipurpose-Strength%2Fdp%2FB0B86LX1NK%2Fref%3Dsr_1_32_sspa%3Fcrid%3D1ETD973V81N4Y%26keywords%3Dbench%26qid%3D1670361958%26sprefix%3Dbench%252Caps%252C70%26sr%3D8-32-spons%26psc%3D1,https://m.media-amazon.com/images/I/61rtXG40NcL._AC_UL320_.jpg
"Boraam Shaker Bench, Oak",$63.29,https://www.amazon.com/Boraam-36136-Shaker-Bench-Oak/dp/B0042WBZ7E/ref=sr_1_33?crid=1ETD973V81N4Y&keywords=bench&qid=1670361958&sprefix=bench%2Caps%2C70&sr=8-33,https://m.media-amazon.com/images/I/61RlaEqs6hL._AC_UL320_.jpg
"Lavish Home Storage Bench Ottoman Large Folding Tufted Foot Rest Organizer with Removable Bin for Home, Bedroom, or Living Room, Grey",$39.99,https://www.amazon.com/Lavish-Home-80-FOTT-5-Folding-Storage/dp/B07NLS4Y9L/ref=sr_1_34?crid=1ETD973V81N4Y&keywords=bench&qid=1670361958&sprefix=bench%2Caps%2C70&sr=8-34,https://m.media-amazon.com/images/I/91UZbD0w+gL._AC_UL320_.jpg
"Christopher Knight Home Saxon Fabric Bench, Light Grey, 15.75” D x 43.50” W x 17.00” H",$125.79,https://www.amazon.com/Anglo-Sky-Grey-Fabric-Bench/dp/B06VSHD4B8/ref=sr_1_35?crid=1ETD973V81N4Y&keywords=bench&qid=1670361958&sprefix=bench%2Caps%2C70&sr=8-35,https://m.media-amazon.com/images/I/71+wErjMAIL._AC_UL320_.jpg
"HOOBRO Dining Bench, 47.2 Inch Table Bench, Industrial Style Indoor Bench, Steel Frame, Easy to Assemble, for Kitchen, Dining Room, Rustic Brown and Black BF12CD01",$69.99,https://www.amazon.com/HOOBRO-Industrial-Kitchen-Assemble-BF12CD01/dp/B09KZHQMMP/ref=sr_1_36?crid=1ETD973V81N4Y&keywords=bench&qid=1670361958&sprefix=bench%2Caps%2C70&sr=8-36,https://m.media-amazon.com/images/I/61qVd5WFubL._AC_UL320_.jpg
"Otto & Ben 45"" Storage Ottoman with SMART LIFT Top, Upholstered Tufted Bench, Foot Rest, Light Grey",$40.49,https://www.amazon.com/Otto-Ben-45-Storage-Ottomans/dp/B071V9BX3Y/ref=sr_1_37?crid=1ETD973V81N4Y&keywords=bench&qid=1670361958&sprefix=bench%2Caps%2C70&sr=8-37,https://m.media-amazon.com/images/I/81Uq9lsGq6L._AC_UL320_.jpg
"Plank+Beam Mid-Century Single Wood Entryway Bench, Black",$149.00,https://www.amazon.com/Plank-Beam-Mid-Century-Single-Entryway/dp/B09P4568QS/ref=sr_1_38?crid=1ETD973V81N4Y&keywords=bench&qid=1670361958&sprefix=bench%2Caps%2C70&sr=8-38,https://m.media-amazon.com/images/I/81rrG6aY+tL._AC_UL320_.jpg
Amazon Basics Solid Pine Shoe Rack Bench - Espresso,$45.93,https://www.amazon.com/Amazon-Basics-Solid-Pine-Bench/dp/B08X55BWM8/ref=sr_1_39?crid=1ETD973V81N4Y&keywords=bench&qid=1670361958&sprefix=bench%2Caps%2C70&sr=8-39,https://m.media-amazon.com/images/I/71d2gYbPQ6L._AC_UL320_.jpg
"VASAGLE Shoe Bench with 6 Compartments and 3 Adjustable Shelves, Cushioned Seat, Compact and Narrow, for Entryway, Hallway, White + Gray",$67.23,https://www.amazon.com/VASAGLE-Organizer-Compartments-Adjustable-Cushioned/dp/B0832ZLSB4/ref=sr_1_40?crid=1ETD973V81N4Y&keywords=bench&qid=1670361958&sprefix=bench%2Caps%2C70&sr=8-40,https://m.media-amazon.com/images/I/61UswaNyFiL._AC_UL320_.jpg
"AZL1 Life Concept Shoe Bench, 3-Tier Shoe Rack, Placement Shelves with Seat for Entryway, Living Room and Hallway",$56.18,https://www.amazon.com/AZ-L1-Life-Concept-Placement/dp/B0856VK757/ref=sr_1_41?crid=1ETD973V81N4Y&keywords=bench&qid=1670361958&sprefix=bench%2Caps%2C70&sr=8-41,https://m.media-amazon.com/images/I/61R3srzAizL._AC_UL320_.jpg
"ACME Furniture Charla Bench, Beige & Oak, One Size",$121.00,https://www.amazon.com/Acme-Furniture-96682-Charla-Bench/dp/B01N68738M/ref=sr_1_42?crid=1ETD973V81N4Y&keywords=bench&qid=1670361958&sprefix=bench%2Caps%2C70&sr=8-42,https://m.media-amazon.com/images/I/811rkaTcn8L._AC_UL320_.jpg
"Durango 60"" L Wood Entryway/Dining Bench",$219.99,https://www.amazon.com/Bolton-Furniture-Durango-60-inch-Entryway/dp/B081FWKLL5/ref=sr_1_43?crid=1ETD973V81N4Y&keywords=bench&qid=1670361958&sprefix=bench%2Caps%2C70&sr=8-43,https://m.media-amazon.com/images/I/A1sMJ1p6K9L._AC_UL320_.jpg
"LUMISOL Home Collection White Storage Bench with 4 Doors and Removable Cushion, Hallway Bench Shoe Cabinet with Adjustable Shelves for Living Room",$199.99,https://www.amazon.com/LUMISOL-Collection-Storage-Removable-Adjustable/dp/B09T3JB1TY/ref=sr_1_44?crid=1ETD973V81N4Y&keywords=bench&qid=1670361958&sprefix=bench%2Caps%2C70&sr=8-44,https://m.media-amazon.com/images/I/8193ApZmuFL._AC_UL320_.jpg
"CTG Entryway Bench - Yellow Bench for Bedroom, Modern Ottoman End of Bed, Corduroy Padded Benches for Living Room, Foyer, Mudroom, Hallway - 39"" L x 14"" W x 17"" H (Yellow)",$97.99,https://www.amazon.com/CTG-Entryway-Bench-Bedroom-Corduroy/dp/B0BCK17SNF/ref=sr_1_45?crid=1ETD973V81N4Y&keywords=bench&qid=1670361958&sprefix=bench%2Caps%2C70&sr=8-45,https://m.media-amazon.com/images/I/81ptReIyrhL._AC_UL320_.jpg
"Rolanstar Shoe Bench, 3-Tier Shoe Rack 39.4”, Storage Entry Bench with Mesh Shelves Wood Seat, Rustic Foyer Bench for Hallway Front Door, Doorway, Living Room, Mudroom, Steel Frame, Rustic Brown",$60.79,https://www.amazon.com/Rolanstar-Entryway-Protectors-Storage-Hallway/dp/B082SJVJ9Z/ref=sr_1_46?crid=1ETD973V81N4Y&keywords=bench&qid=1670361958&sprefix=bench%2Caps%2C70&sr=8-46,https://m.media-amazon.com/images/I/81UypPEFrZL._AC_UL320_.jpg
"Christopher Knight Home Keiko Contemporary Rolled Arm Storage Ottoman Bench, Brown and Dark, 19.75"" D x 50"" W x 20.5"" H",$144.99,https://www.amazon.com/Christopher-Knight-Home-299380-Stafford/dp/B01MXQRN64/ref=sr_1_47?crid=1ETD973V81N4Y&keywords=bench&qid=1670361958&sprefix=bench%2Caps%2C70&sr=8-47,https://m.media-amazon.com/images/I/61wivAFW5OL._AC_UL320_.jpg
"Signature Design by Ashley Sommerford Rustic Wood Dining Room Long Bench, Brown",$199.99,https://www.amazon.com/Ashley-Furniture-Signature-Design-Sommerford/dp/B071S7GSPP/ref=sr_1_48?crid=1ETD973V81N4Y&keywords=bench&qid=1670361958&sprefix=bench%2Caps%2C70&sr=8-48,https://m.media-amazon.com/images/I/61UC4WM6y5L._AC_UL320_.jpg
"Signature Design by Ashley Morriville Counter Height Upholstered Dining Room Bench, Brown",$140.00,https://www.amazon.com/Ashley-Furniture-Signature-Design-Moriville/dp/B071Z8PWM7/ref=sr_1_49?crid=1ETD973V81N4Y&keywords=bench&qid=1670361958&sprefix=bench%2Caps%2C70&sr=8-49,https://m.media-amazon.com/images/I/71rCoXhgG+L._AC_UL320_.jpg
"Amazon Brand – Rivet Modern Haraden Upholstered Button-Tufted Bench, 44""W, Navy",$118.33,https://www.amazon.com/Rivet-Modern-Haraden-Upholstered-Button-Tufted/dp/B07QJ1X2J4/ref=sr_1_50?crid=1ETD973V81N4Y&keywords=bench&qid=1670361958&sprefix=bench%2Caps%2C70&sr=8-50,https://m.media-amazon.com/images/I/81VlSf9Cc7L._AC_UL320_.jpg
LINZINAR Shoe Rack Bench Organizer Storage 3 Tier Metal Shoe Shelf for Closet Entryway Bedroom with MDF Top Board Black,$39.99,https://www.amazon.com/LINZINAR-Organizer-Storage-Entryway-Bedroom/dp/B0B8QPD5QG/ref=sr_1_51?crid=1ETD973V81N4Y&keywords=bench&qid=1670361958&sprefix=bench%2Caps%2C70&sr=8-51,https://m.media-amazon.com/images/I/71iE85lI7kL._AC_UL320_.jpg
"Madison Park Welburn Bedroom Solid Wood Polyester Fabric Seating Modern Style, Accent Bench Ottoman Grey",$187.12,https://www.amazon.com/Madison-Park-MP105-0471-Madera-Bench/dp/B074KPDTXG/ref=sr_1_52?crid=1ETD973V81N4Y&keywords=bench&qid=1670361958&sprefix=bench%2Caps%2C70&sr=8-52,https://m.media-amazon.com/images/I/51tqeTD-F+L._AC_UL320_.jpg
"Christopher Knight Home Carlisle Outdoor Acacia Wood and Rustic Metal Bench, Sandblast Finish / Rustic Metal",$161.99,https://www.amazon.com/Christopher-Knight-Home-Carlisle-Sandblast/dp/B0725D1VDL/ref=sr_1_53?crid=1ETD973V81N4Y&keywords=bench&qid=1670361958&sprefix=bench%2Caps%2C70&sr=8-53,https://m.media-amazon.com/images/I/71uX3HBnjML._AC_UL320_.jpg
"AOGLLATI Storage Bench, 39.4” Bedroom Bench with Hidden Compartment,End of Bed Bench with Leather Padded Cushion, Bench with Storage for Bedroom Living Room Entryway",$89.99,https://www.amazon.com/AOGLLATI-Storage-Bedroom-Compartment-Entryway/dp/B0BC4LZNVL/ref=sr_1_54?crid=1ETD973V81N4Y&keywords=bench&qid=1670361958&sprefix=bench%2Caps%2C70&sr=8-54,https://m.media-amazon.com/images/I/A1oAWIJv-8L._AC_UL320_.jpg
"FOLUBAN Entryway Bench, Industrial Shoe Bench for Living Room, Rustic Indoor Shoe Storage Bench Seat, Easy Assembly, Oak 47 inch",$119.50,https://www.amazon.com/FOLUBAN-Entryway-Industrial-Storage-Assembly/dp/B08JQLTZN7/ref=sr_1_55?crid=1ETD973V81N4Y&keywords=bench&qid=1670361958&sprefix=bench%2Caps%2C70&sr=8-55,https://m.media-amazon.com/images/I/713pZetRF1L._AC_UL320_.jpg
"Kmax Storage Entryway Bench Tufted Shoe Rack Bench Wood Window Bench for Hallway Entrance Bedroom Corner-1 Seat, Gray",$139.89,https://www.amazon.com/Kmax-Storage-Entryway-Entrance-Corner-1/dp/B0BJ1YDVC8/ref=sr_1_56?crid=1ETD973V81N4Y&keywords=bench&qid=1670361958&sprefix=bench%2Caps%2C70&sr=8-56,https://m.media-amazon.com/images/I/71+G+IcVGJL._AC_UL320_.jpg
"Christopher Knight Home Catriona Outdoor Acacia Wood Bench with Metal Accents, Teak Finish / Rustic Metal",$138.19,https://www.amazon.com/Outdoor-Finished-Acacia-Rustic-Accents/dp/B07CH1SGBS/ref=sr_1_57?crid=1ETD973V81N4Y&keywords=bench&qid=1670361958&sprefix=bench%2Caps%2C70&sr=8-57,https://m.media-amazon.com/images/I/71fZViPL-7L._AC_UL320_.jpg
"C&AHOME Shoe Bench Bamboo, 3-Tier Shoe Organizer with Cushion, Shoe Rack Bench for Entryway, Max Load 270 LBS, Removable Seat Cushion Bench, Ideal for Hallway, Living Room, Bedroom, Amber Brown",$59.99,https://www.amazon.com/AHOME-Entryway-Organizer-Storage-Cushion/dp/B081TC7442/ref=sr_1_58?crid=1ETD973V81N4Y&keywords=bench&qid=1670361958&sprefix=bench%2Caps%2C70&sr=8-58,https://m.media-amazon.com/images/I/61cARv3fpcL._AC_UL320_.jpg
"Shoe Bench Rack with Removable Cushion, 2 Tier Shoe Bench with 3 Fabric Drawer, Ideal for Entryway, for Entryway, Bedroom, Living Room, Hallway, Holds Up to 350 Lbs, Rustic Brown",$89.99,https://www.amazon.com/Removable-Cushion-Entryway-Bedroom-Hallway/dp/B09DG9Y54S/ref=sr_1_59?crid=1ETD973V81N4Y&keywords=bench&qid=1670361958&sprefix=bench%2Caps%2C70&sr=8-59,https://m.media-amazon.com/images/I/71qNHwf3ABL._AC_UL320_.jpg
"SogesHome Bamboo Shoe Bench, 3-Tier Shoe Rack Organizer, Shoe Storage Shelf, Shoe Change Bench Holds up to 178lbs for Entryway, Bedroom, Living Room, Balcony",$19.99,https://www.amazon.com/SogesHome-Organizer-Storage-Entryway-Bedroom/dp/B0B8YXQ3DF/ref=sr_1_60?crid=1ETD973V81N4Y&keywords=bench&qid=1670361958&sprefix=bench%2Caps%2C70&sr=8-60,https://m.media-amazon.com/images/I/71KNR8+f7LL._AC_UL320_.jpg
