item_name,price,link_to_item,link_to_item_image
"Broccoli Crowns Conventional, 1 Each",$1.25,https://www.amazon.com/Broccoli-Crowns-Conventional-1-Each/dp/B07887CXXC/ref=sr_1_1_f3_0o_wf?crid=1ETD973V81N4Y&keywords=broccoli&qid=1670362045&sprefix=broccoli%2Caps%2C70&sr=8-1,https://m.media-amazon.com/images/I/71mYzDfK-6L._AC_UL320_.jpg
Organic Broccoli,$4.01,https://www.amazon.com/produce-aisle-mburring-Organic-Broccoli/dp/B000P6L3K0/ref=sr_1_2_f3_0o_wf?crid=1ETD973V81N4Y&keywords=broccoli&qid=1670362045&sprefix=broccoli%2Caps%2C70&sr=8-2,https://m.media-amazon.com/images/I/81okuNWBV5L._AC_UL320_.jpg
"365 by Whole Foods Market, Broccoli Florets Organic, 16 Ounce",$2.79,https://www.amazon.com/365-Everyday-Value-Organic-Broccoli/dp/B074H4SHGV/ref=sr_1_3_f3_0o_wf?crid=1ETD973V81N4Y&keywords=broccoli&qid=1670362045&sprefix=broccoli%2Caps%2C70&sr=8-3,https://m.media-amazon.com/images/I/81dJfEMDg9L._AC_UL320_.jpg
"365 by Whole Foods Market, Frozen Organic Vegetables, Broccoli Florets, 32 Ounce",$3.99,https://www.amazon.com/365-EVERYDAY-Broccoli-Florets-Organic/dp/B079JT8ZZF/ref=sr_1_4_f3_0o_wf?crid=1ETD973V81N4Y&keywords=broccoli&qid=1670362045&sprefix=broccoli%2Caps%2C70&sr=8-4,https://m.media-amazon.com/images/I/81JoeLg6RnL._AC_UL320_.jpg
Broccoli Broccolini Baby Organic,$3.99,https://www.amazon.com/Produce-Brands-May-Vary-Broccolini/dp/B078DF8PXW/ref=sr_1_5_f3_0o_wf?crid=1ETD973V81N4Y&keywords=broccoli&qid=1670362045&sprefix=broccoli%2Caps%2C70&sr=8-5,https://m.media-amazon.com/images/I/71wepOFT6jL._AC_UL320_.jpg
"365 by Whole Foods Market, Broccoli Florets, 16 Ounce",$2.79,https://www.amazon.com/365-Everyday-Value-Broccoli-Florets/dp/B074H5B5H7/ref=sr_1_6_f3_0o_wf?crid=1ETD973V81N4Y&keywords=broccoli&qid=1670362045&sprefix=broccoli%2Caps%2C70&sr=8-6,https://m.media-amazon.com/images/I/71FUJRuT7-L._AC_UL320_.jpg
Broccoli,$1.83,https://www.amazon.com/produce-aisle-B00E3J8XHQ-Broccoli-Bunch/dp/B00E3J8XHQ/ref=sr_1_7_f3_0o_wf?crid=1ETD973V81N4Y&keywords=broccoli&qid=1670362045&sprefix=broccoli%2Caps%2C70&sr=8-7,https://m.media-amazon.com/images/I/81uofERJlGL._AC_UL320_.jpg
"Cascadian Farm Organic, Broccoli Florets, Frozen Vegetables, Non-GMO, 10 oz Bag",$4.59,https://www.amazon.com/Cascadian-Farm-Broccoli-Organically-Vegetables/dp/B000O0LYAQ/ref=sr_1_8_f3_0o_wf?crid=1ETD973V81N4Y&keywords=broccoli&qid=1670362045&sprefix=broccoli%2Caps%2C70&sr=8-8,https://m.media-amazon.com/images/I/91Rbj9SyldL._AC_UL320_.jpg
"Whole Foods Market, Frozen Roasted Broccoli in Extra Virgin Olive Oil (Frozen), 12 Ounce",$3.49,https://www.amazon.com/Whole-Foods-Market-Broccoli-Roasted/dp/B07Q9WLF2C/ref=sr_1_9_f3_0o_wf?crid=1ETD973V81N4Y&keywords=broccoli&qid=1670362045&sprefix=broccoli%2Caps%2C70&sr=8-9,https://m.media-amazon.com/images/I/81wI0AdLOAL._AC_UL320_.jpg
"365 by Whole Foods Market, Organic Broccoli Slaw, 12 Ounce",$3.49,https://www.amazon.com/365-Everyday-Value-Organic-Broccoli/dp/B077L4X8T9/ref=sr_1_10_f3_0o_wf?crid=1ETD973V81N4Y&keywords=broccoli&qid=1670362045&sprefix=broccoli%2Caps%2C70&sr=8-10,https://m.media-amazon.com/images/I/81h1Pq7-F+L._AC_UL320_.jpg
"Dr. Praeger's, Kids Broccoli Littles, 10 Ounce",$5.99,https://www.amazon.com/Dr-Praegers-All-Natural-Broccoli-Littles/dp/B008F5TWOW/ref=sr_1_11_f3_0o_wf?crid=1ETD973V81N4Y&keywords=broccoli&qid=1670362045&sprefix=broccoli%2Caps%2C70&sr=8-11,https://m.media-amazon.com/images/I/71dFPL-IzAL._AC_UL320_.jpg
"365 by Whole Foods Market, Bean Green Microwave Trimmed Organic, 12 Ounce",$3.99,https://www.amazon.com/365-Everyday-Value-Organic-Green/dp/B07KG9MY3B/ref=sr_1_12_f3_0o_wf?crid=1ETD973V81N4Y&keywords=broccoli&qid=1670362045&sprefix=broccoli%2Caps%2C70&sr=8-12,https://m.media-amazon.com/images/I/81yIW-9KMuL._AC_UL320_.jpg
"365 by Whole Foods Market, Shaved Brussels Sprouts, 12 Ounce",$3.49,https://www.amazon.com/365-Everyday-Value-Brussels-Sprouts/dp/B077L6XDNP/ref=sr_1_13_f3_0o_wf?crid=1ETD973V81N4Y&keywords=broccoli&qid=1670362045&sprefix=broccoli%2Caps%2C70&sr=8-13,https://m.media-amazon.com/images/I/816X1gIHhKL._AC_UL320_.jpg
"365 Everyday Value, Trimmed Brussels Sprouts, 12 oz",$3.49,https://www.amazon.com/Taylor-Farms-Trimmed-Brussels-Sprouts/dp/B077L4BGYN/ref=sr_1_14_f3_0o_wf?crid=1ETD973V81N4Y&keywords=broccoli&qid=1670362045&sprefix=broccoli%2Caps%2C70&sr=8-14,https://m.media-amazon.com/images/I/81xJ7fVSC2L._AC_UL320_.jpg
"365 by Whole Foods Market, Bean Green Microwave Trimmed, 12 Ounce",$2.99,https://www.amazon.com/Whole-Foods-Trimmed-Green-Beans/dp/B078J11TLH/ref=sr_1_15_f3_0o_wf?crid=1ETD973V81N4Y&keywords=broccoli&qid=1670362045&sprefix=broccoli%2Caps%2C70&sr=8-15,https://m.media-amazon.com/images/I/81JVTUXGLtL._AC_UL320_.jpg
Organic Garnet Sweet Potatoes,$1.94,https://www.amazon.com/Produce-Brands-May-Vary-Potatoes/dp/B0787VSLKL/ref=sr_1_16_f3_0o_wf?crid=1ETD973V81N4Y&keywords=broccoli&qid=1670362045&sprefix=broccoli%2Caps%2C70&sr=8-16,https://m.media-amazon.com/images/I/71dkjH-4kYL._AC_UL320_.jpg
"Campos Borquez, Asparagus Green Organic, 16 Ounce",$4.99,https://www.amazon.com/produce-aisle-Organic-Asparagus-Bunch/dp/B002QY5PB2/ref=sr_1_17_f3_0o_wf?crid=1ETD973V81N4Y&keywords=broccoli&qid=1670362045&sprefix=broccoli%2Caps%2C70&sr=8-17,https://m.media-amazon.com/images/I/71B9p9DbUwL._AC_UL320_.jpg
"organicgirl Organic Baby Spinach, 5 oz",$4.39,https://www.amazon.com/Organicgirl-Baby-Spinach-5-oz/dp/B004SV5JWQ/ref=sr_1_18_f3_0o_wf?crid=1ETD973V81N4Y&keywords=broccoli&qid=1670362045&sprefix=broccoli%2Caps%2C70&sr=8-18,https://m.media-amazon.com/images/I/81Yp7gCshEL._AC_UL320_.jpg
"Organic Lemon Regular, 1 Each",$1.09,https://www.amazon.com/Lemon-Regular-Organic-1-Each/dp/B079DSY3ZL/ref=sr_1_19_f3_0o_wf?crid=1ETD973V81N4Y&keywords=broccoli&qid=1670362045&sprefix=broccoli%2Caps%2C70&sr=8-19,https://m.media-amazon.com/images/I/710O+MVcd6L._AC_UL320_.jpg
"Taylor Farms Teriyaki Stir Fry Kit, 12.5 oz",$4.49,https://www.amazon.com/Taylor-Farms-Teriyaki-Stir-12-5/dp/B01LAYXIWG/ref=sr_1_20_f3_0o_wf?crid=1ETD973V81N4Y&keywords=broccoli&qid=1670362045&sprefix=broccoli%2Caps%2C70&sr=8-20,https://m.media-amazon.com/images/I/61e3sUJ8UTL._AC_UL320_.jpg
"Love Beets Organic Classic Vinegar, 6.5 oz.",$4.99,https://www.amazon.com/Love-Beets-Organic-Mild-Vinegar/dp/B00MD2F5OO/ref=sr_1_21_f3_0o_wf?crid=1ETD973V81N4Y&keywords=broccoli&qid=1670362045&sprefix=broccoli%2Caps%2C70&sr=8-21,https://m.media-amazon.com/images/I/81aAMfkB06L._AC_UL320_.jpg
"365 by Whole Foods Market, Organic Coleslaw Mix, 12 Ounce",$3.49,https://www.amazon.com/365-Everyday-Value-Organic-Coleslaw/dp/B07FWN3244/ref=sr_1_22_f3_0o_wf?crid=1ETD973V81N4Y&keywords=broccoli&qid=1670362045&sprefix=broccoli%2Caps%2C70&sr=8-22,https://m.media-amazon.com/images/I/81pLw4gAJbL._AC_UL320_.jpg
"365 by Whole Foods Market, Organic Rainbow Peeled Baby Carrots, 12 Ounce",$2.49,https://www.amazon.com/365-Everyday-Value-Organic-Rainbow/dp/B078J16GXW/ref=sr_1_23_f3_0o_wf?crid=1ETD973V81N4Y&keywords=broccoli&qid=1670362045&sprefix=broccoli%2Caps%2C70&sr=8-23,https://m.media-amazon.com/images/I/81g1hAb64tL._AC_UL320_.jpg
Organic Green Onion,$1.59,https://www.amazon.com/Green-Onion-Scallions-Organic-Bunch/dp/B07883LXVL/ref=sr_1_24_f3_0o_wf?crid=1ETD973V81N4Y&keywords=broccoli&qid=1670362045&sprefix=broccoli%2Caps%2C70&sr=8-24,https://m.media-amazon.com/images/I/711gm2pLXdL._AC_UL320_.jpg
"365 by Whole Foods Market, Corn On The Cob Organic, 6 Count",$4.29,https://www.amazon.com/365-Everyday-Value-Organic-Yellow/dp/B074H7KL69/ref=sr_1_25_f3_0o_wf?crid=1ETD973V81N4Y&keywords=broccoli&qid=1670362045&sprefix=broccoli%2Caps%2C70&sr=8-25,https://m.media-amazon.com/images/I/81JIT6knicL._AC_UL320_.jpg
"organicgirl Organic Protein Greens, 4.2 oz",$4.39,https://www.amazon.com/Organicgirl-Protein-Greens-4-2-Oz/dp/B07CXDSYSD/ref=sr_1_26_f3_0o_wf?crid=1ETD973V81N4Y&keywords=broccoli&qid=1670362045&sprefix=broccoli%2Caps%2C70&sr=8-26,https://m.media-amazon.com/images/I/81Vj2+6fZJL._AC_UL320_.jpg
Large Organic Hass Avocado,$2.50,https://www.amazon.com/produce-aisle-701920-Organic-Avocado/dp/B0014GLSE6/ref=sr_1_27_f3_0o_wf?crid=1ETD973V81N4Y&keywords=broccoli&qid=1670362045&sprefix=broccoli%2Caps%2C70&sr=8-27,https://m.media-amazon.com/images/I/81LKLCmdAQL._AC_UL320_.jpg
"Sunset Wild Wonders Tomatoes, 12oz",$3.99,https://www.amazon.com/Sunset-Greenhouse-Wild-Wonders-Tomatoes/dp/B00E3JLSWI/ref=sr_1_28_f3_0o_wf?crid=1ETD973V81N4Y&keywords=broccoli&qid=1670362045&sprefix=broccoli%2Caps%2C70&sr=8-28,https://m.media-amazon.com/images/I/81duT82YoRL._AC_UL320_.jpg
"365 by Whole Foods Market, Chopped Kale, 16 Ounce",$4.99,https://www.amazon.com/365-Everyday-Value-Conventional-Chopped/dp/B07H5Q6YF1/ref=sr_1_29_f3_0o_wf?crid=1ETD973V81N4Y&keywords=broccoli&qid=1670362045&sprefix=broccoli%2Caps%2C70&sr=8-29,https://m.media-amazon.com/images/I/81JwDduq9dL._AC_UL320_.jpg
"Organic Red Raspberries, 6 oz",$4.99,https://www.amazon.com/produce-aisle-040-01040-Organic-Raspberries/dp/B0031Q80UM/ref=sr_1_30_f3_0o_wf?crid=1ETD973V81N4Y&keywords=broccoli&qid=1670362045&sprefix=broccoli%2Caps%2C70&sr=8-30,https://m.media-amazon.com/images/I/51+zS1k0TgL._AC_UL320_.jpg
"Alexia Crispy Seasoned Potato Puffs Roasted Garlic and Cracked Black Pepper, 19 oz (Frozen)",$7.29,https://www.amazon.com/Alexia-Crispy-Seasoned-Roasted-Cracked/dp/B076CLTSH7/ref=sr_1_31_f3_0o_wf?crid=1ETD973V81N4Y&keywords=broccoli&qid=1670362045&sprefix=broccoli%2Caps%2C70&sr=8-31,https://m.media-amazon.com/images/I/71j6j7urirL._AC_UL320_.jpg
"365 by Whole Foods Market, Organic Shredded Carrots, 10 Ounce",$2.79,https://www.amazon.com/365-Everyday-Value-Organic-Carrots/dp/B078J1FS9V/ref=sr_1_32_f3_0o_wf?crid=1ETD973V81N4Y&keywords=broccoli&qid=1670362045&sprefix=broccoli%2Caps%2C70&sr=8-32,https://m.media-amazon.com/images/I/71oEGnYDQeL._AC_UL320_.jpg
"Sunset, Cucumber Mini, 12 Ounce",$2.99,https://www.amazon.com/Cucumber-Mini-Coventional-12-Ounce/dp/B07BQJV4M3/ref=sr_1_33_f3_0o_wf?crid=1ETD973V81N4Y&keywords=broccoli&qid=1670362045&sprefix=broccoli%2Caps%2C70&sr=8-33,https://m.media-amazon.com/images/I/81p1CeUb+ZL._AC_UL320_.jpg
"365 by Whole Foods Market, California Style Blend Organic, 16 Ounce",$3.19,https://www.amazon.com/365-Everyday-Value-Organic-California/dp/B074H55FS5/ref=sr_1_34_f3_0o_wf?crid=1ETD973V81N4Y&keywords=broccoli&qid=1670362045&sprefix=broccoli%2Caps%2C70&sr=8-34,https://m.media-amazon.com/images/I/81AeSEf2EWL._AC_UL320_.jpg
"Whole Foods Market, Romanesco Cauliflower Vegetable Blend, 12 Ounce",$3.19,https://www.amazon.com/Whole-Foods-Market-Vegetable-Cauliflower/dp/B07Q9FQML9/ref=sr_1_35_f3_0o_wf?crid=1ETD973V81N4Y&keywords=broccoli&qid=1670362045&sprefix=broccoli%2Caps%2C70&sr=8-35,https://m.media-amazon.com/images/I/81rGViLi9XL._AC_UL320_.jpg
Organic Cucumber,$1.99,https://www.amazon.com/produce-aisle-mburring-Organic-Cucumber/dp/B001PLETDC/ref=sr_1_36_f3_0o_wf?crid=1ETD973V81N4Y&keywords=broccoli&qid=1670362045&sprefix=broccoli%2Caps%2C70&sr=8-36,https://m.media-amazon.com/images/I/71hxuisJhRL._AC_UL320_.jpg
"365 by Whole Foods Market, Organic Riced Cauliflower, 16 Ounce",$4.99,https://www.amazon.com/365-Everyday-Value-Organic-Cauliflower/dp/B077L6VJLT/ref=sr_1_37_f3_0o_wf?crid=1ETD973V81N4Y&keywords=broccoli&qid=1670362045&sprefix=broccoli%2Caps%2C70&sr=8-37,https://m.media-amazon.com/images/I/81GBsSHx9QL._AC_UL320_.jpg
"Love Beets Organic Cooked Beets, 8.8 oz",$4.99,https://www.amazon.com/Love-Beets-Organic-Cooked-8-8/dp/B00MD2F34G/ref=sr_1_38_f3_0o_wf?crid=1ETD973V81N4Y&keywords=broccoli&qid=1670362045&sprefix=broccoli%2Caps%2C70&sr=8-38,https://m.media-amazon.com/images/I/A1ejHYQCjoL._AC_UL320_.jpg
"365 by Whole Foods Market, Barley Green Lentils, 8.8 Ounce",$2.79,https://www.amazon.com/365-Everyday-Value-Barley-Lentils/dp/B074H5LYTB/ref=sr_1_39_f3_0o_wf?crid=1ETD973V81N4Y&keywords=broccoli&qid=1670362045&sprefix=broccoli%2Caps%2C70&sr=8-39,https://m.media-amazon.com/images/I/61O-rV2kaZL._AC_UL320_.jpg
"Amy's Frozen Meals, Pad Thai, Made with Organic Rice Noodles, Broccoli and Carrots, Vegan & Gluten Free, 9.5 oz",$5.99,https://www.amazon.com/Amys-Organic-Noodles-Broccoli-Carrots/dp/B00FTBT8OE/ref=sr_1_40_f3_0o_wf?crid=1ETD973V81N4Y&keywords=broccoli&qid=1670362045&sprefix=broccoli%2Caps%2C70&sr=8-40,https://m.media-amazon.com/images/I/914zlVxMVDL._AC_UL320_.jpg
"365 by Whole Foods Market, Ravioli Butternut Squash Organic, 8 Ounce",$5.29,https://www.amazon.com/365-Everyday-Value-Organic-Butternut/dp/B074H737JR/ref=sr_1_41_f3_0o_wf?crid=1ETD973V81N4Y&keywords=broccoli&qid=1670362045&sprefix=broccoli%2Caps%2C70&sr=8-41,https://m.media-amazon.com/images/I/61KNhaNETPL._AC_UL320_.jpg
"Taylor Farms Asiago Kale Chopped Salad Kit, 9.3 oz",$2.99,https://www.amazon.com/Taylor-Farms-Kale-Chopped-Salad/dp/B00KNKLWQI/ref=sr_1_42_f3_0o_wf?crid=1ETD973V81N4Y&keywords=broccoli&qid=1670362045&sprefix=broccoli%2Caps%2C70&sr=8-42,https://m.media-amazon.com/images/I/61+M+3KKCcL._AC_UL320_.jpg
"Amy's Frozen Meals, Pasta Bowl, Broccoli and Cheddar Cheese Bake, Gluten Free, 9.5 oz.",$5.79,https://www.amazon.com/Amys-Bowls-Broccoli-Cheddar-Frozen/dp/B006KZYT38/ref=sr_1_43_f3_0o_wf?crid=1ETD973V81N4Y&keywords=broccoli&qid=1670362045&sprefix=broccoli%2Caps%2C70&sr=8-43,https://m.media-amazon.com/images/I/91QwBwwKBQL._AC_UL320_.jpg
"Dr. Praeger's, Kids Spinach Littles, 10 Ounce",$5.99,https://www.amazon.com/Dr-Praegers-Spinach-Littles-Frozen/dp/B075JMLHPH/ref=sr_1_44_f3_0o_wf?crid=1ETD973V81N4Y&keywords=broccoli&qid=1670362045&sprefix=broccoli%2Caps%2C70&sr=8-44,https://m.media-amazon.com/images/I/91Jivdjwa6L._AC_UL320_.jpg
"KOYAH - Organic Broccoli Sprout Powder (1 Scoop = 1/4 Cup Sprouts): 36 Servings, Freeze-dried, Tested for Active Myrosinase and Glucoraphanin (Sulforaphane Glucosinolate)",$44.99,https://www.amazon.com/KOYAH-Freeze-dried-Glucoraphanin-Sulforaphane-Glucosinolate/dp/B082Z8ZGXH/ref=sr_1_45?crid=1ETD973V81N4Y&keywords=broccoli&qid=1670362045&sprefix=broccoli%2Caps%2C70&sr=8-45,https://m.media-amazon.com/images/I/61WOsf2B8sL._AC_UL320_.jpg
"Taylor Farms Pad Thai Stir Fry Kit, 13.39 oz",$3.99,https://www.amazon.com/TAYLOR-FARMS-Thai-Stir-13-39/dp/B07BMF8RP2/ref=sr_1_46_f3_0o_wf?crid=1ETD973V81N4Y&keywords=broccoli&qid=1670362045&sprefix=broccoli%2Caps%2C70&sr=8-46,https://m.media-amazon.com/images/I/61OcT3PF6PL._AC_UL320_.jpg
"Whole Foods Market Broccoli Stir Fry, 15.5 OZ",$4.99,https://www.amazon.com/WHOLE-FOODS-MARKET-Broccoli-Stir/dp/B07816GQS4/ref=sr_1_47_f3_0o_wf?crid=1ETD973V81N4Y&keywords=broccoli&qid=1670362045&sprefix=broccoli%2Caps%2C70&sr=8-47,https://m.media-amazon.com/images/I/81gHZGgnehL._AC_UL320_.jpg
