item_name,price,link_to_item,link_to_item_image
"Fake Fire Hydrant for Dogs to Peed on, Dog Fire Hydrant Pee Post, 14.5"" Backyard Decor Outdoor Statues Firefighter Gifts for Men (14.5"")",$38.99,https://www.amazon.com/gp/slredirect/picassoRedirect.html/ref=pa_sp_atf_aps_sr_pg1_1?ie=UTF8&adId=A08621703MYPL3OF2N40I&qualifier=1670361952&id=5400189383111009&widgetName=sp_atf&url=%2FHydrant-Backyard-Outdoor-Statues-Firefighter%2Fdp%2FB08SWKWL21%2Fref%3Dsr_1_1_sspa%3Fcrid%3D1ETD973V81N4Y%26keywords%3Dfire%2Bhydrant%26qid%3D1670361952%26sprefix%3Dfire%2Bhydrant%252Caps%252C70%26sr%3D8-1-spons%26psc%3D1,https://m.media-amazon.com/images/I/81pHy-oVA4L._AC_UL320_.jpg
Fire Hydrant for Dogs to Pee On-16 Inches Puppy Pee Post Training Tool Yard Garden Indoor Outdoor Statue,$47.99,https://www.amazon.com/gp/slredirect/picassoRedirect.html/ref=pa_sp_atf_aps_sr_pg1_1?ie=UTF8&adId=A01771972P6HSFHGO3LHE&qualifier=1670361952&id=5400189383111009&widgetName=sp_atf&url=%2FHydrant-Inches-Training-Garden-Outdoor%2Fdp%2FB093R58TGN%2Fref%3Dsr_1_2_sspa%3Fcrid%3D1ETD973V81N4Y%26keywords%3Dfire%2Bhydrant%26qid%3D1670361952%26sprefix%3Dfire%2Bhydrant%252Caps%252C70%26sr%3D8-2-spons%26psc%3D1,https://m.media-amazon.com/images/I/61g3p2MrkwL._AC_UL320_.jpg
"Fake Fire Hydrant for Dogs to Peed on, Dog Fire Hydrant Pee Post, 14.5"" Backyard Decor Outdoor Statues Firefighter Gifts for Men (14.5"")",$38.99,https://www.amazon.com/Hydrant-Backyard-Outdoor-Statues-Firefighter/dp/B08SWKWL21/ref=sr_1_3?crid=1ETD973V81N4Y&keywords=fire+hydrant&qid=1670361952&sprefix=fire+hydrant%2Caps%2C70&sr=8-3,https://m.media-amazon.com/images/I/81pHy-oVA4L._AC_UL320_.jpg
"Design Toscano QL5468 Puppy Pee Post-Dog's Second Best Friend Fire Hydrant Statue, Single",$37.45,https://www.amazon.com/Design-Toscano-QL5468-Second-Hydrant/dp/B005EIX2T4/ref=sr_1_4?crid=1ETD973V81N4Y&keywords=fire+hydrant&qid=1670361952&sprefix=fire+hydrant%2Caps%2C70&sr=8-4,https://m.media-amazon.com/images/I/813LgQUbDCL._AC_UL320_.jpg
ROLNER - Dog Fire Hydrant Garden Statue + 3 Stakes - 18 Inches Tall,$79.69,https://www.amazon.com/ROLNER-Hydrant-Garden-Statue-Stakes/dp/B08P5ZPYGV/ref=sr_1_5?crid=1ETD973V81N4Y&keywords=fire+hydrant&qid=1670361952&sprefix=fire+hydrant%2Caps%2C70&sr=8-5,https://m.media-amazon.com/images/I/71AWiwX2wXS._AC_UL320_.jpg
Fire Hydrant for Dogs to Pee On-16 Inches Puppy Pee Post Training Tool Yard Garden Indoor Outdoor Statue,$47.99,https://www.amazon.com/Hydrant-Inches-Training-Garden-Outdoor/dp/B093R58TGN/ref=sr_1_6?crid=1ETD973V81N4Y&keywords=fire+hydrant&qid=1670361952&sprefix=fire+hydrant%2Caps%2C70&sr=8-6,https://m.media-amazon.com/images/I/61g3p2MrkwL._AC_UL320_.jpg
"LULIND - Dog Fire Hydrant Garden Statue with 2 Stakes, 14 Inches (Small)",$39.89,https://www.amazon.com/LULIND-Hydrant-Garden-Statue-Stakes/dp/B07GVQZXWH/ref=sr_1_7?crid=1ETD973V81N4Y&keywords=fire+hydrant&qid=1670361952&sprefix=fire+hydrant%2Caps%2C70&sr=8-7,https://m.media-amazon.com/images/I/61bgzHRmmVL._AC_UL320_.jpg
"ornerx Resin Fire Hydrant Statue Decor 6"" Tall - Small",$19.97,https://www.amazon.com/ornerx-Resin-Hydrant-Statue-Decor/dp/B01LGNMYOY/ref=sr_1_8?crid=1ETD973V81N4Y&keywords=fire+hydrant&qid=1670361952&sprefix=fire+hydrant%2Caps%2C70&sr=8-8,https://m.media-amazon.com/images/I/61jST+VIsqL._AC_UL320_.jpg
Bellaa 22472 Fire Hydrant Statue Dog Training Lamp Post 14 inch Indoor Outdoor Garden Statue Yard Decoration,$32.90,https://www.amazon.com/Elaan31-Hydrant-Training-Decoration-Ornament/dp/B07D6YG1XV/ref=sr_1_9?crid=1ETD973V81N4Y&keywords=fire+hydrant&qid=1670361952&sprefix=fire+hydrant%2Caps%2C70&sr=8-9,https://m.media-amazon.com/images/I/81pUIACvKcL._AC_UL320_.jpg
"LULIND - Dog Fire Hydrant Garden Statue with 2 Stakes, 16 Inches",$49.89,https://www.amazon.com/LULIND-Hydrant-Garden-Statue-Stakes/dp/B08G3PX7H6/ref=sr_1_10?crid=1ETD973V81N4Y&keywords=fire+hydrant&qid=1670361952&sprefix=fire+hydrant%2Caps%2C70&sr=8-10,https://m.media-amazon.com/images/I/81udHMCOl6L._AC_UL320_.jpg
"Choies Dog Fire Hydrant Statue with 4 Stake,Puppy Pee Post Training Statue,Outdoor Large Fire Hydrant Statue Garden Patio Ornament Decorations 14.5 inch Tall",$37.99,https://www.amazon.com/Hydrant-Training-Outdoor-Ornament-Decorations/dp/B08PDB2BNW/ref=sr_1_11?crid=1ETD973V81N4Y&keywords=fire+hydrant&qid=1670361952&sprefix=fire+hydrant%2Caps%2C70&sr=8-11,https://m.media-amazon.com/images/I/612hX3X94iL._AC_UL320_.jpg
Old World Christmas Ornaments: Fire Hydrant Glass Blown Ornaments for Christmas Tree (36038),$12.20,https://www.amazon.com/Old-World-Christmas-Ornaments-Hydrant/dp/B0029SEOJ4/ref=sr_1_12?crid=1ETD973V81N4Y&keywords=fire+hydrant&qid=1670361952&sprefix=fire+hydrant%2Caps%2C70&sr=8-12,https://m.media-amazon.com/images/I/71hN7TaxEpL._AC_UL320_.jpg
"Claratut Resin Small Dog Fire Hydrant Puppy（Only Suitable for Puppies） Pee Post Training Statue ,14.5 inches Outdoor Garden Yard Lawn Ornament with 4 Stakes",$35.99,https://www.amazon.com/Claratut-Puppy%EF%BC%88Only-Suitable-Puppies%EF%BC%89-Training/dp/B08K2QSKVK/ref=sr_1_13?crid=1ETD973V81N4Y&keywords=fire+hydrant&qid=1670361952&sprefix=fire+hydrant%2Caps%2C70&sr=8-13,https://m.media-amazon.com/images/I/81VlLIMAoOL._AC_UL320_.jpg
"Choies Dog Fire Hydrant Garden Statue,14.5inch Puppy Pee Post and Pet Storage Container Status,Outdoor Fire Hydrant Statue Figurines for Yard Garden Lawn, A Unique Gift with The Dream of Firefighters",$32.99,https://www.amazon.com/Hydrant-14-5inch-Container-Figurines-Firefighters/dp/B0B2W97XNC/ref=sr_1_14?crid=1ETD973V81N4Y&keywords=fire+hydrant&qid=1670361952&sprefix=fire+hydrant%2Caps%2C70&sr=8-14,https://m.media-amazon.com/images/I/51l+OOqX5rL._AC_UL320_.jpg
"Mayrich Dog Fire Hydrant Yard Garden Indoor Outdoor Resin Statue 14""",$37.45,https://www.amazon.com/Mayrich-Hydrant-Garden-Indoor-Outdoor/dp/B00R49BXG0/ref=sr_1_15?crid=1ETD973V81N4Y&keywords=fire+hydrant&qid=1670361952&sprefix=fire+hydrant%2Caps%2C70&sr=8-15,https://m.media-amazon.com/images/I/41T0X1VHU1L._AC_UL320_.jpg
"Straw Fire Hydrant Cups with Lids - (Pack of 4) Reusable 12 oz, Red Plastic Fire Truck Party Supplies Cups and Firefighter Birthday Party Favors for Kids by Bedwina",$12.89,https://www.amazon.com/Straw-Fire-Hydrant-Cups-Lids/dp/B07MVM5RGR/ref=sr_1_16?crid=1ETD973V81N4Y&keywords=fire+hydrant&qid=1670361952&sprefix=fire+hydrant%2Caps%2C70&sr=8-16,https://m.media-amazon.com/images/I/7181fszKy9L._AC_UL320_.jpg
"Choies Dog Fire Hydrant Statue with 4 Stake,Puppy Pee Post Training Statue,Outdoor Large Fire Hydrant Statue Garden Patio Ornament Decorations 14.5 inch Tall",$37.99,https://www.amazon.com/gp/slredirect/picassoRedirect.html/ref=pa_sp_mtf_aps_sr_pg1_1?ie=UTF8&adId=A08185613EMYO8ZYIZ8OE&qualifier=1670361952&id=5400189383111009&widgetName=sp_mtf&url=%2FHydrant-Training-Outdoor-Ornament-Decorations%2Fdp%2FB08PDB2BNW%2Fref%3Dsr_1_17_sspa%3Fcrid%3D1ETD973V81N4Y%26keywords%3Dfire%2Bhydrant%26qid%3D1670361952%26sprefix%3Dfire%2Bhydrant%252Caps%252C70%26sr%3D8-17-spons%26psc%3D1,https://m.media-amazon.com/images/I/612hX3X94iL._AC_UL320_.jpg
"Dog Fire Hydrant Statue Puppy Pee Post and Gift for Fireman, Fire Hydrant Garden Decor Statue Large, Fire Hydrant for Dog Full Color 14 inches",$38.99,https://www.amazon.com/gp/slredirect/picassoRedirect.html/ref=pa_sp_mtf_aps_sr_pg1_1?ie=UTF8&adId=A0053482VLT3OP86UFLB&qualifier=1670361952&id=5400189383111009&widgetName=sp_mtf&url=%2FMARYTUMM-Hydrant-Statue-Fireman-Garden%2Fdp%2FB08DKYD1QR%2Fref%3Dsr_1_18_sspa%3Fcrid%3D1ETD973V81N4Y%26keywords%3Dfire%2Bhydrant%26qid%3D1670361952%26sprefix%3Dfire%2Bhydrant%252Caps%252C70%26sr%3D8-18-spons%26psc%3D1,https://m.media-amazon.com/images/I/51IX6vpiBWS._AC_UL320_.jpg
"NOVINO Fire Hydrant Hose Adapter 2-1/2"" NST/NH Female x 3/4"" GHT Male, Brass Fire Hydrant Adapter Fire Equipment Hydrant to Garden Hose Adapter",$24.99,https://www.amazon.com/gp/slredirect/picassoRedirect.html/ref=pa_sp_mtf_aps_sr_pg1_1?ie=UTF8&adId=A02819143OJS882JDVRTH&qualifier=1670361952&id=5400189383111009&widgetName=sp_mtf&url=%2FNOVINO-Hydrant-Adapter-Female-Equipment%2Fdp%2FB09WHZQ2GF%2Fref%3Dsr_1_19_sspa%3Fcrid%3D1ETD973V81N4Y%26keywords%3Dfire%2Bhydrant%26qid%3D1670361952%26sprefix%3Dfire%2Bhydrant%252Caps%252C70%26sr%3D8-19-spons%26psc%3D1,https://m.media-amazon.com/images/I/71LJW7ynZqL._AC_UL320_.jpg
"Claratut Resin Small Dog Fire Hydrant Puppy（Only Suitable for Puppies） Pee Post Training Statue ,14.5 inches Outdoor Garden Yard Lawn Ornament with 4 Stakes",$35.99,https://www.amazon.com/gp/slredirect/picassoRedirect.html/ref=pa_sp_mtf_aps_sr_pg1_1?ie=UTF8&adId=A00580031C0LYSGPUHNLC&qualifier=1670361952&id=5400189383111009&widgetName=sp_mtf&url=%2FClaratut-Puppy%25EF%25BC%2588Only-Suitable-Puppies%25EF%25BC%2589-Training%2Fdp%2FB08K2QSKVK%2Fref%3Dsr_1_20_sspa%3Fcrid%3D1ETD973V81N4Y%26keywords%3Dfire%2Bhydrant%26qid%3D1670361952%26sprefix%3Dfire%2Bhydrant%252Caps%252C70%26sr%3D8-20-spons%26psc%3D1,https://m.media-amazon.com/images/I/81VlLIMAoOL._AC_UL320_.jpg
"Silicone Potty Training Dog Fire Hydrant | Pee Training for Male Dogs | Petite 4"" W x 7"" H",$22.00,https://www.amazon.com/Silicone-Potty-Training-Hydrant-Petite/dp/B0B2341W37/ref=sr_1_21?crid=1ETD973V81N4Y&keywords=fire+hydrant&qid=1670361952&sprefix=fire+hydrant%2Caps%2C70&sr=8-21,https://m.media-amazon.com/images/I/41MRcCMQ6sL._AC_UL320_.jpg
"Kuriyama SWLA Adjustable Hydrant Wrench, 1 1/2 to 3""",$40.39,https://www.amazon.com/Kuriyama-SWLA-Adjustable-Hydrant-Wrench/dp/B00H7YM69K/ref=sr_1_22?crid=1ETD973V81N4Y&keywords=fire+hydrant&qid=1670361952&sprefix=fire+hydrant%2Caps%2C70&sr=8-22,https://m.media-amazon.com/images/I/41xp6yahHwL._AC_UL320_.jpg
Ornerx Fire Hydrant Money Box Resin Piggy Bank,$19.59,https://www.amazon.com/ornerx-Resin-Hydrant-Piggy-Money/dp/B0749MCD11/ref=sr_1_23?crid=1ETD973V81N4Y&keywords=fire+hydrant&qid=1670361952&sprefix=fire+hydrant%2Caps%2C70&sr=8-23,https://m.media-amazon.com/images/I/71HhEyKpTCL._AC_UL320_.jpg
ALPI Fire Hydrant Stress Toy,$9.99,https://www.amazon.com/ALPI-Fire-Hydrant-Stress-Toy/dp/B009CCHLOA/ref=sr_1_24?crid=1ETD973V81N4Y&keywords=fire+hydrant&qid=1670361952&sprefix=fire+hydrant%2Caps%2C70&sr=8-24,https://m.media-amazon.com/images/I/41gmP-M1fVL._AC_UL320_.jpg
"Kids Sprinkler Fire Hydrant, Attach Water Sprinkler for Kids to Garden Hose for Backyard Fun, Splash All Summer Long, Sprays Up to 8 Ft.(Red)",$15.99,https://www.amazon.com/Sprinkler-Hydrant-Attach-Backyard-Fun/dp/B003Q24GT0/ref=sr_1_25?crid=1ETD973V81N4Y&keywords=fire+hydrant&qid=1670361952&sprefix=fire+hydrant%2Caps%2C70&sr=8-25,https://m.media-amazon.com/images/I/61xiLJT-iWL._AC_UL320_.jpg
"U.S. Toy Inflatable Fire Hydrant, Multicolor, One Size (SS-UST-IN375)",$14.39,https://www.amazon.com/U-S-Toy-IN375-Inflatable-Hydrant/dp/B004QP0KQY/ref=sr_1_26?crid=1ETD973V81N4Y&keywords=fire+hydrant&qid=1670361952&sprefix=fire+hydrant%2Caps%2C70&sr=8-26,https://m.media-amazon.com/images/I/51ppA-+N8BL._AC_UL320_.jpg
"TG,LLC Treasure Gurus Red Fire Hydrant Miniature Die Cast Pencil Sharpener Firefighter Gift",$6.75,https://www.amazon.com/TG-LLC-Miniature-Sharpener-Firefighter/dp/B0153JC64K/ref=sr_1_27_mod_primary_new?crid=1ETD973V81N4Y&keywords=fire+hydrant&qid=1670361952&sbo=RZvfv%2F%2FHxDF%2BO5021pAnSA%3D%3D&sprefix=fire+hydrant%2Caps%2C70&sr=8-27,https://m.media-amazon.com/images/I/61+wO5VlKmL._AC_UL320_.jpg
"Brady 124333 Traffic Control Sign, Legend""No Parking Fire Hydrant"", 18"" Height, 12"" Width, Red on White",$19.66,https://www.amazon.com/Brady-124333-Traffic-Control-Parking/dp/B00JEGDZKS/ref=sr_1_28?crid=1ETD973V81N4Y&keywords=fire+hydrant&qid=1670361952&sprefix=fire+hydrant%2Caps%2C70&sr=8-28,https://m.media-amazon.com/images/I/71qusQc0IkL._AC_UL320_.jpg
"ornerx Resin Fire Hydrant Statue Decor 6"" Tall - Small",$19.97,https://www.amazon.com/gp/slredirect/picassoRedirect.html/ref=pa_sp_mtf_aps_sr_pg1_1?ie=UTF8&adId=A05020543OU9HBULIGTHB&qualifier=1670361952&id=5400189383111009&widgetName=sp_mtf&url=%2Fornerx-Resin-Hydrant-Statue-Decor%2Fdp%2FB01LGNMYOY%2Fref%3Dsr_1_29_sspa%3Fcrid%3D1ETD973V81N4Y%26keywords%3Dfire%2Bhydrant%26qid%3D1670361952%26sprefix%3Dfire%2Bhydrant%252Caps%252C70%26sr%3D8-29-spons%26psc%3D1,https://m.media-amazon.com/images/I/61jST+VIsqL._AC_UL320_.jpg
"Dog Fire Hydrant Garden Statue, Perfect Puppy Pee Training Post, Indoor Outdoor Fire Hydrant Decor Figurines for Yard Art and Garden Lawn, A Unique Gift with The Dream of Firefighters - 14 Inches",$38.98,https://www.amazon.com/gp/slredirect/picassoRedirect.html/ref=pa_sp_mtf_aps_sr_pg1_1?ie=UTF8&adId=A05596732K27NHRFCPYWB&qualifier=1670361952&id=5400189383111009&widgetName=sp_mtf&url=%2FJHP-Hydrant-Training-Figurines-Firefighters%2Fdp%2FB08D6KPFDQ%2Fref%3Dsr_1_30_sspa%3Fcrid%3D1ETD973V81N4Y%26keywords%3Dfire%2Bhydrant%26qid%3D1670361952%26sprefix%3Dfire%2Bhydrant%252Caps%252C70%26sr%3D8-30-spons%26psc%3D1,https://m.media-amazon.com/images/I/71VgKuAPrOL._AC_UL320_.jpg
"Choies Dog Fire Hydrant Garden Statue,14.5inch Puppy Pee Post and Pet Storage Container Status,Outdoor Fire Hydrant Statue Figurines for Yard Garden Lawn, A Unique Gift with The Dream of Firefighters",$32.99,https://www.amazon.com/gp/slredirect/picassoRedirect.html/ref=pa_sp_mtf_aps_sr_pg1_1?ie=UTF8&adId=A04535162X3CP0BN8YWG7&qualifier=1670361952&id=5400189383111009&widgetName=sp_mtf&url=%2FHydrant-14-5inch-Container-Figurines-Firefighters%2Fdp%2FB0B2W97XNC%2Fref%3Dsr_1_31_sspa%3Fcrid%3D1ETD973V81N4Y%26keywords%3Dfire%2Bhydrant%26qid%3D1670361952%26sprefix%3Dfire%2Bhydrant%252Caps%252C70%26sr%3D8-31-spons%26psc%3D1,https://m.media-amazon.com/images/I/51l+OOqX5rL._AC_UL320_.jpg
"Magical Flames Color Fire Packets - 25-Pack of Fire Colors for Campfires, Fire Pits, Outdoor Fireplaces - Hue-Changing Cosmic Flame Powder - Camping Accessories - Stocking Stuffers for Kids & Adults",$25.60,https://www.amazon.com/gp/slredirect/picassoRedirect.html/ref=pa_sp_mtf_aps_sr_pg1_1?ie=UTF8&adId=A0926376206RLZSMHAYXC&qualifier=1670361952&id=5400189383111009&widgetName=sp_mtf&url=%2Ffire-color-changing-packets-fire-pit%2Fdp%2FB019HVTUGM%2Fref%3Dsr_1_32_sspa%3Fcrid%3D1ETD973V81N4Y%26keywords%3Dfire%2Bhydrant%26qid%3D1670361952%26sprefix%3Dfire%2Bhydrant%252Caps%252C70%26sr%3D8-32-spons%26psc%3D1,https://m.media-amazon.com/images/I/814prpm7LiL._AC_UL320_.jpg
"KONG Company 38749523: Eon Fire Hydrant Dog Toy, Lg",$14.99,https://www.amazon.com/Kong-Eon-Fire-Hydrant-Large/dp/B092C5CGK5/ref=sr_1_33?crid=1ETD973V81N4Y&keywords=fire+hydrant&qid=1670361952&sprefix=fire+hydrant%2Caps%2C70&sr=8-33,https://m.media-amazon.com/images/I/51Iw07UkRXL._AC_UL320_.jpg
"NOVINO Fire Hydrant Hose Adapter 2-1/2"" NST/NH Female x 3/4"" GHT Male, Brass Fire Hydrant Adapter Fire Equipment Hydrant to Garden Hose Adapter",$24.99,https://www.amazon.com/NOVINO-Hydrant-Adapter-Female-Equipment/dp/B09WHZQ2GF/ref=sr_1_34?crid=1ETD973V81N4Y&keywords=fire+hydrant&qid=1670361952&sprefix=fire+hydrant%2Caps%2C70&sr=8-34,https://m.media-amazon.com/images/I/71LJW7ynZqL._AC_UL320_.jpg
"Happy Tree 2-1/2"" NST (NH) Female x 3/4"" GHT Male Brass Fire Hydrant Adapter with Pin Lug Brass Fire Equipment Brass Hydrant to Garden Hose Adapter",$19.99,https://www.amazon.com/Happy-Tree-Hydrant-Adapter-Equipment/dp/B075XM3ZDG/ref=sr_1_35?crid=1ETD973V81N4Y&keywords=fire+hydrant&qid=1670361952&sprefix=fire+hydrant%2Caps%2C70&sr=8-35,https://m.media-amazon.com/images/I/710ECB3YgwL._AC_UL320_.jpg
Spunky Pup Fetch and Chew Dog Toy,$12.35,https://www.amazon.com/Spunky-Pup-Fire-Hydrant-Large/dp/B00URNA4U6/ref=sr_1_36?crid=1ETD973V81N4Y&keywords=fire+hydrant&qid=1670361952&sprefix=fire+hydrant%2Caps%2C70&sr=8-36,https://m.media-amazon.com/images/I/81yiLvX-oiL._AC_UL320_.jpg
Lathamsea 14.5 Inches Training Small Dog Puppy（Only Suitable for Puppies） Pee Post Fire Hydrant Statue with 4 Stakes for Outdoor Garden Patio Yard Ornament Decorations,$35.99,https://www.amazon.com/Lathamsea-Training-Puppy%EF%BC%88Only-Suitable-Decorations/dp/B08M9VSRBF/ref=sr_1_37?crid=1ETD973V81N4Y&keywords=fire+hydrant&qid=1670361952&sprefix=fire+hydrant%2Caps%2C70&sr=8-37,https://m.media-amazon.com/images/I/81M2oMPieBL._AC_UL320_.jpg
"Cupcake Stand for Children's Parties, Fire Hydrant, Fire Fighter Theme!",$11.95,https://www.amazon.com/Cupcake-Childrens-Parties-Hydrant-Fighter/dp/B0788557F6/ref=sr_1_38?crid=1ETD973V81N4Y&keywords=fire+hydrant&qid=1670361952&sprefix=fire+hydrant%2Caps%2C70&sr=8-38,https://m.media-amazon.com/images/I/81Lzjg8TPCL._AC_UL320_.jpg
Reed Tool HWB Cast Ductile Hydrant Wrench,$39.56,https://www.amazon.com/Reed-Tool-Ductile-Hydrant-Wrench/dp/B000OMIW04/ref=sr_1_39_mod_primary_new?crid=1ETD973V81N4Y&keywords=fire+hydrant&qid=1670361952&sbo=RZvfv%2F%2FHxDF%2BO5021pAnSA%3D%3D&sprefix=fire+hydrant%2Caps%2C70&sr=8-39,https://m.media-amazon.com/images/I/31gZcKqglRL._AC_UL320_.jpg
Metal Magery FDC Caps - Metal Fire Department Connection Caps - Red Breakable Fire Department Caps - 2 Pack,$17.99,https://www.amazon.com/Metal-Magery-FDC-Caps-Department/dp/B0BG945DSG/ref=sr_1_40?crid=1ETD973V81N4Y&keywords=fire+hydrant&qid=1670361952&sprefix=fire+hydrant%2Caps%2C70&sr=8-40,https://m.media-amazon.com/images/I/713nDqd5QtL._AC_UL320_.jpg
"SpringSpray 2-1/2"" NST (NH) Female x 3/4"" GHT Male Brass Fire Hydrant Adapter with Pin Lug Brass Fire Equipment Brass Hydrant to Garden Hose Adapter",$24.99,https://www.amazon.com/SpringSpray-Female-Hydrant-Adapter-Equipment/dp/B08LL7WX5T/ref=sr_1_41?crid=1ETD973V81N4Y&keywords=fire+hydrant&qid=1670361952&sprefix=fire+hydrant%2Caps%2C70&sr=8-41,https://m.media-amazon.com/images/I/71pHTsf09jL._AC_UL320_.jpg
FANN 14.5 Inch Tall Small Dog Hydrant Puppy Training Pee Post Statue Sturdy and Durable Fix with 4 Studs,$34.99,https://www.amazon.com/FANN-Hydrant-Training-Statue-Durable/dp/B08BWXNMJV/ref=sr_1_42?crid=1ETD973V81N4Y&keywords=fire+hydrant&qid=1670361952&sprefix=fire+hydrant%2Caps%2C70&sr=8-42,https://m.media-amazon.com/images/I/81GpkpLwo3L._AC_UL320_.jpg
"Matty's Toy Stop FIDO The FIRE Dog Hydrant Water Sprinkler for Kids, Attaches to Standard Garden Hose & Sprays Up to 10 Feet High & 16 Feet Wide, Measures 10.75"" High",$19.99,https://www.amazon.com/Toy-Stop-Sprinkler-Attaches-Standard/dp/B084H12L2M/ref=sr_1_43?crid=1ETD973V81N4Y&keywords=fire+hydrant&qid=1670361952&sprefix=fire+hydrant%2Caps%2C70&sr=8-43,https://m.media-amazon.com/images/I/91mRs8GRBeL._AC_UL320_.jpg
Yexiya Fire Hydrant Cupcake Holder 3 Tier Fire Hydrant Cupcake Stand Firefighter Theme Cupcake Holder Stand Fire Truck Birthday Party Supplies Fire Hydrant Party Decor for Fire Party Decorations,$12.49,https://www.amazon.com/Yexiya-Firefighter-Birthday-Supplies-Decorations/dp/B0BHVM2717/ref=sr_1_44?crid=1ETD973V81N4Y&keywords=fire+hydrant&qid=1670361952&sprefix=fire+hydrant%2Caps%2C70&sr=8-44,https://m.media-amazon.com/images/I/61X+Zh1zAaL._AC_UL320_.jpg
Fire Hydrant Drink Dispenser (holds 1.75 Gallons) Firefighter and Dog Paw Party Supplies,$37.31,https://www.amazon.com/Fun-Express-Dispenser-Birthday-Drinkware/dp/B00TU75HFW/ref=sr_1_45?crid=1ETD973V81N4Y&keywords=fire+hydrant&qid=1670361952&sprefix=fire+hydrant%2Caps%2C70&sr=8-45,https://m.media-amazon.com/images/I/51zlDc05c6L._AC_UL320_.jpg
"Dog Fire Hydrant Garden Statue, Perfect Puppy Pee Training Post, Indoor Outdoor Fire Hydrant Decor Figurines for Yard Art and Garden Lawn, A Unique Gift with The Dream of Firefighters - 14 Inches",$38.98,https://www.amazon.com/JHP-Hydrant-Training-Figurines-Firefighters/dp/B08D6KPFDQ/ref=sr_1_46?crid=1ETD973V81N4Y&keywords=fire+hydrant&qid=1670361952&sprefix=fire+hydrant%2Caps%2C70&sr=8-46,https://m.media-amazon.com/images/I/71VgKuAPrOL._AC_UL320_.jpg
Dollhouse Miniature Fire Hydrant,$2.99,https://www.amazon.com/International-Miniatures-IM65381-Dollhouse-Miniature/dp/B000TBIQIS/ref=sr_1_47?crid=1ETD973V81N4Y&keywords=fire+hydrant&qid=1670361952&sprefix=fire+hydrant%2Caps%2C70&sr=8-47,https://m.media-amazon.com/images/I/41ArxNSCwPL._AC_UL320_.jpg
"Fire Hydrant Marker, 5 Ft, Reflective Tape, Metal Spring",$45.00,https://www.amazon.com/Hydrant-Marker-Reflective-Metal-Spring/dp/B07XFTTDDF/ref=sr_1_48?crid=1ETD973V81N4Y&keywords=fire+hydrant&qid=1670361952&sprefix=fire+hydrant%2Caps%2C70&sr=8-48,https://m.media-amazon.com/images/I/4169D1aPR7L._AC_UL320_.jpg
Fire Hydrant Cupcake Holder (3 tiers) Fire Truck Party Supplies,$16.99,https://www.amazon.com/Fun-Express-Hydrant-Cupcake-Holder/dp/B008I3R8JW/ref=sr_1_49?crid=1ETD973V81N4Y&keywords=fire+hydrant&qid=1670361952&sprefix=fire+hydrant%2Caps%2C70&sr=8-49,https://m.media-amazon.com/images/I/61fsgOsaqJL._AC_UL320_.jpg
"Yookidoo Ready Freddy Spray ‘N’ Sprinkle Kids Bath Toy. Action-Oriented Fire Hydrant Play Game for Children Ages 3+. Comes with 4 Fireman Accessories, Promotes STEM-Based Learning.",$24.95,https://www.amazon.com/Yookidoo-Action-Oriented-Accessories-STEM-Based-Learning/dp/B09FBNJSBB/ref=sr_1_50?crid=1ETD973V81N4Y&keywords=fire+hydrant&qid=1670361952&sprefix=fire+hydrant%2Caps%2C70&sr=8-50,https://m.media-amazon.com/images/I/51SE8qF+TLL._AC_UL320_.jpg
Fire Hydrant Cupcake Holder 2 Pieces 3 Tier Fire Hydrant Cupcake Stand Fire Fighter Theme Cupcake Holder Stand Fire Truck Birthday Party Supplies Fire Hydrant Party Decor for Fire Party Decorations,$18.99,https://www.amazon.com/Hydrant-Cupcake-Birthday-Supplies-Decorations/dp/B09TFFM51P/ref=sr_1_51?crid=1ETD973V81N4Y&keywords=fire+hydrant&qid=1670361952&sprefix=fire+hydrant%2Caps%2C70&sr=8-51,https://m.media-amazon.com/images/I/71dJigIlrNL._AC_UL320_.jpg
"Henry The Hydrant Water Sprinkler for Kids, Attaches to Standard Garden Hose & Sprays Up to 10 Feet High & 16 Feet Wide, Measures 10.75"" High",$14.95,https://www.amazon.com/Mattys-Toy-Stop-Sprinkler-Attaches/dp/B07DF37FBK/ref=sr_1_53?crid=1ETD973V81N4Y&keywords=fire+hydrant&qid=1670361952&sprefix=fire+hydrant%2Caps%2C70&sr=8-53,https://m.media-amazon.com/images/I/71OqXN0Hw3L._AC_UL320_.jpg
"SpringSpray 2-1/2"" NST (NH) Female x 1-1/2"" NST (NH) Male Brass Fire Hydrant Adapter with Pin Lug Brass Fire Equipment",$28.99,https://www.amazon.com/SpringSpray-Female-Hydrant-Adapter-Equipment/dp/B08S339KTB/ref=sr_1_54?crid=1ETD973V81N4Y&keywords=fire+hydrant&qid=1670361952&sprefix=fire+hydrant%2Caps%2C70&sr=8-54,https://m.media-amazon.com/images/I/61GApjRpUML._AC_UL320_.jpg
"Fire Hydrant Trash Can Retro Creative Garbage Can with Inner Bucket Large Capacity Wrought Iron Pedal Trash Can Indoor Outdoor Waste Bins for Park Garden Kitchen Garbage (Red, Small)",$89.99,https://www.amazon.com/Hydrant-Creative-Garbage-Capacity-Wrought/dp/B0B9LWHQ44/ref=sr_1_55?crid=1ETD973V81N4Y&keywords=fire+hydrant&qid=1670361952&sprefix=fire+hydrant%2Caps%2C70&sr=8-55,https://m.media-amazon.com/images/I/6166skORzrL._AC_UL320_.jpg
Yardwe Fire Hydrant Piggy Bank Resin Coin Money Saving Pot Jar Desktop Ornament for Kids Children New Year Birthday Party Favor Red,$21.78,https://www.amazon.com/Yardwe-Hydrant-Ornament-Children-Birthday/dp/B08Q7QLLRL/ref=sr_1_56?crid=1ETD973V81N4Y&keywords=fire+hydrant&qid=1670361952&sprefix=fire+hydrant%2Caps%2C70&sr=8-56,https://m.media-amazon.com/images/I/61Q68mziS-L._AC_UL320_.jpg
"Fire Hydrant Hose Adapter, 1-1/2"" NPT x 1-1/2"" NST (NH) Male Hex Nipple Fire Hose Fitting Double Male Brass Fire Hydrant Adapter",$18.99,https://www.amazon.com/Hydrant-Adapter-Nipple-Fitting-Double/dp/B09Y1L9CHV/ref=sr_1_57?crid=1ETD973V81N4Y&keywords=fire+hydrant&qid=1670361952&sprefix=fire+hydrant%2Caps%2C70&sr=8-57,https://m.media-amazon.com/images/I/71BhL34yf7L._AC_UL320_.jpg
"GoFloats Giant Inflatable Fire Hydrant Party Sprinkler - 5 Feet Tall Yard Sprinkler for Kids Summer Fun, Red",$34.99,https://www.amazon.com/GoFloats-Inflatable-Hydrant-Sprinkler-Summer/dp/B08637CXKC/ref=sr_1_58?crid=1ETD973V81N4Y&keywords=fire+hydrant&qid=1670361952&sprefix=fire+hydrant%2Caps%2C70&sr=8-58,https://m.media-amazon.com/images/I/81Xzh8EWWCL._AC_UL320_.jpg
"Design Toscano FU82351 Fire Hydrant Statue Puppy Pee Post and Pet Storage Container, Grande, Full Color",$339.15,https://www.amazon.com/gp/slredirect/picassoRedirect.html/ref=pa_sp_btf_aps_sr_pg1_1?ie=UTF8&adId=A07807953CHGYOGITRSOC&qualifier=1670361952&id=5400189383111009&widgetName=sp_btf&url=%2FDesign-Toscano-FU82351-Hydrant-Container%2Fdp%2FB06X9KY6G9%2Fref%3Dsr_1_59_sspa%3Fcrid%3D1ETD973V81N4Y%26keywords%3Dfire%2Bhydrant%26qid%3D1670361952%26sprefix%3Dfire%2Bhydrant%252Caps%252C70%26sr%3D8-59-spons%26psc%3D1,https://m.media-amazon.com/images/I/71LhgPiQ+EL._AC_UL320_.jpg
"Dixon Valve & Coupling PHW Plated Iron Fire Equipment, 5 Hole Hydrant Wrench, 14-1/4"" Length",$25.57,https://www.amazon.com/gp/slredirect/picassoRedirect.html/ref=pa_sp_btf_aps_sr_pg1_1?ie=UTF8&adId=A00170183V5ZOT96KE69B&qualifier=1670361952&id=5400189383111009&widgetName=sp_btf&url=%2FDixon-Valve-Coupling-PHW-Equipment%2Fdp%2FB00AJTHIZ2%2Fref%3Dsr_1_60_sspa%3Fcrid%3D1ETD973V81N4Y%26keywords%3Dfire%2Bhydrant%26qid%3D1670361952%26sprefix%3Dfire%2Bhydrant%252Caps%252C70%26sr%3D8-60-spons%26psc%3D1%26smid%3DA3482GIE50BZMS,https://m.media-amazon.com/images/I/71Kn2GHC9jL._AC_UL320_.jpg
