item_name,price,link_to_item,link_to_item_image
1 POUND BANANARAMA CANDY BULK RUNTS BANANA HEADS,$9.96,https://www.amazon.com/gp/slredirect/picassoRedirect.html/ref=pa_sp_atf_aps_sr_pg1_1?ie=UTF8&adId=A01567641X3OVI0YHEW9U&qualifier=1670362035&id=8426310184966603&widgetName=sp_atf&url=%2FPOUND-BANANARAMA-CANDY-RUNTS-BANANA%2Fdp%2FB01B6PB89O%2Fref%3Dsr_1_1_sspa%3Fcrid%3D1ETD973V81N4Y%26keywords%3Dbanana%26qid%3D1670362035%26sprefix%3Dbanana%252Caps%252C70%26sr%3D8-1-spons%26psc%3D1%26smid%3DA1I7V8CZTJX281,https://m.media-amazon.com/images/I/615HDcrVogL._AC_UL320_.jpg
"Banana, 1 Each",$0.28,https://www.amazon.com/Produce-PRODUCE-Whole-Trade-Banana/dp/B07FYYKKQK/ref=sr_1_2_f3_0o_wf?crid=1ETD973V81N4Y&keywords=banana&qid=1670362035&sprefix=banana%2Caps%2C70&sr=8-2,https://m.media-amazon.com/images/I/31zxVniGbKL._AC_UL320_.jpg
Organic Banana,$0.28,https://www.amazon.com/Banana-Organic-1-Each/dp/B0787Y4V6T/ref=sr_1_3_f3_0o_wf?crid=1ETD973V81N4Y&keywords=banana&qid=1670362035&sprefix=banana%2Caps%2C70&sr=8-3,https://m.media-amazon.com/images/I/31oubF6SdeL._AC_UL320_.jpg
Banana Plantain Macho Conventional,$0.70,https://www.amazon.com/Banana-Plantain-Conventional/dp/B0787VY27V/ref=sr_1_4_f3_0o_wf?crid=1ETD973V81N4Y&keywords=banana&qid=1670362035&sprefix=banana%2Caps%2C70&sr=8-4,https://m.media-amazon.com/images/I/61cdiDTHIEL._AC_UL320_.jpg
"Dried Banana Chips Unsweetened Bulk, 1 lb. Dried Bananas, Unsweetened Banana Chips, Dehydrated Bananas, Unsweetened Dried Banana slices, Banana Crisps. All Natural, Non-GMO, 16 oz.",$9.99,https://www.amazon.com/Unsweetened-Bananas-Dehydrated-Crisps-Natural/dp/B092N23YL1/ref=sr_1_5?crid=1ETD973V81N4Y&keywords=banana&qid=1670362035&sprefix=banana%2Caps%2C70&sr=8-5,https://m.media-amazon.com/images/I/71weIXbqZ9L._AC_UL320_.jpg
NATIERRA Nature's All Foods Organic Freeze-Dried Bananas | Non-GMO & Vegan | 2.5 Ounce,$8.42,https://www.amazon.com/Natierra-Natures-Organic-Freeze-Dried-Bananas/dp/B005M4G2VA/ref=sr_1_6?crid=1ETD973V81N4Y&keywords=banana&qid=1670362035&sprefix=banana%2Caps%2C70&sr=8-6,https://m.media-amazon.com/images/I/61pLzWSw4zL._AC_UL320_.jpg
"Mavuno Harvest Dried Banana Chips Fruit Snacks | Organic Dried Banana | Healthy Snacks for Kids & Adults | Unsweetened Banana Chips | Gluten Free Snack | Vegan, Non GMO, Direct Trade | 2 Oz, Pack of 3",$9.99,https://www.amazon.com/Mavuno-Harvest-Trade-Organic-Banana/dp/B01N013ML1/ref=sr_1_7?crid=1ETD973V81N4Y&keywords=banana&qid=1670362035&sprefix=banana%2Caps%2C70&sr=8-7,https://m.media-amazon.com/images/I/61P5uzRRMBL._AC_UL320_.jpg
Barnana Organic Chewy Banana Bites - Dark Chocolate - 3.5 Ounce (Pack of 1),$6.22,https://www.amazon.com/Organic-Chocolate-Chewy-Banana-Bites/dp/B00BOJ7Z5E/ref=sr_1_8?crid=1ETD973V81N4Y&keywords=banana&qid=1670362035&sprefix=banana%2Caps%2C70&sr=8-8,https://m.media-amazon.com/images/I/81-beJOqMJL._AC_UL320_.jpg
"Organic Banana, 1 Each",$26.95,https://www.amazon.com/Fresh-Produce-Organic-Banana-Each/dp/B010OWF92W/ref=sr_1_9?crid=1ETD973V81N4Y&keywords=banana&qid=1670362035&sprefix=banana%2Caps%2C70&sr=8-9,https://m.media-amazon.com/images/I/412mP9sPn8L._AC_UL320_.jpg
"Sahale Snacks Gluten-free Snack Banana Rum Pecans Glazed Mix, 4 Oz",$3.99,https://www.amazon.com/Sahale-Snacks-Gluten-free-Banana-Pecans/dp/B07CKC1W87/ref=sr_1_10?crid=1ETD973V81N4Y&keywords=banana&qid=1670362035&sprefix=banana%2Caps%2C70&sr=8-10,https://m.media-amazon.com/images/I/81nTFPYZUnL._AC_UL320_.jpg
Natierra Nature's Organic Freeze-Dried Bananas | Gluten Free & Vegan | 2.5 Ounce (Pack of 3),$25.81,https://www.amazon.com/Natierra-Natures-Organic-Freeze-Dried-Crunchy/dp/B005XUBMYK/ref=sr_1_11?crid=1ETD973V81N4Y&keywords=banana&qid=1670362035&sprefix=banana%2Caps%2C70&sr=8-11,https://m.media-amazon.com/images/I/71dm7Bz9YTL._AC_UL320_.jpg
"Lucia Banana Blossom in Brine 17oz, 2 Pack",$13.99,https://www.amazon.com/Lucia-Banana-Blossom-Brine-17oz/dp/B07WFW3TC7/ref=sr_1_12?crid=1ETD973V81N4Y&keywords=banana&qid=1670362035&sprefix=banana%2Caps%2C70&sr=8-12,https://m.media-amazon.com/images/I/61xeK-RmAPL._AC_UL320_.jpg
"Bare Fruit Chip Banana Simply Baked, 2.7 oz",$5.49,https://www.amazon.com/Bare-Fruit-Banana-Simply-Baked/dp/B01M4RU1G2/ref=sr_1_13?crid=1ETD973V81N4Y&keywords=banana&qid=1670362035&sprefix=banana%2Caps%2C70&sr=8-13,https://m.media-amazon.com/images/I/81TIS445j2L._AC_UL320_.jpg
Fresh Organic Bananas Approximately 3 Lbs 1 Bunch of 6-9 Bananas,$19.77,https://www.amazon.com/Fresh-Organic-Bananas-Approximately-Bunch/dp/B00ZVIWWB6/ref=sr_1_14?crid=1ETD973V81N4Y&keywords=banana&qid=1670362035&sprefix=banana%2Caps%2C70&sr=8-14,https://m.media-amazon.com/images/I/21dA3cYpqOL._AC_UL320_.jpg
"Sincerely Nuts Banana Chips (sweetened) (5 LB) - Gluten-Free Food, Vegan, and Kosher Snack-Healthier Alternative Sweet Treat-Same Banana Taste with Crunch Plus Added Taste-Natural Energy",$24.99,https://www.amazon.com/Sincerely-Nuts-Banana-Chips-sweetened/dp/B00IOUDEBA/ref=sr_1_15?crid=1ETD973V81N4Y&keywords=banana&qid=1670362035&sprefix=banana%2Caps%2C70&sr=8-15,https://m.media-amazon.com/images/I/8140R1ODfaL._AC_UL320_.jpg
"Totally Bamboo Banana Holder, Banana Hanger Stand with Stainless Steel Hook",$16.99,https://www.amazon.com/gp/slredirect/picassoRedirect.html/ref=pa_sp_mtf_aps_sr_pg1_1?ie=UTF8&adId=A06580013FWAHLK0Z7AEL&qualifier=1670362035&id=8426310184966603&widgetName=sp_mtf&url=%2FTotally-Bamboo-20-2099-Banana-Hanger%2Fdp%2FB002RL9CSG%2Fref%3Dsr_1_17_sspa%3Fcrid%3D1ETD973V81N4Y%26keywords%3Dbanana%26qid%3D1670362035%26sprefix%3Dbanana%252Caps%252C70%26sr%3D8-17-spons%26psc%3D1,https://m.media-amazon.com/images/I/51-H9iF3ibL._AC_UL320_.jpg
"Crystal Light Sugar-Free Strawberry Orange Banana Low Calories Powdered Drink Mix 72 Count Pitcher Packets, 2.4 Ounce, 6 count (Pack of 12)",$30.96,https://www.amazon.com/gp/slredirect/picassoRedirect.html/ref=pa_sp_mtf_aps_sr_pg1_1?ie=UTF8&adId=A012509716R2VHT0RDW1W&qualifier=1670362035&id=8426310184966603&widgetName=sp_mtf&url=%2FCrystal-Light-Strawberry-Pitcher-Canisters%2Fdp%2FB00CJSW3II%2Fref%3Dsr_1_18_sspa%3Fcrid%3D1ETD973V81N4Y%26keywords%3Dbanana%26qid%3D1670362035%26sprefix%3Dbanana%252Caps%252C70%26sr%3D8-18-spons%26psc%3D1,https://m.media-amazon.com/images/I/819mKibWqaS._AC_UL320_.jpg
"That's it Apple + Banana 100% Natural Real Fruit Bar, Best High Fiber Vegan, Gluten Free Healthy Snack, Paleo for Children & Adults, Non GMO Sugar-Free, No Preservatives Energy Food (12 Pack)",$19.99,https://www.amazon.com/gp/slredirect/picassoRedirect.html/ref=pa_sp_mtf_aps_sr_pg1_1?ie=UTF8&adId=A09267422EK64ZEO5IUKV&qualifier=1670362035&id=8426310184966603&widgetName=sp_mtf&url=%2FThats-Natural-Children-No-Sugar-Preservatives%2Fdp%2FB075SM6DKW%2Fref%3Dsr_1_19_sspa%3Fcrid%3D1ETD973V81N4Y%26keywords%3Dbanana%26qid%3D1670362035%26sprefix%3Dbanana%252Caps%252C70%26sr%3D8-19-spons%26psc%3D1,https://m.media-amazon.com/images/I/71+WN+yl4KL._AC_UL320_.jpg
"Indus Farms 100% Natural Banana Fruit Powder, 8 oz, Non-GMO, No Artificial Flavors/Preservatives, Vegan, Eco-Friendly pouch. Perfect for banana breads, hair/skin care!",$15.99,https://www.amazon.com/gp/slredirect/picassoRedirect.html/ref=pa_sp_mtf_aps_sr_pg1_1?ie=UTF8&adId=A02797733NJM1GUMQ7144&qualifier=1670362035&id=8426310184966603&widgetName=sp_mtf&url=%2FEco-friendly-Resealable-Artificial-Preservatives-Vegan-Friendly%2Fdp%2FB07K1W5WN8%2Fref%3Dsr_1_20_sspa%3Fcrid%3D1ETD973V81N4Y%26keywords%3Dbanana%26qid%3D1670362035%26sprefix%3Dbanana%252Caps%252C70%26sr%3D8-20-spons%26psc%3D1,https://m.media-amazon.com/images/I/61c8hRRX0tL._AC_UL320_.jpg
Medium Hass Avocado,$0.99,https://www.amazon.com/Hass-Avocado-Large-Ready-Eat/dp/B000NOGKN4/ref=sr_1_21_f3_0o_wf?crid=1ETD973V81N4Y&keywords=banana&qid=1670362035&sprefix=banana%2Caps%2C70&sr=8-21,https://m.media-amazon.com/images/I/81aqzdQPufL._AC_UL320_.jpg
Organic Bartlett Pear,$1.17,https://www.amazon.com/Organic-Bartlett-Pear-One-Large/dp/B0050PRGXE/ref=sr_1_22_f3_0o_wf?crid=1ETD973V81N4Y&keywords=banana&qid=1670362035&sprefix=banana%2Caps%2C70&sr=8-22,https://m.media-amazon.com/images/I/61HOcZM6yBL._AC_UL320_.jpg
"Mandarins, 3 lbs",$5.49,https://www.amazon.com/produce-aisle-78027-Clementine-Mandarins/dp/B01M2VFYCN/ref=sr_1_23_f3_0o_wf?crid=1ETD973V81N4Y&keywords=banana&qid=1670362035&sprefix=banana%2Caps%2C70&sr=8-23,https://m.media-amazon.com/images/I/81kUz+g9RsL._AC_UL320_.jpg
Organic Honeycrisp Apples,$2.75,https://www.amazon.com/Organic-Honeycrisp-Apple-One-Medium/dp/B001GIP2A8/ref=sr_1_24_f3_0o_wf?crid=1ETD973V81N4Y&keywords=banana&qid=1670362035&sprefix=banana%2Caps%2C70&sr=8-24,https://m.media-amazon.com/images/I/71KKBVXup3L._AC_UL320_.jpg
Cantaloupe Melon,$3.99,https://www.amazon.com/produce-aisle-Cantaloupe-One-Medium/dp/B000NSGULC/ref=sr_1_25_f3_0o_wf?crid=1ETD973V81N4Y&keywords=banana&qid=1670362035&sprefix=banana%2Caps%2C70&sr=8-25,https://m.media-amazon.com/images/I/81l25K4fZ7L._AC_UL320_.jpg
Large Organic Hass Avocado,$2.50,https://www.amazon.com/produce-aisle-701920-Organic-Avocado/dp/B0014GLSE6/ref=sr_1_26_f3_0o_wf?crid=1ETD973V81N4Y&keywords=banana&qid=1670362035&sprefix=banana%2Caps%2C70&sr=8-26,https://m.media-amazon.com/images/I/81LKLCmdAQL._AC_UL320_.jpg
"Strawberries, 1 lb",$4.99,https://www.amazon.com/produce-aisle-Strawberries-1-lb/dp/B000P6J0SM/ref=sr_1_27_f3_0o_wf?crid=1ETD973V81N4Y&keywords=banana&qid=1670362035&sprefix=banana%2Caps%2C70&sr=8-27,https://m.media-amazon.com/images/I/610XDQ-vpHL._AC_UL320_.jpg
"Organic Blackberries, 6 oz",$4.49,https://www.amazon.com/produce-aisle-040-01021-Organic-Blackberries/dp/B00E3JM7UU/ref=sr_1_28_f3_0o_wf?crid=1ETD973V81N4Y&keywords=banana&qid=1670362035&sprefix=banana%2Caps%2C70&sr=8-28,https://m.media-amazon.com/images/I/51yt79i7EbL._AC_UL320_.jpg
"Blueberries, 1 Pint",$3.79,https://www.amazon.com/produce-aisle-mburring-Blueberries-pint/dp/B003AYKYIG/ref=sr_1_29_f3_0o_wf?crid=1ETD973V81N4Y&keywords=banana&qid=1670362035&sprefix=banana%2Caps%2C70&sr=8-29,https://m.media-amazon.com/images/I/412Paq32fsL._AC_UL320_.jpg
"Organic Strawberries, 1 lb",$6.99,https://www.amazon.com/produce-aisle-mburring-Organic-Strawberries/dp/B002B8Z98W/ref=sr_1_30_f3_0o_wf?crid=1ETD973V81N4Y&keywords=banana&qid=1670362035&sprefix=banana%2Caps%2C70&sr=8-30,https://m.media-amazon.com/images/I/71XnlVv28ZL._AC_UL320_.jpg
"Sahale Snack Peak Variety Gift Box – 16 (1.5 oz) includes pistachios, almonds, pecans and cashews",$39.99,https://www.amazon.com/Sahale-Snack-Peak-Variety-Gift/dp/B0BL3PFK65/ref=sr_1_31?crid=1ETD973V81N4Y&keywords=banana&qid=1670362035&sprefix=banana%2Caps%2C70&sr=8-31,https://m.media-amazon.com/images/I/81rNXe5J+lL._AC_UL320_.jpg
"Fall Candles, Banana Bread Candle, Autumn Candle, Fall Scented Candles for Home, Farmhouse Fall Decor, Fall Home Decor, Fall Bathroom Decor, Autumn Decor, Sweater Weather Candle - 9oz",$24.95,https://www.amazon.com/Candles-Scented-Farmhouse-Bathroom-Sweater/dp/B0B6GQ2QT1/ref=sr_1_32?crid=1ETD973V81N4Y&keywords=banana&qid=1670362035&sprefix=banana%2Caps%2C70&sr=8-32,https://m.media-amazon.com/images/I/71-AyHRC9JL._AC_UL320_.jpg
"Maud's Decaf Banana Foster Coffee (Gone Banana's Foster), 24ct. Solar Energy Produced Recyclable Single Serve Banana Foster Decaf Coffee Pods – 100% Arabica Coffee California Roasted, KCup Compatible",$14.99,https://www.amazon.com/gp/slredirect/picassoRedirect.html/ref=pa_sp_mtf_aps_sr_pg1_1?ie=UTF8&adId=A0754471MRMRJ7RC5VUK&qualifier=1670362035&id=8426310184966603&widgetName=sp_mtf&url=%2FBanana-Foster-Bananas-Produced-Recyclable%2Fdp%2FB08MJDDWBX%2Fref%3Dsr_1_33_sspa%3Fcrid%3D1ETD973V81N4Y%26keywords%3Dbanana%26qid%3D1670362035%26sprefix%3Dbanana%252Caps%252C70%26sr%3D8-33-spons%26psc%3D1,https://m.media-amazon.com/images/I/71h3hqm2l7L._AC_UL320_.jpg
Banana Fruit In the Pocket Banana Fruits Pocket Banana T-Shirt,$19.99,https://www.amazon.com/gp/slredirect/picassoRedirect.html/ref=pa_sp_mtf_aps_sr_pg1_1?ie=UTF8&adId=A06191562P2XQWVVC87ND&qualifier=1670362035&id=8426310184966603&widgetName=sp_mtf&url=%2FBanana-Fruit-Pocket-Fruits-T-Shirt%2Fdp%2FB08JHRLVBN%2Fref%3Dsr_1_34_sspa%3Fcrid%3D1ETD973V81N4Y%26keywords%3Dbanana%26qid%3D1670362035%26sprefix%3Dbanana%252Caps%252C70%26sr%3D8-34-spons%26psc%3D1,https://m.media-amazon.com/images/I/516KhrjiFEL._AC_UL320_.jpg
"Banana Fruit Powder 8 Ounces, 100% Raw, Vegan, No Fillers, Non GMO",$9.02,https://www.amazon.com/gp/slredirect/picassoRedirect.html/ref=pa_sp_mtf_aps_sr_pg1_1?ie=UTF8&adId=A00796502IDQ1IBQ05W1W&qualifier=1670362035&id=8426310184966603&widgetName=sp_mtf&url=%2FOrganic-Banana-Powder-Ounces-Fillers%2Fdp%2FB09MCZFNPB%2Fref%3Dsr_1_35_sspa%3Fcrid%3D1ETD973V81N4Y%26keywords%3Dbanana%26qid%3D1670362035%26sprefix%3Dbanana%252Caps%252C70%26sr%3D8-35-spons%26psc%3D1,https://m.media-amazon.com/images/I/61PZiNCm93L._AC_UL320_.jpg
Banana Fruit In the Pocket Banana Fruits Pocket Banana T-Shirt,$17.99,https://www.amazon.com/gp/slredirect/picassoRedirect.html/ref=pa_sp_mtf_aps_sr_pg1_1?ie=UTF8&adId=A06197481KDTCU2GS1IIM&qualifier=1670362035&id=8426310184966603&widgetName=sp_mtf&url=%2FBanana-Fruit-Pocket-Fruits-T-Shirt%2Fdp%2FB08JHPJZJG%2Fref%3Dsr_1_36_sspa%3Fcrid%3D1ETD973V81N4Y%26keywords%3Dbanana%26qid%3D1670362035%26sprefix%3Dbanana%252Caps%252C70%26sr%3D8-36-spons%26psc%3D1,https://m.media-amazon.com/images/I/5149H7WbFnL._AC_UL320_.jpg
Boston's Best Coffee Roasters - Jamaican Me Crazy - Medium Roast 100% Arabica Coffee - 12 Single Serve Keurig-Compatible K-Cup Pods,$12.65,https://www.amazon.com/Jamaican-Gourmet-Coffee-Bostons-Best/dp/B07ZL18Y19/ref=sr_1_37?crid=1ETD973V81N4Y&keywords=banana&qid=1670362035&sprefix=banana%2Caps%2C70&sr=8-37,https://m.media-amazon.com/images/I/81bEzEMEgdL._AC_UL320_.jpg
"365 By Whole Foods Market, Frozen, Strawberries And Bananas Sliced Organic, 32 Ounce",$6.99,https://www.amazon.com/365-Whole-Foods-Market-Strawberries/dp/B09SW1M4SH/ref=sr_1_38_f3_0o_wf?crid=1ETD973V81N4Y&keywords=banana&qid=1670362035&sprefix=banana%2Caps%2C70&sr=8-38,https://m.media-amazon.com/images/I/71vJ9V2Z6KL._AC_UL320_.jpg
"Lemon Reg Conventional, 1 Each",$0.79,https://www.amazon.com/Lemon-Reg-Conventional-1-Count/dp/B07811W5WR/ref=sr_1_39_f3_0o_wf?crid=1ETD973V81N4Y&keywords=banana&qid=1670362035&sprefix=banana%2Caps%2C70&sr=8-39,https://m.media-amazon.com/images/I/710O+MVcd6L._AC_UL320_.jpg
"Organic Red Raspberries, 6 oz",$4.99,https://www.amazon.com/produce-aisle-040-01040-Organic-Raspberries/dp/B0031Q80UM/ref=sr_1_40_f3_0o_wf?crid=1ETD973V81N4Y&keywords=banana&qid=1670362035&sprefix=banana%2Caps%2C70&sr=8-40,https://m.media-amazon.com/images/I/51+zS1k0TgL._AC_UL320_.jpg
Royal Star Papaya,$3.96,https://www.amazon.com/Papaya-Strawberry-Conventional-3lb/dp/B07814HS6G/ref=sr_1_41_f3_0o_wf?crid=1ETD973V81N4Y&keywords=banana&qid=1670362035&sprefix=banana%2Caps%2C70&sr=8-41,https://m.media-amazon.com/images/I/51WByLyRkjL._AC_UL320_.jpg
"Sunset Wild Wonders Tomatoes, 12oz",$3.99,https://www.amazon.com/Sunset-Greenhouse-Wild-Wonders-Tomatoes/dp/B00E3JLSWI/ref=sr_1_42_f3_0o_wf?crid=1ETD973V81N4Y&keywords=banana&qid=1670362035&sprefix=banana%2Caps%2C70&sr=8-42,https://m.media-amazon.com/images/I/81duT82YoRL._AC_UL320_.jpg
"Planters NUT-rition Energy Mix With Dried Cranberries, Lightly Salted, 5.5 oz Bag",$10.98,https://www.amazon.com/Planters-NUT-rition-Energy-Mix-Ounce/dp/B078J67GQW/ref=sr_1_43?crid=1ETD973V81N4Y&keywords=banana&qid=1670362035&sprefix=banana%2Caps%2C70&sr=8-43,https://m.media-amazon.com/images/I/81GHTwrXtXL._AC_UL320_.jpg
"Bare, Banana Chips Simply Organic, 2.7 Ounce",$5.79,https://www.amazon.com/BARE-Organic-Simply-Banana-Chips/dp/B07DW9DBWB/ref=sr_1_44?crid=1ETD973V81N4Y&keywords=banana&qid=1670362035&sprefix=banana%2Caps%2C70&sr=8-44,https://m.media-amazon.com/images/I/81BmYFQgsKL._AC_UL320_.jpg
"Made in Nature | Organic Dried Chewy Banana Slices | Non-GMO, Unsulfured Vegan Snack | 12oz Bag (Pack of 1)",$10.99,https://www.amazon.com/Made-Nature-Organic-Dried-Bananas/dp/B06XTF7N69/ref=sr_1_45?crid=1ETD973V81N4Y&keywords=banana&qid=1670362035&sprefix=banana%2Caps%2C70&sr=8-45,https://m.media-amazon.com/images/I/71RoyH49W3L._AC_UL320_.jpg
"NUTS U.S. - Banana Chips, Dried, Sweetened in Resealable Bag (2 LBS)",$14.95,https://www.amazon.com/NUTS-U-S-Banana-Sweetened-Resealable/dp/B071JZHQ76/ref=sr_1_46?crid=1ETD973V81N4Y&keywords=banana&qid=1670362035&sprefix=banana%2Caps%2C70&sr=8-46,https://m.media-amazon.com/images/I/61Ua78G06eL._AC_UL320_.jpg
"Yankee Traders Dried Chips, Banana, 3 Pound",$25.95,https://www.amazon.com/Yankee-Traders-Dried-Chips-Banana/dp/B00L3VQR1Q/ref=sr_1_47?crid=1ETD973V81N4Y&keywords=banana&qid=1670362035&sprefix=banana%2Caps%2C70&sr=8-47,https://m.media-amazon.com/images/I/81u45eea0wL._AC_UL320_.jpg
"Organic Banana Powder - Fruit Supplement For Smoothies, Desserts, Drinks, Baking, Cooking - Dried Superfood For Long Term Food Storage - Raw, Non GMO, Gluten Free, Vegan, Kosher - 1 lb",$19.99,https://www.amazon.com/Organic-Banana-Powder-Supplement-Smoothies/dp/B086RF5657/ref=sr_1_48?crid=1ETD973V81N4Y&keywords=banana&qid=1670362035&sprefix=banana%2Caps%2C70&sr=8-48,https://m.media-amazon.com/images/I/718Ta7Z8NTS._AC_UL320_.jpg
"Bear Naked Granola Cereal, Vegetarian, Breakfast Snacks, Banana Nut, 12oz Bag (1 Bag)",$10.98,https://www.amazon.com/Bear-Naked-Natural-Granola-Banana/dp/B000VK9V68/ref=sr_1_49_mod_primary_new?crid=1ETD973V81N4Y&keywords=banana&qid=1670362035&sbo=RZvfv%2F%2FHxDF%2BO5021pAnSA%3D%3D&sprefix=banana%2Caps%2C70&sr=8-49,https://m.media-amazon.com/images/I/71mXygzybjL._AC_UL320_.jpg
"GERBS Unsweetened Banana Chip Slices 2 LBS. | Freshly made Re-Closeable Bag | Top 14 Food Allergy Free | Sulfur Dioxide Free | Excellent Source of Potassium & Magnesium | Gluten, Peanut, Tree Nut Free",$20.99,https://www.amazon.com/GERBS-Unweetened-Re-Closeable-Excellent-Potassium/dp/B00SX7IT7I/ref=sr_1_50?crid=1ETD973V81N4Y&keywords=banana&qid=1670362035&sprefix=banana%2Caps%2C70&sr=8-50,https://m.media-amazon.com/images/I/61TxIoxllGL._AC_UL320_.jpg
"Barnana - Organic Plantain Nuggets, Pink Salt, Healthy Treat For The Whole Family, Made With Coconut Oil, Savory Plantain Snack, Zero Sugar, Paleo, Vegan, Gluten-Free, USDA Organic (4 oz, 6-Pack)",$29.99,https://www.amazon.com/Barnana-Organic-Plantain-Nuggets-Gluten-Free/dp/B0BGYQ2SR9/ref=sr_1_51?crid=1ETD973V81N4Y&keywords=banana&qid=1670362035&sprefix=banana%2Caps%2C70&sr=8-51,https://m.media-amazon.com/images/I/81nUOgB3H3L._AC_UL320_.jpg
"Oh! Nuts Dried Banana Chips | (3lb - 48oz) Bulk Bag Fresh Sweetened Dehydrated Banana Fruit Slices | Snacking & Baking | Low in Sodium, Cholesterol, Fat, High Fiber, Egg, Dairy Free | Light Sugar Added",$19.99,https://www.amazon.com/Oh-Nuts-Sweetened-Dehydrated-Cholesterol/dp/B088YY1S5L/ref=sr_1_52?crid=1ETD973V81N4Y&keywords=banana&qid=1670362035&sprefix=banana%2Caps%2C70&sr=8-52,https://m.media-amazon.com/images/I/81sjFuAGtFL._AC_UL320_.jpg
"Crazy Go Nuts Walnuts - Banana, 1.25 oz (6-Pack) - Healthy Snacks, Vegan, Gluten Free, Superfood - Natural, Non-GMO, ALA, Omega 3 Fatty Acids, Good Fats, and Antioxidants",$12.99,https://www.amazon.com/Crazy-Nuts-Walnuts-Superfood-Antioxidants/dp/B0878TR3GW/ref=sr_1_53?crid=1ETD973V81N4Y&keywords=banana&qid=1670362035&sprefix=banana%2Caps%2C70&sr=8-53,https://m.media-amazon.com/images/I/81msvHuVOPL._AC_UL320_.jpg
"365 by Whole Foods Market, Waffles Blueberry Organic, 7.4 Ounce, 6 Pack",$2.69,https://www.amazon.com/365-Everyday-Value-Organic-Blueberry/dp/B074H5LT9R/ref=sr_1_54_f3_0o_wf?crid=1ETD973V81N4Y&keywords=banana&qid=1670362035&sprefix=banana%2Caps%2C70&sr=8-54,https://m.media-amazon.com/images/I/61KPpW1KteS._AC_UL320_.jpg
"Yupik Organic Sweetened Dried Crunchy Banana Chips, 14.1 Oz, Non-GMO, Vegan, Gluten-Free",$8.99,https://www.amazon.com/Yupik-Organic-Sweetened-Crunchy-Banana/dp/B07TXQ4Z15/ref=sr_1_55?crid=1ETD973V81N4Y&keywords=banana&qid=1670362035&sprefix=banana%2Caps%2C70&sr=8-55,https://m.media-amazon.com/images/I/81U5P63CTgL._AC_UL320_.jpg
"Cream of Wheat Stove Top Hot Cereal, Original, 2 1/2 Minute Cook Time, 28 Ounce",$4.38,https://www.amazon.com/Cream-Wheat-Enriched-Farina-28/dp/B000RA8E56/ref=sr_1_56?crid=1ETD973V81N4Y&keywords=banana&qid=1670362035&sprefix=banana%2Caps%2C70&sr=8-56,https://m.media-amazon.com/images/I/81U+8C46WXS._AC_UL320_.jpg
"Crunchies Freeze-Dried Fruits, 100% All Natural Crispy Fruit , Non GMO and Kosher (Strawberry Banana, 1 Ounce (Pack of 6))",$29.99,https://www.amazon.com/Crunchies-Crispy-Natural-Freeze-Dried-Strawberry/dp/B0791LVW1Y/ref=sr_1_57?crid=1ETD973V81N4Y&keywords=banana&qid=1670362035&sprefix=banana%2Caps%2C70&sr=8-57,https://m.media-amazon.com/images/I/61giESwKxSL._AC_UL320_.jpg
"Simple Mills Almond Flour Baking Mix Variety Pack (Banana Muffin & Bread, Chocolate Muffin & Cake, Pumpkin Muffin & Bread) - Gluten Free, Plant Based (Pack of 3)",$25.89,https://www.amazon.com/gp/slredirect/picassoRedirect.html/ref=pa_sp_btf_aps_sr_pg1_1?ie=UTF8&adId=A05352681M2AIJD6E5DW2&qualifier=1670362035&id=8426310184966603&widgetName=sp_btf&url=%2FSimple-Mills-Almond-Flour-Variety%2Fdp%2FB00DX6S8QG%2Fref%3Dsr_1_58_sspa%3Fcrid%3D1ETD973V81N4Y%26keywords%3Dbanana%26qid%3D1670362035%26sprefix%3Dbanana%252Caps%252C70%26sr%3D8-58-spons%26psc%3D1,https://m.media-amazon.com/images/I/81qc-vhv1nS._AC_UL320_.jpg
"Simple Mills Almond Flour Snack Bars (Nutty Banana, Spiced Carrot Cake, Dark Chocolate Almond, Peanut Butter Chocolate Chip) - Gluten Free, Made with Organic Coconut Oil, Breakfast Bars, Healthy Snacks, 6 Ounce (Pack of 4)",$23.96,https://www.amazon.com/gp/slredirect/picassoRedirect.html/ref=pa_sp_btf_aps_sr_pg1_1?ie=UTF8&adId=A09503121X029FX2JAT35&qualifier=1670362035&id=8426310184966603&widgetName=sp_btf&url=%2FSimple-Mills-Almond-Banana-Chocolate%2Fdp%2FB0BB5BMZ4Y%2Fref%3Dsr_1_59_sspa%3Fcrid%3D1ETD973V81N4Y%26keywords%3Dbanana%26qid%3D1670362035%26sprefix%3Dbanana%252Caps%252C70%26sr%3D8-59-spons%26psc%3D1,https://m.media-amazon.com/images/I/81wRgIZ2ngL._AC_UL320_.jpg
"Mavuno Harvest Papaya Dried Fruit Snacks | Organic Dried Papaya Slices | Gluten Free Healthy Snacks for Kids and Adults | No Sugar Added, Vegan, Non GMO, Direct Trade | 2 Ounce, Pack of 6",$23.99,https://www.amazon.com/gp/slredirect/picassoRedirect.html/ref=pa_sp_btf_aps_sr_pg1_1?ie=UTF8&adId=A09016243US37UMQB9SCD&qualifier=1670362035&id=8426310184966603&widgetName=sp_btf&url=%2FMavuno-Harvest-Direct-Organic-Papaya%2Fdp%2FB09C531C94%2Fref%3Dsr_1_60_sspa%3Fcrid%3D1ETD973V81N4Y%26keywords%3Dbanana%26qid%3D1670362035%26sprefix%3Dbanana%252Caps%252C70%26sr%3D8-60-spons%26psc%3D1%26smid%3DA187D7G8TRYUDZ,https://m.media-amazon.com/images/I/61+uAbf2gSL._AC_UL320_.jpg
