item_name,price,link_to_item,link_to_item_image
"SmartSign ""Warning - Permit Parking Only, Towing Enforced"" Sign | 12"" x 18"" Aluminum",$22.95,https://www.amazon.com/gp/slredirect/picassoRedirect.html/ref=pa_sp_atf_aps_sr_pg1_1?ie=UTF8&adId=A100246531IUHPNWITIBR&qualifier=1670361956&id=5785846559545959&widgetName=sp_atf&url=%2FSmartSign-Aluminum-Sign-Legend-Warning%2Fdp%2FB00HK9N82Q%2Fref%3Dsr_1_1_sspa%3Fcrid%3D1ETD973V81N4Y%26keywords%3Dparking%2Bmeter%26qid%3D1670361956%26sprefix%3Dparking%2Bmeter%252Caps%252C70%26sr%3D8-1-spons%26psc%3D1,https://m.media-amazon.com/images/I/71Axc5FF2ZS._AC_UL320_.jpg
"Woodland Scenics Street Accessories (Benches, Fire Hydrants, Parking Meters etc.)",$24.23,https://www.amazon.com/Woodland-Scenics-Accessories-Benches-Hydrants/dp/B001L2G7F8/ref=sr_1_2?crid=1ETD973V81N4Y&keywords=parking+meter&qid=1670361956&sprefix=parking+meter%2Caps%2C70&sr=8-2,https://m.media-amazon.com/images/I/411KmxMIx8L._AC_UL320_.jpg
Parking Enforcement Officer Police Uniform PEO Meter Maid,$18.89,https://www.amazon.com/Parking-Enforcement-Officer-Police-Uniform/dp/B07K17C4TD/ref=sr_1_3?crid=1ETD973V81N4Y&keywords=parking+meter&qid=1670361956&sprefix=parking+meter%2Caps%2C70&sr=8-3,https://m.media-amazon.com/images/I/616DC91R9pL._AC_UL320_.jpg
"Permit Parking Only with Warning Sign, 10x14 Inches, Rust Free .040 Aluminum, Fade Resistant, Made in USA by Sigo Signs",$14.59,https://www.amazon.com/Aluminum-Resistant-Mounting-Sigo-Signs/dp/B07L5TKSQZ/ref=sr_1_4?crid=1ETD973V81N4Y&keywords=parking+meter&qid=1670361956&sprefix=parking+meter%2Caps%2C70&sr=8-4,https://m.media-amazon.com/images/I/71cfcSoyg9L._AC_UL320_.jpg
"3D Rose Antique Parking Meter-Palm Beach-Florida-Us10 Aje0226-Adam Jones Hand/Sports Towel, 15 x 22",$20.56,https://www.amazon.com/Antique-Parking-Meter-Palm-Beach-Florida-Us10-Aje0226-Adam/dp/B01LDQKBXU/ref=sr_1_5?crid=1ETD973V81N4Y&keywords=parking+meter&qid=1670361956&sprefix=parking+meter%2Caps%2C70&sr=8-5,https://m.media-amazon.com/images/I/91eofMbnLdL._AC_UL320_.jpg
"3dRose LLC 8 x 8 x 0.25 Inches Mouse Pad, Antique Parking Meter Palm Beach Florida Adam Jones (mp_89014_1)",$14.72,https://www.amazon.com/3dRose-Antique-Parking-Florida-mp_89014_1/dp/B00AE0LSZC/ref=sr_1_6?crid=1ETD973V81N4Y&keywords=parking+meter&qid=1670361956&sprefix=parking+meter%2Caps%2C70&sr=8-6,https://m.media-amazon.com/images/I/81DrWvXj74L._AC_UL320_.jpg
Funny PARKING ENFORCEMENT Officer Meter Maid - To Save Time T-Shirt,$13.99,https://www.amazon.com/Funny-PARKING-ENFORCEMENT-Officer-Meter/dp/B07YS6VW5K/ref=sr_1_7?crid=1ETD973V81N4Y&keywords=parking+meter&qid=1670361956&sprefix=parking+meter%2Caps%2C70&sr=8-7,https://m.media-amazon.com/images/I/71NcCdZd-aL._AC_UL320_.jpg
"Garmin Rally RS200 Dual-Sensing Power Meter Bike Pedals Bundle - Includes Road Cleat Protective Covers - Shimano SPD-SL Cleats - Power, Cadence, Left/Right - 010-02388-02","$1,119.99",https://www.amazon.com/Dual-Sensing-Protective-Shimano-Cadence-010-02388-02/dp/B097GRBHQC/ref=sr_1_8?crid=1ETD973V81N4Y&keywords=parking+meter&qid=1670361956&sprefix=parking+meter%2Caps%2C70&sr=8-8,https://m.media-amazon.com/images/I/81nMvts1eEL._AC_UL320_.jpg
"Fosmon, Wider Angle Upgrade, Dual Laser Garage Parking Assist Guide System, 360-degree Adjustable Parking Sensor with AC Adapter and Battery Backup for Car/Automotive",$23.99,https://www.amazon.com/Fosmon-Activated-Adjustable-Assistant-Automotive/dp/B07PTDBYS5/ref=sr_1_9?crid=1ETD973V81N4Y&keywords=parking+meter&qid=1670361956&sprefix=parking+meter%2Caps%2C70&sr=8-9,https://m.media-amazon.com/images/I/61Ry2VV4TIL._AC_UL320_.jpg
Dakota Digital RTX-64P-GTO-X Retrotech Gauge Instrument System Compatible with 1964-67 Pontiac GTO Lemans Tempest,"$1,420.25",https://www.amazon.com/Dakota-Digital-RTX-64P-GTO-X-Instrument-Compatible/dp/B08GQHLCHY/ref=sr_1_10?crid=1ETD973V81N4Y&keywords=parking+meter&qid=1670361956&sprefix=parking+meter%2Caps%2C70&sr=8-10,https://m.media-amazon.com/images/I/518UriDMRhL._AC_UL320_.jpg
"Kicko Halloween Traffic Light Lamp - Plug-in, Blinking Triple Sided Beside Lamp, 12.25 Inch - for Kids Bedrooms, Halloween Decorations, Parties, Celebrations, Props",$43.99,https://www.amazon.com/Kicko-Traffic-Light-Lamp-Plug/dp/B01CDLJ9WI/ref=sr_1_11?crid=1ETD973V81N4Y&keywords=parking+meter&qid=1670361956&sprefix=parking+meter%2Caps%2C70&sr=8-11,https://m.media-amazon.com/images/I/71XjvLQc5EL._AC_UL320_.jpg
"EF ECOFLOW RIVER Pro Portable Power Station 720Wh, Power Multiple Devices, Recharge 0-80% Within 1 Hour, for Camping, RV, Outdoors, Off-Grid",$579.00,https://www.amazon.com/EF-ECOFLOW-Portable-Multiple-Recharge/dp/B08T1KY8SG/ref=sr_1_12?crid=1ETD973V81N4Y&keywords=parking+meter&qid=1670361956&sprefix=parking+meter%2Caps%2C70&sr=8-12,https://m.media-amazon.com/images/I/61FgXidtlLL._AC_UL320_.jpg
"Double Din Car Stereo Compatible with Apple Carplay, 7 Inch Full HD Capacitive Touchscreen - Bluetooth, Mirror Link, Backup Camera, Steering Wheel, Subwoofer, USB/SD Port, A/V Input, FM/AM Car Radio",$159.98,https://www.amazon.com/Double-Compatible-Carplay-Capacitive-Touchscreen/dp/B091G9JY8N/ref=sr_1_13?crid=1ETD973V81N4Y&keywords=parking+meter&qid=1670361956&sprefix=parking+meter%2Caps%2C70&sr=8-13,https://m.media-amazon.com/images/I/7135I4uDlvL._AC_UL320_.jpg
Travelambo Leather Squeeze Coin Purse Pouch Change Holder For Men & Women,$5.99,https://www.amazon.com/Travelambo-Genuine-Leather-Squeeze-Classic/dp/B07J4TQYK8/ref=sr_1_14?crid=1ETD973V81N4Y&keywords=parking+meter&qid=1670361956&sprefix=parking+meter%2Caps%2C70&sr=8-14,https://m.media-amazon.com/images/I/81luPgo-MfL._AC_UL320_.jpg
Dakota Digital RTX-73F-PU-X Retrotech Gauge Instrument System Compatible with 1973-79 Ford Pickup,"$1,420.25",https://www.amazon.com/Dakota-Digital-RTX-73F-PU-X-Instrument-Compatible/dp/B08GQ9JQSV/ref=sr_1_15?crid=1ETD973V81N4Y&keywords=parking+meter&qid=1670361956&sprefix=parking+meter%2Caps%2C70&sr=8-15,https://m.media-amazon.com/images/I/51Uchjm9otL._AC_UL320_.jpg
Dakota Digital 88 - 94 Chevy / GMC Pickup Truck Analog Dash Gauges Carbon Fiber Red VHX-88C-PU-C-R,$802.75,https://www.amazon.com/Dakota-Digital-88-Pickup-VHX-88C-PU-C-R/dp/B01LXYR71G/ref=sr_1_16?crid=1ETD973V81N4Y&keywords=parking+meter&qid=1670361956&sprefix=parking+meter%2Caps%2C70&sr=8-16,https://m.media-amazon.com/images/I/41JBPXh2eNL._AC_UL320_.jpg
100 Pack Parking Permit Hang Tags Plastic Parking Placards PVC Hang Tag 3 x 5 Inch for Car Rear View Mirror (Orange),$14.99,https://www.amazon.com/gp/slredirect/picassoRedirect.html/ref=pa_sp_mtf_aps_sr_pg1_1?ie=UTF8&adId=A080259933L37HI7OPDXA&qualifier=1670361956&id=5785846559545959&widgetName=sp_mtf&url=%2FParking-Permit-Plastic-Placards-Mirror%2Fdp%2FB0BGGTXZHF%2Fref%3Dsr_1_17_sspa%3Fcrid%3D1ETD973V81N4Y%26keywords%3Dparking%2Bmeter%26qid%3D1670361956%26sprefix%3Dparking%2Bmeter%252Caps%252C70%26sr%3D8-17-spons%26psc%3D1,https://m.media-amazon.com/images/I/71ErF+FGhyL._AC_UL320_.jpg
"SmartSign 18 x 12 inch “Customer Parking Only - Violators Towed” Metal Sign, 63 mil Aluminum, 3M Laminated High-Intensity Grade Reflective Material, Red and White",$29.95,https://www.amazon.com/gp/slredirect/picassoRedirect.html/ref=pa_sp_mtf_aps_sr_pg1_1?ie=UTF8&adId=A073694036YXEAKAYYY4V&qualifier=1670361956&id=5785846559545959&widgetName=sp_mtf&url=%2FCustomer-Parking-Only-Violators-Reflective%2Fdp%2FB0089OTIFC%2Fref%3Dsr_1_18_sspa%3Fcrid%3D1ETD973V81N4Y%26keywords%3Dparking%2Bmeter%26qid%3D1670361956%26sprefix%3Dparking%2Bmeter%252Caps%252C70%26sr%3D8-18-spons%26psc%3D1,https://m.media-amazon.com/images/I/81Svf0jz-tL._AC_UL320_.jpg
"SmartSign ""Tenant Parking Only - Violators Will Be Towed Away At Vehicle Owner's Expense"" Sign | 12"" x 18"" Aluminum",$22.95,https://www.amazon.com/gp/slredirect/picassoRedirect.html/ref=pa_sp_mtf_aps_sr_pg1_1?ie=UTF8&adId=A07371522K928SL8YC5KV&qualifier=1670361956&id=5785846559545959&widgetName=sp_mtf&url=%2FTenant-Parking-Only-Violators-Vehicle%2Fdp%2FB0089OQWVA%2Fref%3Dsr_1_19_sspa%3Fcrid%3D1ETD973V81N4Y%26keywords%3Dparking%2Bmeter%26qid%3D1670361956%26sprefix%3Dparking%2Bmeter%252Caps%252C70%26sr%3D8-19-spons%26psc%3D1,https://m.media-amazon.com/images/I/71Bfv4+6BQL._AC_UL320_.jpg
Dakota Digital RTX-69C-CAC-X Retrotech Gauge Instrument System Compatible with 1969 Camaro with Console Gauges,"$1,515.25",https://www.amazon.com/Dakota-Digital-RTX-69C-CAC-X-Instrument-Compatible/dp/B08GQFJRQD/ref=sr_1_20?crid=1ETD973V81N4Y&keywords=parking+meter&qid=1670361956&sprefix=parking+meter%2Caps%2C70&sr=8-20,https://m.media-amazon.com/images/I/510lQEqBj6L._AC_UL320_.jpg
"Double Din Car Stereo Compatible with Voice Control Apple Carplay - 7 Inch HD LCD Touchscreen Monitor, Bluetooth, Subwoofer, USB/SD Port, A/V Input, AM/FM Car Radio Receiver, Backup Camera",$174.98,https://www.amazon.com/Double-Stereo-Compatible-Control-Carplay/dp/B08SM9N9DG/ref=sr_1_21?crid=1ETD973V81N4Y&keywords=parking+meter&qid=1670361956&sprefix=parking+meter%2Caps%2C70&sr=8-21,https://m.media-amazon.com/images/I/71JD0binD3S._AC_UL320_.jpg
Dakota Digital RTX-68C-VET-X Retrotech Gauge Instrument System Compatible with 1968-77 Chevy Corvette,"$1,895.25",https://www.amazon.com/Dakota-Digital-RTX-68C-VET-X-Instrument-Compatible/dp/B08GQF2LB8/ref=sr_1_22?crid=1ETD973V81N4Y&keywords=parking+meter&qid=1670361956&sprefix=parking+meter%2Caps%2C70&sr=8-22,https://m.media-amazon.com/images/I/51jvliwgN1L._AC_UL320_.jpg
Dakota Digital RTX-69C-CVL-X Retrotech Gauge Instrument System Compatible with 1969 Chevy Chevelle/El Camino,"$1,420.25",https://www.amazon.com/Dakota-Digital-RTX-69C-CVL-X-Instrument-Compatible/dp/B08GR8QV7X/ref=sr_1_23?crid=1ETD973V81N4Y&keywords=parking+meter&qid=1670361956&sprefix=parking+meter%2Caps%2C70&sr=8-23,https://m.media-amazon.com/images/I/518AAOj1d6L._AC_UL320_.jpg
Dakota Digital RTX-64C-VET-X Retrotech Gauge Instrument System Compatible with 1964 Chevy Corvette,"$1,800.25",https://www.amazon.com/Dakota-Digital-RTX-64C-VET-X-Instrument-Compatible/dp/B08GQBVXGJ/ref=sr_1_24?crid=1ETD973V81N4Y&keywords=parking+meter&qid=1670361956&sprefix=parking+meter%2Caps%2C70&sr=8-24,https://m.media-amazon.com/images/I/51l0JUBtp5L._AC_UL320_.jpg
"(Upgraded NT604) FOXWELL NT614 Elite OBD2 Scanner - ABS SRS Transmission Check Engine Code Reader EPB Oil Light Reset Scan Tool, Airbag Car Diagnostic Scanner, Auto VIN, Live Data, Smog Test",$189.98,https://www.amazon.com/Foxwell-%F0%9D%97%A1%F0%9D%97%A7%F0%9D%9F%B2%F0%9D%9F%AD%F0%9D%9F%B0-Elite-OBD2-Scanner/dp/B085TG89H4/ref=sr_1_25?crid=1ETD973V81N4Y&keywords=parking+meter&qid=1670361956&sprefix=parking+meter%2Caps%2C70&sr=8-25,https://m.media-amazon.com/images/I/817oDjVtf8L._AC_UL320_.jpg
"KAIWEETS HT208D Inrush Clamp Meter 1000A True RMS AC/DC Current Amp Meter, VFD, LOZ Mode, 6000 Counts, Measures Current Voltage Temperature Capacitance Resistance Diodes Continuity Duty-Cycle",$89.99,https://www.amazon.com/KAIWEETS-Temperature-Capacitance-Resistance-Continuity/dp/B08CX6VHWV/ref=sr_1_26?crid=1ETD973V81N4Y&keywords=parking+meter&qid=1670361956&sprefix=parking+meter%2Caps%2C70&sr=8-26,https://m.media-amazon.com/images/I/91R9erZ0CNL._AC_UL320_.jpg
Hypersonic Car Windshield Parking Tickets Holder Transparent Auto Accessories Clip 2PCS,$7.99,https://www.amazon.com/Hypersonic-Windshield-Parking-Transparent-Accessories/dp/B075ZL45XD/ref=sr_1_27?crid=1ETD973V81N4Y&keywords=parking+meter&qid=1670361956&sprefix=parking+meter%2Caps%2C70&sr=8-27,https://m.media-amazon.com/images/I/61GUrD9ALnL._AC_UL320_.jpg
Parking Violation Stickers Notice Parking Violation Stickers Tow Stickers for Car Vehicle 50 pcs Private Parking Warning Stickers Adhesive Car Window Fluorescent Labels 5.5X7.5 inch,$15.89,https://www.amazon.com/gp/slredirect/picassoRedirect.html/ref=pa_sp_mtf_aps_sr_pg1_1?ie=UTF8&adId=A0148256AEJ2REPJGTO6&qualifier=1670361956&id=5785846559545959&widgetName=sp_mtf&url=%2FViolation-Stickers-Tow-Stickers-Adhesive-Fluorescent%2Fdp%2FB07R42FNWP%2Fref%3Dsr_1_28_sspa%3Fcrid%3D1ETD973V81N4Y%26keywords%3Dparking%2Bmeter%26qid%3D1670361956%26sprefix%3Dparking%2Bmeter%252Caps%252C70%26sr%3D8-28-spons%26psc%3D1,https://m.media-amazon.com/images/I/91nImUYGEmL._AC_UL320_.jpg
"""Warning - Permit Parking Only, Towing Enforced"" Sign By SmartSign | 12"" x 18"" 3M High Intensity Grade Reflective Aluminum",$29.95,https://www.amazon.com/gp/slredirect/picassoRedirect.html/ref=pa_sp_mtf_aps_sr_pg1_1?ie=UTF8&adId=A0737252JV9UTS3LTQDN&qualifier=1670361956&id=5785846559545959&widgetName=sp_mtf&url=%2FWarning-Enforced-SmartSign-Intensity-Reflective%2Fdp%2FB00A84S7UI%2Fref%3Dsr_1_29_sspa%3Fcrid%3D1ETD973V81N4Y%26keywords%3Dparking%2Bmeter%26qid%3D1670361956%26sprefix%3Dparking%2Bmeter%252Caps%252C70%26sr%3D8-29-spons%26psc%3D1,https://m.media-amazon.com/images/I/81cEB9lXE6L._AC_UL320_.jpg
Parking Permit Hang Tags Blank Temporary Pass (Pack of 100) Car Vehicle Parking Management Green 3.30 x 4.75 inches (0001 to 0100) Numbered,$12.95,https://www.amazon.com/gp/slredirect/picassoRedirect.html/ref=pa_sp_mtf_aps_sr_pg1_1?ie=UTF8&adId=A039221022JD0K4HEYPD4&qualifier=1670361956&id=5785846559545959&widgetName=sp_mtf&url=%2FParking-Temporary-Vehicle-Management-Numbered%2Fdp%2FB07KG2TPB2%2Fref%3Dsr_1_30_sspa%3Fcrid%3D1ETD973V81N4Y%26keywords%3Dparking%2Bmeter%26qid%3D1670361956%26sprefix%3Dparking%2Bmeter%252Caps%252C70%26sr%3D8-30-spons%26psc%3D1,https://m.media-amazon.com/images/I/71HD2ZNMeuL._AC_UL320_.jpg
"SmartSign ""Resident Parking Only, Violators Towed"" Sign | 12"" x 18"" 3M Engineer Grade Reflective Aluminum",$23.95,https://www.amazon.com/gp/slredirect/picassoRedirect.html/ref=pa_sp_mtf_aps_sr_pg1_1?ie=UTF8&adId=A0729360255WYWBDRZKXD&qualifier=1670361956&id=5785846559545959&widgetName=sp_mtf&url=%2FSmartSign-Engineer-Reflective-Resident-Violators%2Fdp%2FB0091UIONA%2Fref%3Dsr_1_31_sspa%3Fcrid%3D1ETD973V81N4Y%26keywords%3Dparking%2Bmeter%26qid%3D1670361956%26sprefix%3Dparking%2Bmeter%252Caps%252C70%26sr%3D8-31-spons%26psc%3D1,https://m.media-amazon.com/images/I/61rtkw+wdbS._AC_UL320_.jpg
"XIHOME Vintage Industrial Black Retro Tripod Adjustable Floor lamp Parking Light, 5 Meter Cable with Foot Switch Parking Light Tripod gooseneck for Living Room Bedroom Office bar Lighting (Pack of 2)",$149.99,https://www.amazon.com/XIHOME-Industrial-Adjustable-gooseneck-Lighting/dp/B083BLM6BP/ref=sr_1_32?crid=1ETD973V81N4Y&keywords=parking+meter&qid=1670361956&sprefix=parking+meter%2Caps%2C70&sr=8-32,https://m.media-amazon.com/images/I/61qvOm89VNL._AC_UL320_.jpg
"Energizer 2032 Batteries, Lithium CR2032 Watch Battery, 4 Count",$6.99,https://www.amazon.com/Energizer-Electronic-Specialty-Battery-2032BP4/dp/B00D8P5T0U/ref=sr_1_33?crid=1ETD973V81N4Y&keywords=parking+meter&qid=1670361956&sprefix=parking+meter%2Caps%2C70&sr=8-33,https://m.media-amazon.com/images/I/71At0wecyOL._AC_UL320_.jpg
Dakota Digital 67 - 72 Chevy Pickup Truck Analog Dash Gauge & Clock Black Alloy White VHX-67C-PA-K-W,$897.75,https://www.amazon.com/Dakota-Digital-67-Pickup-VHX-67C-PA-K-W/dp/B01LYXS0J4/ref=sr_1_34?crid=1ETD973V81N4Y&keywords=parking+meter&qid=1670361956&sprefix=parking+meter%2Caps%2C70&sr=8-34,https://m.media-amazon.com/images/I/416HqJiFCLL._AC_UL320_.jpg
Dakota Digital RTX-47C-PU-X Compatible with 1947-53 Chevy/GMC Pickup Truck RTX Gauge Instrument System,"$1,420.25",https://www.amazon.com/Dakota-Digital-RTX-47C-PU-X-Compatible-Instrument/dp/B07VQHY8MG/ref=sr_1_35?crid=1ETD973V81N4Y&keywords=parking+meter&qid=1670361956&sprefix=parking+meter%2Caps%2C70&sr=8-35,https://m.media-amazon.com/images/I/61fsas29sYL._AC_UL320_.jpg
"BEETRO 4000 lbs Electric Trailer Jack, Power Tongue A-Frame Jack for Travel, Trailer, Camper, RV, 22"" Lift, 12V DC, Black",$169.99,https://www.amazon.com/BEETRO-Electric-Trailer-Tongue-Frame/dp/B08RDFBZQ2/ref=sr_1_36?crid=1ETD973V81N4Y&keywords=parking+meter&qid=1670361956&sprefix=parking+meter%2Caps%2C70&sr=8-36,https://m.media-amazon.com/images/I/51bIt-nk0JS._AC_UL320_.jpg
Dakota Digital RTX-78C-VET-X Retrotech Gauge Instrument System Compatible with 1978-82 Chevy Corvette,"$1,895.25",https://www.amazon.com/Dakota-Digital-RTX-78C-VET-X-Instrument-Compatible/dp/B08GR586W4/ref=sr_1_37?crid=1ETD973V81N4Y&keywords=parking+meter&qid=1670361956&sprefix=parking+meter%2Caps%2C70&sr=8-37,https://m.media-amazon.com/images/I/51PrFs4zjkL._AC_UL320_.jpg
"PARTH iMPEX You Parked Like an Idiot Business Cards (Pack of 100) Bad Parking Cards 3.5""x2"" Multi Reasons Violation",$12.99,https://www.amazon.com/PARTH-IMPEX-Business-Parking-Handmade/dp/B07MF6T7RL/ref=sr_1_38?crid=1ETD973V81N4Y&keywords=parking+meter&qid=1670361956&sprefix=parking+meter%2Caps%2C70&sr=8-38,https://m.media-amazon.com/images/I/71KvOxFUWKL._AC_UL320_.jpg
FOXWELL NT680Pro All System Diagnostic Scanner with 22 Special Functions Upgrade Version of NT650Elite,$389.00,https://www.amazon.com/FOXWELL-NT680Pro-Diagnostic-Functions-NT650Elite/dp/B08CRNCFNC/ref=sr_1_39?crid=1ETD973V81N4Y&keywords=parking+meter&qid=1670361956&sprefix=parking+meter%2Caps%2C70&sr=8-39,https://m.media-amazon.com/images/I/41HWRsEM-xL._AC_UL320_.jpg
Dakota Digital 88 - 94 Chevy / GMC Pickup Truck Analog Dash Gauges Black Alloy Blue VHX-88C-PU-K-B,$802.75,https://www.amazon.com/Dakota-Digital-88-Pickup-VHX-88C-PU-K-B/dp/B01LZLAK1N/ref=sr_1_40?crid=1ETD973V81N4Y&keywords=parking+meter&qid=1670361956&sprefix=parking+meter%2Caps%2C70&sr=8-40,https://m.media-amazon.com/images/I/419X0LmDHwL._AC_UL320_.jpg
Nunn Bush Men's Excursion Waterproof Moccasin Toe Slip-on with Kore Comfort Technology Loafer,$69.95,https://www.amazon.com/Nunn-Bush-Excursion-Waterproof-Technology/dp/B08WGQRKKK/ref=sr_1_41?crid=1ETD973V81N4Y&keywords=parking+meter&qid=1670361956&sprefix=parking+meter%2Caps%2C70&sr=8-41,https://m.media-amazon.com/images/I/71K4Gnv0DmL._AC_UL320_.jpg
"Dakota Digital VHX-68D-STD-K-R Compatible with 1968-70 Mopar B-Body: Coronet, Belvedere, Satellite and Road Runner VHX Gauge Instrument System Black Alloy Red Backlighting",$992.75,https://www.amazon.com/Dakota-Digital-VHX-68D-STD-K-R-Compatible-1968-70/dp/B07VF6TTJK/ref=sr_1_42?crid=1ETD973V81N4Y&keywords=parking+meter&qid=1670361956&sprefix=parking+meter%2Caps%2C70&sr=8-42,https://m.media-amazon.com/images/I/31zmI3Fq+9L._AC_UL320_.jpg
"Dakota Digital 73-87 Chevy Truck VHX System, Carbon Fiber Face - Red Display",$802.75,https://www.amazon.com/Dakota-Digital-73-87-System-Carbon/dp/B009NY8EI4/ref=sr_1_43?crid=1ETD973V81N4Y&keywords=parking+meter&qid=1670361956&sprefix=parking+meter%2Caps%2C70&sr=8-43,https://m.media-amazon.com/images/I/715O1cogZrL._AC_UL320_.jpg
Friendly Neighbourhood Meter Maid Premium T-Shirt,$20.99,https://www.amazon.com/Friendly-Neighbourhood-Meter-Maid-Premium/dp/B09Y6G5ZQQ/ref=sr_1_44?crid=1ETD973V81N4Y&keywords=parking+meter&qid=1670361956&sprefix=parking+meter%2Caps%2C70&sr=8-44,https://m.media-amazon.com/images/I/61mEcv24i+L._AC_UL320_.jpg
Dakota Digital 67 - 72 Chevy Pickup Truck Analog Dash Gauge & Clock Silver Alloy Blue VHX-67C-PA-S-B,"$1,005.48",https://www.amazon.com/Dakota-Digital-67-Pickup-VHX-67C-PA-S-B/dp/B01LZX1SYD/ref=sr_1_45?crid=1ETD973V81N4Y&keywords=parking+meter&qid=1670361956&sprefix=parking+meter%2Caps%2C70&sr=8-45,https://m.media-amazon.com/images/I/71iL3R9j6bL._AC_UL320_.jpg
Dakota Digital Compatible with 73 - 79 Ford Pickup Truck VHX Analog Dash Gauge System Black Alloy White VHX-73F-PU-K-W,$890.00,https://www.amazon.com/Dakota-Digital-73-Pickup-VHX-73F-PU-K-W/dp/B01LYLTZNZ/ref=sr_1_46?crid=1ETD973V81N4Y&keywords=parking+meter&qid=1670361956&sprefix=parking+meter%2Caps%2C70&sr=8-46,https://m.media-amazon.com/images/I/41AWVUmZ1YL._AC_UL320_.jpg
Dakota Digital 73-85 Jeep Wagoneer J-Trucks Analog Dash Gauge System Silver Alloy White VHX-73J-WAG-S-W,$802.75,https://www.amazon.com/Dakota-Digital-Wagoneer-J-Trucks-VHX-73J-WAG-S-W/dp/B073RPTP46/ref=sr_1_47?crid=1ETD973V81N4Y&keywords=parking+meter&qid=1670361956&sprefix=parking+meter%2Caps%2C70&sr=8-47,https://m.media-amazon.com/images/I/41PyqdNHchL._AC_UL320_.jpg
"DEWALT FLEXVOLT 60V MAX* Table Saw, 8-1/4-Inch (DCS7485T1)",$523.68,https://www.amazon.com/DEWALT-DCS7485T1-FLEXVOLT-60V-Table/dp/B01H9BM0NW/ref=sr_1_48?crid=1ETD973V81N4Y&keywords=parking+meter&qid=1670361956&sprefix=parking+meter%2Caps%2C70&sr=8-48,https://m.media-amazon.com/images/I/81lMcrJOWzL._AC_UL320_.jpg
"Neo Products Usa Inc (Set of 2) Smart Parking LED Garage Flashing Warning Stop Sign - Bumper Sensor,Red",$32.97,https://www.amazon.com/Neo-Products-Usa-Inc-Flashing/dp/B012POAXYG/ref=sr_1_49?crid=1ETD973V81N4Y&keywords=parking+meter&qid=1670361956&sprefix=parking+meter%2Caps%2C70&sr=8-49,https://m.media-amazon.com/images/I/31FMhA9+8GL._AC_UL320_.jpg
Dakota Digital 78 -88 Chevy Monte Carlo Analog Dash Gauge System Black Alloy Blue VHX-78C-MC-K-B,$802.75,https://www.amazon.com/Dakota-Digital-Analog-System-VHX-78C-MC-K-B/dp/B01LXUQOHZ/ref=sr_1_50?crid=1ETD973V81N4Y&keywords=parking+meter&qid=1670361956&sprefix=parking+meter%2Caps%2C70&sr=8-50,https://m.media-amazon.com/images/I/612poosmJoL._AC_UL320_.jpg
"Double Din Car Stereo Radio Compatible with Apple Carplay and Android Auto, 7-Inch HD Touchscreen with Voice Control, Mirror Link, Backup Camera, Steering Wheel, Bluetooth, AM/FM, USB/TF/AUX Port",$119.99,https://www.amazon.com/Receiver-Compatible-Touchscreen-Steering-Bluetooth/dp/B091C381NX/ref=sr_1_51?crid=1ETD973V81N4Y&keywords=parking+meter&qid=1670361956&sprefix=parking+meter%2Caps%2C70&sr=8-51,https://m.media-amazon.com/images/I/71g4Uzv3wgL._AC_UL320_.jpg
Dakota Digital 73-87 Chevy Pickup Customizable Gauge System Silver Alloy HDX-73C-PU-S,"$1,325.25",https://www.amazon.com/Dakota-Digital-Pickup-Customizable-HDX-73C-PU-S/dp/B01MDRIROV/ref=sr_1_52?crid=1ETD973V81N4Y&keywords=parking+meter&qid=1670361956&sprefix=parking+meter%2Caps%2C70&sr=8-52,https://m.media-amazon.com/images/I/61pDr9M-XGL._AC_UL320_.jpg
"Innova 6200P All Systems OBD2 Scanner ABS SRS Transmission Code Reader with Battery Registration Oil Light Reset, Car Diagnostic Scan Tool with Battery Alternator Test /Smog Test/Live Data",$239.99,https://www.amazon.com/INNOVA-6200P-Diagnostic-Alternator-Connector/dp/B00MDCGI6I/ref=sr_1_53?crid=1ETD973V81N4Y&keywords=parking+meter&qid=1670361956&sprefix=parking+meter%2Caps%2C70&sr=8-53,https://m.media-amazon.com/images/I/717-peaU4sL._AC_UL320_.jpg
LECTROTAB Trim Tab MLC-1 Manual Leveling Control,$262.99,https://www.amazon.com/LECTROTAB-MLC-1-Manual-Leveling-Control/dp/B08MPJZCHK/ref=sr_1_54?crid=1ETD973V81N4Y&keywords=parking+meter&qid=1670361956&sprefix=parking+meter%2Caps%2C70&sr=8-54,https://m.media-amazon.com/images/I/81ZEQ+LOcjL._AC_UL320_.jpg
"FOXWELL Car Scanner NT604 Elite OBD2 Scanner ABS SRS Transmission, Check Engine Code Reader,Diagnostic Scan Tool with SRS Airbag Scanner,Car Diagnostic Scanner for Cars",$135.99,https://www.amazon.com/FOXWELL-Scanner-Transmission-Version-Diagnostic/dp/B08PFJMTY3/ref=sr_1_55?crid=1ETD973V81N4Y&keywords=parking+meter&qid=1670361956&sprefix=parking+meter%2Caps%2C70&sr=8-55,https://m.media-amazon.com/images/I/71x-Uclr8oL._AC_UL320_.jpg
"Abrams Snow Plow Lights [Heated Lens] Anti Freeze/Anti Icing Function LED Combination Head Light Kit for Heavy-Duty ATV Snow Plow, Truck Snowplow Road Side Safety Universal Snow Thrower Accessories",$499.99,https://www.amazon.com/Abrams-Combination-Heavy-Duty-Universal-Accessories/dp/B084NWTFS6/ref=sr_1_56?crid=1ETD973V81N4Y&keywords=parking+meter&qid=1670361956&sprefix=parking+meter%2Caps%2C70&sr=8-56,https://m.media-amazon.com/images/I/51GXJJ8JD2L._AC_UL320_.jpg
"Parking Violation Stickers Notice (Pack of 50) Tow Warning You are Illegally Parked Multi Reasons - Large Size 6"" X 9"" – Green",$16.95,https://www.amazon.com/gp/slredirect/picassoRedirect.html/ref=pa_sp_btf_aps_sr_pg1_1?ie=UTF8&adId=A098200177FSRQLIMTV3&qualifier=1670361956&id=5785846559545959&widgetName=sp_btf&url=%2FParking-Violation-Stickers-Warning-Illegally%2Fdp%2FB07KR24WCT%2Fref%3Dsr_1_57_sspa%3Fcrid%3D1ETD973V81N4Y%26keywords%3Dparking%2Bmeter%26qid%3D1670361956%26sprefix%3Dparking%2Bmeter%252Caps%252C70%26sr%3D8-57-spons%26psc%3D1,https://m.media-amazon.com/images/I/718BzVWHNxL._AC_UL320_.jpg
Hang Tag Parking Permit - Guest Parking Pass - Numbered Facility Pass - Car Parking Management - Astro Bright Orange 100 Units - Disclaimer on Back - Large 3.5 x 5.5 in - 10point/250gms Card Stock,$28.99,https://www.amazon.com/gp/slredirect/picassoRedirect.html/ref=pa_sp_btf_aps_sr_pg1_1?ie=UTF8&adId=A017769325PRZ3VBZ0X8P&qualifier=1670361956&id=5785846559545959&widgetName=sp_btf&url=%2FHang-Tag-Parking-Permit-Management%2Fdp%2FB07TJJLTWZ%2Fref%3Dsr_1_58_sspa%3Fcrid%3D1ETD973V81N4Y%26keywords%3Dparking%2Bmeter%26qid%3D1670361956%26sprefix%3Dparking%2Bmeter%252Caps%252C70%26sr%3D8-58-spons%26psc%3D1,https://m.media-amazon.com/images/I/51qnErND5RL._AC_UL320_.jpg
"DAUERHAFT Moisture Meter, Wood Humidity Tester Low Battery Indication Automatic Parking Function High Accuracy for Building Material Humidity for Measure Wood Moisture",$13.89,https://www.amazon.com/gp/slredirect/picassoRedirect.html/ref=pa_sp_btf_aps_sr_pg1_1?ie=UTF8&adId=A09113853JPHRMQ6IV2GX&qualifier=1670361956&id=5785846559545959&widgetName=sp_btf&url=%2FDAUERHAFT-Moisture-Humidity-Indication-Automatic%2Fdp%2FB0B24F8L5Y%2Fref%3Dsr_1_59_sspa%3Fcrid%3D1ETD973V81N4Y%26keywords%3Dparking%2Bmeter%26qid%3D1670361956%26sprefix%3Dparking%2Bmeter%252Caps%252C70%26sr%3D8-59-spons%26psc%3D1,https://m.media-amazon.com/images/I/51FKp3OtvYL._AC_UL320_.jpg
"Temporary Parking Permit - Mirror Hang Tags Numbered and with Tear-Off Stub. Fluorescent Yellow, 50/Pack",$46.86,https://www.amazon.com/gp/slredirect/picassoRedirect.html/ref=pa_sp_btf_aps_sr_pg1_1?ie=UTF8&adId=A03294931QTO5GEX5MYP6&qualifier=1670361956&id=5785846559545959&widgetName=sp_btf&url=%2FTEMPORARY-PARKING-PERMIT-numbered-Fluorescent%2Fdp%2FB01KGQ9Q7A%2Fref%3Dsr_1_60_sspa%3Fcrid%3D1ETD973V81N4Y%26keywords%3Dparking%2Bmeter%26qid%3D1670361956%26sprefix%3Dparking%2Bmeter%252Caps%252C70%26sr%3D8-60-spons%26psc%3D1,https://m.media-amazon.com/images/I/61zdGo8eQgL._AC_UL320_.jpg
