item_name,price,link_to_item,link_to_item_image
"2020 Apple MacBook Air Laptop: Apple M1 Chip, 13” Retina Display, 8GB RAM, 256GB SSD Storage, Backlit Keyboard, FaceTime HD Camera, Touch ID. Works with iPhone/iPad; Space Gray",$799.99,https://www.amazon.com/gp/slredirect/picassoRedirect.html/ref=pa_sp_atf_aps_sr_pg1_1?ie=UTF8&adId=A05051442TTLRPTT67O1S&qualifier=1670362075&id=5948764498777988&widgetName=sp_atf&url=%2FApple-MacBook-13-inch-256GB-Storage%2Fdp%2FB08N5LNQCX%2Fref%3Dsr_1_1_sspa%3Fcrid%3D1ETD973V81N4Y%26keywords%3Dlaptop%26qid%3D1670362075%26sprefix%3Dlaptop%252Caps%252C70%26sr%3D8-1-spons%26psc%3D1,https://m.media-amazon.com/images/I/71jG+e7roXL._AC_UY218_.jpg
"2022 Apple MacBook Pro Laptop with M2 chip: 13-inch Retina Display, 8GB RAM, 512GB ​​​​​​​SSD ​​​​​​​Storage, Touch Bar, Backlit Keyboard, FaceTime HD Camera. Works with iPhone and iPad; Silver","$1,349.00",https://www.amazon.com/gp/slredirect/picassoRedirect.html/ref=pa_sp_atf_aps_sr_pg1_1?ie=UTF8&adId=A07339043S5KFP2XFOO2L&qualifier=1670362075&id=5948764498777988&widgetName=sp_atf&url=%2F2022-Apple-MacBook-Laptop-chip%2Fdp%2FB0B3C8XMXM%2Fref%3Dsr_1_2_sspa%3Fcrid%3D1ETD973V81N4Y%26keywords%3Dlaptop%26qid%3D1670362075%26sprefix%3Dlaptop%252Caps%252C70%26sr%3D8-2-spons%26psc%3D1,https://m.media-amazon.com/images/I/61bX2AoGj2L._AC_UY218_.jpg
"2023 HP 14"" FHD IPS Chromebook Laptop, Intel Celeron Processor Up to 2.75GHz, 4GB Ram, 128GB SSD, 4K Graphics, Super-Fast 6th Gen WiFi, Dale Silver, Chrome OS (Renewed)",$161.99,https://www.amazon.com/HP-14-Chromebook-Processor-Super-Fast/dp/B0BLXQZDNH/ref=sr_1_3?crid=1ETD973V81N4Y&keywords=laptop&qid=1670362075&sprefix=laptop%2Caps%2C70&sr=8-3,https://m.media-amazon.com/images/I/71kp5EBFBrL._AC_UY218_.jpg
"Acer Aspire 5 A515-56-32DK Slim Laptop - 15.6"" Full HD IPS Display - 11th Gen Intel i3-1115G4 Dual Core Processor - 4GB DDR4 - 128GB NVMe SSD - WiFi 6 - Amazon Alexa - Windows 11 Home in S mode.",$269.99,https://www.amazon.com/Acer-A515-56-32DK-Display-i3-1115G4-Processor/dp/B09R5VYRVN/ref=sr_1_4?crid=1ETD973V81N4Y&keywords=laptop&qid=1670362075&sprefix=laptop%2Caps%2C70&sr=8-4,https://m.media-amazon.com/images/I/71pvhTrmZDL._AC_UY218_.jpg
"2022 Lenovo Ideapad 1i 14"" HD Laptop, Intel Celeron N4020 Processor, 4GB RAM, 64GB eMMC Flash Memory, Intel HD Graphics 500, HD Webcam, Stereo Speakers, Cloud Grey, Windows 11S, 128GB USB Card",$179.00,https://www.amazon.com/Lenovo-Ideapad-Processor-Graphics-Speakers/dp/B0BKFZQ2LC/ref=sr_1_5?crid=1ETD973V81N4Y&keywords=laptop&qid=1670362075&sprefix=laptop%2Caps%2C70&sr=8-5,https://m.media-amazon.com/images/I/71NWyHPS-TL._AC_UY218_.jpg
"Lenovo 2022 Newest Ideapad 3 Laptop, 15.6"" HD Touchscreen, 11th Gen Intel Core i3-1115G4 Processor, 8GB DDR4 RAM, 256GB PCIe NVMe SSD, HDMI, Webcam, Wi-Fi 5, Bluetooth, Windows 11 Home, Almond",$387.99,https://www.amazon.com/Lenovo-Ideapad-Touchscreen-i3-1005G1-Processor/dp/B08B6F1NNR/ref=sr_1_6?crid=1ETD973V81N4Y&keywords=laptop&qid=1670362075&sprefix=laptop%2Caps%2C70&sr=8-6,https://m.media-amazon.com/images/I/61QGMX0Qy6L._AC_UY218_.jpg
"HP 17.3"" FHD Slim and Light Laptop for Business and Student, 11th Gen Core i5-1135G7 up to 4.2GHz, 8GB DDR4 RAM, 256GB PCIe SSD, USB-C, HDMI, WiFi, Backlit, Keypad, Webcam, Win 10 (Renewed)",$389.99,https://www.amazon.com/gp/slredirect/picassoRedirect.html/ref=pa_sp_mtf_aps_sr_pg1_1?ie=UTF8&adId=A09451251APQFZ15MP5RC&qualifier=1670362075&id=5948764498777988&widgetName=sp_mtf&url=%2FHP-Business-Student-i5-1135G7-Backlit%2Fdp%2FB0B1995T5Z%2Fref%3Dsr_1_7_sspa%3Fcrid%3D1ETD973V81N4Y%26keywords%3Dlaptop%26qid%3D1670362075%26sprefix%3Dlaptop%252Caps%252C70%26sr%3D8-7-spons%26psc%3D1,https://m.media-amazon.com/images/I/61XezOJ9kXL._AC_UY218_.jpg
"HP Chromebook 14 Laptop, Intel Celeron N4120, 4 GB RAM, 64 GB eMMC, 14"" HD Display, Chrome OS, 4K Graphics, Long Battery Life, Ash Gray Keyboard (14a-na0226nr, 2022, Mineral Silver) (Renewed)",$159.99,https://www.amazon.com/HP-Chromebook-14-Graphics-14a-na0226nr/dp/B0B5YB7T57/ref=sr_1_8?crid=1ETD973V81N4Y&keywords=laptop&qid=1670362075&sprefix=laptop%2Caps%2C70&sr=8-8,https://m.media-amazon.com/images/I/71tXLOE7wIL._AC_UY218_.jpg
"SGIN Laptop 15.6 Inch, 4GB DDR4 128GB SSD Windows 11 Laptops with Intel Celeron N4020C(up to 2.8 GHz), Intel UHD Graphics 600, Mini HDMI, WiFi, Webcam, USB3.0, Bluetooth 4.2",$259.99,https://www.amazon.com/SGIN-Windows-Laptops-Graphics-Bluetooth/dp/B0B74JGNSG/ref=sr_1_9?crid=1ETD973V81N4Y&keywords=laptop&qid=1670362075&sprefix=laptop%2Caps%2C70&sr=8-9,https://m.media-amazon.com/images/I/71kgQFZbyaL._AC_UY218_.jpg
"Lenovo IdeaPad 1 14 Laptop, 14.0"" HD Display, Intel Celeron N4020, 4GB RAM, 64GB Storage, Intel UHD Graphics 600, Win 11 in S Mode, Cloud Grey",$130.01,https://www.amazon.com/Lenovo-IdeaPad-Display-Celeron-Graphics/dp/B0BLW25MB7/ref=sr_1_10?crid=1ETD973V81N4Y&keywords=laptop&qid=1670362075&sprefix=laptop%2Caps%2C70&sr=8-10,https://m.media-amazon.com/images/I/71bphKmt0DL._AC_UY218_.jpg
Dell Chromebook 11 3180 83C80 11.6-Inch Traditional Laptop (Black) (Renewed),$59.99,https://www.amazon.com/Dell-Chromebook-11-6-Inch-Traditional-Refurbished/dp/B071JSC7ML/ref=sr_1_11?crid=1ETD973V81N4Y&keywords=laptop&qid=1670362075&sprefix=laptop%2Caps%2C70&sr=8-11,https://m.media-amazon.com/images/I/617myiTpYRL._AC_UY218_.jpg
"HP Pavilion Laptop (2022 Model), 15.6"" HD Display, Intel Celeron Quad-Core Processor, 8GB DDR4 RAM, 128GB SSD, Online Conferencing, Webcam, HDMI, WiFi, Bluetooth, Windows 11",$389.00,https://www.amazon.com/gp/slredirect/picassoRedirect.html/ref=pa_sp_mtf_aps_sr_pg1_1?ie=UTF8&adId=A02761393IQIAONK7EG92&qualifier=1670362075&id=5948764498777988&widgetName=sp_mtf&url=%2FHP-Pavilion-Processor-Conferencing-Bluetooth%2Fdp%2FB09BBHXYZ9%2Fref%3Dsr_1_12_sspa%3Fcrid%3D1ETD973V81N4Y%26keywords%3Dlaptop%26qid%3D1670362075%26sprefix%3Dlaptop%252Caps%252C70%26sr%3D8-12-spons%26psc%3D1%26smid%3DA2HR3WADFB8IU9,https://m.media-amazon.com/images/I/711yMY-peLL._AC_UY218_.jpg
"Newest HP 14"" HD Laptop, Windows 11, Intel Celeron Dual-Core Processor Up to 2.60GHz, 4GB RAM, 64GB SSD, Webcam(Renewed)",$181.99,https://www.amazon.com/HP-14-Laptop-Dual-Core-Processor/dp/B09Z111KTW/ref=sr_1_13?crid=1ETD973V81N4Y&keywords=laptop&qid=1670362075&sprefix=laptop%2Caps%2C70&sr=8-13,https://m.media-amazon.com/images/I/51wUE2WiNrL._AC_UY218_.jpg
"Lenovo IdeaPad 5 Laptop: 10th Gen Core i5-1035G1, 16GB RAM, 512GB SSD, 15.6"" Full HD IPS Touchscreen",$729.99,https://www.amazon.com/Lenovo-IdeaPad-Laptop-i5-1035G1-Touchscreen/dp/B08DJXYMJL/ref=sr_1_14?crid=1ETD973V81N4Y&keywords=laptop&qid=1670362075&sprefix=laptop%2Caps%2C70&sr=8-14,https://m.media-amazon.com/images/I/71MlsUhH8pS._AC_UY218_.jpg
"Lenovo 2022 Upgraded Ideapad 1i Laptops, 14 inch HD Computer, Intel Celeron N4020, 4GB RAM, 128GB SSD(64GB SSD+64GB Card), 1-Year Office 365, Webcam, Wi-Fi, Bluetooth, Windows 11, LIONEYE HDMI Cable",$179.99,https://www.amazon.com/Lenovo-Upgraded-Ideapad-Computer-Bluetooth/dp/B0BM47K87R/ref=sr_1_15?crid=1ETD973V81N4Y&keywords=laptop&qid=1670362075&sprefix=laptop%2Caps%2C70&sr=8-15,https://m.media-amazon.com/images/I/81recNdH9YL._AC_UY218_.jpg
"Newest HP Pavilion Laptop, 15.6"" HD LED Display, AMD Dual-Core Processor, AMD Radeon Graphics, HDMI, USB Type-C, Long Battery Life, Sleeve and Wireless Mouse Bundle, Win 11 (16GB RAM | 1TB SSD)",$489.00,https://www.amazon.com/gp/slredirect/picassoRedirect.html/ref=pa_sp_mtf_aps_sr_pg1_1?ie=UTF8&adId=A0115704B74OOIELE55F&qualifier=1670362075&id=5948764498777988&widgetName=sp_mtf&url=%2FHP-Pavilion-Dual-Core-Processor-Graphics%2Fdp%2FB0B98R6ZH4%2Fref%3Dsr_1_17_sspa%3Fcrid%3D1ETD973V81N4Y%26keywords%3Dlaptop%26qid%3D1670362075%26sprefix%3Dlaptop%252Caps%252C70%26sr%3D8-17-spons%26psc%3D1%26smid%3DA2HR3WADFB8IU9,https://m.media-amazon.com/images/I/612s7zSriRL._AC_UY218_.jpg
HP ProBook 445 G7 14inch Notebook - Ryzen 5 4500U - 8 GB RAM - 256 GB SSD - AMD Radeon Graphics - English Keyboard (Renewed) 14-14.99 inches,$366.08,https://www.amazon.com/HP-ProBook-445-G7-Notebook/dp/B09D5XWD62/ref=sr_1_18?crid=1ETD973V81N4Y&keywords=laptop&qid=1670362075&sprefix=laptop%2Caps%2C70&sr=8-18,https://m.media-amazon.com/images/I/41Fxa6eDPOL._AC_UY218_.jpg
"2022 Acer 15inch HD IPS Chromebook, Intel Dual-Core Celeron Processor Up to 2.55GHz, 4GB RAM, 32GB Storage, Super-Fast WiFi Up to 1300 Mbps, Chrome OS-(Renewed) (Dale Silver)",$139.00,https://www.amazon.com/Acer-15inch-Chromebook-Dual-Core-Super-Fast/dp/B0B3L3YB4N/ref=sr_1_19?crid=1ETD973V81N4Y&keywords=laptop&qid=1670362075&sprefix=laptop%2Caps%2C70&sr=8-19,https://m.media-amazon.com/images/I/71-QYvMpwGL._AC_UY218_.jpg
"2022 HP 15.6"" HD BrightView Laptop, Intel Pentium Silver N5030 Processor, 32GB RAM, 1TB PCIe SSD, Intel HD Graphics 605, 720p HD Webcam, Stereo Speakers, Blue, Windows 11, 32GB USB Card",$579.00,https://www.amazon.com/HP-BrightView-Processor-Graphics-Speakers/dp/B0BK9RHB3C/ref=sr_1_20?crid=1ETD973V81N4Y&keywords=laptop&qid=1670362075&sprefix=laptop%2Caps%2C70&sr=8-20,https://m.media-amazon.com/images/I/51ryEasY34L._AC_UY218_.jpg
"Lenovo - 2022 - IdeaPad 3 - Travel Laptop Computer - AMD Ryzen 5 - 17.3"" FHD Display - 8GB Memory - 512GB Storage - Windows 11 Home",$509.99,https://www.amazon.com/Lenovo-IdeaPad-Computer-Display-Storage/dp/B09YWMXYQG/ref=sr_1_21?crid=1ETD973V81N4Y&keywords=laptop&qid=1670362075&sprefix=laptop%2Caps%2C70&sr=8-21,https://m.media-amazon.com/images/I/714zwulp9QL._AC_UY218_.jpg
"Microsoft Surface Laptop 5 (2022), 13.5"" Touch Screen, Thin & Lightweight, Long Battery Life, Fast Intel i5 Processor for Multi-Tasking, 512GB Storage with Windows 11, Sage",$999.99,https://www.amazon.com/gp/slredirect/picassoRedirect.html/ref=pa_sp_btf_aps_sr_pg1_1?ie=UTF8&adId=A04959952NPFSVIGAACLW&qualifier=1670362075&id=5948764498777988&widgetName=sp_btf&url=%2FMicrosoft-Surface-Lightweight-Processor-Multi-Tasking%2Fdp%2FB0B8QDB3Z7%2Fref%3Dsr_1_22_sspa%3Fcrid%3D1ETD973V81N4Y%26keywords%3Dlaptop%26qid%3D1670362075%26sprefix%3Dlaptop%252Caps%252C70%26sr%3D8-22-spons%26psc%3D1,https://m.media-amazon.com/images/I/61N76Vyn7nL._AC_UY218_.jpg
