item_name,price,link_to_item,link_to_item_image
"iSYFIX Stop Sign Reflective Aluminum – 12 x 12 Inch,1 Pack– Street Traffic, Slow Warning, Laminated, UV, Weather, Scratch and Fade Resistant on Outdoors, Great for Crossings, Garage and Parking",$11.95,https://www.amazon.com/gp/slredirect/picassoRedirect.html/ref=pa_sp_atf_aps_sr_pg1_1?ie=UTF8&adId=A0986700143530945URQM&qualifier=1670361954&id=105518767570558&widgetName=sp_atf&url=%2FiSYFIX-Stop-Sign-Reflective-Resistance%2Fdp%2FB09SDXCGWT%2Fref%3Dsr_1_1_sspa%3Fcrid%3D1ETD973V81N4Y%26keywords%3Dstop%2Bsign%26qid%3D1670361954%26sprefix%3Dstop%2Bsign%252Caps%252C70%26sr%3D8-1-spons%26psc%3D1,https://m.media-amazon.com/images/I/61kFVHhcvlL._AC_UY218_.jpg
"Stop Signs, Street Stop Sign, 18x18 Inches, 3M EGP Reflective .063 Aluminum, Fade Resistant, Indoor/Outdoor Use, Made in USA by Sigo Signs",$39.99,https://www.amazon.com/gp/slredirect/picassoRedirect.html/ref=pa_sp_atf_aps_sr_pg1_1?ie=UTF8&adId=A016022427205ECD1VYI4&qualifier=1670361954&id=105518767570558&widgetName=sp_atf&url=%2FSigns-Reflective-Aluminum-Resistant-Sigo%2Fdp%2FB08TF18HZC%2Fref%3Dsr_1_2_sspa%3Fcrid%3D1ETD973V81N4Y%26keywords%3Dstop%2Bsign%26qid%3D1670361954%26sprefix%3Dstop%2Bsign%252Caps%252C70%26sr%3D8-2-spons%26psc%3D1,https://m.media-amazon.com/images/I/71Heg6F32TL._AC_UY218_.jpg
"Stop Sign, Street Slow Warning Reflective Signs, 12 x 12 Inches Octagon.040 Rust Free Aluminum, UV Protected and Waterproof, Weather Resistant, Durable Ink, Easy to Mount",$9.99,https://www.amazon.com/Reflective-Octagon-040-Protected-Waterproof-Resistant/dp/B07XM5C5TV/ref=sr_1_3?crid=1ETD973V81N4Y&keywords=stop+sign&qid=1670361954&sprefix=stop+sign%2Caps%2C70&sr=8-3,https://m.media-amazon.com/images/I/611IyYrpuTL._AC_UY218_.jpg
"Enjoyist Stop Sign Street Slow Warning Reflective Signs 12""x 12"" 40 Mil Rust Free Aluminum Sign, UV Protected and Weatherproof",$9.97,https://www.amazon.com/Warning-Reflective-Aluminum-Protected-Weatherproof/dp/B07L599G3G/ref=sr_1_4?crid=1ETD973V81N4Y&keywords=stop+sign&qid=1670361954&sprefix=stop+sign%2Caps%2C70&sr=8-4,https://m.media-amazon.com/images/I/51Dm77B5R3L._AC_UY218_.jpg
"Stop Signs,24 x 24 Inches Octagon Engineer Grade Reflective Sheeting Street Slow Warning Signs, Rust Free Aluminum, Reflective, UV Protected and Waterproof, Weather Resistant, Durable Ink",$46.99,https://www.amazon.com/Engineer-Reflective-Protected-Waterproof-Resistant/dp/B086318MKL/ref=sr_1_5?crid=1ETD973V81N4Y&keywords=stop+sign&qid=1670361954&sprefix=stop+sign%2Caps%2C70&sr=8-5,https://m.media-amazon.com/images/I/81kqQMzG6QL._AC_UY218_.jpg
"SmartSign ""STOP"" MUTCD Sign | 30"" x 30"" 3M Engineer Grade Reflective Aluminum",$12.82,https://www.amazon.com/SmartSign-Engineer-Reflective-Legend-octagon/dp/B00HKAMFGU/ref=sr_1_6?crid=1ETD973V81N4Y&keywords=stop+sign&qid=1670361954&sprefix=stop+sign%2Caps%2C70&sr=8-6,https://m.media-amazon.com/images/I/71CFW7Ie1RL._AC_UY218_.jpg
OLANZU Stop Sign 24”X 24” - 60 MIL Engineer Grade Aluminum Metal - High Intensity Honeycomb Sheeting Reflective Road Sign-UV Coated Stop Sign Traffic - UV Protected Street Signs For Traffic Control & Safety,$44.99,https://www.amazon.com/gp/slredirect/picassoRedirect.html/ref=pa_sp_mtf_aps_sr_pg1_1?ie=UTF8&adId=A0518151235ZVOE3ZDLDD&qualifier=1670361954&id=105518767570558&widgetName=sp_mtf&url=%2FOLANZU-Engineer-Reflective-Honeycomb-Resistant%2Fdp%2FB0B1MTY2C7%2Fref%3Dsr_1_7_sspa%3Fcrid%3D1ETD973V81N4Y%26keywords%3Dstop%2Bsign%26qid%3D1670361954%26sprefix%3Dstop%2Bsign%252Caps%252C70%26sr%3D8-7-spons%26psc%3D1,https://m.media-amazon.com/images/I/71X-TZcuJ1L._AC_UY218_.jpg
"Stop Slow Sign, Double Sided Street Slow Warning Reflective Signs, 13x13in Octagon Rust Free Aluminum, with Bamboo Handle, UV Protected and Waterproof, Weather Resistant, Durable Ink, Easy to Mount",$15.49,https://www.amazon.com/Reflective-Aluminum-Protected-Waterproof-Resistant/dp/B09S2YJM4J/ref=sr_1_8?crid=1ETD973V81N4Y&keywords=stop+sign&qid=1670361954&sprefix=stop+sign%2Caps%2C70&sr=8-8,https://m.media-amazon.com/images/I/71+Ea5AUIbL._AC_UY218_.jpg
Stop Signs Traffic Aluminum 12''x12'' 30-mil Thick UV Ink Printing Outdoor Use for Doorway,$9.99,https://www.amazon.com/Outdoor-Traffic-Aluminum-Printing-Crossing/dp/B07ZXJFQX8/ref=sr_1_9?crid=1ETD973V81N4Y&keywords=stop+sign&qid=1670361954&sprefix=stop+sign%2Caps%2C70&sr=8-9,https://m.media-amazon.com/images/I/51Je-TgA-BL._AC_UY218_.jpg
Andalus Brands Flashing Led Stop Sign Garage Parking Assistant System - Garage Car Stop Indicator - Driveway Markers and Car Gadgets - Parking Sensors for Vehicles - Bumper Guards for Cars (1-pack),$19.97,https://www.amazon.com/Andalus-Brands-Flashing-Parking-Assistant/dp/B07Y9GL5DX/ref=sr_1_10?crid=1ETD973V81N4Y&keywords=stop+sign&qid=1670361954&sprefix=stop+sign%2Caps%2C70&sr=8-10,https://m.media-amazon.com/images/I/81CrTNVLizL._AC_UY218_.jpg
"Stop Slow Double Sided Sign, 13"" Aluminum Stop Slow Sign with Wood Handle, Metal Reflective Stop Slow Sign(1PCS)",$18.99,https://www.amazon.com/Double-Sided-Aluminum-Handle-Reflective/dp/B09FJM1JYP/ref=sr_1_11?crid=1ETD973V81N4Y&keywords=stop+sign&qid=1670361954&sprefix=stop+sign%2Caps%2C70&sr=8-11,https://m.media-amazon.com/images/I/6196vrIdfbL._AC_UY218_.jpg
"SmartSign ""STOP"" MUTCD Sign | 24"" x 24"" 3M Diamond Grade Reflective Aluminum",$50.71,https://www.amazon.com/gp/slredirect/picassoRedirect.html/ref=pa_sp_mtf_aps_sr_pg1_1?ie=UTF8&adId=A038805411FQPSVXWKPRC&qualifier=1670361954&id=105518767570558&widgetName=sp_mtf&url=%2FSmartSign-Official-Authorized-Engineer-Reflective%2Fdp%2FB00HKA5WAG%2Fref%3Dsr_1_12_sspa%3Fcrid%3D1ETD973V81N4Y%26keywords%3Dstop%2Bsign%26qid%3D1670361954%26sprefix%3Dstop%2Bsign%252Caps%252C70%26sr%3D8-12-spons%26psc%3D1,https://m.media-amazon.com/images/I/61mcOFsrh0L._AC_UY218_.jpg
PARKEZ Flashing LED Light Parking Stop Sign For Garage,$18.29,https://www.amazon.com/PARKEZ-Flashing-Light-Parking-Garage/dp/B004Z87ZYW/ref=sr_1_13?crid=1ETD973V81N4Y&keywords=stop+sign&qid=1670361954&sprefix=stop+sign%2Caps%2C70&sr=8-13,https://m.media-amazon.com/images/I/516OhmZdCEL._AC_UY218_.jpg
Stop Sign Street Road Sign 18 x 18. A Real Sign. 10 Year Warranty. 3M High Intensity Prismatic Reflective Sheeting.,$32.95,https://www.amazon.com/STOP-Street-Sign-Sign-Warranty/dp/B00JC4FIAM/ref=sr_1_14?crid=1ETD973V81N4Y&keywords=stop+sign&qid=1670361954&sprefix=stop+sign%2Caps%2C70&sr=8-14,https://m.media-amazon.com/images/I/71L0EbialtL._AC_UY218_.jpg
"Stop Signs, Street Stop Sign, 18x18 Inches, 3M EGP Reflective .063 Aluminum, Fade Resistant, Indoor/Outdoor Use, Made in USA by Sigo Signs",$11.99,https://www.amazon.com/Signs-Reflective-Aluminum-Resistant-Sigo/dp/B08TF18HZC/ref=sr_1_15?crid=1ETD973V81N4Y&keywords=stop+sign&qid=1670361954&sprefix=stop+sign%2Caps%2C70&sr=8-15,https://m.media-amazon.com/images/I/71Heg6F32TL._AC_UY218_.jpg
"Kichwit Stop Sign, 13"" Double Sided Handheld Stop Sign, Street Slow Reflective Sign with Bamboo Handle, Aluminum",$17.99,https://www.amazon.com/Kichwit-Aluminum-Bamboo-Handle-Reflective/dp/B08HV7GTJY/ref=sr_1_16?crid=1ETD973V81N4Y&keywords=stop+sign&qid=1670361954&sprefix=stop+sign%2Caps%2C70&sr=8-16,https://m.media-amazon.com/images/I/919toyEKufL._AC_UY218_.jpg
"Enjoyist Large Stop Sign Street Slow Warning Reflective Signs 24""x 24"" 40 Mil Rust Free Aluminum Sign, UV Protected and Weatherproof",$39.97,https://www.amazon.com/gp/slredirect/picassoRedirect.html/ref=pa_sp_mtf_aps_sr_pg1_1?ie=UTF8&adId=A008932623JACDJ5D66CL&qualifier=1670361954&id=105518767570558&widgetName=sp_mtf&url=%2FWarning-Reflective-Aluminum-Protected-Weatherproof%2Fdp%2FB07TJF2LYT%2Fref%3Dsr_1_17_sspa%3Fcrid%3D1ETD973V81N4Y%26keywords%3Dstop%2Bsign%26qid%3D1670361954%26sprefix%3Dstop%2Bsign%252Caps%252C70%26sr%3D8-17-spons%26psc%3D1,https://m.media-amazon.com/images/I/51Dm77B5R3L._AC_UY218_.jpg
Stop Sign Street Road Sign 24 x 24. A Real Sign. 10 Year Warranty. 3M High Intensity Prismatic Reflective Sheeting. Municipal Supply & Sign Co.,$59.95,https://www.amazon.com/STOP-Street-Sign-Sign-Warranty/dp/B010S8MXCG/ref=sr_1_18?crid=1ETD973V81N4Y&keywords=stop+sign&qid=1670361954&sprefix=stop+sign%2Caps%2C70&sr=8-18,https://m.media-amazon.com/images/I/71L0EbialtL._AC_UY218_.jpg
"Stop Sign, Street Traffic Warning Reflective Signs, 12""x 12"" Octagon Rust Free Aluminum Sign, UV Protected, Weather/Fade Resistant, Indoor/Outdoor Use",$9.89,https://www.amazon.com/Traffic-Reflective-Aluminum-Protected-Resistant/dp/B07RQL3BWD/ref=sr_1_19?crid=1ETD973V81N4Y&keywords=stop+sign&qid=1670361954&sprefix=stop+sign%2Caps%2C70&sr=8-19,https://m.media-amazon.com/images/I/51oG2tCjGwL._AC_UY218_.jpg
"Kichwit Stop Sign Street Road Sign, Reflective Aluminum Sign, 12"" x 12"", Rust Free, Weather Resistant, for Outdoor Use",$8.99,https://www.amazon.com/Kichwit-Stop-Street-Reflective-Aluminum/dp/B07Z7T7K9H/ref=sr_1_20?crid=1ETD973V81N4Y&keywords=stop+sign&qid=1670361954&sprefix=stop+sign%2Caps%2C70&sr=8-20,https://m.media-amazon.com/images/I/61bydib3aQL._AC_UY218_.jpg
"Enjoyist Large Stop Sign Street Slow Warning Reflective Signs 24""x 24"" 40 Mil Rust Free Aluminum Sign, UV Protected and Weatherproof",$39.97,https://www.amazon.com/Warning-Reflective-Aluminum-Protected-Weatherproof/dp/B07TJF2LYT/ref=sr_1_21?crid=1ETD973V81N4Y&keywords=stop+sign&qid=1670361954&sprefix=stop+sign%2Caps%2C70&sr=8-21,https://m.media-amazon.com/images/I/51Dm77B5R3L._AC_UY218_.jpg
Stop Sign Street Road Sign 24 x 24. A Real Sign. 10 Year Warranty. 3M High Intensity Prismatic Reflective Sheeting. Municipal Supply & Sign Co.,$59.95,https://www.amazon.com/gp/slredirect/picassoRedirect.html/ref=pa_sp_btf_aps_sr_pg1_1?ie=UTF8&adId=A0381958FAHOE865XUIK&qualifier=1670361954&id=105518767570558&widgetName=sp_btf&url=%2FSTOP-Street-Sign-Sign-Warranty%2Fdp%2FB010S8MXCG%2Fref%3Dsr_1_22_sspa%3Fcrid%3D1ETD973V81N4Y%26keywords%3Dstop%2Bsign%26qid%3D1670361954%26sprefix%3Dstop%2Bsign%252Caps%252C70%26sr%3D8-22-spons%26psc%3D1,https://m.media-amazon.com/images/I/71L0EbialtL._AC_UY218_.jpg
