item_name,price,link_to_item,link_to_item_image
South Bay Board Co. - Beginner Surfboards - 5' / 6' / 8' Sizes - Safe Foam Surf Boards for Kids & Adults – Includes Surfboard Leash & Safe Round Edge Fins - Carry Handle for Easy Transportation,$179.00,https://www.amazon.com/gp/slredirect/picassoRedirect.html/ref=pa_sp_atf_aps_sr_pg1_1?ie=UTF8&adId=A04659882AKENZ4H1QA3I&qualifier=1670362014&id=1019863315376907&widgetName=sp_atf&url=%2FSouth-Bay-Board-Co-Surfboards%2Fdp%2FB08CNM7NWK%2Fref%3Dsr_1_1_sspa%3Fcrid%3D1ETD973V81N4Y%26keywords%3Dsurfboard%26qid%3D1670362014%26sprefix%3Dsurfboard%252Caps%252C70%26sr%3D8-1-spons%26psc%3D1%26smid%3DA2Z24Y9BXLNNF,https://m.media-amazon.com/images/I/71Ds6NaBLcL._AC_UL320_.jpg
"Cor Surf Wooden Surfboard Wall Mount for Surf Boards, Snowboards, Skateboards, Kiteboards and Wakeboards, Triple Tier Surf Board Display Holder, Made of Sustainable Bamboo (24 x 4 x 4 Inches)",$68.45,https://www.amazon.com/gp/slredirect/picassoRedirect.html/ref=pa_sp_atf_aps_sr_pg1_1?ie=UTF8&adId=A06941603SYSBKJJ3X2FM&qualifier=1670362014&id=1019863315376907&widgetName=sp_atf&url=%2FSurf-Surfboard-Surfboards-Longboard-Shortboards%2Fdp%2FB072MRZN5S%2Fref%3Dsr_1_2_sspa%3Fcrid%3D1ETD973V81N4Y%26keywords%3Dsurfboard%26qid%3D1670362014%26sprefix%3Dsurfboard%252Caps%252C70%26sr%3D8-2-spons%26psc%3D1,https://m.media-amazon.com/images/I/81nXrfewVdL._AC_UL320_.jpg
"Rock It 4'10"" CHUB Surfboard",$199.98,https://www.amazon.com/gp/slredirect/picassoRedirect.html/ref=pa_sp_atf_aps_sr_pg1_1?ie=UTF8&adId=A10483721FX25CNEJWXS9&qualifier=1670362014&id=1019863315376907&widgetName=sp_atf&url=%2FRock-It-411-CHUB-Surfboard-Blue%2Fdp%2FB01EIN9KAU%2Fref%3Dsr_1_3_sspa%3Fcrid%3D1ETD973V81N4Y%26keywords%3Dsurfboard%26qid%3D1670362014%26sprefix%3Dsurfboard%252Caps%252C70%26sr%3D8-3-spons%26psc%3D1%26smid%3DA2S3C77VB62PJF,https://m.media-amazon.com/images/I/81T1mdEapVL._AC_UL320_.jpg
"VAMO Stand Up Paddleboard 4-Way Stretch, UV Board Cover for Paddleboards, Kayaks and Surf Boards (Paddleboard not included)",$104.99,https://www.amazon.com/gp/slredirect/picassoRedirect.html/ref=pa_sp_atf_aps_sr_pg1_1?ie=UTF8&adId=A017539117C19ZQXYDL6U&qualifier=1670362014&id=1019863315376907&widgetName=sp_atf&url=%2FVAMO-Paddleboard-Stretch-Paddleboards-Included%2Fdp%2FB076T95311%2Fref%3Dsr_1_4_sspa%3Fcrid%3D1ETD973V81N4Y%26keywords%3Dsurfboard%26qid%3D1670362014%26sprefix%3Dsurfboard%252Caps%252C70%26sr%3D8-4-spons%26psc%3D1,https://m.media-amazon.com/images/I/61+rstpeyUL._AC_UL320_.jpg
Wavestorm 8ft Classic Longboard Surfboard,$205.00,https://www.amazon.com/Wavestorm-Classic-Longboard-Surfboard-Brushed/dp/B0862HG1M4/ref=sr_1_5?crid=1ETD973V81N4Y&keywords=surfboard&qid=1670362014&sprefix=surfboard%2Caps%2C70&sr=8-5,https://m.media-amazon.com/images/I/81spgk3sEjL._AC_UL320_.jpg
"WAVESTORM 8' Surfboard, Sunburst Graphic,Orange White,WS18-SRF001-SUN",$235.97,https://www.amazon.com/Wavestorm-8-Surfboard-Sunburst-Graphic/dp/B07HKRDW7K/ref=sr_1_6?crid=1ETD973V81N4Y&keywords=surfboard&qid=1670362014&sprefix=surfboard%2Caps%2C70&sr=8-6,https://m.media-amazon.com/images/I/71k-mBMfhDL._AC_UL320_.jpg
Wavestorm - Classic Soft Top Foam 8ft Surfboard,$249.99,https://www.amazon.com/Wavestorm-Classic-Longboard-Surfboard-Blueburst/dp/B0863DZ5C4/ref=sr_1_7?crid=1ETD973V81N4Y&keywords=surfboard&qid=1670362014&sprefix=surfboard%2Caps%2C70&sr=8-7,https://m.media-amazon.com/images/I/717EN9bdh+L._AC_UL320_.jpg
"Wavestorm - Classic Soft Top Foam 7ft Surfboard Surfboard for Beginners and All Surfing Levels Complete Set Includes Leash and Multiple Fins Heat Laminated, Blue Pinline (AZ22-WSSF700-PIN)",$223.55,https://www.amazon.com/Wavestorm-Surfboard-Beginners-Laminated-AZ22-WSSF700-PIN/dp/B094PPZXCP/ref=sr_1_8?crid=1ETD973V81N4Y&keywords=surfboard&qid=1670362014&sprefix=surfboard%2Caps%2C70&sr=8-8,https://m.media-amazon.com/images/I/711Ur1pBK1S._AC_UL320_.jpg
THURSO SURF Lancer 5'10'' Fish Soft Top Surfboard Package Includes Twin Fins Double Stainless Steel Swivel Leash EPS Core IXPE Deck HDPE Slick Bottom Built in Non Slip Deck Grip (Blue),$179.99,https://www.amazon.com/THURSO-SURF-Surfboard-Package-Stainless/dp/B01M36754H/ref=sr_1_9?crid=1ETD973V81N4Y&keywords=surfboard&qid=1670362014&sprefix=surfboard%2Caps%2C70&sr=8-9,https://m.media-amazon.com/images/I/71ngkBWlO1L._AC_UL320_.jpg
Kintness Surfboard with Eps Core Leash and Fins Bodyboard Longboard for Adults and Kids Surfing Outdoor,$69.99,https://www.amazon.com/KINTNESS-Surfboard-Surfing-Longboard-Removable/dp/B09DK3RZMX/ref=sr_1_10?crid=1ETD973V81N4Y&keywords=surfboard&qid=1670362014&sprefix=surfboard%2Caps%2C70&sr=8-10,https://m.media-amazon.com/images/I/61yOapYuefL._AC_UL320_.jpg
"Wavestorm-15th Anniversary Edition Soft Top Foam 8ft Surfboard | for Beginners and All Levels | Includes Accessories | Leash and Multiple Fin Options, Turquoise pinline",$229.99,https://www.amazon.com/Wavestorm-15th-Anniversary-Surfboard-Beginners-Accessories/dp/B08X6NKGD9/ref=sr_1_11?crid=1ETD973V81N4Y&keywords=surfboard&qid=1670362014&sprefix=surfboard%2Caps%2C70&sr=8-11,https://m.media-amazon.com/images/I/71B9AvLL0HL._AC_UL320_.jpg
THURSO SURF Aero 7 ft Soft Top Surfboard Foam Surfboard Package Includes Three Fins Double Stainless Steel Swivel Leash EPS Core IXPE Deck HDPE Slick Bottom Built in Non Slip Deck Grip,$279.99,https://www.amazon.com/THURSO-SURF-Surfboard-Package-Stainless/dp/B07H13Q5P6/ref=sr_1_12?crid=1ETD973V81N4Y&keywords=surfboard&qid=1670362014&sprefix=surfboard%2Caps%2C70&sr=8-12,https://m.media-amazon.com/images/I/717Sikq82zL._AC_UL320_.jpg
"Wavestorm 8ft Surfboard // Foam Wax Free Soft Top Longboard for Adults and Kids of All Levels of Surfing, Multicolor",$208.99,https://www.amazon.com/Wavestorm-Surfboard-Longboard-Surfing-Multicolor/dp/B08234JSSK/ref=sr_1_13?crid=1ETD973V81N4Y&keywords=surfboard&qid=1670362014&sprefix=surfboard%2Caps%2C70&sr=8-13,https://m.media-amazon.com/images/I/51BnFIL8aQL._AC_UL320_.jpg
"Giantex 6' Surfboard Surfing Surf Beach Ocean Body Foamie Board with Removable Fins, Great Beginner Board for Kids, Adults and Children",$92.99,https://www.amazon.com/Giantex-Surfboard-Removable-Beginner-Children/dp/B01H6VVWAC/ref=sr_1_14?crid=1ETD973V81N4Y&keywords=surfboard&qid=1670362014&sprefix=surfboard%2Caps%2C70&sr=8-14,https://m.media-amazon.com/images/I/61HmA1UObpL._AC_UL320_.jpg
"Wave Bandit Ben Gravy Pro EZ Rider Surfboard, White, 9'0",$496.22,https://www.amazon.com/Wave-Bandit-Gravy-Rider-Surfboard/dp/B07CT4SRVV/ref=sr_1_15?crid=1ETD973V81N4Y&keywords=surfboard&qid=1670362014&sprefix=surfboard%2Caps%2C70&sr=8-15,https://m.media-amazon.com/images/I/71QQOdmhVyL._AC_UL320_.jpg
"Wave Bandit Ben Gravy Performer, 5'6 , White",$249.99,https://www.amazon.com/Wave-Bandit-Gravy-Performer-White/dp/B07GBXD8PT/ref=sr_1_16?crid=1ETD973V81N4Y&keywords=surfboard&qid=1670362014&sprefix=surfboard%2Caps%2C70&sr=8-16,https://m.media-amazon.com/images/I/71vjgUXK3OL._AC_UL320_.jpg
"Sportic Pro SUP Paddle Board - New 10ft 6in Rugged Double Layer Designed Surfboard with Non-Slip Deck - Very Stable Triple Fins with Full Adjustable Paddle, Leash, Air Pump and Carry Bag Accessories",$149.99,https://www.amazon.com/gp/slredirect/picassoRedirect.html/ref=pa_sp_mtf_aps_sr_pg1_1?ie=UTF8&adId=A0157813JGZM7W6UJ3DT&qualifier=1670362014&id=1019863315376907&widgetName=sp_mtf&url=%2FSPORTIC-PRO-Inflatable-Paddle-Board%2Fdp%2FB0952JHX5F%2Fref%3Dsr_1_17_sspa%3Fcrid%3D1ETD973V81N4Y%26keywords%3Dsurfboard%26qid%3D1670362014%26sprefix%3Dsurfboard%252Caps%252C70%26sr%3D8-17-spons%26psc%3D1,https://m.media-amazon.com/images/I/71p28ZLCKBL._AC_UL320_.jpg
Whirly Board Spinning Balance Board and Agility Trainer,$149.95,https://www.amazon.com/gp/slredirect/picassoRedirect.html/ref=pa_sp_mtf_aps_sr_pg1_1?ie=UTF8&adId=A10411031572QOKOFO4XE&qualifier=1670362014&id=1019863315376907&widgetName=sp_mtf&url=%2FWhirly-Board-Spinning-Balance%2Fdp%2FB01LZB88WI%2Fref%3Dsr_1_18_sspa%3Fcrid%3D1ETD973V81N4Y%26keywords%3Dsurfboard%26qid%3D1670362014%26sprefix%3Dsurfboard%252Caps%252C70%26sr%3D8-18-spons%26psc%3D1%26smid%3DA3LGT0YISRH834,https://m.media-amazon.com/images/I/51OAg5wvndL._AC_UL320_.jpg
Rock-It 6' Albert Surfboard,$279.98,https://www.amazon.com/gp/slredirect/picassoRedirect.html/ref=pa_sp_mtf_aps_sr_pg1_1?ie=UTF8&adId=A02447843U4WDQGODZE35&qualifier=1670362014&id=1019863315376907&widgetName=sp_mtf&url=%2FRock-It-58-Albert-Surfboard-Gray%2Fdp%2FB01F6I75PS%2Fref%3Dsr_1_19_sspa%3Fcrid%3D1ETD973V81N4Y%26keywords%3Dsurfboard%26qid%3D1670362014%26sprefix%3Dsurfboard%252Caps%252C70%26sr%3D8-19-spons%26psc%3D1,https://m.media-amazon.com/images/I/81VWkLT9WpL._AC_UL320_.jpg
Rock It 6' Baby Jesús Surfboard,$279.98,https://www.amazon.com/gp/slredirect/picassoRedirect.html/ref=pa_sp_mtf_aps_sr_pg1_1?ie=UTF8&adId=A06032062NT0DTDJZCKMY&qualifier=1670362014&id=1019863315376907&widgetName=sp_mtf&url=%2FRock-Baby-Jes%25C3%25BAs-Surfboard-Yellow%2Fdp%2FB07ZPHC38W%2Fref%3Dsr_1_20_sspa%3Fcrid%3D1ETD973V81N4Y%26keywords%3Dsurfboard%26qid%3D1670362014%26sprefix%3Dsurfboard%252Caps%252C70%26sr%3D8-20-spons%26psc%3D1%26smid%3DA2S3C77VB62PJF,https://m.media-amazon.com/images/I/810yQqXpmwL._AC_UL320_.jpg
"NSP Coco Flax Hooligan Longboard Surfboard Flax, 9ft",$924.95,https://www.amazon.com/NSP-Coco-Hooligan-Longboard-Surfboard/dp/B096G3W9WX/ref=sr_1_21?crid=1ETD973V81N4Y&keywords=surfboard&qid=1670362014&sprefix=surfboard%2Caps%2C70&sr=8-21,https://m.media-amazon.com/images/I/51mx1UhHR0S._AC_UL320_.jpg
"Catch Surf Softboard Formula Wax, Cool Blue,CSWAXCLBL",$2.99,https://www.amazon.com/Catch-Surf-Softboard-Formula-Cool/dp/B078X5FXSS/ref=sr_1_22?crid=1ETD973V81N4Y&keywords=surfboard&qid=1670362014&sprefix=surfboard%2Caps%2C70&sr=8-22,https://m.media-amazon.com/images/I/71Jfqpv0F7L._AC_UL320_.jpg
Wavestorm - Classic Soft Top Foam 8ft Surfboard,$249.99,https://www.amazon.com/Wavestorm-Surfboard-Beginners-Complete-Laminated/dp/B09XBW75BY/ref=sr_1_23?crid=1ETD973V81N4Y&keywords=surfboard&qid=1670362014&sprefix=surfboard%2Caps%2C70&sr=8-23,https://m.media-amazon.com/images/I/717EN9bdh+L._AC_UL320_.jpg
South Bay Board Co. - Beginner Surfboards - 5' / 6' / 8' Sizes - Safe Foam Surf Boards for Kids & Adults – Includes Surfboard Leash & Safe Round Edge Fins - Carry Handle for Easy Transportation,$179.00,https://www.amazon.com/Surfboard-Guppy-Performance-Focused-Board/dp/B07DXCG5S9/ref=sr_1_24?crid=1ETD973V81N4Y&keywords=surfboard&qid=1670362014&sprefix=surfboard%2Caps%2C70&sr=8-24,https://m.media-amazon.com/images/I/71sisXKiycL._AC_UL320_.jpg
"Wavestorm 8' Surfboard, Blue Mix, WS18-SFR104-BSH-S",$262.79,https://www.amazon.com/Wavestorm-WS18-SFR104-BSH-S-8-Surfboard/dp/B07C7KL9P4/ref=sr_1_25?crid=1ETD973V81N4Y&keywords=surfboard&qid=1670362014&sprefix=surfboard%2Caps%2C70&sr=8-25,https://m.media-amazon.com/images/I/81spgk3sEjL._AC_UL320_.jpg
Rock It 6' Baby Jesús Surfboard,$279.98,https://www.amazon.com/Rock-Baby-Jes%C3%BAs-Surfboard-Turquoise/dp/B07ZPHWL12/ref=sr_1_26?crid=1ETD973V81N4Y&keywords=surfboard&qid=1670362014&sprefix=surfboard%2Caps%2C70&sr=8-26,https://m.media-amazon.com/images/I/812BMjDH25L._AC_UL320_.jpg
South Bay Board Co. - 7' / 8' / 9' Premium Foam Wax-Free Soft-Top Surfboards - Beginner Surfboards for Kids & Adults – Fins & Leash Included - Patented Heat Damage Prevention System,$389.00,https://www.amazon.com/South-Bay-Board-Co-Surfboards/dp/B0B3Y7LHDP/ref=sr_1_27?crid=1ETD973V81N4Y&keywords=surfboard&qid=1670362014&sprefix=surfboard%2Caps%2C70&sr=8-27,https://m.media-amazon.com/images/I/81Qrq+2NkiL._AC_UL320_.jpg
"GYMAX Surfboard, 6FT Stand Up Paddle Board with Removable Fins & Safety Leash, Lightweight Non-Slip Paddle Board for Teenagers, Adult, Beginners",$92.99,https://www.amazon.com/GYMAX-Surfboard-Removable-Lightweight-Teenagers/dp/B08HS6JVDK/ref=sr_1_28?crid=1ETD973V81N4Y&keywords=surfboard&qid=1670362014&sprefix=surfboard%2Caps%2C70&sr=8-28,https://m.media-amazon.com/images/I/61ZUnas8lUL._AC_UL320_.jpg
"Vilano Navigator 10' 6"" Inflatable SUP Stand Up Paddle Board Package",$179.00,https://www.amazon.com/gp/slredirect/picassoRedirect.html/ref=pa_sp_mtf_aps_sr_pg1_1?ie=UTF8&adId=A09574683AS5IH1S05T8B&qualifier=1670362014&id=1019863315376907&widgetName=sp_mtf&url=%2FVilano-Navigator-Inflatable-Paddle-Package%2Fdp%2FB07CTZ8VBT%2Fref%3Dsr_1_29_sspa%3Fcrid%3D1ETD973V81N4Y%26keywords%3Dsurfboard%26qid%3D1670362014%26sprefix%3Dsurfboard%252Caps%252C70%26sr%3D8-29-spons%26psc%3D1,https://m.media-amazon.com/images/I/71nXSNGlXQL._AC_UL320_.jpg
Body Board 37in/41in Surfboard Soft Top Foam -Inflatable Stand Up Paddle Board for Adults Beginners and Kids,$25.99,https://www.amazon.com/gp/slredirect/picassoRedirect.html/ref=pa_sp_mtf_aps_sr_pg1_1?ie=UTF8&adId=A06325341SHG1FGMZJ0PK&qualifier=1670362014&id=1019863315376907&widgetName=sp_mtf&url=%2FPETUPPY-Surfboard-Longboard-Inflatable-Paddle-Beginners%2Fdp%2FB0B14ZR2XR%2Fref%3Dsr_1_30_sspa%3Fcrid%3D1ETD973V81N4Y%26keywords%3Dsurfboard%26qid%3D1670362014%26sprefix%3Dsurfboard%252Caps%252C70%26sr%3D8-30-spons%26psc%3D1,https://m.media-amazon.com/images/I/51D9ukhEe7L._AC_UL320_.jpg
CLACKIBUKVYZ Surfboard Rack Surfboard Wall Mount Hanger for Long Boards and Short Boards Works Indoor and Outdoor Display,$19.99,https://www.amazon.com/gp/slredirect/picassoRedirect.html/ref=pa_sp_mtf_aps_sr_pg1_1?ie=UTF8&adId=A07085511MR0NMYQWQHW5&qualifier=1670362014&id=1019863315376907&widgetName=sp_mtf&url=%2FCLACKIBUKVYZ-Surfboard-Hanger-Outdoor-Display%2Fdp%2FB0BL6Z3ZKH%2Fref%3Dsr_1_31_sspa%3Fcrid%3D1ETD973V81N4Y%26keywords%3Dsurfboard%26qid%3D1670362014%26sprefix%3Dsurfboard%252Caps%252C70%26sr%3D8-31-spons%26psc%3D1,https://m.media-amazon.com/images/I/71KwKmIh8IL._AC_UL320_.jpg
Inflatable Bodyboard Portable Surfboard with Hammer Seam Technology Storage 48 Inch Super Folding Body Board with Max Inflation Pressure 15PSI,$79.99,https://www.amazon.com/gp/slredirect/picassoRedirect.html/ref=pa_sp_mtf_aps_sr_pg1_1?ie=UTF8&adId=A01928761WY2SV6FDKEKX&qualifier=1670362014&id=1019863315376907&widgetName=sp_mtf&url=%2FBoardX-Inflatable-Bodyboard-Surfboard-Technology%2Fdp%2FB0B11ZMSLC%2Fref%3Dsr_1_32_sspa%3Fcrid%3D1ETD973V81N4Y%26keywords%3Dsurfboard%26qid%3D1670362014%26sprefix%3Dsurfboard%252Caps%252C70%26sr%3D8-32-spons%26psc%3D1,https://m.media-amazon.com/images/I/81ygJj57hYL._AC_UL320_.jpg
Landshark Island Style Lager 6' Surfboard -Indoor Use Only,$188.00,https://www.amazon.com/Landshark-Island-Style-Lager-Surfboard/dp/B07CHYH264/ref=sr_1_33?crid=1ETD973V81N4Y&keywords=surfboard&qid=1670362014&sprefix=surfboard%2Caps%2C70&sr=8-33,https://m.media-amazon.com/images/I/41oQD5dvPIL._AC_UL320_.jpg
"Giantex Surfboard, 6 Ft Stand Up Surfing Board w/ 3 Detachable Fins, Safety Leash, Non-Slip Lightweight Foam Surfboard for Kids, Teenager, Adults",$115.99,https://www.amazon.com/Giantex-Surfboard-Detachable-Non-Slip-Lightweight/dp/B08HM1NVQ5/ref=sr_1_34?crid=1ETD973V81N4Y&keywords=surfboard&qid=1670362014&sprefix=surfboard%2Caps%2C70&sr=8-34,https://m.media-amazon.com/images/I/61if8QBD8GL._AC_UL320_.jpg
Ho Stevie! Surfboard Bike Rack - Cruise to Your Surf Spot [Choose Color],$69.97,https://www.amazon.com/Ho-Stevie-Surfboard-Bike-Rack/dp/B01KIOXBFS/ref=sr_1_35?crid=1ETD973V81N4Y&keywords=surfboard&qid=1670362014&sprefix=surfboard%2Caps%2C70&sr=8-35,https://m.media-amazon.com/images/I/71tATYATD0L._AC_UL320_.jpg
Paragon Surfboards Retro Noserider Longboard | High-Performance & Fun Single Fin Long Board Surfboard for All Wave Conditions | 8'0 | 9'0,$599.99,https://www.amazon.com/Paragon-Surfboards-Noserider-High-Performance-Conditions/dp/B08TX5GQWN/ref=sr_1_36?crid=1ETD973V81N4Y&keywords=surfboard&qid=1670362014&sprefix=surfboard%2Caps%2C70&sr=8-36,https://m.media-amazon.com/images/I/61Y5AtHtzJL._AC_UL320_.jpg
Alomejor Surfboard Protection Tape 2 pcs PVC Surfing Paddle Board Rail Saver Tape 8.8cm Widen SUP Rail Guard Tape,$18.31,https://www.amazon.com/Alomejor-Surfboard-Protection-Surfing-Paddle/dp/B082KJQ8SJ/ref=sr_1_37?crid=1ETD973V81N4Y&keywords=surfboard&qid=1670362014&sprefix=surfboard%2Caps%2C70&sr=8-37,https://m.media-amazon.com/images/I/51iddWV+UEL._AC_UL320_.jpg
"Wave Bandit Ben Gravy Retro Fish 5'8"", White (Model: WB58-BG-WH18)",$243.50,https://www.amazon.com/Wave-Bandit-Gravy-Retro-Fish/dp/B085TF4KZF/ref=sr_1_38?crid=1ETD973V81N4Y&keywords=surfboard&qid=1670362014&sprefix=surfboard%2Caps%2C70&sr=8-38,https://m.media-amazon.com/images/I/71iZ96cIajL._AC_UL320_.jpg
"Totally Bamboo Surfboard Shaped Bamboo Serving and Cutting Board, 23"" x 7-1/2""",$24.99,https://www.amazon.com/Totally-Bamboo-20-7635-surfboard-7-5-inch/dp/B001FOPU2S/ref=sr_1_39?crid=1ETD973V81N4Y&keywords=surfboard&qid=1670362014&sprefix=surfboard%2Caps%2C70&sr=8-39,https://m.media-amazon.com/images/I/71MmTRhSM1L._AC_UL320_.jpg
TESLYAR Surfboard Rack Holder Hooks Ash Tree Wood Eco-Friendly Display Natural Finish Snowboard Wakeboard Brown Big,$39.80,https://www.amazon.com/Teslyar-Surfboard-Eco-Friendly-Snowboard-Wakeboard/dp/B07HMZ7P9B/ref=sr_1_40?crid=1ETD973V81N4Y&keywords=surfboard&qid=1670362014&sprefix=surfboard%2Caps%2C70&sr=8-40,https://m.media-amazon.com/images/I/71DPUTX9TIL._AC_UL320_.jpg
"AQUARM Surfboard Leash 6/7/8/9 Feet, Straight Leg Rope Premium SUP Leashes for Shortboard, Longboard, Paddleboard, Surf Boards, Surf Leash with Double Stainless Steel Swivels",$13.99,https://www.amazon.com/AQUARM-Coiled-Paddle-Surfboard-Waterproof/dp/B07YCXX1J1/ref=sr_1_41?crid=1ETD973V81N4Y&keywords=surfboard&qid=1670362014&sprefix=surfboard%2Caps%2C70&sr=8-41,https://m.media-amazon.com/images/I/511zBDF4WyL._AC_UL320_.jpg
5 Pieces Surfboard Longboard Fin Screw Stainless Steel Fin Screw Surfboard Screw for Long Board Surfboard Paddle Board and Stand Up Paddle Body Board Silver,$8.99,https://www.amazon.com/Pieces-Surfboard-Longboard-Stainless-Paddle/dp/B0B9BJZ6MM/ref=sr_1_42?crid=1ETD973V81N4Y&keywords=surfboard&qid=1670362014&sprefix=surfboard%2Caps%2C70&sr=8-42,https://m.media-amazon.com/images/I/51gQOlaiELS._AC_UL320_.jpg
SOLAREZ UV Cure Epoxy Ding Resin - SUP Paddleboard & Surfboard Repair Kit,$13.95,https://www.amazon.com/Solarez-Cure-Epoxy-Ding-Resin/dp/B0125FCVX6/ref=sr_1_43?crid=1ETD973V81N4Y&keywords=surfboard&qid=1670362014&sprefix=surfboard%2Caps%2C70&sr=8-43,https://m.media-amazon.com/images/I/818jcLRqLJL._AC_UL320_.jpg
Sticky Bumps Cool/Cold Water Surfboard Wax (2 Bars),$7.06,https://www.amazon.com/Sticky-Bumps-Cool-Water-Surfboard/dp/B01N7NCBXT/ref=sr_1_44?crid=1ETD973V81N4Y&keywords=surfboard&qid=1670362014&sprefix=surfboard%2Caps%2C70&sr=8-44,https://m.media-amazon.com/images/I/71x2wt7mqjL._AC_UL320_.jpg
"Sticky Bumps Warm/Tropical Water Surfboard Wax, White, 6 Pack",$15.99,https://www.amazon.com/Sticky-Bumps-Tropical-Water-Surfboard/dp/B0053TGSK4/ref=sr_1_45?crid=1ETD973V81N4Y&keywords=surfboard&qid=1670362014&sprefix=surfboard%2Caps%2C70&sr=8-45,https://m.media-amazon.com/images/I/91zZofOY+rL._AC_UL320_.jpg
6 foot wood surfboard wall art unfinished raw wood decor sign SHIPS FAST,$179.99,https://www.amazon.com/foot-wood-surfboard-wall-unfinished/dp/B07NY3PB5T/ref=sr_1_46?crid=1ETD973V81N4Y&keywords=surfboard&qid=1670362014&sprefix=surfboard%2Caps%2C70&sr=8-46,https://m.media-amazon.com/images/I/81UVkgKLbQL._AC_UL320_.jpg
"Laguna Bamboo Surf Board Bar Cutting Board Set, 23-inch by 7.5-inch - Earth Friendly Bamboo with Stylish Honey Stripe Design - by Island Bamboo (2 Pack)",$34.99,https://www.amazon.com/Laguna-Bamboo-Cutting-23-inch-7-5-inch/dp/B071KD41R3/ref=sr_1_47?crid=1ETD973V81N4Y&keywords=surfboard&qid=1670362014&sprefix=surfboard%2Caps%2C70&sr=8-47,https://m.media-amazon.com/images/I/81kUw3nvVUL._AC_UL320_.jpg
Ho Stevie! Surfboard Wall Mount - Minimalist Wall Racks for Shortboards and Longboards (Screws Included),$17.97,https://www.amazon.com/Ho-Stevie-Surfboard-Wall-Mount/dp/B07HRGGRTZ/ref=sr_1_48?crid=1ETD973V81N4Y&keywords=surfboard&qid=1670362014&sprefix=surfboard%2Caps%2C70&sr=8-48,https://m.media-amazon.com/images/I/7172pfJ+aEL._AC_UL320_.jpg
"Totally Bamboo Lil' Surfer Surfboard Shaped Bamboo Serving and Cutting Board, 14-1/2"" x 6"", Brown",$14.99,https://www.amazon.com/Totally-Bamboo-Surfboard-Serving-Cutting/dp/B001FOPU3M/ref=sr_1_49?crid=1ETD973V81N4Y&keywords=surfboard&qid=1670362014&sprefix=surfboard%2Caps%2C70&sr=8-49,https://m.media-amazon.com/images/I/71bldZZw7FL._AC_UL320_.jpg
South Bay Board Co. - 4'10 / 5'5 / 6' / 6'8 / 7'7 / 8'4 / 9'6 Hybrid Surfboards - Shortboard & Longboard - Wax-Free Soft-Top Surfboard + Hard Epoxy Bottom Deck - Patented Heat Damage Prevention System,$549.00,https://www.amazon.com/South-Bay-Board-Co-Fiberglass/dp/B086GQ5WLN/ref=sr_1_50?crid=1ETD973V81N4Y&keywords=surfboard&qid=1670362014&sprefix=surfboard%2Caps%2C70&sr=8-50,https://m.media-amazon.com/images/I/71ozRJq9yHL._AC_UL320_.jpg
Modern Surfboards Falcon PU Surfboard,$555.00,https://www.amazon.com/Modern-Surfboards-Falcon-Surfboard-Blue/dp/B08349B9NM/ref=sr_1_51?crid=1ETD973V81N4Y&keywords=surfboard&qid=1670362014&sprefix=surfboard%2Caps%2C70&sr=8-51,https://m.media-amazon.com/images/I/51Lpu9itiPL._AC_UL320_.jpg
Surf Co Nose Guard Diamond Tip (Choose Color) (White),$13.95,https://www.amazon.com/Guard-Diamond-Choose-Color-White/dp/B0778WVLD4/ref=sr_1_52?crid=1ETD973V81N4Y&keywords=surfboard&qid=1670362014&sprefix=surfboard%2Caps%2C70&sr=8-52,https://m.media-amazon.com/images/I/51dcf33nSbL._AC_UL320_.jpg
"Wavestorm -Foam 5'6"" Surfboard",$199.99,https://www.amazon.com/Wavestorm-Surfboard-Beginners-Complete-AZ22-WSSW560-BLU/dp/B09KMFSBWG/ref=sr_1_53?crid=1ETD973V81N4Y&keywords=surfboard&qid=1670362014&sprefix=surfboard%2Caps%2C70&sr=8-53,https://m.media-amazon.com/images/I/81727ZbVOaL._AC_UL320_.jpg
"Abahub Premium Surfboard Leash, 6/7/8/9/10 ft, Straight Surf Board Leashes, 6/7mm Legrope Strap for Shortboard, Skimboard, Fishboard, Longboard, Paddleboard, SUP Replacement Leg Rope, 8 Colors",$14.99,https://www.amazon.com/ABAHUB-Premium-Surfboard-Legrope-Straight/dp/B072Z8LJ9G/ref=sr_1_54?crid=1ETD973V81N4Y&keywords=surfboard&qid=1670362014&sprefix=surfboard%2Caps%2C70&sr=8-54,https://m.media-amazon.com/images/I/61Lo2Et+pRL._AC_UL320_.jpg
"ArtCreativity Wooden Surfboard Keychains, Set of 12, Fun Key Chains for Backpack, Purse, Luggage, Great Giveaways for Birthday, Luau, Beach, and Pool Parties, Cool Goodie Bag Fillers for Kids",$15.97,https://www.amazon.com/ArtCreativity-Surfboard-Keychains-Backpack-Giveaways/dp/B08H5WYRS3/ref=sr_1_55?crid=1ETD973V81N4Y&keywords=surfboard&qid=1670362014&sprefix=surfboard%2Caps%2C70&sr=8-55,https://m.media-amazon.com/images/I/610une9JMGL._AC_UL320_.jpg
Sex Wax Surfboard Wax & Go Surf Sticker,$10.95,https://www.amazon.com/Sex-Wax-Surfboard-Sticker-Tropical/dp/B09SBQPVGJ/ref=sr_1_56?crid=1ETD973V81N4Y&keywords=surfboard&qid=1670362014&sprefix=surfboard%2Caps%2C70&sr=8-56,https://m.media-amazon.com/images/I/81qwwEn7vuL._AC_UL320_.jpg
Kinsuite 6” Surfboard Foam Short Board,$61.99,https://www.amazon.com/Kinsuite-Surfboard-Foam-Short-Board/dp/B0B3GN161Q/ref=sr_1_57?crid=1ETD973V81N4Y&keywords=surfboard&qid=1670362014&sprefix=surfboard%2Caps%2C70&sr=8-57,https://m.media-amazon.com/images/I/71-fRri9gNL._AC_UL320_.jpg
Extreme Max 3006.8474 Vertical Surfboard/SUP Storage Rack - 4 Arm,$56.88,https://www.amazon.com/Extreme-Max-3006-8474-Vertical-Surfboard/dp/B07SVZPQ68/ref=sr_1_58?crid=1ETD973V81N4Y&keywords=surfboard&qid=1670362014&sprefix=surfboard%2Caps%2C70&sr=8-58,https://m.media-amazon.com/images/I/51fGoxyJIXL._AC_UL320_.jpg
TESLYAR Surfboard Rack Holder Hooks Ash Tree Wood Eco-Friendly Display Natural Finish Snowboard Wakeboard Brown,$32.80,https://www.amazon.com/Teslyar-Surfboard-Eco-Friendly-Snowboard-Wakeboard/dp/B084T56KJQ/ref=sr_1_59?crid=1ETD973V81N4Y&keywords=surfboard&qid=1670362014&sprefix=surfboard%2Caps%2C70&sr=8-59,https://m.media-amazon.com/images/I/61oE79ySGSL._AC_UL320_.jpg
"Hilhook Surfboard Bag, Adjustable Sup Carrying Strap for Surfboards, Paddleboards, Longboards and Kayaks",$25.99,https://www.amazon.com/Hilhook-Adjustable-Surfboards-Paddleboards-Longboards/dp/B0B2WLNVQ9/ref=sr_1_60?crid=1ETD973V81N4Y&keywords=surfboard&qid=1670362014&sprefix=surfboard%2Caps%2C70&sr=8-60,https://m.media-amazon.com/images/I/61F0EI6xWJL._AC_UL320_.jpg
