item_name,price,link_to_item,link_to_item_image
"Onecmore Horse Blanket Horse Gifts for Girl, Christmas Birthday Horse Gifts for Women,Gifts for Daughter Friend Horse Lovers,Horse Dream Catcher Flower Print Soft Throw Blanket for Couch Bedding",$23.99,https://www.amazon.com/gp/slredirect/picassoRedirect.html/ref=pa_sp_atf_aps_sr_pg1_1?ie=UTF8&adId=A00043113D1LJPGLRX17B&qualifier=1670361967&id=3695519317787273&widgetName=sp_atf&url=%2FOnecmore-Blanket-Christmas-Birthday-Daughter%2Fdp%2FB0B2JXRWMT%2Fref%3Dsr_1_1_sspa%3Fcrid%3D1ETD973V81N4Y%26keywords%3Dhorse%26qid%3D1670361967%26sprefix%3Dhorse%252Caps%252C70%26sr%3D8-1-spons%26psc%3D1,https://m.media-amazon.com/images/I/61smcIvq7HL._AC_UL320_.jpg
Horse: A Novel,$22.99,https://www.amazon.com/Horse-Novel-Geraldine-Brooks/dp/0399562966/ref=sr_1_2?crid=1ETD973V81N4Y&keywords=horse&qid=1670361967&sprefix=horse%2Caps%2C70&sr=8-2,https://m.media-amazon.com/images/I/81Kc9t8XGWL._AC_UL320_.jpg
"Breyer Horses Stablemates Fantasy Horse Paint Set | 5 Piece Set | 1:32 Scale | Model #4235 , Yellow",$19.99,https://www.amazon.com/Breyer-Horses-Stablemates-Fantasy-Horse/dp/B08S7S2XQG/ref=sr_1_3?crid=1ETD973V81N4Y&keywords=horse&qid=1670361967&sprefix=horse%2Caps%2C70&sr=8-3,https://m.media-amazon.com/images/I/81X4X-j6uDL._AC_UL320_.jpg
Chala Coin Purse/Key Fob,$17.00,https://www.amazon.com/Coin-Purse-KeyFob-Horse-Gen/dp/B07TNPNZ5C/ref=sr_1_4?crid=1ETD973V81N4Y&keywords=horse&qid=1670361967&sprefix=horse%2Caps%2C70&sr=8-4,https://m.media-amazon.com/images/I/71znsi8BpOL._AC_UL320_.jpg
"Horses Coloring Book: Relaxing coloring book for girls ages 10-12, 13-19, teens and adults - 55 Horse coloring pages",$6.89,https://www.amazon.com/Horses-Coloring-Book-Relaxing-coloring/dp/B0B6Y2YH7V/ref=sr_1_5?crid=1ETD973V81N4Y&keywords=horse&qid=1670361967&sprefix=horse%2Caps%2C70&sr=8-5,https://m.media-amazon.com/images/I/71vu7FLIeaL._AC_UL320_.jpg
"horse lover, i'd rather be riding horse T-Shirt",$16.99,https://www.amazon.com/horse-lover-rather-riding-T-Shirt/dp/B09FJRW5B8/ref=sr_1_6?crid=1ETD973V81N4Y&keywords=horse&qid=1670361967&sprefix=horse%2Caps%2C70&sr=8-6,https://m.media-amazon.com/images/I/613zCGnQroL._AC_UL320_.jpg
Animal Paws Socks - Funny 3D Animal Socks Crazy Cat Tiger Dog Paw Crew Socks Novelty Socks Gag Gifts,$7.99,https://www.amazon.com/Socks-Unisex-Adult-Animal-Crew/dp/B078ZB98KQ/ref=sr_1_7?crid=1ETD973V81N4Y&keywords=horse&qid=1670361967&sprefix=horse%2Caps%2C70&sr=8-7,https://m.media-amazon.com/images/I/41H5d99kYFL._AC_UL320_.jpg
"2023 Horses Monthly Wall Calendar by Bright Day, 12 x 12 Inch, Beautiful Nature Photography",$13.99,https://www.amazon.com/Horses-Monthly-Calendar-Bright-Day/dp/B09PQWH8CB/ref=sr_1_8?crid=1ETD973V81N4Y&keywords=horse&qid=1670361967&sprefix=horse%2Caps%2C70&sr=8-8,https://m.media-amazon.com/images/I/815xfPVLzML._AC_UL320_.jpg
E-Clover Fashion Scarf for Women Lightweight Scarves Shawl Wrap for Spring/Summer Winter,$10.99,https://www.amazon.com/Herebuy-Cool-Animal-Print-Scarves/dp/B00GEB3Y5W/ref=sr_1_9?crid=1ETD973V81N4Y&keywords=horse&qid=1670361967&sprefix=horse%2Caps%2C70&sr=8-9,https://m.media-amazon.com/images/I/71eS0q-iBmL._AC_UL320_.jpg
"Sunny Days Entertainment | Quarter Horse with Moveable Head, Realistic Sound and 14 Grooming Accessories | Blue Ribbon Champions Deluxe Toy Horses",$12.26,https://www.amazon.com/Quarter-Moveable-Realistic-Grooming-Accessories/dp/B01JCR21BW/ref=sr_1_10?crid=1ETD973V81N4Y&keywords=horse&qid=1670361967&sprefix=horse%2Caps%2C70&sr=8-10,https://m.media-amazon.com/images/I/81QTkZtv5XL._AC_UL320_.jpg
Whimsical Sitting Horse Eyeglasses Holder Stand - Fun Glasses Keeper,$14.29,https://www.amazon.com/Whimsical-Sitting-Horse-Eyeglasses-Holder/dp/B071HFDK3R/ref=sr_1_11?crid=1ETD973V81N4Y&keywords=horse&qid=1670361967&sprefix=horse%2Caps%2C70&sr=8-11,https://m.media-amazon.com/images/I/81XCJhpLKKL._AC_UL320_.jpg
Wrangler Women's Ladies Horse Crew Socks 3 Pair Pack,$11.99,https://www.amazon.com/Wrangler-Womens-Ladies-Horse-Medium/dp/B00MUJ5JZU/ref=sr_1_12?crid=1ETD973V81N4Y&keywords=horse&qid=1670361967&sprefix=horse%2Caps%2C70&sr=8-12,https://m.media-amazon.com/images/I/91tKZTnUCBL._AC_UL320_.jpg
"Girl Loves Horse Ceramic Ornament Horse Ornament, Horse Decor, Gift for Horse Girl, Horse Lover, Christmas Tree Ornament, Christmas Decor - PTU - DH",$15.99,https://www.amazon.com/Loves-Horse-Ceramic-Ornament-Christmas/dp/B0BK8JJWLJ/ref=sr_1_13?crid=1ETD973V81N4Y&keywords=horse&qid=1670361967&sprefix=horse%2Caps%2C70&sr=8-13,https://m.media-amazon.com/images/I/71MJ8VM3LVL._AC_UL320_.jpg
Chala Crossbody Cell Phone Purse-Women Canvas and PU Leather Multicolor Handbag with Adjustable Strap,$34.00,https://www.amazon.com/Crossbody-Purse-Women-Multicolor-Handbag-Adjustable/dp/B07NRKVT4G/ref=sr_1_14?crid=1ETD973V81N4Y&keywords=horse&qid=1670361967&sprefix=horse%2Caps%2C70&sr=8-14,https://m.media-amazon.com/images/I/716yov2tzeL._AC_UL320_.jpg
Hold Your Horses! Animal Encyclopedia - Horses for Kids - Children's Biological Science of Horses Books,$9.43,https://www.amazon.com/Hold-Your-Horses-Animal-Encyclopedia/dp/1683277848/ref=sr_1_15?crid=1ETD973V81N4Y&keywords=horse&qid=1670361967&sprefix=horse%2Caps%2C70&sr=8-15,https://m.media-amazon.com/images/I/510XMuXxPLL._AC_UL320_.jpg
Breyer Horses 2022 Holiday Collection | Stirrup Ornament - Snowbird | Model #700323,$17.13,https://www.amazon.com/Breyer-Holiday-Collection-Stirrup-Ornament/dp/B09SJ3Q9K1/ref=sr_1_16_mod_primary_new?crid=1ETD973V81N4Y&keywords=horse&qid=1670361967&sbo=RZvfv%2F%2FHxDF%2BO5021pAnSA%3D%3D&sprefix=horse%2Caps%2C70&sr=8-16,https://m.media-amazon.com/images/I/71zA0sVAW4L._AC_UL320_.jpg
"Dawhud Direct 24"" H Galloping Horse Wind Chimes for Outside Unique Horses Galloping Windchimes Outdoor Decorations Garden Decor Horse Gift for Women, Mom, Grandma, Unisex",$19.99,https://www.amazon.com/gp/slredirect/picassoRedirect.html/ref=pa_sp_mtf_aps_sr_pg1_1?ie=UTF8&adId=A06910812RCZ15M5Z78LM&qualifier=1670361967&id=3695519317787273&widgetName=sp_mtf&url=%2FDawhud-Direct-DHA-464-Horse-Chime%2Fdp%2FB074T2RNQG%2Fref%3Dsr_1_17_sspa%3Fcrid%3D1ETD973V81N4Y%26keywords%3Dhorse%26qid%3D1670361967%26sprefix%3Dhorse%252Caps%252C70%26sr%3D8-17-spons%26psc%3D1,https://m.media-amazon.com/images/I/81410AJhOvL._AC_UL320_.jpg
"LaserGram 20oz Vacuum Insulated Tumbler Mug, Horse Head 1, Personalized Engraving Included (Faux Leather, Rustic)",$29.99,https://www.amazon.com/gp/slredirect/picassoRedirect.html/ref=pa_sp_mtf_aps_sr_pg1_1?ie=UTF8&adId=A08908651E08OCIDA7X6U&qualifier=1670361967&id=3695519317787273&widgetName=sp_mtf&url=%2FTumbler-Personalized-Engraving-Included-Leather%2Fdp%2FB07SVBZ62H%2Fref%3Dsr_1_18_sspa%3Fcrid%3D1ETD973V81N4Y%26keywords%3Dhorse%26qid%3D1670361967%26sprefix%3Dhorse%252Caps%252C70%26sr%3D8-18-spons%26psc%3D1,https://m.media-amazon.com/images/I/61bc8hnIN8L._AC_UL320_.jpg
"My Horseback Riding Lessons: A journal of my skills, my progress, and my achievements.",$10.00,https://www.amazon.com/gp/slredirect/picassoRedirect.html/ref=pa_sp_mtf_aps_sr_pg1_1?ie=UTF8&adId=A099177812RUIC4B1TCV6&qualifier=1670361967&id=3695519317787273&widgetName=sp_mtf&url=%2FMy-Horseback-Riding-Lessons-achievements%2Fdp%2F1954130287%2Fref%3Dsr_1_19_sspa%3Fcrid%3D1ETD973V81N4Y%26keywords%3Dhorse%26qid%3D1670361967%26sprefix%3Dhorse%252Caps%252C70%26sr%3D8-19-spons%26psc%3D1,https://m.media-amazon.com/images/I/61CvSTLtEFL._AC_UL320_.jpg
Lussoro Leather English Riding Horse Black Saddle Starter Kit for Horse Riding Gift Set,$349.00,https://www.amazon.com/gp/slredirect/picassoRedirect.html/ref=pa_sp_mtf_aps_sr_pg1_1?ie=UTF8&adId=A0818118358X008T4H78G&qualifier=1670361967&id=3695519317787273&widgetName=sp_mtf&url=%2FLussoro-Leather-English-Riding-Starter%2Fdp%2FB08D9KHQ6T%2Fref%3Dsr_1_20_sspa%3Fcrid%3D1ETD973V81N4Y%26keywords%3Dhorse%26qid%3D1670361967%26sprefix%3Dhorse%252Caps%252C70%26sr%3D8-20-spons%26psc%3D1,https://m.media-amazon.com/images/I/71EKPWr46YL._AC_UL320_.jpg
"Horse Sweatshirts for Women, Long Sleeve Floral Horse Print Crew Neck Sweatshirt Casual Loose Pullover Tops Farm Shirts",$18.09,https://www.amazon.com/Sweatshirts-Sleeve-Floral-Sweatshirt-Pullover/dp/B09J4HFVK3/ref=sr_1_21?crid=1ETD973V81N4Y&keywords=horse&qid=1670361967&sprefix=horse%2Caps%2C70&sr=8-21,https://m.media-amazon.com/images/I/610qPa8OhjL._AC_UL320_.jpg
The Horse Encyclopedia,$23.27,https://www.amazon.com/Horse-Encyclopedia-Elwyn-Hartley-Edwards/dp/1465451439/ref=sr_1_22?crid=1ETD973V81N4Y&keywords=horse&qid=1670361967&sprefix=horse%2Caps%2C70&sr=8-22,https://m.media-amazon.com/images/I/91DwWRGHxHL._AC_UL320_.jpg
Colorful Cartoon Horses Cosmetic Bag for Women Makeup Bags Travel Waterproof Toiletry Bag Accessories Organizer,$6.99,https://www.amazon.com/Colorful-Cosmetic-Waterproof-Accessories-Organizer/dp/B09X9KKFZ9/ref=sr_1_23?crid=1ETD973V81N4Y&keywords=horse&qid=1670361967&sprefix=horse%2Caps%2C70&sr=8-23,https://m.media-amazon.com/images/I/71Nbk20WFmL._AC_UL320_.jpg
"Girls Horse Necklace, Dainty Horse Jewelry for Girls Initial Necklace, Stainless Steel Kids Heart Initial Necklace Horse Girl Horse Pendant Letter Necklace Horse Gifts for Teen Girls Horse Lovers",$13.99,https://www.amazon.com/Necklace-Stainless-Initial-Pendant-Jewelry/dp/B07WJ45X4D/ref=sr_1_24?crid=1ETD973V81N4Y&keywords=horse&qid=1670361967&sprefix=horse%2Caps%2C70&sr=8-24,https://m.media-amazon.com/images/I/51daQULceWL._AC_UL320_.jpg
"Schleich Horse Club Horses 2022, Horse Toys for Girls and Boys, Island Pony Stallion Toy Figurine, Ages 5+",$8.99,https://www.amazon.com/Schleich-Horse-Girls-Island-Stallion/dp/B09DQ65214/ref=sr_1_25?crid=1ETD973V81N4Y&keywords=horse&qid=1670361967&sprefix=horse%2Caps%2C70&sr=8-25,https://m.media-amazon.com/images/I/91bgaGoedaL._AC_UL320_.jpg
xywlwoer Animal Paws Socks Novelty Animal Socks Funny Christmas Gifts Stocking Stuffer for Men Women Teens Adults Gag Gifts,$6.36,https://www.amazon.com/Animal-Socks-Novelty-Socks-Crazy-Christmas/dp/B089SHXNP5/ref=sr_1_26?crid=1ETD973V81N4Y&keywords=horse&qid=1670361967&sprefix=horse%2Caps%2C70&sr=8-26,https://m.media-amazon.com/images/I/51MLq49Zg3L._AC_UL320_.jpg
Wonderful World of Horses Coloring Book (Dover Animal Coloring Books),$3.99,https://www.amazon.com/Dover-Publications-Wonderful-Horses-Coloring-Nature/dp/0486444651/ref=sr_1_28?crid=1ETD973V81N4Y&keywords=horse&qid=1670361967&sprefix=horse%2Caps%2C70&sr=8-28,https://m.media-amazon.com/images/I/71COUrXqlsL._AC_UL320_.jpg
"100 PCS Horse Stickers for Water Bottles, Waterproof Western Stickers for Laptop Hydro Flask Luggage Computer Horse Riding Stickers for Teens Kids Adults",$6.99,https://www.amazon.com/Stickers-Bottles-Waterproof-Western-Computer/dp/B0B5HPBTFR/ref=sr_1_29?crid=1ETD973V81N4Y&keywords=horse&qid=1670361967&sprefix=horse%2Caps%2C70&sr=8-29,https://m.media-amazon.com/images/I/91j7TDWsBvL._AC_UL320_.jpg
Jeasona Kids Socks Girls Boys Socks Horse Gifts for Girls Panda Cat Dinosaur,$17.99,https://www.amazon.com/Jeasona-Girls-Socks-Horse-Multicolored/dp/B09W9YLH1S/ref=sr_1_30?crid=1ETD973V81N4Y&keywords=horse&qid=1670361967&sprefix=horse%2Caps%2C70&sr=8-30,https://m.media-amazon.com/images/I/918z4vhdcIL._AC_UL320_.jpg
Hypoallergenic Horse Horseshoe Stud Earrings Silver for Girls Women Lucky Horse Jewelry Birthday Gifts for Horse Lovers,$13.99,https://www.amazon.com/Hypoallergenic-Horseshoe-Earrings-Silver-Jewelry/dp/B0821JZSCK/ref=sr_1_31?crid=1ETD973V81N4Y&keywords=horse&qid=1670361967&sprefix=horse%2Caps%2C70&sr=8-31,https://m.media-amazon.com/images/I/51GTGirl9vL._AC_UL320_.jpg
The Amazing World Of Horses: Adult Coloring Book (Volume),$5.99,https://www.amazon.com/Amazing-World-Horses-Adult-Coloring/dp/1523394188/ref=sr_1_32?crid=1ETD973V81N4Y&keywords=horse&qid=1670361967&sprefix=horse%2Caps%2C70&sr=8-32,https://m.media-amazon.com/images/I/71SjpcR4wPL._AC_UL320_.jpg
"LaserGram 20oz Double Wall Flip Top Water Bottle With Straw, Horse Head 1, Personalized Engraving Included (Teal)",$29.99,https://www.amazon.com/gp/slredirect/picassoRedirect.html/ref=pa_sp_mtf_aps_sr_pg1_1?ie=UTF8&adId=A07313561DKX1THG4V8W0&qualifier=1670361967&id=3695519317787273&widgetName=sp_mtf&url=%2FLaserGram-Double-Personalized-Engraving-Included%2Fdp%2FB09S5VSMCV%2Fref%3Dsr_1_33_sspa%3Fcrid%3D1ETD973V81N4Y%26keywords%3Dhorse%26qid%3D1670361967%26sprefix%3Dhorse%252Caps%252C70%26sr%3D8-33-spons%26psc%3D1,https://m.media-amazon.com/images/I/51Ds0GPUUKL._AC_UL320_.jpg
Lussoro Leather English Riding Horse Saddle Starter Kit Brown Saddle Combo Pack,$349.00,https://www.amazon.com/gp/slredirect/picassoRedirect.html/ref=pa_sp_mtf_aps_sr_pg1_1?ie=UTF8&adId=A08176822MOO6XE4OKSRI&qualifier=1670361967&id=3695519317787273&widgetName=sp_mtf&url=%2FLussoro-Leather-English-Riding-Starter%2Fdp%2FB08D9C82WQ%2Fref%3Dsr_1_34_sspa%3Fcrid%3D1ETD973V81N4Y%26keywords%3Dhorse%26qid%3D1670361967%26sprefix%3Dhorse%252Caps%252C70%26sr%3D8-34-spons%26psc%3D1,https://m.media-amazon.com/images/I/81iuP0lIKtL._AC_UL320_.jpg
Lazy One Horse Fair Isle Ultra-Cozy Bathrobes for Women,$47.99,https://www.amazon.com/gp/slredirect/picassoRedirect.html/ref=pa_sp_mtf_aps_sr_pg1_1?ie=UTF8&adId=A0016263ZPBGV7MIKS7J&qualifier=1670361967&id=3695519317787273&widgetName=sp_mtf&url=%2FLazy-One-Horse-Ultra-Cozy-Bathrobes%2Fdp%2FB01AKGW498%2Fref%3Dsr_1_35_sspa%3Fcrid%3D1ETD973V81N4Y%26keywords%3Dhorse%26qid%3D1670361967%26sprefix%3Dhorse%252Caps%252C70%26sr%3D8-35-spons%26psc%3D1%26smid%3DA2FX5KM7JEUJK9,https://m.media-amazon.com/images/I/81ZJg18r1yL._AC_UL320_.jpg
ROYAL HOUSE 1216 Anti-Slip Gel pad for Horse Saddle - Gel Saddle pad - Horse Gel pad.,$74.95,https://www.amazon.com/gp/slredirect/picassoRedirect.html/ref=pa_sp_mtf_aps_sr_pg1_1?ie=UTF8&adId=A0963344Q1LSCH7FBZA5&qualifier=1670361967&id=3695519317787273&widgetName=sp_mtf&url=%2FROYAL-HOUSE-1216-Anti-Slip-Saddle%2Fdp%2FB08H29B457%2Fref%3Dsr_1_36_sspa%3Fcrid%3D1ETD973V81N4Y%26keywords%3Dhorse%26qid%3D1670361967%26sprefix%3Dhorse%252Caps%252C70%26sr%3D8-36-spons%26psc%3D1,https://m.media-amazon.com/images/I/81oCzSL9LeL._AC_UL320_.jpg
My Horse Is Calling And I Must Go Shirt Apparel Tee Clothing,$15.99,https://www.amazon.com/Horse-Calling-Shirt-Apparel-Clothing/dp/B07KWLG6TH/ref=sr_1_37?crid=1ETD973V81N4Y&keywords=horse&qid=1670361967&sprefix=horse%2Caps%2C70&sr=8-37,https://m.media-amazon.com/images/I/612+G-lweSL._AC_UL320_.jpg
"Breyer Horses 2022 Horse of The Year | Hope | Horse Toy | Special Edition - Benefiting Path International | 8"" x 6"" | Model #62123 Brown & White",$33.87,https://www.amazon.com/Breyer-Horses-2022-Horse-Special/dp/B09Y7DWRWS/ref=sr_1_38_mod_primary_new?crid=1ETD973V81N4Y&keywords=horse&qid=1670361967&sbo=RZvfv%2F%2FHxDF%2BO5021pAnSA%3D%3D&sprefix=horse%2Caps%2C70&sr=8-38,https://m.media-amazon.com/images/I/71wv0IRI3xL._AC_UL320_.jpg
Hot Focus Dashing Horse Oval Shaped Musical Jewelry Box,$18.99,https://www.amazon.com/Hot-Focus-Dashing-Musical-Jewelry/dp/B00W0J3KPG/ref=sr_1_39?crid=1ETD973V81N4Y&keywords=horse&qid=1670361967&sprefix=horse%2Caps%2C70&sr=8-39,https://m.media-amazon.com/images/I/71oWaqKWMhL._AC_UL320_.jpg
American Horses,$5.99,https://www.amazon.com/American-Horses-Bill-Pullman/dp/B09P4HTQPZ/ref=sr_1_40?crid=1ETD973V81N4Y&keywords=horse&qid=1670361967&sprefix=horse%2Caps%2C70&sr=8-40,https://m.media-amazon.com/images/I/71vsKC33xNL._AC_UL320_.jpg
Finding Fortune,$1.99,https://www.amazon.com/Finding-Fortune-Zoey-Bunce/dp/B08T6Z7VNT/ref=sr_1_41?crid=1ETD973V81N4Y&keywords=horse&qid=1670361967&sprefix=horse%2Caps%2C70&sr=8-41,https://m.media-amazon.com/images/I/71dqwg6jjnL._AC_UL320_.jpg
"Girls Horse Necklace Gifts,Little Rainbow Horse Jewelry for Women Boys,Initial Letter Necklaces Pendant for Teen Girls Horse Lovers",$14.99,https://www.amazon.com/Girls-Horse-Necklace-Necklaces-Mix/dp/B095CSCNFV/ref=sr_1_42?crid=1ETD973V81N4Y&keywords=horse&qid=1670361967&sprefix=horse%2Caps%2C70&sr=8-42,https://m.media-amazon.com/images/I/61YPp6xAu+S._AC_UL320_.jpg
"National Geographic Kids Ponies and Horses Sticker Activity Book: Over 1,000 Stickers! (NG Sticker Activity Books)",$6.99,https://www.amazon.com/National-Geographic-Ponies-Sticker-Activity/dp/1426319029/ref=sr_1_43?crid=1ETD973V81N4Y&keywords=horse&qid=1670361967&sprefix=horse%2Caps%2C70&sr=8-43,https://m.media-amazon.com/images/I/61rrEWZYVBL._AC_UL320_.jpg
Hot Sox womens Animal Series Novelty Fashion Casual Crew Socks,$8.00,https://www.amazon.com/Hot-Sox-Womens-Animal-Novelty/dp/B07RWNT1NF/ref=sr_1_44?crid=1ETD973V81N4Y&keywords=horse&qid=1670361967&sprefix=horse%2Caps%2C70&sr=8-44,https://m.media-amazon.com/images/I/715CYsbjoxS._AC_UL320_.jpg
"Cartoon Horse Vinyl Stickers for Kids Boys Girls Teens, Trendy Waterproof Stickers for Laptop Water Bottle Luggage Cup Phone Tablet Flasks Bike Botebook Car,Popular Animals Decals Pack[Horse-50Pcs]",$5.95,https://www.amazon.com/Cartoon-Stickers-Waterproof-Botebook-Horse-50Pcs/dp/B0B1GRKG39/ref=sr_1_45?crid=1ETD973V81N4Y&keywords=horse&qid=1670361967&sprefix=horse%2Caps%2C70&sr=8-45,https://m.media-amazon.com/images/I/71MqovFiz0L._AC_UL320_.jpg
Horse Camp,$2.99,https://www.amazon.com/Horse-Camp-Jordan-Trovillion/dp/B09J8R234J/ref=sr_1_46?crid=1ETD973V81N4Y&keywords=horse&qid=1670361967&sprefix=horse%2Caps%2C70&sr=8-46,https://m.media-amazon.com/images/I/911FQyQTREL._AC_UL320_.jpg
Snow Horses: A First Night Story,$17.94,https://www.amazon.com/Snow-Horses-First-Night-Story/dp/1534473556/ref=sr_1_48?crid=1ETD973V81N4Y&keywords=horse&qid=1670361967&sprefix=horse%2Caps%2C70&sr=8-48,https://m.media-amazon.com/images/I/81i2FoBfszL._AC_UL320_.jpg
The Children's Place Girls' Short Sleeve Graphic T-Shirt 2-Pack,$9.99,https://www.amazon.com/Childrens-Place-Sleeve-Graphic-T-Shirt/dp/B09XFKMCXP/ref=sr_1_49?crid=1ETD973V81N4Y&keywords=horse&qid=1670361967&sprefix=horse%2Caps%2C70&sr=8-49,https://m.media-amazon.com/images/I/71uRIcYMoaL._AC_UL320_.jpg
"Breyer Horses Farms Land Rover and Tag-a-Long Trailer and Horses Playset | Die Cast Land Rover | 3.25” H x 10.5” L x 2.5” D | 2 Stablemates Horses Included | 1:32 Scale | Model #59216, Multi",$19.99,https://www.amazon.com/Breyer-Trailer-Playset-Stablemates-Included/dp/B08M6L58XF/ref=sr_1_50?crid=1ETD973V81N4Y&keywords=horse&qid=1670361967&sprefix=horse%2Caps%2C70&sr=8-50,https://m.media-amazon.com/images/I/71cKmXNXYuL._AC_UL320_.jpg
6 Pairs Horse Sock Horse Crew Socks Christmas Horse Socks Horse Gifts Sock Horse Novelty Sock Horse Gifts for Girls Woman,$16.99,https://www.amazon.com/Pairs-Horse-Socks-Christmas-Novelty/dp/B0B41JRBVC/ref=sr_1_51?crid=1ETD973V81N4Y&keywords=horse&qid=1670361967&sprefix=horse%2Caps%2C70&sr=8-51,https://m.media-amazon.com/images/I/81imjoSHb8L._AC_UL320_.jpg
Useless,$2.99,https://www.amazon.com/Useless-Brooke-Wilson/dp/B08CZ14LYH/ref=sr_1_52?crid=1ETD973V81N4Y&keywords=horse&qid=1670361967&sprefix=horse%2Caps%2C70&sr=8-52,https://m.media-amazon.com/images/I/91hu1DMqzUL._AC_UL320_.jpg
Slow Horses (Slough House Book 1),$9.99,https://www.amazon.com/Slow-Horses-Slough-House-Book-ebook/dp/B004HW7DZ2/ref=sr_1_53?crid=1ETD973V81N4Y&keywords=horse&qid=1670361967&sprefix=horse%2Caps%2C70&sr=8-53,https://m.media-amazon.com/images/I/91KmQPTIqhL._AC_UL320_.jpg
"Schleich Horse Club, Horse Toys for Girls and Boys, Tournament Rider Horse Toy with Rider Figurine, Ages 5+",$13.80,https://www.amazon.com/Schleich-Horse-Tournament-Rider-Girls/dp/B00VS94OS6/ref=sr_1_54?crid=1ETD973V81N4Y&keywords=horse&qid=1670361967&sprefix=horse%2Caps%2C70&sr=8-54,https://m.media-amazon.com/images/I/71wY0lbWZVL._AC_UL320_.jpg
COEQINE Horse Gift Drawstring Bag Casual Backpack Sport Gym Sackpack for Women Men Girls Boys,$7.99,https://www.amazon.com/COEQINE-Drawstring-Casual-Backpack-Sackpack/dp/B08FDQ34NN/ref=sr_1_55?crid=1ETD973V81N4Y&keywords=horse&qid=1670361967&sprefix=horse%2Caps%2C70&sr=8-55,https://m.media-amazon.com/images/I/610Wpnhl8EL._AC_UL320_.jpg
"Melissa & Doug Pasture Pals - 12 Collectible Horses With Wooden Barn-Shaped Crate - Toy Horses, Horse Figures For Kids Ages 3+",$14.99,https://www.amazon.com/Melissa-Doug-Pasture-Pals-Collectible/dp/B00009ILYC/ref=sr_1_56?crid=1ETD973V81N4Y&keywords=horse&qid=1670361967&sprefix=horse%2Caps%2C70&sr=8-56,https://m.media-amazon.com/images/I/811PoD4g8JL._AC_UL320_.jpg
"Kamaple Barn Hair Don't Care Hat, Embroidered Adjustable Wash Cotton Baseball Cap, Horse Lovers Gifts for Women Men",$18.99,https://www.amazon.com/Kamaple-Embroidered-Adjustable-Baseball-Christmas/dp/B0B8D2X8X8/ref=sr_1_57?crid=1ETD973V81N4Y&keywords=horse&qid=1670361967&sprefix=horse%2Caps%2C70&sr=8-57,https://m.media-amazon.com/images/I/61srCegIq2L._AC_UL320_.jpg
ChinFun Kid's Horse Riding Gloves Child Youth Stretchable Equestrian Mittens Boys & Girls Anti-Slip Gloves for Horseback Riding Cycling Running Outdoor Activities,$12.99,https://www.amazon.com/gp/slredirect/picassoRedirect.html/ref=pa_sp_btf_aps_sr_pg1_1?ie=UTF8&adId=A05539792MOGDLXKIYTHV&qualifier=1670361967&id=3695519317787273&widgetName=sp_btf&url=%2FChinFun-Stretchable-Equestrian-Anti-Slip-Activities%2Fdp%2FB08C735SHL%2Fref%3Dsr_1_58_sspa%3Fcrid%3D1ETD973V81N4Y%26keywords%3Dhorse%26qid%3D1670361967%26sprefix%3Dhorse%252Caps%252C70%26sr%3D8-58-spons%26psc%3D1,https://m.media-amazon.com/images/I/71qA-iTS-8L._AC_UL320_.jpg
Christmas Santa Claus All Purpose English Saddle Pad | Horse Riding Pad | Fly Bonnet | Horse Riding Equestrian Saddle Pad,$59.95,https://www.amazon.com/gp/slredirect/picassoRedirect.html/ref=pa_sp_btf_aps_sr_pg1_1?ie=UTF8&adId=A042005326JIKLSMS421E&qualifier=1670361967&id=3695519317787273&widgetName=sp_btf&url=%2Fzainee-sports-Christmas-Purpose-Equestrian%2Fdp%2FB09DY9ZNVG%2Fref%3Dsr_1_59_sspa%3Fcrid%3D1ETD973V81N4Y%26keywords%3Dhorse%26qid%3D1670361967%26sprefix%3Dhorse%252Caps%252C70%26sr%3D8-59-spons%26psc%3D1,https://m.media-amazon.com/images/I/916gehaHKLL._AC_UL320_.jpg
Cute Horse Lover Tank Tops Horses Not Diamonds Royaltee Equestrian Collection Shirts,$17.99,https://www.amazon.com/gp/slredirect/picassoRedirect.html/ref=pa_sp_btf_aps_sr_pg1_1?ie=UTF8&adId=A01298622TUS5L50O59ED&qualifier=1670361967&id=3695519317787273&widgetName=sp_btf&url=%2FDiamonds-Royaltee-Equestrian-Collection-Shirts%2Fdp%2FB0756VFLL2%2Fref%3Dsr_1_60_sspa%3Fcrid%3D1ETD973V81N4Y%26keywords%3Dhorse%26qid%3D1670361967%26sprefix%3Dhorse%252Caps%252C70%26sr%3D8-60-spons%26psc%3D1,https://m.media-amazon.com/images/I/81GDh+sV1rL._AC_UL320_.jpg
