item_name,price,link_to_item,link_to_item_image
"Coral Flower Soho Home Traditional Dining Table,48 inches Long, Top with Metal Frame, Black 1",$192.49,https://www.amazon.com/gp/slredirect/picassoRedirect.html/ref=pa_sp_atf_aps_sr_pg1_1?ie=UTF8&adId=A08019053QR3PEGYD7SFV&qualifier=1670362069&id=7686731688461895&widgetName=sp_atf&url=%2FAZL1-Life-Concept-Dining-Espresso%2Fdp%2FB08961Y5K2%2Fref%3Dsr_1_1_sspa%3Fcrid%3D1ETD973V81N4Y%26keywords%3Ddining%2Btable%26qid%3D1670362069%26sprefix%3Ddining%2Btable%252Caps%252C70%26sr%3D8-1-spons%26psc%3D1,https://m.media-amazon.com/images/I/41aY3lWjyCL._AC_UL320_.jpg
"Christopher Knight Home Della Acacia Wood Dining Table, Natural Stained with Rustic Metal, 32.25 in x 69 in x 29.5 in",$186.21,https://www.amazon.com/Daria-Natural-Stained-Acacia-Dining/dp/B01GP0FTZE/ref=sr_1_2?crid=1ETD973V81N4Y&keywords=dining+table&qid=1670362069&sprefix=dining+table%2Caps%2C70&sr=8-2,https://m.media-amazon.com/images/I/61qPwP8JC7L._AC_UL320_.jpg
"Best Choice Products 5-Piece Metal and Wood Indoor Modern Rectangular Dining Table Furniture Set for Kitchen, Dining Room, Dinette, Breakfast Nook w/ 4 Chairs - Gray",$169.99,https://www.amazon.com/Best-Choice-Products-Rectangular-Furniture/dp/B0BM3Z89DV/ref=sr_1_3?crid=1ETD973V81N4Y&keywords=dining+table&qid=1670362069&sprefix=dining+table%2Caps%2C70&sr=8-3,https://m.media-amazon.com/images/I/71PRsFdzvyL._AC_UL320_.jpg
"VECELO Dining Table Set with 4 Chairs, Retro Brown",$154.50,https://www.amazon.com/VECELO-Dining-Table-Chairs-Retro/dp/B08CZNX97C/ref=sr_1_4?crid=1ETD973V81N4Y&keywords=dining+table&qid=1670362069&sprefix=dining+table%2Caps%2C70&sr=8-4,https://m.media-amazon.com/images/I/718J4URnBFL._AC_UL320_.jpg
"Zinus Juliet Espresso Wood Dining Table with Two Benches / 3 Piece Set, Table and Bench Set",$201.13,https://www.amazon.com/Zinus-Espresso-Dining-Table-Benches/dp/B076CTV19W/ref=sr_1_5?crid=1ETD973V81N4Y&keywords=dining+table&qid=1670362069&sprefix=dining+table%2Caps%2C70&sr=8-5,https://m.media-amazon.com/images/I/411VI-674lL._AC_UL320_.jpg
"ZINUS Jen 47 Inch Wood Dining Table / Solid Wood Kitchen Table / Easy Assembly, Natural",$163.64,https://www.amazon.com/Zinus-Mid-Century-Modern-Dining-Natural/dp/B077H7B4PB/ref=sr_1_6?crid=1ETD973V81N4Y&keywords=dining+table&qid=1670362069&sprefix=dining+table%2Caps%2C70&sr=8-6,https://m.media-amazon.com/images/I/31nmlUs4loL._AC_UL320_.jpg
"Walker Edison 4 Person Modern Farmhouse Wood Small Dining Table Dining Room Kitchen Table Set Dining 4 Chairs Set, 48 Inch, White and Grey",$298.64,https://www.amazon.com/Walker-Edison-Person-Farmhouse-Kitchen/dp/B07PJXTT39/ref=sr_1_7?crid=1ETD973V81N4Y&keywords=dining+table&qid=1670362069&sprefix=dining+table%2Caps%2C70&sr=8-7,https://m.media-amazon.com/images/I/81blMV-LdhL._AC_UL320_.jpg
"Walker Edison Modern Farmhouse Small Kitchen Furniture Dining Room Table Wood, 72 Inch, Grey and Brown",$298.49,https://www.amazon.com/Walker-Edison-Person-Farmhouse-Kitchen/dp/B0898Q183C/ref=sr_1_8?crid=1ETD973V81N4Y&keywords=dining+table&qid=1670362069&sprefix=dining+table%2Caps%2C70&sr=8-8,https://m.media-amazon.com/images/I/914XucDd9SL._AC_UL320_.jpg
"AWQM Dining Room Table Set, Kitchen Table Set with 2 Benches, Ideal for Home, Kitchen and Dining Room, Breakfast Table of 43.3x23.6x28.5 inches, Benches of 38.5x11.8x17.5 inches, Industrial Brown",$149.99,https://www.amazon.com/AWQM-Breakfast-43-3x23-6x28-5-38-5x11-8x17-5-Industrial/dp/B0BCWBGN53/ref=sr_1_9?crid=1ETD973V81N4Y&keywords=dining+table&qid=1670362069&sprefix=dining+table%2Caps%2C70&sr=8-9,https://m.media-amazon.com/images/I/81kKW0A+jzL._AC_UL320_.jpg
"Best Choice Products 45.5in 3-Piece Bench Style Dining Table Furniture Set, 4-Person Space-Saving Dinette for Kitchen, Dining Room w/ 2 Benches, Table - Brown/Black",$179.99,https://www.amazon.com/Best-Choice-Products-Furniture-Space-Saving/dp/B08NY4LRLY/ref=sr_1_10?crid=1ETD973V81N4Y&keywords=dining+table&qid=1670362069&sprefix=dining+table%2Caps%2C70&sr=8-10,https://m.media-amazon.com/images/I/71MEByLg7AL._AC_UL320_.jpg
"IMUsee 45"" Dining Table Set for 4, 3-Pieces Kitchen & Dining Room Sets with Benches, Metal Frame and Wood Board, Sturdy Structure, Easy Assembly, Small Space Dinette, Brown & Grey",$119.99,https://www.amazon.com/IMUsee-3-Pieces-Kitchen-Structure-Assembly/dp/B0BDR2D537/ref=sr_1_11?crid=1ETD973V81N4Y&keywords=dining+table&qid=1670362069&sprefix=dining+table%2Caps%2C70&sr=8-11,https://m.media-amazon.com/images/I/81WGQtJ6AIL._AC_UL320_.jpg
"Dining Table with Sintered Stone Table Top and Metal Legs, Modern Kitchen Table for Living Room, Dining Room,Home and Office (White Table 55"")",$399.99,https://www.amazon.com/Dining-Sintered-Modern-Kitchen-Living/dp/B0B6B66NKM/ref=sr_1_12?crid=1ETD973V81N4Y&keywords=dining+table&qid=1670362069&sprefix=dining+table%2Caps%2C70&sr=8-12,https://m.media-amazon.com/images/I/91HdoHHpWNL._AC_UL320_.jpg
"Signature Design by Ashley Kimonte Rectangular Dining Room Table, Black",$99.99,https://www.amazon.com/Ashley-Furniture-Signature-Design-Rectangular/dp/B01ERJGNF0/ref=sr_1_13?crid=1ETD973V81N4Y&keywords=dining+table&qid=1670362069&sprefix=dining+table%2Caps%2C70&sr=8-13,https://m.media-amazon.com/images/I/61p6dSQPDqL._AC_UL320_.jpg
"Mobili Fiver, Easy, Extendable Dining Table, Oak, Laminate-Finished, Made in Italy",$418.46,https://www.amazon.com/Mobili-Fiver-Extendable-Easy-Laminate-Finished/dp/B01L2F5T34/ref=sr_1_14?crid=1ETD973V81N4Y&keywords=dining+table&qid=1670362069&sprefix=dining+table%2Caps%2C70&sr=8-14,https://m.media-amazon.com/images/I/51BFgrGSvtL._AC_UL320_.jpg
"Signature Design by Ashley Owingsville Rustic Farmhouse Dining Room Table, Black & Brown",$269.99,https://www.amazon.com/Signature-Design-Ashley-D580-25-Owingsville/dp/B01EYJYIFK/ref=sr_1_15?crid=1ETD973V81N4Y&keywords=dining+table&qid=1670362069&sprefix=dining+table%2Caps%2C70&sr=8-15,https://m.media-amazon.com/images/I/51g-K8WvlBL._AC_UL320_.jpg
Zinus Louis Modern Studio Collection Soho Dining Table with Two Benches (3 piece set) - Espresso,$174.90,https://www.amazon.com/Zinus-Modern-Collection-Benches-Espresso/dp/B075FFDWD3/ref=sr_1_16?crid=1ETD973V81N4Y&keywords=dining+table&qid=1670362069&sprefix=dining+table%2Caps%2C70&sr=8-16,https://m.media-amazon.com/images/I/71+LOPRw9SL._AC_UL320_.jpg
"Amazon Brand – Rivet Clio Solid Mango Dining Table, 30""H, Natural",$493.90,https://www.amazon.com/gp/slredirect/picassoRedirect.html/ref=pa_sp_mtf_aps_sr_pg1_1?ie=UTF8&adId=A055825716YC36G8EH4K8&qualifier=1670362069&id=7686731688461895&widgetName=sp_mtf&url=%2FRivet-CDI-MV1201-Media-Unit%2Fdp%2FB07HSCN53T%2Fref%3Dsr_1_17_sspa%3Fcrid%3D1ETD973V81N4Y%26keywords%3Ddining%2Btable%26qid%3D1670362069%26sprefix%3Ddining%2Btable%252Caps%252C70%26sr%3D8-17-spons%26psc%3D1,https://m.media-amazon.com/images/I/7168d1dHtIL._AC_UL320_.jpg
"Dining Table with Sintered Stone Table Top and Metal Legs, Modern Kitchen Table for Living Room, Dining Room,Home and Office (White Table 55"")",$399.99,https://www.amazon.com/gp/slredirect/picassoRedirect.html/ref=pa_sp_mtf_aps_sr_pg1_1?ie=UTF8&adId=A0202408PE4AUDCN28VY&qualifier=1670362069&id=7686731688461895&widgetName=sp_mtf&url=%2FDining-Sintered-Modern-Kitchen-Living%2Fdp%2FB0B6B66NKM%2Fref%3Dsr_1_18_sspa%3Fcrid%3D1ETD973V81N4Y%26keywords%3Ddining%2Btable%26qid%3D1670362069%26sprefix%3Ddining%2Btable%252Caps%252C70%26sr%3D8-18-spons%26psc%3D1,https://m.media-amazon.com/images/I/91HdoHHpWNL._AC_UL320_.jpg
Inspirer Studio IRIS Extendible Dining Table Pedestal Table MDF High-Gloss White,$619.99,https://www.amazon.com/gp/slredirect/picassoRedirect.html/ref=pa_sp_mtf_aps_sr_pg1_1?ie=UTF8&adId=A03725211D7CJ7R4ORUA5&qualifier=1670362069&id=7686731688461895&widgetName=sp_mtf&url=%2FINSPIRER-STUDIO-Extendible-Pedestal-High-Gloss%2Fdp%2FB07FK5NJDG%2Fref%3Dsr_1_19_sspa%3Fcrid%3D1ETD973V81N4Y%26keywords%3Ddining%2Btable%26qid%3D1670362069%26sprefix%3Ddining%2Btable%252Caps%252C70%26sr%3D8-19-spons%26psc%3D1%26smid%3DA396CTBBMOUECR,https://m.media-amazon.com/images/I/51KFDGwp3ML._AC_UL320_.jpg
"Pasentel Kitchen Island Light, Modern 5-Light Crystal Led Linear Chandeliers, Chrome Pendant Lighting for Dining Room Pool Table, DD001-CH",$159.99,https://www.amazon.com/gp/slredirect/picassoRedirect.html/ref=pa_sp_mtf_aps_sr_pg1_1?ie=UTF8&adId=A083322680QGO4GRBLST&qualifier=1670362069&id=7686731688461895&widgetName=sp_mtf&url=%2FPasentel-Kitchen-Chandeliers-Lighting-DD001-CH%2Fdp%2FB09YNLMV2S%2Fref%3Dsr_1_20_sspa%3Fcrid%3D1ETD973V81N4Y%26keywords%3Ddining%2Btable%26qid%3D1670362069%26sprefix%3Ddining%2Btable%252Caps%252C70%26sr%3D8-20-spons%26psc%3D1,https://m.media-amazon.com/images/I/71S9SRpNBQL._AC_UL320_.jpg
"Folding Dining Table, Drop Leaf Dining Table with 6 Wheels and 2-Layer Storage Shelf, Space Saving Dining Table for Small Spaces, Chestnut and Gray 51.2 inch D x 31.5 inch W x 28.4 inch H",$159.99,https://www.amazon.com/Folding-Dining-2-Layer-Storage-Chestnut/dp/B09D7KL7VK/ref=sr_1_21?crid=1ETD973V81N4Y&keywords=dining+table&qid=1670362069&sprefix=dining+table%2Caps%2C70&sr=8-21,https://m.media-amazon.com/images/I/815J3lMnvWL._AC_UL320_.jpg
"Signature Design by Ashley Grindleburg Farmhouse Reclaimed Wood Dining Table, Seats up to 6, Light Brown",$806.18,https://www.amazon.com/Signature-Design-Ashley-D754-125-Grindleburg/dp/B07G1G8LFP/ref=sr_1_22?crid=1ETD973V81N4Y&keywords=dining+table&qid=1670362069&sprefix=dining+table%2Caps%2C70&sr=8-22,https://m.media-amazon.com/images/I/51FTs+0pxyL._AC_UL320_.jpg
"VECELO 5 Piece Kitchen Table Set for Dining Room,Dinette,Breakfast Nook,Industrial Style, 4, Dark BRN",$184.99,https://www.amazon.com/VECELO-Kitchen-Dinette-Breakfast-Industrial/dp/B09Q62PXN7/ref=sr_1_23?crid=1ETD973V81N4Y&keywords=dining+table&qid=1670362069&sprefix=dining+table%2Caps%2C70&sr=8-23,https://m.media-amazon.com/images/I/61GaAzBpJdL._AC_UL320_.jpg
"Recaceik Dining Table Set, Rectangular Dining Table and Chairs for 4, Modern Wood Bench Dining Room Table Set Kitchen Table Set with Two Benches & Metal Frame for Kitchen, Restaurant (Black)",$159.99,https://www.amazon.com/Recaceik-Rectangular-Kitchen-Benches-Restaurant/dp/B0B5LKH95P/ref=sr_1_24?crid=1ETD973V81N4Y&keywords=dining+table&qid=1670362069&sprefix=dining+table%2Caps%2C70&sr=8-24,https://m.media-amazon.com/images/I/81vL4IoBf9L._AC_UL320_.jpg
"Best Choice Products 6-Piece 55in Modern Dining Set for Home, Kitchen, Dining Room w/Storage Racks, Rectangular Table, Bench, 4 Chairs, Steel Frame - Brown",$299.99,https://www.amazon.com/Best-Choice-Products-6-Piece-Rectangular/dp/B07M9CN28G/ref=sr_1_25?crid=1ETD973V81N4Y&keywords=dining+table&qid=1670362069&sprefix=dining+table%2Caps%2C70&sr=8-25,https://m.media-amazon.com/images/I/81jj9Jc2NnL._AC_UL320_.jpg
"Best Choice Products 5-Piece Kitchen Dining Table Set for Dining Room, Kitchen, Dinette, Compact Space w/Glass Tabletop, 4 Faux Leather Metal Frame Chairs - Black",$269.99,https://www.amazon.com/Best-Choice-Products-Kitchen-Dinette/dp/B01N9JI035/ref=sr_1_26?crid=1ETD973V81N4Y&keywords=dining+table&qid=1670362069&sprefix=dining+table%2Caps%2C70&sr=8-26,https://m.media-amazon.com/images/I/71KHJss7SML._AC_UL320_.jpg
"WeeHom 39"" Dining Table, Kitchen Table Small Desk for Dining Room, Living Room, Home Office",$72.98,https://www.amazon.com/WeeHom-Dining-People-Kitchen-Computer/dp/B08ZS5ZD4P/ref=sr_1_27?crid=1ETD973V81N4Y&keywords=dining+table&qid=1670362069&sprefix=dining+table%2Caps%2C70&sr=8-27,https://m.media-amazon.com/images/I/516J56xmxNL._AC_UL320_.jpg
"Signature Design by Ashley Skempton Cottage Dining Room Table Set with 6 Upholstered Chairs, Whitewash",$688.52,https://www.amazon.com/Signature-Design-Ashley-D394-425-Skempton/dp/B07G1B6RHN/ref=sr_1_28?crid=1ETD973V81N4Y&keywords=dining+table&qid=1670362069&sprefix=dining+table%2Caps%2C70&sr=8-28,https://m.media-amazon.com/images/I/71PUOwCwRAL._AC_UL320_.jpg
ZckyCine Modern mid-Century Dining Table 5-Piece Kitchen Table Set for 4 People Rectangular Solid Wood Dining Table with 4 upholstered Leather Chairs,$476.19,https://www.amazon.com/gp/slredirect/picassoRedirect.html/ref=pa_sp_mtf_aps_sr_pg1_1?ie=UTF8&adId=A00707863BE25K9SFKQSD&qualifier=1670362069&id=7686731688461895&widgetName=sp_mtf&url=%2FZckyCine-mid-Century-5-Piece-Rectangular-upholstered%2Fdp%2FB0BMG96K86%2Fref%3Dsr_1_29_sspa%3Fcrid%3D1ETD973V81N4Y%26keywords%3Ddining%2Btable%26qid%3D1670362069%26sprefix%3Ddining%2Btable%252Caps%252C70%26sr%3D8-29-spons%26psc%3D1,https://m.media-amazon.com/images/I/71kDm8vzbIL._AC_UL320_.jpg
"Zerifevni Dining Table Set for 6, Wood Rectangle Kitchen Table and Leather Chairs (Table, 47.3-Inch)",$215.00,https://www.amazon.com/gp/slredirect/picassoRedirect.html/ref=pa_sp_mtf_aps_sr_pg1_1?ie=UTF8&adId=A09966281EA6C7C6NZ3WN&qualifier=1670362069&id=7686731688461895&widgetName=sp_mtf&url=%2FZerifevni-Rectangle-Kitchen-Leather-47-3-Inch%2Fdp%2FB0BMLR16HY%2Fref%3Dsr_1_30_sspa%3Fcrid%3D1ETD973V81N4Y%26keywords%3Ddining%2Btable%26qid%3D1670362069%26sprefix%3Ddining%2Btable%252Caps%252C70%26sr%3D8-30-spons%26psc%3D1,https://m.media-amazon.com/images/I/51IjUoycMPL._AC_UL320_.jpg
"HIPIHOM Modern Kitchen Dining MDF Table and PU Chairs for 6,7 Pieces Middle Butterfly Extension Leaf Table and Mermaid Dining Chairs for Kitchen, Living Room, Dining Room (Dark Table + 6 White Chairs)","$1,343.09",https://www.amazon.com/gp/slredirect/picassoRedirect.html/ref=pa_sp_mtf_aps_sr_pg1_1?ie=UTF8&adId=A09637203NI1OZGJJRS8I&qualifier=1670362069&id=7686731688461895&widgetName=sp_mtf&url=%2FHIPIHOM-Kitchen-Butterfly-Extension-Mermaid%2Fdp%2FB0BMKYWVBY%2Fref%3Dsr_1_31_sspa%3Fcrid%3D1ETD973V81N4Y%26keywords%3Ddining%2Btable%26qid%3D1670362069%26sprefix%3Ddining%2Btable%252Caps%252C70%26sr%3D8-31-spons%26psc%3D1,https://m.media-amazon.com/images/I/61i9uXh8R4L._AC_UL320_.jpg
Lecut White Rectangle Dining Table Modern Dining Table Leisure Coffee Table with MDF Top and Metal Legs for Home and Kitchen,$155.00,https://www.amazon.com/gp/slredirect/picassoRedirect.html/ref=pa_sp_mtf_aps_sr_pg1_1?ie=UTF8&adId=A10242952UV40IYAYPCUR&qualifier=1670362069&id=7686731688461895&widgetName=sp_mtf&url=%2FRectangle-Dining-Modern-Leisure-Kitchen%2Fdp%2FB09994N8LC%2Fref%3Dsr_1_32_sspa%3Fcrid%3D1ETD973V81N4Y%26keywords%3Ddining%2Btable%26qid%3D1670362069%26sprefix%3Ddining%2Btable%252Caps%252C70%26sr%3D8-32-spons%26psc%3D1,https://m.media-amazon.com/images/I/514X1xladhL._AC_UL320_.jpg
Panana Modern Dining Table 47 Inch Kitchen Table with Solid Wood Leg Oak Finish Dinner Table Dining Room Home Furniture Natural,$149.99,https://www.amazon.com/Panana-Modern-Kitchen-Furniture-Natural/dp/B09K3Q3XS5/ref=sr_1_33?crid=1ETD973V81N4Y&keywords=dining+table&qid=1670362069&sprefix=dining+table%2Caps%2C70&sr=8-33,https://m.media-amazon.com/images/I/51yz+53rmmL._AC_UL320_.jpg
"Bonzy Home Dining Table Set for 4, Kitchen Table Set with 2 Benches, Space Saving Dining Room Table, 43”Kitchen & Dining Room Table Modern Style Wood Table Top with Metal Frame",$129.99,https://www.amazon.com/Bonzy-Home-Dining-Kitchen-Benches/dp/B09VBP1G2R/ref=sr_1_34?crid=1ETD973V81N4Y&keywords=dining+table&qid=1670362069&sprefix=dining+table%2Caps%2C70&sr=8-34,https://m.media-amazon.com/images/I/9146vUvnhFL._AC_UL320_.jpg
"SHA CERLIN 3-Piece Dining Table Set with 2 Benches, Rustic Kitchen Table Set for 4-6, Space-Saving Dinette, Sturdy Structure, Easy Assemble, Black/Grey",$119.99,https://www.amazon.com/SHA-CERLIN-3-Piece-Benches-Assembly/dp/B08XNJQZSQ/ref=sr_1_35?crid=1ETD973V81N4Y&keywords=dining+table&qid=1670362069&sprefix=dining+table%2Caps%2C70&sr=8-35,https://m.media-amazon.com/images/I/71marLKK0nL._AC_UL320_.jpg
"Homelegance 6-Piece Pack Dinette Set, Gray",$604.26,https://www.amazon.com/Homelegance-Holders-6-Piece-Pack-Dinette/dp/B07P3D2BN5/ref=sr_1_36?crid=1ETD973V81N4Y&keywords=dining+table&qid=1670362069&sprefix=dining+table%2Caps%2C70&sr=8-36,https://m.media-amazon.com/images/I/51kGkvByniL._AC_UL320_.jpg
Dining Table Kitchen Table Dining Room Table Small Kitchen Table for Small Spaces Table Dinner Table Home Furniture Rectangular Modern,$68.99,https://www.amazon.com/Dining-Table-Kitchen-Furniture-Rectangular/dp/B086W968QY/ref=sr_1_37?crid=1ETD973V81N4Y&keywords=dining+table&qid=1670362069&sprefix=dining+table%2Caps%2C70&sr=8-37,https://m.media-amazon.com/images/I/617DRX6NyJL._AC_UL320_.jpg
"Best Choice Products 5-Piece Dining Set, Compact Mid-Century Modern Table & Chair Set for Home, Apartment w/ 4 Chairs, Padded Seats & Backrests, Wooden Frame - Brown/White",$349.99,https://www.amazon.com/Best-Choice-Products-Mid-Century-Apartment/dp/B0BJH79V9J/ref=sr_1_38?crid=1ETD973V81N4Y&keywords=dining+table&qid=1670362069&sprefix=dining+table%2Caps%2C70&sr=8-38,https://m.media-amazon.com/images/I/71ZaaiJXiwL._AC_UL320_.jpg
"5 Piece Dining Table Set, Dining Chairs Set of 4, Modern Kitchen Table Set Top with Slate Stone, Metal Base & Legs, Dining Room Table and Leather Chairs (Brown,1 Table with 4 Chairs)",$658.00,https://www.amazon.com/Dining-Chairs-Modern-Kitchen-Leather/dp/B0B525TX5F/ref=sr_1_39?crid=1ETD973V81N4Y&keywords=dining+table&qid=1670362069&sprefix=dining+table%2Caps%2C70&sr=8-39,https://m.media-amazon.com/images/I/71mVGtTY-hL._AC_UL320_.jpg
"Gizoon Kitchen Table and 2 Chairs for 4 with Bench, 4 Piece Dining Table Set for Small Space, Apartment (Grey)",$149.99,https://www.amazon.com/Gizoon-Kitchen-Chairs-Dining-Apartment/dp/B0BNKZBCGG/ref=sr_1_40?crid=1ETD973V81N4Y&keywords=dining+table&qid=1670362069&sprefix=dining+table%2Caps%2C70&sr=8-40,https://m.media-amazon.com/images/I/71yJk1UgFML._AC_UL320_.jpg
"SOSPIRO 72 inch Wood Dining Table for 6 to 8, Industrial Farmhouse Kitchen Table with Steel Legs Metal Frame, Rustic Rectangular Kitchen & Dining Room Table for Home Furniture, Grey",$299.99,https://www.amazon.com/Table-Industrial-Farmhouse-Kitchen-Rectangular/dp/B0BLVPMVBY/ref=sr_1_41?crid=1ETD973V81N4Y&keywords=dining+table&qid=1670362069&sprefix=dining+table%2Caps%2C70&sr=8-41,https://m.media-amazon.com/images/I/71oyx-Zr3vL._AC_UL320_.jpg
"Walker Edison Andre Modern Solid Wood Dining Table, 72 Inch, Mahogany",$355.42,https://www.amazon.com/WE-Furniture-AZW72DSWMA-Dining-Mahogany/dp/B07G62YLVS/ref=sr_1_42?crid=1ETD973V81N4Y&keywords=dining+table&qid=1670362069&sprefix=dining+table%2Caps%2C70&sr=8-42,https://m.media-amazon.com/images/I/516FfMnoh1L._AC_UL320_.jpg
Panana Dining Table Heavy Duty Wood Kitchen Table for 4 Industrial Style Top with Sew Kerf Finish Metal Frame Dining Room 47 Inch Rustic Brown,$105.99,https://www.amazon.com/Panana-Dining-Kitchen-Industrial-Finish/dp/B09K36KYTC/ref=sr_1_43?crid=1ETD973V81N4Y&keywords=dining+table&qid=1670362069&sprefix=dining+table%2Caps%2C70&sr=8-43,https://m.media-amazon.com/images/I/51HQhK4DrFL._AC_UL320_.jpg
"Versanora Minimalista Dining Tables, Clear",$183.99,https://www.amazon.com/Versanora-VNF-00026-Minimalista-Dining-Tables/dp/B0711YBGTY/ref=sr_1_44?crid=1ETD973V81N4Y&keywords=dining+table&qid=1670362069&sprefix=dining+table%2Caps%2C70&sr=8-44,https://m.media-amazon.com/images/I/71eJ0Y405bL._AC_UL320_.jpg
"Christopher Knight Home Carlisle Outdoor Dining Table with Iron Legs, Sandblast Finish / Rustic Metal",$252.53,https://www.amazon.com/Carlie-Outdoor-Sandblast-Finished-Dining/dp/B07CGK4T8R/ref=sr_1_45?crid=1ETD973V81N4Y&keywords=dining+table&qid=1670362069&sprefix=dining+table%2Caps%2C70&sr=8-45,https://m.media-amazon.com/images/I/81gimjdeHIL._AC_UL320_.jpg
"HOMY CASA 47.2'' Kitchen Dining Table White Dinner Table for 4-6P, Modern Mid-Century Leisure Coffee Table with Wood Legs for Small Spaces Dining Room, ONLY Table Included",$135.99,https://www.amazon.com/HOMY-CASA-Kitchen-Mid-Century-Included/dp/B0B45VNKTG/ref=sr_1_46?crid=1ETD973V81N4Y&keywords=dining+table&qid=1670362069&sprefix=dining+table%2Caps%2C70&sr=8-46,https://m.media-amazon.com/images/I/81tbYmIjV7L._AC_UL320_.jpg
"Walker Edison 6 Person Mid Century Modern Wood Hairpin Rectangle Dining Room Kitchen Table Set Dining Chairs, 60 Inch, Brown",$279.00,https://www.amazon.com/Walker-Edison-Century-Hairpin-Rectangle/dp/B01IEIX8IU/ref=sr_1_47?crid=1ETD973V81N4Y&keywords=dining+table&qid=1670362069&sprefix=dining+table%2Caps%2C70&sr=8-47,https://m.media-amazon.com/images/I/41U009QDzhL._AC_UL320_.jpg
4 Piece Kitchen Table Set for Lounge Home Furniture Rectangular Modern Casual Table Set Dining Table Set Table and Chair Set，Black,$138.38,https://www.amazon.com/Table-Furniture-Rectangular-Chair-Set%EF%BC%8CBlack/dp/B0BCFZ9SF8/ref=sr_1_48?crid=1ETD973V81N4Y&keywords=dining+table&qid=1670362069&sprefix=dining+table%2Caps%2C70&sr=8-48,https://m.media-amazon.com/images/I/613P1yCYobL._AC_UL320_.jpg
"VASAGLE Dining Table Set for 4, Kitchen Table with Bench, Dining Room Table of 43.3 X 27.6 X 29.5 Inches, Bench of 38.2 X 11.8 X 19.7 Inches Each, Industrial Design, Rustic Brown and Black UKDT070B01",$169.99,https://www.amazon.com/VASAGLE-Benches-Kitchen-Industrial-UKDT070B01/dp/B088RG3CZC/ref=sr_1_49?crid=1ETD973V81N4Y&keywords=dining+table&qid=1670362069&sprefix=dining+table%2Caps%2C70&sr=8-49,https://m.media-amazon.com/images/I/81ZMtDunn3L._AC_UL320_.jpg
"Signature Design by Ashley Bennox Dining Room Set, Includes Table, 4 Chairs & Bench, Brown",$599.99,https://www.amazon.com/Ashley-Furniture-Signature-Design-Bennox/dp/B071KLYPKV/ref=sr_1_50?crid=1ETD973V81N4Y&keywords=dining+table&qid=1670362069&sprefix=dining+table%2Caps%2C70&sr=8-50,https://m.media-amazon.com/images/I/71NaAtwN+AL._AC_UL320_.jpg
"VINGLI 3 Piece Dining Set,Small Kitchen Table Set for 2,Breakfast Table Set for 2,Kitchen Wooden Table and 2 Chairs for Small Space/Dining Room/Apartment,Metal Frame,Wine Rack,Rustic",$69.99,https://www.amazon.com/VINGLI-Dining-Kitchen-Breakfast-Apartment/dp/B0BHNVR43P/ref=sr_1_51?crid=1ETD973V81N4Y&keywords=dining+table&qid=1670362069&sprefix=dining+table%2Caps%2C70&sr=8-51,https://m.media-amazon.com/images/I/61-Kx4LL6fL._AC_UL320_.jpg
"IMUsee 3-Piece Dining Table Set for 4-6,Modern Rustic Kitchen Table with Metal Frame and Wood Board,Kitchen & Dining Room Table Set with Benches,Space-Saving Dinette for Small Space,Black&Walnut",$179.99,https://www.amazon.com/IMUsee-Industrial-Structure-Space-Saving-Furniture/dp/B097T8DWNH/ref=sr_1_52?crid=1ETD973V81N4Y&keywords=dining+table&qid=1670362069&sprefix=dining+table%2Caps%2C70&sr=8-52,https://m.media-amazon.com/images/I/71HnAGA-LSL._AC_UL320_.jpg
VANSPACE Folding Dining Table Drop Leaf Table for Small Spaces with Storage Racks Multifunction Space Saving Table Extension Dinner Table for Kitchen Bedroom Dining Room,$129.99,https://www.amazon.com/VANSPACE-Folding-Storage-Multifunction-Extension/dp/B0BHNNJZVH/ref=sr_1_53?crid=1ETD973V81N4Y&keywords=dining+table&qid=1670362069&sprefix=dining+table%2Caps%2C70&sr=8-53,https://m.media-amazon.com/images/I/711Gf7bD5TL._AC_UL320_.jpg
"Livinia Canberra 47.2"" Rectangular Wooden Dining Table/Mid Century Modern Malaysian Oak Kitchen Table (Walnut)",$197.50,https://www.amazon.com/Hardwood-Century-Rectangular-4-Person-Canberra/dp/B07S4F9XH8/ref=sr_1_54?crid=1ETD973V81N4Y&keywords=dining+table&qid=1670362069&sprefix=dining+table%2Caps%2C70&sr=8-54,https://m.media-amazon.com/images/I/81nuVLOZwRL._AC_UL320_.jpg
"ZckyCine Modern Mid-Century Dining Table Set for 6-8 People Kitchen Dining Room Table Set Extendable Solid Wood Dining Table and 4 Upholstered Chairs, Home Kitchen Furniture (Table + 6 Beige Chairs)","$1,029.09",https://www.amazon.com/ZckyCine-Mid-Century-Extendable-Upholstered-Furniture/dp/B0BMXCZFM3/ref=sr_1_55?crid=1ETD973V81N4Y&keywords=dining+table&qid=1670362069&sprefix=dining+table%2Caps%2C70&sr=8-55,https://m.media-amazon.com/images/I/71NUysr9VQL._AC_UL320_.jpg
"Homy Casa 47.2'' Dinner Table Oval Round Kitchen Dining Table Mid-Century Modern Coffee Tea Dinning Living Table for Small Spaces, Conference Table for 4-6P, White",$149.99,https://www.amazon.com/Dinner-Kitchen-Mid-Century-Dinning-Conference/dp/B0B42R53HB/ref=sr_1_56?crid=1ETD973V81N4Y&keywords=dining+table&qid=1670362069&sprefix=dining+table%2Caps%2C70&sr=8-56,https://m.media-amazon.com/images/I/61aP3wzrLOL._AC_UL320_.jpg
"AWQM 5 Piece Dining Table Set for 4,Faux Marble Kitchen Table and Chairs for 4, Modern Dining Room Table Set with PU Leather Chairs, Dinette for Small Spaces,Breakfast Nook,Living Room, White",$285.99,https://www.amazon.com/AWQM-Kitchen-Leather-Dinette-Breakfast/dp/B09ST46BTM/ref=sr_1_57?crid=1ETD973V81N4Y&keywords=dining+table&qid=1670362069&sprefix=dining+table%2Caps%2C70&sr=8-57,https://m.media-amazon.com/images/I/61vaBIRQlML._AC_UL320_.jpg
"Amazon Brand – Rivet Noah Round Modern Ash Dining Table, 35.4""W, White",$204.60,https://www.amazon.com/gp/slredirect/picassoRedirect.html/ref=pa_sp_btf_aps_sr_pg1_1?ie=UTF8&adId=A0975343AU5GBZYLR2UT&qualifier=1670362069&id=7686731688461895&widgetName=sp_btf&url=%2FAmazon-Brand-Rivet-Modern-Dining%2Fdp%2FB0853Q3Z93%2Fref%3Dsr_1_58_sspa%3Fcrid%3D1ETD973V81N4Y%26keywords%3Ddining%2Btable%26qid%3D1670362069%26sprefix%3Ddining%2Btable%252Caps%252C70%26sr%3D8-58-spons%26psc%3D1,https://m.media-amazon.com/images/I/71U6CLwa0sS._AC_UL320_.jpg
"Zerifevni Dining Table Set for 6, MDF Tabletop Stretchable Space-Saving, Include Table and 6 Chairs (Dark Table)",$575.00,https://www.amazon.com/gp/slredirect/picassoRedirect.html/ref=pa_sp_btf_aps_sr_pg1_1?ie=UTF8&adId=A09967281B1J5RAW8GR56&qualifier=1670362069&id=7686731688461895&widgetName=sp_btf&url=%2FZerifevni-Tabletop-Stretchable-Space-Saving-Include%2Fdp%2FB0BL6H274C%2Fref%3Dsr_1_59_sspa%3Fcrid%3D1ETD973V81N4Y%26keywords%3Ddining%2Btable%26qid%3D1670362069%26sprefix%3Ddining%2Btable%252Caps%252C70%26sr%3D8-59-spons%26psc%3D1,https://m.media-amazon.com/images/I/61IC9iZpq7L._AC_UL320_.jpg
"Lamerge Kitchen Tables Set for 4, Dining Faux Marble Top Table and 4 PU Leather Chairs, 5 Pieces Dining Room Table Set for Small Space, Breakfast Nook and Apartment,White+Beige,Dining Table024",$278.99,https://www.amazon.com/gp/slredirect/picassoRedirect.html/ref=pa_sp_btf_aps_sr_pg1_1?ie=UTF8&adId=A0023683WH4TKPK4GWKF&qualifier=1670362069&id=7686731688461895&widgetName=sp_btf&url=%2FLamerge-Dining-Breakfast-Apartment-Table024%2Fdp%2FB09WVJB8K2%2Fref%3Dsr_1_60_sspa%3Fcrid%3D1ETD973V81N4Y%26keywords%3Ddining%2Btable%26qid%3D1670362069%26sprefix%3Ddining%2Btable%252Caps%252C70%26sr%3D8-60-spons%26psc%3D1,https://m.media-amazon.com/images/I/713ADytyQnL._AC_UL320_.jpg
