item_name,price,link_to_item,link_to_item_image
"2 in 1 RC Boat for Kids, 2.4G Crocodile Remote Control Boat for Pools and Lakes Pond Garden Mini Yellow Speed Electric Floating Toys Boat with Disassembled Simulation Crocodile Head Spoof Toy for Boy",$29.99,https://www.amazon.com/gp/slredirect/picassoRedirect.html/ref=pa_sp_atf_aps_sr_pg1_1?ie=UTF8&adId=A00786621Q4DTU2G82CXV&qualifier=1670361947&id=2758764051909199&widgetName=sp_atf&url=%2FCrocodile-Electric-Floating-Disassembled-Simulation%2Fdp%2FB08Z2VN8TB%2Fref%3Dsr_1_1_sspa%3Fcrid%3D1ETD973V81N4Y%26keywords%3Dboat%26qid%3D1670361947%26sprefix%3Dboat%252Caps%252C70%26sr%3D8-1-spons%26psc%3D1%26smid%3DANDXGX4ONE030,https://m.media-amazon.com/images/I/71eiSxcCgMS._AC_UL320_.jpg
Intex Excursion Inflatable Boat Series,$122.86,https://www.amazon.com/Intex-Excursion-5-Person-Inflatable-Aluminum/dp/B00CMBJ1VE/ref=sr_1_2?crid=1ETD973V81N4Y&keywords=boat&qid=1670361947&sprefix=boat%2Caps%2C70&sr=8-2,https://m.media-amazon.com/images/I/815SOHn3nhL._AC_UL320_.jpg
Intex Explorer Inflatable Boat Series,$12.99,https://www.amazon.com/Intex-Explorer-2-Person-Inflatable-Boat/dp/B000RZFBKW/ref=sr_1_3?crid=1ETD973V81N4Y&keywords=boat&qid=1670361947&sprefix=boat%2Caps%2C70&sr=8-3,https://m.media-amazon.com/images/I/61Pq3n2ZCSL._AC_UL320_.jpg
Kurt S. Adler Pontoon Boat Christmas Tree Ornament A0581,$12.99,https://www.amazon.com/Kurt-Adler-Pontoon-Christmas-Ornament/dp/B003WNFTAS/ref=sr_1_4?crid=1ETD973V81N4Y&keywords=boat&qid=1670361947&sprefix=boat%2Caps%2C70&sr=8-4,https://m.media-amazon.com/images/I/511LMilDMpL._AC_UL320_.jpg
Intex Seahawk Inflatable Boat Series,$61.25,https://www.amazon.com/Intex-Seahawk-2-Person-Inflatable-French/dp/B006IXB73C/ref=sr_1_5?crid=1ETD973V81N4Y&keywords=boat&qid=1670361947&sprefix=boat%2Caps%2C70&sr=8-5,https://m.media-amazon.com/images/I/71EWAkUBeWL._AC_UL320_.jpg
"Pelican - Boat Intruder 12 - Jon Fishing Boat - 12 ft. - Great for Hunting/Fishing, Khaki/Beige","$1,160.43",https://www.amazon.com/Pelican-Intruder-Fishing-Great-Hunting/dp/B07YNHZMYF/ref=sr_1_6?crid=1ETD973V81N4Y&keywords=boat&qid=1670361947&sprefix=boat%2Caps%2C70&sr=8-6,https://m.media-amazon.com/images/I/612z4fXgSCL._AC_UL320_.jpg
Intex Challenger Inflatable Boat Series,$44.08,https://www.amazon.com/Intex-Challenger-2-Person-Inflatable-French/dp/B000Y22BBA/ref=sr_1_7?crid=1ETD973V81N4Y&keywords=boat&qid=1670361947&sprefix=boat%2Caps%2C70&sr=8-7,https://m.media-amazon.com/images/I/71iLHfq8yPL._AC_UL320_.jpg
"ArtCreativity 10 Inch Pirate Boat, Detailed Pirate Ship Playset with 2 Action Figures & Tree, Play Toy for Kids, Fun Pirate Party Favor and Prize, Excellent Gift for Boys & Girls Ages 3+",$14.38,https://www.amazon.com/ArtCreativity-Pirate-Detailed-Playset-Excellent/dp/B07DLB6KXF/ref=sr_1_8?crid=1ETD973V81N4Y&keywords=boat&qid=1670361947&sprefix=boat%2Caps%2C70&sr=8-8,https://m.media-amazon.com/images/I/71YDjJ08sxL._AC_UL320_.jpg
"RC Boat with Case- AlphaRev R308 20+ MPH Fast Remote Control Boat for Pools and Lakes, 2.4 GHZ RC Boats for Adults and Kids with Rechargeable Battery",$79.99,https://www.amazon.com/Case-AlphaRev-Remote-Control-Adults/dp/B099374789/ref=sr_1_9?crid=1ETD973V81N4Y&keywords=boat&qid=1670361947&sprefix=boat%2Caps%2C70&sr=8-9,https://m.media-amazon.com/images/I/81H6Np4ydFL._AC_UL320_.jpg
"HAIBOXING X03 RC Boat 20+ MPH Remote Control Boat for Pool and Lake, 2.4 GHz RC Jet Boat Electric Powered Toy Boat RC Boats for Kids 8-12 and Adults (Orange)",$56.40,https://www.amazon.com/HAIBOXING-X03-Control-Electric-Powered/dp/B0B1MG7DV4/ref=sr_1_11?crid=1ETD973V81N4Y&keywords=boat&qid=1670361947&sprefix=boat%2Caps%2C70&sr=8-11,https://m.media-amazon.com/images/I/71ZQxNV69lL._AC_UL320_.jpg
Amarine Made 1100gph 12v Boat Marine Plumbing Electric Bilge Pumps (1100gph 12v),$16.99,https://www.amazon.com/Amarine-Made-1100gph-Plumbing-Electric/dp/B00N6HDRLS/ref=sr_1_12?crid=1ETD973V81N4Y&keywords=boat&qid=1670361947&sprefix=boat%2Caps%2C70&sr=8-12,https://m.media-amazon.com/images/I/41syr4cJTeL._AC_UL320_.jpg
"Jet-Propelled RC Boat w/ LED Light for Kids and Adults, Self Righting Remote Control Boat for Pools and Lakes, 20+ mph, 2.4 GHz High Speed Remote Control Toy, Pool Toys for Kids",$54.95,https://www.amazon.com/gp/slredirect/picassoRedirect.html/ref=pa_sp_mtf_aps_sr_pg1_1?ie=UTF8&adId=A0654049QAXLLD7WN60I&qualifier=1670361947&id=2758764051909199&widgetName=sp_mtf&url=%2FJet-Propelled-Adults-Righting-Remote-Control%2Fdp%2FB09XHQVRYC%2Fref%3Dsr_1_13_sspa%3Fcrid%3D1ETD973V81N4Y%26keywords%3Dboat%26qid%3D1670361947%26sprefix%3Dboat%252Caps%252C70%26sr%3D8-13-spons%26psc%3D1,https://m.media-amazon.com/images/I/71YjH60SNIL._AC_UL320_.jpg
"RC Boat- ALPHAREV R608 Brushless Remote Control Boat for Adults and Kids, 35+KMH Fast RC Boat with Rechargeable Battery for Lakes and Sea",$79.99,https://www.amazon.com/ALPHAREV-Brushless-Control-Rechargeable-Batteries/dp/B09KV16RVR/ref=sr_1_14?crid=1ETD973V81N4Y&keywords=boat&qid=1670361947&sprefix=boat%2Caps%2C70&sr=8-14,https://m.media-amazon.com/images/I/91v5gRiGnxL._AC_UL320_.jpg
Pelican - Bass Raider 10E Angler Fishing Boat - 10.2 ft,"$1,999.00",https://www.amazon.com/Pelican-Raider-Person-Fishing-Prewired/dp/B07YNHLR4Y/ref=sr_1_15?crid=1ETD973V81N4Y&keywords=boat&qid=1670361947&sprefix=boat%2Caps%2C70&sr=8-15,https://m.media-amazon.com/images/I/71v6TUuP2tL._AC_UL320_.jpg
Green Toys Tug Boat Red - CB2,$8.88,https://www.amazon.com/Green-Toys-Tug-Boat-Red/dp/B09XX3P546/ref=sr_1_16?crid=1ETD973V81N4Y&keywords=boat&qid=1670361947&sprefix=boat%2Caps%2C70&sr=8-16,https://m.media-amazon.com/images/I/71PHTQvTvPL._AC_UL320_.jpg
"Force1 Velocity H102 RC Boat - Remote Control Boat for Pools and Lakes, Fast RC Boats for Adults and Kids with 20+ mph Speed, 4 Channel 2.4GHZ Remote Control, and Rechargeable Boat Battery (Blue)",$44.00,https://www.amazon.com/Remote-Control-Boat-Pools-Lakes/dp/B073WJGD8V/ref=sr_1_17?crid=1ETD973V81N4Y&keywords=boat&qid=1670361947&sprefix=boat%2Caps%2C70&sr=8-17,https://m.media-amazon.com/images/I/81RC3QNxi7L._AC_UL320_.jpg
RC Boat - Remote Control Boat for Kids and Adults – 20 MPH Speed – Durable Structure – Innovative Features – Incredible Waves – Pool or Lake - 4 Channel Racing – 2.4 GHz Remote Control - H102 Model,$31.99,https://www.amazon.com/RC-Boat-Structure-Innovative-Incredible/dp/B07Q6ZT254/ref=sr_1_18?crid=1ETD973V81N4Y&keywords=boat&qid=1670361947&sprefix=boat%2Caps%2C70&sr=8-18,https://m.media-amazon.com/images/I/71Istxos9mS._AC_UL320_.jpg
"SZJJX 2 in 1 RC Boat, Remote Control Boats for Pools and Lakes Pond Garden, 15km/H 2.4G Mini Speed Racing Boat with Disassembled Simulation Crocodile Head Spoof Toy",$19.99,https://www.amazon.com/SZJJX-Control-Disassembled-Simulation-Crocodile/dp/B09SQ6WBDH/ref=sr_1_19?crid=1ETD973V81N4Y&keywords=boat&qid=1670361947&sprefix=boat%2Caps%2C70&sr=8-19,https://m.media-amazon.com/images/I/71o5LcSOIML._AC_UL320_.jpg
Funko Pop! Ride Super Deluxe: Marvel's Thor: Love and Thunder - The Goat Boat,$19.99,https://www.amazon.com/Funko-Pop-Ride-Super-Deluxe/dp/B09MSLDBJX/ref=sr_1_20?crid=1ETD973V81N4Y&keywords=boat&qid=1670361947&sprefix=boat%2Caps%2C70&sr=8-20,https://m.media-amazon.com/images/I/71VFoJjpp3L._AC_UL320_.jpg
Dockers Men's Beacon Boat Shoe,$59.95,https://www.amazon.com/Dockers-Mens-Beacon-Shoe-Dark/dp/B07DY7384J/ref=sr_1_21?crid=1ETD973V81N4Y&keywords=boat&qid=1670361947&sprefix=boat%2Caps%2C70&sr=8-21,https://m.media-amazon.com/images/I/81YKg11PgiL._AC_UL320_.jpg
VOLANTEXRC Remote Control Boats for Pools and Lakes 20+MPH Atomic XS High Speed RC Boat for Kids or Adults Toy Gifts Remote Controlled Boat with 2 Batteries & Reverse Function (795-5 Black),$46.99,https://www.amazon.com/gp/slredirect/picassoRedirect.html/ref=pa_sp_mtf_aps_sr_pg1_1?ie=UTF8&adId=A088190232842Z68EK83W&qualifier=1670361947&id=2758764051909199&widgetName=sp_mtf&url=%2FVOLANTEXRC-Control-Controlled-Batteries-Function%2Fdp%2FB09LRY7N87%2Fref%3Dsr_1_22_sspa%3Fcrid%3D1ETD973V81N4Y%26keywords%3Dboat%26qid%3D1670361947%26sprefix%3Dboat%252Caps%252C70%26sr%3D8-22-spons%26psc%3D1,https://m.media-amazon.com/images/I/71JD4Ga6ntL._AC_UL320_.jpg
"IOKUKI 2.4Ghz RC Boat- 20 mph High Speed Remote Control Boat for Kids & Adults for Lakes & Pools / 2 Rechargeable Batteries, Low Battery Alarm, Out of Range Prompt, Capsize Recovery (RED)",$49.99,https://www.amazon.com/gp/slredirect/picassoRedirect.html/ref=pa_sp_mtf_aps_sr_pg1_1?ie=UTF8&adId=A02739032299CY6XTN3ZZ&qualifier=1670361947&id=2758764051909199&widgetName=sp_mtf&url=%2FIOKUKI-Control-Rechargeable-Batteries-Recovery%2Fdp%2FB08RYRS797%2Fref%3Dsr_1_23_sspa%3Fcrid%3D1ETD973V81N4Y%26keywords%3Dboat%26qid%3D1670361947%26sprefix%3Dboat%252Caps%252C70%26sr%3D8-23-spons%26psc%3D1,https://m.media-amazon.com/images/I/81gBSQFuBKL._AC_UL320_.jpg
"DEERC Brushless RC Boat, 30+ mph Fast Remote Control Boats with Never Capsize&Low Battery Alarm Function, 2.4GHz Racing Boat with LED Lights for Seas, Pools&Lakes, Speed Boat Toy for Adults Boys&Girls",$99.99,https://www.amazon.com/gp/slredirect/picassoRedirect.html/ref=pa_sp_mtf_aps_sr_pg1_1?ie=UTF8&adId=A06011492VO8JNYAIH4HZ&qualifier=1670361947&id=2758764051909199&widgetName=sp_mtf&url=%2FDEERC-Brushless-Control-Capsize-Function%2Fdp%2FB09V7WLDT4%2Fref%3Dsr_1_24_sspa%3Fcrid%3D1ETD973V81N4Y%26keywords%3Dboat%26qid%3D1670361947%26sprefix%3Dboat%252Caps%252C70%26sr%3D8-24-spons%26psc%3D1,https://m.media-amazon.com/images/I/71feEFlBeUL._AC_UL320_.jpg
Boat Cleaner Wipes with UV Protection Boat Vinyl Cleaner and Protectant Car Leather Marine Boat Seat Cleaner Dashboard & Console Boat Cleaning Supplies Interior and Exterior Clean & Wash Products,$23.99,https://www.amazon.com/gp/slredirect/picassoRedirect.html/ref=pa_sp_mtf_aps_sr_pg1_1?ie=UTF8&adId=A09288963A0MDQHC6QFFX&qualifier=1670361947&id=2758764051909199&widgetName=sp_mtf&url=%2FBetter-Boat-Cleaner-Marine-Protectant%2Fdp%2FB08G5867T5%2Fref%3Dsr_1_25_sspa%3Fcrid%3D1ETD973V81N4Y%26keywords%3Dboat%26qid%3D1670361947%26sprefix%3Dboat%252Caps%252C70%26sr%3D8-25-spons%26psc%3D1,https://m.media-amazon.com/images/I/61gj6IL300L._AC_UL320_.jpg
"SYII American US Boat Flag 12x18 Inch Made in USA, Embroidery 50 Stars Ensign Nautical U.S.A Flags with 2 Brass Grommets, Heavy Duty Nylon Outdoor Banner for Yacht",$10.95,https://www.amazon.com/American-Embroidered-Grommets-Motorcycle-Nautical/dp/B09H6JWPWX/ref=sr_1_26?crid=1ETD973V81N4Y&keywords=boat&qid=1670361947&sprefix=boat%2Caps%2C70&sr=8-26,https://m.media-amazon.com/images/I/71B4Ess5d5L._AC_UL320_.jpg
INNOCEDEAR 2 Pack Premium Navy Blue Dock Lines - 15' / 25'/35' with Eyelet.Double Braided Nylon Dock Line/Mooring Lines.Hi-Performance Marine Boats Ropes,$18.98,https://www.amazon.com/INNOCEDEAR-Pack-Premium-Lines-Lines-Hi-Performance/dp/B08B67LLL6/ref=sr_1_27?crid=1ETD973V81N4Y&keywords=boat&qid=1670361947&sprefix=boat%2Caps%2C70&sr=8-27,https://m.media-amazon.com/images/I/710KvOzhIYL._AC_UL320_.jpg
"Dreizack Boat Fenders 4 Pack 6.5""*23"" Boat Bumpers for Docking with 4 Rope, Inflatable Ribbed Marine Boat Fender Bumper Pontoon Boat Bumpers Marina Protector with Needles and Pump Use for Yacht Etc",$69.99,https://www.amazon.com/Dreizack-Fenders-Thickened-Material-Perfectly/dp/B09LHBD3CB/ref=sr_1_28?crid=1ETD973V81N4Y&keywords=boat&qid=1670361947&sprefix=boat%2Caps%2C70&sr=8-28,https://m.media-amazon.com/images/I/71O3kYcgmgL._AC_UL320_.jpg
Ironwood Pacific Top-Snapper Tool for Boat Canvas Snaps,$16.99,https://www.amazon.com/Ironwood-Pacific-Top-Snapper-Canvas-Stainless/dp/B00GHU5PXO/ref=sr_1_29?crid=1ETD973V81N4Y&keywords=boat&qid=1670361947&sprefix=boat%2Caps%2C70&sr=8-29,https://m.media-amazon.com/images/I/71ajHo6pF8L._AC_UL320_.jpg
"Universal Boat Flag Marine 12""x18"" with 4 Boat Flag Pole Kits USA Flag with 50 Embroidered Stars American Boat Flag",$18.99,https://www.amazon.com/Universal-Marine-Embroidered-Stars-American/dp/B08FRDZG2K/ref=sr_1_30?crid=1ETD973V81N4Y&keywords=boat&qid=1670361947&sprefix=boat%2Caps%2C70&sr=8-30,https://m.media-amazon.com/images/I/71LmSHcbkPL._AC_UL320_.jpg
"Affordura Boat Tow Harness for Tubing Ski Tow Harness for Boat for 4 Riders, Tube Tow Harness with Large Clip, Quick Connector and Storage Bag",$29.99,https://www.amazon.com/Affordura-Harness-Tubing-Connector-Storage/dp/B09P1J2B15/ref=sr_1_31?crid=1ETD973V81N4Y&keywords=boat&qid=1670361947&sprefix=boat%2Caps%2C70&sr=8-31,https://m.media-amazon.com/images/I/71Tvjr3UazL._AC_UL320_.jpg
"Gersoniel 2 Packs Portable Boat Trash Bags Medium Hoop Mesh Trash Bags Boats Trash Container Boat Garbage Container for Boat Kayak Camper Fishing Cabin Storage Men Women Adults (Black, White)",$16.99,https://www.amazon.com/Gersoniel-Portable-Container-Garbage-Fishing/dp/B0B31WF86Q/ref=sr_1_32?crid=1ETD973V81N4Y&keywords=boat&qid=1670361947&sprefix=boat%2Caps%2C70&sr=8-32,https://m.media-amazon.com/images/I/71sbvQasl1L._AC_UL320_.jpg
"Green Toys Ferry Boat with Mini Cars Bathtub Toy, Blue/White, Standard",$13.60,https://www.amazon.com/Green-Toys-Ferry-Bathtub-White/dp/B00BN6QAVI/ref=sr_1_33?crid=1ETD973V81N4Y&keywords=boat&qid=1670361947&sprefix=boat%2Caps%2C70&sr=8-33,https://m.media-amazon.com/images/I/81DDXxhhglL._AC_UL320_.jpg
"Boat Cover Support Pole Adjustable Height from 12"" to 54""，Boat Cover Support System with Reinforced Plastic Pipe 2 Pack",$25.99,https://www.amazon.com/Support-Adjustable-Height-Reinforced-Plastic/dp/B09MN8ZDG5/ref=sr_1_34?crid=1ETD973V81N4Y&keywords=boat&qid=1670361947&sprefix=boat%2Caps%2C70&sr=8-34,https://m.media-amazon.com/images/I/31jnMFlStBL._AC_UL320_.jpg
The Boat,$2.99,https://www.amazon.com/Boat-Joe-Azzopardi/dp/B0B8MQRPQ8/ref=sr_1_35?crid=1ETD973V81N4Y&keywords=boat&qid=1670361947&sprefix=boat%2Caps%2C70&sr=8-35,https://m.media-amazon.com/images/I/71NcTdma6tL._AC_UL320_.jpg
Sebnux Stainless Steel Boat Fender Clip Boat Fender Quick Release Clip Boat Bumper for Docking Ideal for Boat Docking,$45.99,https://www.amazon.com/Sebnux-Stainless-Fender-Release-Docking/dp/B09SPWVH42/ref=sr_1_36?crid=1ETD973V81N4Y&keywords=boat&qid=1670361947&sprefix=boat%2Caps%2C70&sr=8-36,https://m.media-amazon.com/images/I/51DRkSdoOhL._AC_UL320_.jpg
"Attwood 7524A7 Snap-Handle Drain Plug, For 1-Inch-Diameter Drains, Locks in Place, Brass Handle, Rubber Plug",$6.54,https://www.amazon.com/Attwood-Brass-Plated-Handle-Snap-Handle/dp/B0000AYEIY/ref=sr_1_37?crid=1ETD973V81N4Y&keywords=boat&qid=1670361947&sprefix=boat%2Caps%2C70&sr=8-37,https://m.media-amazon.com/images/I/71RhztA+wkL._AC_UL320_.jpg
Premium Boat Scuff Erasers | Boating Accessories Gifts for Cleaning Boat Accessories or Gift for Pontoon Sail Boat Fishing Jon Boats Decks Vinyl Boat Cleaner Hull Supplies & Gadgets for Men & Women,$13.99,https://www.amazon.com/Premium-Boat-Erasers-Accessories-Cleaning/dp/B07MMWMFDV/ref=sr_1_38?crid=1ETD973V81N4Y&keywords=boat&qid=1670361947&sprefix=boat%2Caps%2C70&sr=8-38,https://m.media-amazon.com/images/I/71GIBde9scL._AC_UL320_.jpg
"LED Boat Strip Lights, 32.8FT Marine Pontoon Led Lights, Waterproof Boat Interior Light, Under Gunnel Lights, Boat Deck Light, Night Fishing Lights, Good for Pontoon Bass Fishing Yacht Kayak (Green)",$36.99,https://www.amazon.com/Lights-Pontoon-Waterproof-Interior-Fishing/dp/B09WH2FBKD/ref=sr_1_39?crid=1ETD973V81N4Y&keywords=boat&qid=1670361947&sprefix=boat%2Caps%2C70&sr=8-39,https://m.media-amazon.com/images/I/61jwjN5HFpL._AC_UL320_.jpg
Tuszom Upgraded Thick Steel Boat Cover Support Pole - Adjustable Heavy Duty Boat Cover Support System,$15.99,https://www.amazon.com/Tuszom-Upgraded-Thick-Steel-Support/dp/B09LD6RD46/ref=sr_1_40?crid=1ETD973V81N4Y&keywords=boat&qid=1670361947&sprefix=boat%2Caps%2C70&sr=8-40,https://m.media-amazon.com/images/I/41cKXaGu5sL._AC_UL320_.jpg
WELL-STRONG Waterproof First Aid Kit Roll Top Boat Emergency Kit with Buckles for Fishing Kayaking Boating Swimming Camping Rafting Beach Red,$21.99,https://www.amazon.com/WELL-STRONG-Waterproof-Durable-Survival-Emergency/dp/B07V4CW7Q6/ref=sr_1_41?crid=1ETD973V81N4Y&keywords=boat&qid=1670361947&sprefix=boat%2Caps%2C70&sr=8-41,https://m.media-amazon.com/images/I/81celI1cXHL._AC_UL320_.jpg
"JOMCUT Cruise Ship Fluid Drift Bottle, Unsinkable Boat Cruise Ship Toy in Box Liquid Wave Cruise Fluid Ship Decoration, Cruise Ship That Never Sinks for Car Decoration Display Cases and Gifts (A)",$17.89,https://www.amazon.com/JOMCUT-Cruise-Unsinkable-Decoration-Display/dp/B0BDL6M323/ref=sr_1_42?crid=1ETD973V81N4Y&keywords=boat&qid=1670361947&sprefix=boat%2Caps%2C70&sr=8-42,https://m.media-amazon.com/images/I/81kXLlpt4KL._AC_UL320_.jpg
"Le Creuset Gravy Boat, 16 oz, White",$33.95,https://www.amazon.com/Creuset-Gravy-Boat-16-White/dp/B09QD583H4/ref=sr_1_43?crid=1ETD973V81N4Y&keywords=boat&qid=1670361947&sprefix=boat%2Caps%2C70&sr=8-43,https://m.media-amazon.com/images/I/512qmo5QPeL._AC_UL320_.jpg
LEGO Marvel The Goat Boat 76208 Building Kit; Collectible Thor Construction Toy with 5 Minifigures for Kids Aged 8+ (564 Pieces),$47.99,https://www.amazon.com/LEGO-TBD-Super-Heroes-76208/dp/B09JKZ1YCR/ref=sr_1_44?crid=1ETD973V81N4Y&keywords=boat&qid=1670361947&sprefix=boat%2Caps%2C70&sr=8-44,https://m.media-amazon.com/images/I/812L20cYAiL._AC_UL320_.jpg
"2 Pack RC Boat Remote Control Boats for Pools and Lakes for Kids and Adults, 10 kmH 2.4 GHz RC Boat for Boys 4-7 8-12 Years with 4 Rechargeable Batteries",$45.99,https://www.amazon.com/Remote-Control-Adults-Recgargeable-Batteries/dp/B098J4MJBX/ref=sr_1_45?crid=1ETD973V81N4Y&keywords=boat&qid=1670361947&sprefix=boat%2Caps%2C70&sr=8-45,https://m.media-amazon.com/images/I/71pqBfKhHfL._AC_UL320_.jpg
"kemimoto Marine Boat Mirror Upgraded Size 10.5x 4 inches, Universal Boat Rear View Mirror for Ski Boats Pontoon Boats Water Skiing Sport Wakeboarding Surfing",$52.99,https://www.amazon.com/kemimoto-Upgrade-Universal-Mirrors-Watercraft/dp/B08C2F6CBW/ref=sr_1_46?crid=1ETD973V81N4Y&keywords=boat&qid=1670361947&sprefix=boat%2Caps%2C70&sr=8-46,https://m.media-amazon.com/images/I/61FHtmhgP-L._AC_UL320_.jpg
"2 in 1 RC Boat for Kids, 2.4G Crocodile Remote Control Boat for Pools and Lakes Pond Garden Mini Yellow Speed Electric Floating Toys Boat with Disassembled Simulation Crocodile Head Spoof Toy for Boy",$29.99,https://www.amazon.com/Crocodile-Electric-Floating-Disassembled-Simulation/dp/B08Z2VN8TB/ref=sr_1_47?crid=1ETD973V81N4Y&keywords=boat&qid=1670361947&sprefix=boat%2Caps%2C70&sr=8-47,https://m.media-amazon.com/images/I/71eiSxcCgMS._AC_UL320_.jpg
"Zenvy 24 Oz Gravy Boat, Tray and Ladle | Ceramic White Gravy Dish",$24.99,https://www.amazon.com/Zenvy-Gravy-Ladle-Ceramic-White/dp/B0B8DX1539/ref=sr_1_48?crid=1ETD973V81N4Y&keywords=boat&qid=1670361947&sprefix=boat%2Caps%2C70&sr=8-48,https://m.media-amazon.com/images/I/519GWlW4iHL._AC_UL320_.jpg
"Barbie Boat with Puppy and Themed Accessories, Fits 3 Dolls, Floats in Water, Great Gift for 3 to 7 Year Olds",$34.18,https://www.amazon.com/Barbie-Themed-Accessories-Floats-GRG29/dp/B08F7BMGGY/ref=sr_1_49?crid=1ETD973V81N4Y&keywords=boat&qid=1670361947&sprefix=boat%2Caps%2C70&sr=8-49,https://m.media-amazon.com/images/I/510onmDGYUL._AC_UL320_.jpg
"LEGO City Race Boat Transporter 60254 Race Boat Toy, Fun Building Set for Kids (238 Pieces)",$46.99,https://www.amazon.com/LEGO-Transporter-60254-Building-Pieces/dp/B07WCQWZBD/ref=sr_1_50_mod_primary_new?crid=1ETD973V81N4Y&keywords=boat&qid=1670361947&sbo=RZvfv%2F%2FHxDF%2BO5021pAnSA%3D%3D&sprefix=boat%2Caps%2C70&sr=8-50,https://m.media-amazon.com/images/I/81J3ZIxjArL._AC_UL320_.jpg
"The Love Boat: Season 1, Vol. 2",$8.89,https://www.amazon.com/Love-Boat-Season-Vol/dp/B0018O5WTQ/ref=sr_1_51?crid=1ETD973V81N4Y&keywords=boat&qid=1670361947&sprefix=boat%2Caps%2C70&sr=8-51,https://m.media-amazon.com/images/I/81OE50kb-JL._AC_UL320_.jpg
Cape Shore Santa and Reindeer in Pontoon Party Boat Christmas Tree Holiday Ornament Decoration,$9.88,https://www.amazon.com/Cape-Shore-Reindeer-Christmas-Ornament/dp/B00SI2BEES/ref=sr_1_52?crid=1ETD973V81N4Y&keywords=boat&qid=1670361947&sprefix=boat%2Caps%2C70&sr=8-52,https://m.media-amazon.com/images/I/71jy7+D9fzL._AC_UL320_.jpg
The Boat,$0.00,https://www.amazon.com/Boat-John-McGauley-ebook/dp/B07RDL24P4/ref=sr_1_53?crid=1ETD973V81N4Y&keywords=boat&qid=1670361947&sprefix=boat%2Caps%2C70&sr=8-53,https://m.media-amazon.com/images/I/71paqP8IXAL._AC_UL320_.jpg
RC Boat Remote Control Boats for Kids and Adults 2.4GHZ 20MPH High Speed Hobby RC Boat for Pool Lake Fast RC Boat 4 Channels Electric Remote Control Boat with Rechargeable Battery Xmas Gift,$33.54,https://www.amazon.com/Control-Channels-Electric-Rechargeable-Battery/dp/B0BHZLH5FJ/ref=sr_1_54?crid=1ETD973V81N4Y&keywords=boat&qid=1670361947&sprefix=boat%2Caps%2C70&sr=8-54,https://m.media-amazon.com/images/I/71gg0qDOgBL._AC_UL320_.jpg
AQUOS Heavy-Duty for Two 11.5ft Inflatable Pontoon Boat with Stainless Steel Guard and Folding Seat and Haswing Handle Control 12V 55LBS Transom Trolling Motor for Fishing,"$1,298.00",https://www.amazon.com/gp/slredirect/picassoRedirect.html/ref=pa_sp_btf_aps_sr_pg1_1?ie=UTF8&adId=A03373262QSJTY2L0ZBU9&qualifier=1670361947&id=2758764051909199&widgetName=sp_btf&url=%2FAQUOS-Heavy-Duty-Inflatable-Stainless-Trolling%2Fdp%2FB08XMHTGR4%2Fref%3Dsr_1_55_sspa%3Fcrid%3D1ETD973V81N4Y%26keywords%3Dboat%26qid%3D1670361947%26sprefix%3Dboat%252Caps%252C70%26sr%3D8-55-spons%26psc%3D1,https://m.media-amazon.com/images/I/61XyNiJOdlL._AC_UL320_.jpg
Black Pirate Fish Flag Swords 3x5ft Banner Boat Sea Man Cave Bar Skeleton USA,$6.95,https://www.amazon.com/gp/slredirect/picassoRedirect.html/ref=pa_sp_btf_aps_sr_pg1_1?ie=UTF8&adId=A01885872N986EC2Z5DBV&qualifier=1670361947&id=2758764051909199&widgetName=sp_btf&url=%2FPringCor-Pirate-Swords-Banner-Skeleton%2Fdp%2FB08QZ41G2L%2Fref%3Dsr_1_56_sspa%3Fcrid%3D1ETD973V81N4Y%26keywords%3Dboat%26qid%3D1670361947%26sprefix%3Dboat%252Caps%252C70%26sr%3D8-56-spons%26psc%3D1%26smid%3DA1YDGXO2HLKBTP,https://m.media-amazon.com/images/I/41M7ZfynLPL._AC_UL320_.jpg
"MRWiZMS Heavy Duty Pontoon Boat Cover, 600D 100% Waterproof Marine Grade Polyester Pontoon Cover,Adjustable 12 Tire-Down Straps",$199.99,https://www.amazon.com/gp/slredirect/picassoRedirect.html/ref=pa_sp_btf_aps_sr_pg1_1?ie=UTF8&adId=A0028050TZ9SZG1UZM5E&qualifier=1670361947&id=2758764051909199&widgetName=sp_btf&url=%2FMRWiZMS-Waterproof-Polyester-Adjustable-Tire-Down%2Fdp%2FB0BKKDGR4T%2Fref%3Dsr_1_57_sspa%3Fcrid%3D1ETD973V81N4Y%26keywords%3Dboat%26qid%3D1670361947%26sprefix%3Dboat%252Caps%252C70%26sr%3D8-57-spons%26psc%3D1,https://m.media-amazon.com/images/I/71r4oISlVQL._AC_UL320_.jpg
"Cheerwing Brushless RC Boat for Adults and Kids with Colorful LED Light, 40 Km/h High Speed Remote Control Boat for Pools and Lakes",$71.99,https://www.amazon.com/gp/slredirect/picassoRedirect.html/ref=pa_sp_btf_aps_sr_pg1_1?ie=UTF8&adId=A0942988I5B6F9KY826I&qualifier=1670361947&id=2758764051909199&widgetName=sp_btf&url=%2FCheerwing-Brushless-Adults-Colorful-Control%2Fdp%2FB09MHTHRQ4%2Fref%3Dsr_1_58_sspa%3Fcrid%3D1ETD973V81N4Y%26keywords%3Dboat%26qid%3D1670361947%26sprefix%3Dboat%252Caps%252C70%26sr%3D8-58-spons%26psc%3D1,https://m.media-amazon.com/images/I/81uAtLrbTkL._AC_UL320_.jpg
"Bifanuo 10'x30''x6'' Inflatable Stand Up Paddle Board with SUP Accessories & Backpack. Non-Slip Deck,Wide Stance,Bottom Fin,Double Action Pump and Repair Kit.Youth & Adult Standing Boat",$169.99,https://www.amazon.com/gp/slredirect/picassoRedirect.html/ref=pa_sp_btf_aps_sr_pg1_1?ie=UTF8&adId=A07642793OGM6J1SEAAOK&qualifier=1670361947&id=2758764051909199&widgetName=sp_btf&url=%2FBifanuo-Inflatable-Accessories-Backpack-Kit-Youth%2Fdp%2FB092VDW572%2Fref%3Dsr_1_59_sspa%3Fcrid%3D1ETD973V81N4Y%26keywords%3Dboat%26qid%3D1670361947%26sprefix%3Dboat%252Caps%252C70%26sr%3D8-59-spons%26psc%3D1,https://m.media-amazon.com/images/I/71e25I2a9yS._AC_UL320_.jpg
"XYZCTEM 600D Marine Grade Waterproof Heavy Duty UV Resistant 17'-19' Boat Cover,Fits V-Hull,Fishing Boat,Runabout,Fish&Ski,Pro-Style,Bass Boat (Beam Width: up to 96"", Black&Green)",$89.99,https://www.amazon.com/gp/slredirect/picassoRedirect.html/ref=pa_sp_btf_aps_sr_pg1_1?ie=UTF8&adId=A09266682PYFPJKHFW04F&qualifier=1670361947&id=2758764051909199&widgetName=sp_btf&url=%2FXYZCTEM-Waterproof-Resistant-Runabout-Pro-Style%2Fdp%2FB0B2NTMJ7L%2Fref%3Dsr_1_60_sspa%3Fcrid%3D1ETD973V81N4Y%26keywords%3Dboat%26qid%3D1670361947%26sprefix%3Dboat%252Caps%252C70%26sr%3D8-60-spons%26psc%3D1,https://m.media-amazon.com/images/I/614JiWhfTAL._AC_UL320_.jpg
