item_name,price,link_to_item,link_to_item_image
Christmas Lights Sheep Wearing Xmas Hat - Sheep Lover T-Shirt,$19.99,https://www.amazon.com/gp/slredirect/picassoRedirect.html/ref=pa_sp_atf_aps_sr_pg1_1?ie=UTF8&adId=A01520082C4GU0VRKFP4X&qualifier=1670361970&id=2100317646972994&widgetName=sp_atf&url=%2FChristmas-Lights-Sheep-Wearing-Xmas%2Fdp%2FB0BCFVJJ25%2Fref%3Dsr_1_1_sspa%3Fcrid%3D1ETD973V81N4Y%26keywords%3Dsheep%26qid%3D1670361970%26sprefix%3Dsheep%252Caps%252C70%26sr%3D8-1-spons%26psc%3D1,https://m.media-amazon.com/images/I/71SzMyjuh0L._AC_UL320_.jpg
Wool Dryer Balls - Smart Sheep 6-Pack - XL Premium Natural Fabric Softener Award-Winning - Wool Balls Replaces Dryer Sheets - Wool Balls for Dryer - Laundry Balls for Dryer,$17.45,https://www.amazon.com/Wool-Dryer-Balls-Softener-Award-Winning/dp/B09RTN43DB/ref=sr_1_2?crid=1ETD973V81N4Y&keywords=sheep&qid=1670361970&sprefix=sheep%2Caps%2C70&sr=8-2,https://m.media-amazon.com/images/I/6102OSHmFiL._AC_UL320_.jpg
"DolliBu Plush hats - Super Soft Warm Hat with Ear Flaps, Funny Toy Hat, Cozy Fleece Winter Hat for Kids & Teens - One Size",$21.99,https://www.amazon.com/DolliBu-Black-Nose-Sheep-Plush/dp/B09F5J42L2/ref=sr_1_3?crid=1ETD973V81N4Y&keywords=sheep&qid=1670361970&sprefix=sheep%2Caps%2C70&sr=8-3,https://m.media-amazon.com/images/I/61nVhfme9YL._AC_UL320_.jpg
20 Pcs Miniature Fairy Garden Herd of Sheep Resin Figurine Craft Plant Pot Fairy Garden Landscape Decor Ornament,$7.98,https://www.amazon.com/Miniature-Garden-Figurine-Landscape-Ornament/dp/B07G8TX35K/ref=sr_1_4?crid=1ETD973V81N4Y&keywords=sheep&qid=1670361970&sprefix=sheep%2Caps%2C70&sr=8-4,https://m.media-amazon.com/images/I/41r+QJMTngL._AC_UL320_.jpg
Foozys Women’s Crew Socks | Funny Cute Farm Animal Themed Novelty Socks | 2 Pair,$9.49,https://www.amazon.com/Foozys-Womens-Socks-Animal-Novelty/dp/B07JW2SVGF/ref=sr_1_5?crid=1ETD973V81N4Y&keywords=sheep&qid=1670361970&sprefix=sheep%2Caps%2C70&sr=8-5,https://m.media-amazon.com/images/I/818pZrnCW0L._AC_UL320_.jpg
"Aurora - Shaun The Sheep - 17"" Shaun The Sheep Medium Plush, White",$18.98,https://www.amazon.com/Aurora-Shaun-Sheep-Medium-Plush/dp/B07XTSLK71/ref=sr_1_6?crid=1ETD973V81N4Y&keywords=sheep&qid=1670361970&sprefix=sheep%2Caps%2C70&sr=8-6,https://m.media-amazon.com/images/I/41xSWQbRwtL._AC_UL320_.jpg
Stuffed Animal Sheep Lamb Plush Toy 3 Pcs,$19.99,https://www.amazon.com/Stuffed-Animal-Sheep-Lamb-Plush/dp/B08BHQYYKF/ref=sr_1_7?crid=1ETD973V81N4Y&keywords=sheep&qid=1670361970&sprefix=sheep%2Caps%2C70&sr=8-7,https://m.media-amazon.com/images/I/71NCYqNNuOL._AC_UL320_.jpg
Sheep Just A Girl Who Loves Sheep Gift for Sheep Lovers T-Shirt,$15.95,https://www.amazon.com/Sheep-Just-Girl-Who-Loves/dp/B08P38G8BL/ref=sr_1_8?crid=1ETD973V81N4Y&keywords=sheep&qid=1670361970&sprefix=sheep%2Caps%2C70&sr=8-8,https://m.media-amazon.com/images/I/61M80PnY5LL._AC_UL320_.jpg
"Cute Sheep Blankets & Throws Warm Ultra-Soft Microfiber Fleece Blanket for Bed Couch Living Room（40""x50""-Suitable for Kids/Girl/Boy）",$19.99,https://www.amazon.com/Blankets-Ultra-Soft-Microfiber-Blanket-Suitable/dp/B09QKQ7FCX/ref=sr_1_9?crid=1ETD973V81N4Y&keywords=sheep&qid=1670361970&sprefix=sheep%2Caps%2C70&sr=8-9,https://m.media-amazon.com/images/I/7113zk1IbUL._AC_UL320_.jpg
"Adore 14"" Standing Marshmallow The Suffolk Sheep Plush Stuffed Animal Toy",$24.99,https://www.amazon.com/Standing-Marshmallow-Suffolk-Plush-Stuffed/dp/B01CB0YJ94/ref=sr_1_10?crid=1ETD973V81N4Y&keywords=sheep&qid=1670361970&sprefix=sheep%2Caps%2C70&sr=8-10,https://m.media-amazon.com/images/I/41f8EfeUwIL._AC_UL320_.jpg
"Sheep in Disguise : The Original Core Game, Card Game Packed Full of Sheep, 2 to 6 Players, 20 to 45 Minute Play Time, For Ages 10 and up",$17.62,https://www.amazon.com/Sheep-Disguise-Original-Packed-Players/dp/B0B2TMJBPN/ref=sr_1_11?crid=1ETD973V81N4Y&keywords=sheep&qid=1670361970&sprefix=sheep%2Caps%2C70&sr=8-11,https://m.media-amazon.com/images/I/718H6m4sFVL._AC_UL320_.jpg
TOYMANY 8PCS Merino Sheep Figures Farm Animal Toy Figurines - Plastic Forest Animal Figurines for Kids Boys Girls Age 3-5 6-12,$18.49,https://www.amazon.com/8PCS-Merino-Sheep-Figures-Figurines/dp/B096P59WP5/ref=sr_1_12?crid=1ETD973V81N4Y&keywords=sheep&qid=1670361970&sprefix=sheep%2Caps%2C70&sr=8-12,https://m.media-amazon.com/images/I/81WZl8hpIuL._AC_UL320_.jpg
"Sheep Stuffed Animal Lamb Plush Decorations 3Pcs (Sitting, Standing, Kneeling) White Sheep Toys Gift for Kids Little Girl/Boy",$20.99,https://www.amazon.com/gp/slredirect/picassoRedirect.html/ref=pa_sp_mtf_aps_sr_pg1_1?ie=UTF8&adId=A0355625YIOJ06I9754I&qualifier=1670361970&id=2100317646972994&widgetName=sp_mtf&url=%2FFRANKIEZHOU-Stuffed-3Pcs%25EF%25BC%2588Sitting-Standing-Kneeling%25EF%25BC%2589%2Fdp%2FB07S1S9KK8%2Fref%3Dsr_1_13_sspa%3Fcrid%3D1ETD973V81N4Y%26keywords%3Dsheep%26qid%3D1670361970%26sprefix%3Dsheep%252Caps%252C70%26sr%3D8-13-spons%26psc%3D1,https://m.media-amazon.com/images/I/512bPoAxV0L._AC_UL320_.jpg
Slim Fit Sherpa Adult Onesie - Animal Halloween Costume - Plush One Piece Cosplay Suit for Women and Men by FUNZIEZ!,$32.99,https://www.amazon.com/gp/slredirect/picassoRedirect.html/ref=pa_sp_mtf_aps_sr_pg1_1?ie=UTF8&adId=A046975524YDM3IMK0OHW&qualifier=1670361970&id=2100317646972994&widgetName=sp_mtf&url=%2FSlim-Fit-Sherpa-Adult-Onesie%2Fdp%2FB08J8GGKGL%2Fref%3Dsr_1_14_sspa%3Fcrid%3D1ETD973V81N4Y%26keywords%3Dsheep%26qid%3D1670361970%26sprefix%3Dsheep%252Caps%252C70%26sr%3D8-14-spons%26psc%3D1,https://m.media-amazon.com/images/I/7198H7bCMYL._AC_UL320_.jpg
Cute Sheep Print Backpacks Daypack Backpack Bookbag Travel Bag Sports Rucksack High School College Work Travelling,$18.00,https://www.amazon.com/Backpacks-Daypack-Backpack-Rucksack-Travelling/dp/B0B31L4WTP/ref=sr_1_15?crid=1ETD973V81N4Y&keywords=sheep&qid=1670361970&sprefix=sheep%2Caps%2C70&sr=8-15,https://m.media-amazon.com/images/I/71YJIKhocJL._AC_UL320_.jpg
Cute White Sheep Studs Earrings 925 Stering Silver (E26503),$13.00,https://www.amazon.com/White-Earrings-Stering-Silver-E26503/dp/B01GOCIE14/ref=sr_1_16?crid=1ETD973V81N4Y&keywords=sheep&qid=1670361970&sprefix=sheep%2Caps%2C70&sr=8-16,https://m.media-amazon.com/images/I/61wpgTHB3GL._AC_UL320_.jpg
"Old Chatham Sheepherding Company Sheep'S Milk Yogurt, Plain, 16 oz",$6.29,https://www.amazon.com/Old-Chatham-Sheepherding-Company-SheepS/dp/B00LMC4G6Y/ref=sr_1_17_f3_0o_wf?crid=1ETD973V81N4Y&keywords=sheep&qid=1670361970&sprefix=sheep%2Caps%2C70&sr=8-17,https://m.media-amazon.com/images/I/81pptsjlZLL._AC_UL320_.jpg
"Kurt S. Adler UL 10 Sheep Set Novelty Lights, Multi",$22.91,https://www.amazon.com/Kurt-S-Adler-Novelty-Lights/dp/B084TPDZ22/ref=sr_1_18?crid=1ETD973V81N4Y&keywords=sheep&qid=1670361970&sprefix=sheep%2Caps%2C70&sr=8-18,https://m.media-amazon.com/images/I/51cttTy85QL._AC_UL320_.jpg
Resin Dinosaur Drop Dangle Earrings Resin Cute Handmade 3D Animal Sweet Dragon Earrings Exquisite Punk Party Adorable Cool Earrings for Women Girl Funny Jewelry Creative Gift,$5.98,https://www.amazon.com/Dinosaur-Earrings-Handmade-Exquisite-Adorable/dp/B0BJD97QH6/ref=sr_1_19?crid=1ETD973V81N4Y&keywords=sheep&qid=1670361970&sprefix=sheep%2Caps%2C70&sr=8-19,https://m.media-amazon.com/images/I/61OId6JDbIL._AC_UL320_.jpg
Cute Sheep Whisperer Farmer Sheep Farmer Love Sheep Pullover Hoodie,$34.99,https://www.amazon.com/Sheep-Whisperer-Farmer-Pullover-Hoodie/dp/B08HS267JS/ref=sr_1_20?crid=1ETD973V81N4Y&keywords=sheep&qid=1670361970&sprefix=sheep%2Caps%2C70&sr=8-20,https://m.media-amazon.com/images/I/71jLmVW2rKL._AC_UL320_.jpg
"Bellwether Farms Plain Sheep Milk Yogurt, 24 OZ",$9.99,https://www.amazon.com/BELLWETHER-FARMS-Plain-Sheep-Yogurt/dp/B08NGC4NM5/ref=sr_1_21_f3_0o_wf?crid=1ETD973V81N4Y&keywords=sheep&qid=1670361970&sprefix=sheep%2Caps%2C70&sr=8-21,https://m.media-amazon.com/images/I/71w1O4-VpEL._AC_UL320_.jpg
"Shaun the Sheep Women's Backpack, Black and White, 32.00 cm, Body Height",$34.73,https://www.amazon.com/Shaun-Sheep-Backpack-61175-Suitable/dp/B07R26KZT4/ref=sr_1_22?crid=1ETD973V81N4Y&keywords=sheep&qid=1670361970&sprefix=sheep%2Caps%2C70&sr=8-22,https://m.media-amazon.com/images/I/519QI4uCkHL._AC_UL320_.jpg
Sheep T Shirt Funny Sheep Shirt Sheep Gifts Sheep Lovers T-Shirt,$19.99,https://www.amazon.com/gp/slredirect/picassoRedirect.html/ref=pa_sp_mtf_aps_sr_pg1_1?ie=UTF8&adId=A057631425NZ0X3CQLC0N&qualifier=1670361970&id=2100317646972994&widgetName=sp_mtf&url=%2FSheep-Shirt-Funny-Gifts-T-Shirt%2Fdp%2FB08VFN1GGL%2Fref%3Dsr_1_23_sspa%3Fcrid%3D1ETD973V81N4Y%26keywords%3Dsheep%26qid%3D1670361970%26sprefix%3Dsheep%252Caps%252C70%26sr%3D8-23-spons%26psc%3D1,https://m.media-amazon.com/images/I/81V9-HO5iXL._AC_UL320_.jpg
Sheep T Shirt Funny Sheep Shirt Sheep Gifts Sheep Lovers T-Shirt,$19.99,https://www.amazon.com/gp/slredirect/picassoRedirect.html/ref=pa_sp_mtf_aps_sr_pg1_1?ie=UTF8&adId=A05858341YPPGXSESHGC7&qualifier=1670361970&id=2100317646972994&widgetName=sp_mtf&url=%2FSheep-Shirt-Funny-Gifts-T-Shirt%2Fdp%2FB08VFMCYW5%2Fref%3Dsr_1_24_sspa%3Fcrid%3D1ETD973V81N4Y%26keywords%3Dsheep%26qid%3D1670361970%26sprefix%3Dsheep%252Caps%252C70%26sr%3D8-24-spons%26psc%3D1,https://m.media-amazon.com/images/I/71kywor55JL._AC_UL320_.jpg
"Sheep, Sheep Heartbeats Shirt, Sheep Gifts, Sheep Lovers T-Shirt",$19.99,https://www.amazon.com/gp/slredirect/picassoRedirect.html/ref=pa_sp_mtf_aps_sr_pg1_1?ie=UTF8&adId=A08383503M5Z12L94W4TZ&qualifier=1670361970&id=2100317646972994&widgetName=sp_mtf&url=%2FSheep-Heartbeats-Shirt-Lovers-T-Shirt%2Fdp%2FB08SSDZCRH%2Fref%3Dsr_1_25_sspa%3Fcrid%3D1ETD973V81N4Y%26keywords%3Dsheep%26qid%3D1670361970%26sprefix%3Dsheep%252Caps%252C70%26sr%3D8-25-spons%26psc%3D1,https://m.media-amazon.com/images/I/61VCQEM4ayL._AC_UL320_.jpg
Acorn Women's Oh Ewe Sheepskin Bootie,$99.00,https://www.amazon.com/gp/slredirect/picassoRedirect.html/ref=pa_sp_mtf_aps_sr_pg1_1?ie=UTF8&adId=A04956437HQY9KB9CT4R&qualifier=1670361970&id=2100317646972994&widgetName=sp_mtf&url=%2FACORN-Womens-Ewe-Slipper-Walnut%2Fdp%2FB0025KW3PI%2Fref%3Dsr_1_26_sspa%3Fcrid%3D1ETD973V81N4Y%26keywords%3Dsheep%26qid%3D1670361970%26sprefix%3Dsheep%252Caps%252C70%26sr%3D8-26-spons%26psc%3D1,https://m.media-amazon.com/images/I/91JOkEUmMgL._AC_UL320_.jpg
"Hopearl Animal Hat with Ears Moving Jumping Pop Up Beating Plush Dress Up, 22''",$17.98,https://www.amazon.com/Hopearl-Jumping-Beating-Christmas-Birthday/dp/B092HF96S4/ref=sr_1_27?crid=1ETD973V81N4Y&keywords=sheep&qid=1670361970&sprefix=sheep%2Caps%2C70&sr=8-27,https://m.media-amazon.com/images/I/71jz-994wnS._AC_UL320_.jpg
Insulated Cooler Lunch Bag Lunch Box Blue Sheep for Office Work Picnic Hiking Beach Organizer with Adjustable Shoulder Strap,$6.99,https://www.amazon.com/Insulated-Cooler-Organizer-Adjustable-Shoulder/dp/B08DK6BVJZ/ref=sr_1_28?crid=1ETD973V81N4Y&keywords=sheep&qid=1670361970&sprefix=sheep%2Caps%2C70&sr=8-28,https://m.media-amazon.com/images/I/61vdo38x7EL._AC_UL320_.jpg
CATALOG CLASSICS Felted Wool Sheep Decor - 5 Piece Little Sheep in Clothes Decorative Figurines - Cute Lamb Ornament Set,$24.99,https://www.amazon.com/CATALOG-CLASSICS-Clothes-Decorative-Figurines/dp/B01M4KDLG1/ref=sr_1_29?crid=1ETD973V81N4Y&keywords=sheep&qid=1670361970&sprefix=sheep%2Caps%2C70&sr=8-29,https://m.media-amazon.com/images/I/71SE4zgVlcL._AC_UL320_.jpg
AGRIMONY Cute Shaved Sheep Stuffed Animals Kawaii Lamb Plush Toys Birthday Funny Gifts for Women Girls Boys Kids Teens Small Plushies Sheep Decor,$18.99,https://www.amazon.com/AGRIMONY-Stuffed-Animals-Birthday-Plushies/dp/B09NBL2YKC/ref=sr_1_30?crid=1ETD973V81N4Y&keywords=sheep&qid=1670361970&sprefix=sheep%2Caps%2C70&sr=8-30,https://m.media-amazon.com/images/I/71zVp-38+lL._AC_UL320_.jpg
"AmaQueen Metal Toilet Tissue Paper Roll Holder Storage, Cute Sheep Novelty Black Bathroom Kitchen Powder Room Decor Wall Art, Fun Accessories Ornament Free Standing and Mounted, 7 Spare Mega Rolls",$29.86,https://www.amazon.com/AmaQueen-Bathroom-Accessories-Ornament-Standing/dp/B09TPHYCDP/ref=sr_1_31?crid=1ETD973V81N4Y&keywords=sheep&qid=1670361970&sprefix=sheep%2Caps%2C70&sr=8-31,https://m.media-amazon.com/images/I/418u4KQ3wKL._AC_UL320_.jpg
Lovin Lamb Inflatable Party Sheep,$19.99,https://www.amazon.com/Naughty-Inflatable-Sheep-Backdoor-Pleasure/dp/B00N39DJO4/ref=sr_1_32?crid=1ETD973V81N4Y&keywords=sheep&qid=1670361970&sprefix=sheep%2Caps%2C70&sr=8-32,https://m.media-amazon.com/images/I/31GrHzPoRoL._AC_UL320_.jpg
Wgxzyq Little Sheep Plushie Lamb Stuffed Animal Plush Toy Birthday Gift for Kids 10inch (White),$9.99,https://www.amazon.com/Wgxzyq-Little-Plushie-Stuffed-Birthday/dp/B09PZVW28H/ref=sr_1_33?crid=1ETD973V81N4Y&keywords=sheep&qid=1670361970&sprefix=sheep%2Caps%2C70&sr=8-33,https://m.media-amazon.com/images/I/41Qv2A9LK3L._AC_UL320_.jpg
Just Love Women Pajama Pants Sleepwear,$9.99,https://www.amazon.com/Just-Love-Pajama-Sleepwear-6324-10255-M/dp/B07G9PRHWR/ref=sr_1_35?crid=1ETD973V81N4Y&keywords=sheep&qid=1670361970&sprefix=sheep%2Caps%2C70&sr=8-35,https://m.media-amazon.com/images/I/81y+5aoBhFL._AC_UL320_.jpg
HONG HUI Women's Capri Pajama Sets Plus Size Sleepwear Top with Capri Pants 2 Piece Sleep Set,$19.99,https://www.amazon.com/HONG-HUI-Womens-Sleepwear-XX-Large/dp/B097PLBG4J/ref=sr_1_36?crid=1ETD973V81N4Y&keywords=sheep&qid=1670361970&sprefix=sheep%2Caps%2C70&sr=8-36,https://m.media-amazon.com/images/I/51c5tSxpdQS._MCnd_AC_UL320_.jpg
Space Stars Moon Pajama Pants Mens Lounge Pants Lightweight Men Pajama Bottoms with Drawstring Pockets,$19.99,https://www.amazon.com/Sheeps-Pajama-Bottoms-Drawstring-Pockets/dp/B0BHNQJFDR/ref=sr_1_37?crid=1ETD973V81N4Y&keywords=sheep&qid=1670361970&sprefix=sheep%2Caps%2C70&sr=8-37,https://m.media-amazon.com/images/I/61c+3eRkP0L._AC_UL320_.jpg
Womens Socks Cactus Crew Socks Gifts Cotton Long Funny Socks for Women Novelty Funky Cute Cartoon Socks 5 Pairs WCS1-Cactus,$9.99,https://www.amazon.com/Womens-Cactus-Novelty-Cartoon-WCS1-Sheep/dp/B07WJD79LL/ref=sr_1_38?crid=1ETD973V81N4Y&keywords=sheep&qid=1670361970&sprefix=sheep%2Caps%2C70&sr=8-38,https://m.media-amazon.com/images/I/71X9bCg0k+L._AC_UL320_.jpg
Cute Sheep Love Makeup Bag Adorable Travel Cosmetic Pouch Toiletry Organizer Case Gift for Women,$13.98,https://www.amazon.com/Makeup-Adorable-Cosmetic-Toiletry-Organizer/dp/B085HB57ZW/ref=sr_1_39?crid=1ETD973V81N4Y&keywords=sheep&qid=1670361970&sprefix=sheep%2Caps%2C70&sr=8-39,https://m.media-amazon.com/images/I/61A89Mm8eUL._AC_UL320_.jpg
Minecraft Baby Sheep Plush,$12.99,https://www.amazon.com/Minecraft-16527-Baby-Sheep-Plush/dp/B00HUMQQHC/ref=sr_1_40?crid=1ETD973V81N4Y&keywords=sheep&qid=1670361970&sprefix=sheep%2Caps%2C70&sr=8-40,https://m.media-amazon.com/images/I/61p1qg3MExL._AC_UL320_.jpg
Sheep,$0.00,https://www.amazon.com/Sheep-Simon-Maginn-ebook/dp/B008CPHZ0I/ref=sr_1_41?crid=1ETD973V81N4Y&keywords=sheep&qid=1670361970&sprefix=sheep%2Caps%2C70&sr=8-41,https://m.media-amazon.com/images/I/61blBlbCeAL._AC_UL320_.jpg
"Funny Cute Kawaii Acrylic Animal Earrings, Sheep Panda Rabbit Goat Lamb Big Rooster Chicken Drop Dangle Earring for Women Girls, Sweet Stud Earring Thanksgiving Christmas Jewelry Gift",$6.88,https://www.amazon.com/Acrylic-Earrings-Rooster-Thanksgiving-Christmas/dp/B0BF9PK66K/ref=sr_1_42?crid=1ETD973V81N4Y&keywords=sheep&qid=1670361970&sprefix=sheep%2Caps%2C70&sr=8-42,https://m.media-amazon.com/images/I/41UFWtEAdbL._AC_UL320_.jpg
Kikiya Socks Women's Cute Ankle Socks,$13.90,https://www.amazon.com/Kikiya-Socks-pairs-Womens-Cloudy/dp/B07WSVJ33M/ref=sr_1_43?crid=1ETD973V81N4Y&keywords=sheep&qid=1670361970&sprefix=sheep%2Caps%2C70&sr=8-43,https://m.media-amazon.com/images/I/61uyZOIvvtL._AC_UL320_.jpg
Feng Shui Three Sheep on a Mountain Amulet 2023,$22.55,https://www.amazon.com/Feng-Shui-Three-Mountain-Amulet/dp/B0BND9GLRT/ref=sr_1_44?crid=1ETD973V81N4Y&keywords=sheep&qid=1670361970&sprefix=sheep%2Caps%2C70&sr=8-44,https://m.media-amazon.com/images/I/71+8iuwawQL._AC_UL320_.jpg
"2023 Sheep Wall Calendar by Bright Day, 12x12 Inch, Beautiful Farm Nature Wildlife Photography",$14.99,https://www.amazon.com/Monthly-Calendar-Bright-Day-Animal/dp/B09PQMXMPW/ref=sr_1_45?crid=1ETD973V81N4Y&keywords=sheep&qid=1670361970&sprefix=sheep%2Caps%2C70&sr=8-45,https://m.media-amazon.com/images/I/81FJET4IPTL._AC_UL320_.jpg
"Cute Sheep Stickers for Teens Boys Girls Kids , Cartoon Waterproof Vinyl Stickers for Flasks Water Bottles Laptop Luggage Cup Phone Notebook Tablet Car Bike,Lovely Animals Decals Pack[Sheep-50Pcs]",$5.95,https://www.amazon.com/Stickers-Cartoon-Waterproof-Notebook-Sheep-50Pcs/dp/B0B1HMKK9R/ref=sr_1_46?crid=1ETD973V81N4Y&keywords=sheep&qid=1670361970&sprefix=sheep%2Caps%2C70&sr=8-46,https://m.media-amazon.com/images/I/71doGo5byEL._AC_UL320_.jpg
"Hukai Women's Cardigan Sweater,Long Sleeve Kawaii Knitted Sweaters,Loose Knitwear with Pockets Button Outerwear",$29.99,https://www.amazon.com/QYIYA-Sleeve-Cardigan-Cartoon-Sweater/dp/B08NP8MQ54/ref=sr_1_47?crid=1ETD973V81N4Y&keywords=sheep&qid=1670361970&sprefix=sheep%2Caps%2C70&sr=8-47,https://m.media-amazon.com/images/I/71qDkaoY6bL._AC_UL320_.jpg
"Agirlvct 2 Pack Qtip Holder Dispenser,Acrylic Cotton Ball Holder,Containers Storage Organizer Set,Bathroom Vanity Storage Canister for Swab Floss Bedroom Birthday Christmas Gift Girl Friend(Sheep)",$12.99,https://www.amazon.com/Agirlvct-Organizer-Sheepshape-Toothpick-Accessories/dp/B07JJHQMRV/ref=sr_1_48?crid=1ETD973V81N4Y&keywords=sheep&qid=1670361970&sprefix=sheep%2Caps%2C70&sr=8-48,https://m.media-amazon.com/images/I/61ev3Ic5ChL._AC_UL320_.jpg
"Heat Resistant Silicone Shell Kitchen Oven Mitts for 500 Degrees with Waterproof, Set of 2 Oven Gloves for BBQ Cooking Set Baking Grilling Barbecue Microwave Sheeps Grey",$15.99,https://www.amazon.com/Resistant-Silicone-waterproof-Grilling-Microwave/dp/B07RGTN4B4/ref=sr_1_49?crid=1ETD973V81N4Y&keywords=sheep&qid=1670361970&sprefix=sheep%2Caps%2C70&sr=8-49,https://m.media-amazon.com/images/I/71v8QwWE+RL._AC_UL320_.jpg
Cute Shaved Lamb Staffed Animal Sheep Plush with Zipper Coat Farm Animal Doll Toys Birthday Fun Gifts for Boys Girls Kids,$16.99,https://www.amazon.com/Shaved-Staffed-Animal-Zipper-Birthday/dp/B09SLJ4MZG/ref=sr_1_50?crid=1ETD973V81N4Y&keywords=sheep&qid=1670361970&sprefix=sheep%2Caps%2C70&sr=8-50,https://m.media-amazon.com/images/I/71C+Clt1q7L._AC_UL320_.jpg
Fat Brain Toys Heap-O-Sheep - Heap-O-Sheep - New Games for Ages 6 to 11,$32.95,https://www.amazon.com/Fat-Brain-Toys-Heap-O-Sheep/dp/B093K6KCKY/ref=sr_1_51?crid=1ETD973V81N4Y&keywords=sheep&qid=1670361970&sprefix=sheep%2Caps%2C70&sr=8-51,https://m.media-amazon.com/images/I/81W-18SbBJL._AC_UL320_.jpg
Lands' End Kids Flannel Pajama Pants,$19.92,https://www.amazon.com/Lands-End-Flannel-Evening-Counting/dp/B0BCH3KKG9/ref=sr_1_52?crid=1ETD973V81N4Y&keywords=sheep&qid=1670361970&sprefix=sheep%2Caps%2C70&sr=8-52,https://m.media-amazon.com/images/I/61D7MZX6JmL._AC_UL320_.jpg
TeeTurtle | The Original Reversible Sheep + Wolf Plushie | Patented Design | Gray | Happy + Angry | Show Your Mood Without Saying a Word!,$12.80,https://www.amazon.com/TeeTurtle-Original-Reversible-Plushie-Patented/dp/B096N6VX5H/ref=sr_1_53?crid=1ETD973V81N4Y&keywords=sheep&qid=1670361970&sprefix=sheep%2Caps%2C70&sr=8-53,https://m.media-amazon.com/images/I/41wq2hmflOL._AC_UL320_.jpg
"CLCDWG Sheep Metal Sign, Funny Wall Sign, Warning This Property Protected by Sheep Vintage Wall Decor 12x8 Inch",$11.68,https://www.amazon.com/CLCDWG-Warning-Property-Protected-Vintage/dp/B09VDD19VJ/ref=sr_1_54?crid=1ETD973V81N4Y&keywords=sheep&qid=1670361970&sprefix=sheep%2Caps%2C70&sr=8-54,https://m.media-amazon.com/images/I/71xSS23M-+L._AC_UL320_.jpg
Shaun the Sheep Movie [DVD + Digital],$14.99,https://www.amazon.com/Shaun-Sheep-Movie-DVD-Digital/dp/B013H99V46/ref=sr_1_55?crid=1ETD973V81N4Y&keywords=sheep&qid=1670361970&sprefix=sheep%2Caps%2C70&sr=8-55,https://m.media-amazon.com/images/I/51f4lUI6inL._AC_UL320_.jpg
Sheep Happens Funny Farmer Sheep Lover Design T-Shirt,$19.99,https://www.amazon.com/gp/slredirect/picassoRedirect.html/ref=pa_sp_btf_aps_sr_pg1_1?ie=UTF8&adId=A062258624FQ0GUM3VSJV&qualifier=1670361970&id=2100317646972994&widgetName=sp_btf&url=%2FSheep-Happens-Farmer-Design-T-Shirt%2Fdp%2FB083TJ1HBL%2Fref%3Dsr_1_56_sspa%3Fcrid%3D1ETD973V81N4Y%26keywords%3Dsheep%26qid%3D1670361970%26sprefix%3Dsheep%252Caps%252C70%26sr%3D8-56-spons%26psc%3D1,https://m.media-amazon.com/images/I/61H1JNdBP8L._AC_UL320_.jpg
"I Just Really Like Sheep, OK.: Sheep Lovers Journal Notebook",$6.99,https://www.amazon.com/gp/slredirect/picassoRedirect.html/ref=pa_sp_btf_aps_sr_pg1_1?ie=UTF8&adId=A01287743FOZ3BAPD0CCP&qualifier=1670361970&id=2100317646972994&widgetName=sp_btf&url=%2FJust-Really-Like-Sheep-OK%2Fdp%2FB0842M3PDM%2Fref%3Dsr_1_57_sspa%3Fcrid%3D1ETD973V81N4Y%26keywords%3Dsheep%26qid%3D1670361970%26sprefix%3Dsheep%252Caps%252C70%26sr%3D8-57-spons%26psc%3D1,https://m.media-amazon.com/images/I/41qWOLV2E8L._AC_UL320_.jpg
Venicor Sheep Sign Decor - 9 x 14 Inches - Aluminum - Sheep Gifts for Sheep Lovers Kids - Sheep Halter Stand Toy Stuff,$13.99,https://www.amazon.com/gp/slredirect/picassoRedirect.html/ref=pa_sp_btf_aps_sr_pg1_1?ie=UTF8&adId=A0650792AEESP9X7PUKS&qualifier=1670361970&id=2100317646972994&widgetName=sp_btf&url=%2FVenicor-Keep-Closed-Matter-Sheep%2Fdp%2FB097CTJ21Z%2Fref%3Dsr_1_58_sspa%3Fcrid%3D1ETD973V81N4Y%26keywords%3Dsheep%26qid%3D1670361970%26sprefix%3Dsheep%252Caps%252C70%26sr%3D8-58-spons%26psc%3D1,https://m.media-amazon.com/images/I/81wtTVNzuSS._AC_UL320_.jpg
"Sheep Shears Pro 110V 500W Professional Heavy Duty Electric Shearing Clippers with 6 Speed, for Shaving Fur Wool in Sheep, Goats, Cattle, and Other Farm Livestock Pet, with Grooming Carrying Case CE",$154.99,https://www.amazon.com/gp/slredirect/picassoRedirect.html/ref=pa_sp_btf_aps_sr_pg1_1?ie=UTF8&adId=A0901606OE2HPE98ZWAE&qualifier=1670361970&id=2100317646972994&widgetName=sp_btf&url=%2FSheep-Shears-Pro-Professional-Livestock%2Fdp%2FB07BT56PYC%2Fref%3Dsr_1_59_sspa%3Fcrid%3D1ETD973V81N4Y%26keywords%3Dsheep%26qid%3D1670361970%26sprefix%3Dsheep%252Caps%252C70%26sr%3D8-59-spons%26psc%3D1,https://m.media-amazon.com/images/I/61VAxwkfA4L._AC_UL320_.jpg
"Stupell Industries Fluffy Farm Sheep Herd Rustic Country Animals, Design by Daphne Polselli Canvas Wall Art, 17 x 40, Grey",$46.89,https://www.amazon.com/gp/slredirect/picassoRedirect.html/ref=pa_sp_btf_aps_sr_pg1_1?ie=UTF8&adId=A00807611Q3TX6R30REZB&qualifier=1670361970&id=2100317646972994&widgetName=sp_btf&url=%2FStupell-Industries-Country-Animals-Polselli%2Fdp%2FB08N7YJW4F%2Fref%3Dsr_1_60_sspa%3Fcrid%3D1ETD973V81N4Y%26keywords%3Dsheep%26qid%3D1670361970%26sprefix%3Dsheep%252Caps%252C70%26sr%3D8-60-spons%26psc%3D1,https://m.media-amazon.com/images/I/61DPcplRofL._AC_UL320_.jpg
