item_name,price,link_to_item,link_to_item_image
Easton | MOJO COMP Youth Baseball Bat | USA | -13 Drop | 2 5/8 Barrel | 1 Pc. Composite,$179.95,https://www.amazon.com/gp/slredirect/picassoRedirect.html/ref=pa_sp_atf_aps_sr_pg1_1?ie=UTF8&adId=A04534322V909WDWML9TV&qualifier=1670362008&id=5484208659990079&widgetName=sp_atf&url=%2FEaston-MOJO-COMP-Youth-Baseball%2Fdp%2FB0B4BPZJXD%2Fref%3Dsr_1_1_sspa%3Fcrid%3D1ETD973V81N4Y%26keywords%3Dbaseball%2Bbat%26qid%3D1670362008%26sprefix%3Dbaseball%2Bbat%252Caps%252C70%26sr%3D8-1-spons%26psc%3D1,https://m.media-amazon.com/images/I/31Z+WyMS-DL._AC_UL320_.jpg
Easton | 2023 | Alpha ALX Baseball Bat | USSSA | -5/-8/-10 Drop | 1 Pc. Aluminum,$279.95,https://www.amazon.com/gp/slredirect/picassoRedirect.html/ref=pa_sp_atf_aps_sr_pg1_1?ie=UTF8&adId=A0452016WOLFBHJAJIA9&qualifier=1670362008&id=5484208659990079&widgetName=sp_atf&url=%2FEaston-2023-Alpha-Baseball-USSSA%2Fdp%2FB0B4BNYJDP%2Fref%3Dsr_1_2_sspa%3Fcrid%3D1ETD973V81N4Y%26keywords%3Dbaseball%2Bbat%26qid%3D1670362008%26sprefix%3Dbaseball%2Bbat%252Caps%252C70%26sr%3D8-2-spons%26psc%3D1,https://m.media-amazon.com/images/I/61WRKP22qJL._AC_UL320_.jpg
Easton SPEED USA Baseball Bat | -10 | 1 Pc. Aluminum | Big Barrel,$80.27,https://www.amazon.com/gp/slredirect/picassoRedirect.html/ref=pa_sp_atf_aps_sr_pg1_1?ie=UTF8&adId=A0453276186DBN3D2JII2&qualifier=1670362008&id=5484208659990079&widgetName=sp_atf&url=%2FEaston-Certified-Baseball-Barrel-YBB22SPD10%2Fdp%2FB0977WT69F%2Fref%3Dsr_1_3_sspa%3Fcrid%3D1ETD973V81N4Y%26keywords%3Dbaseball%2Bbat%26qid%3D1670362008%26sprefix%3Dbaseball%2Bbat%252Caps%252C70%26sr%3D8-3-spons%26psc%3D1,https://m.media-amazon.com/images/I/61374Tuo-dS._AC_UL320_.jpg
Easton | 2023 | Hype COMP Baseball Bat | BBCOR | 2 Pc. Composite | -3 Drop,$499.95,https://www.amazon.com/gp/slredirect/picassoRedirect.html/ref=pa_sp_atf_aps_sr_pg1_1?ie=UTF8&adId=A04525401ALBE6781GD41&qualifier=1670362008&id=5484208659990079&widgetName=sp_atf&url=%2FEaston-2023-Hype-Baseball-BBCOR%2Fdp%2FB0B4BM1DWT%2Fref%3Dsr_1_4_sspa%3Fcrid%3D1ETD973V81N4Y%26keywords%3Dbaseball%2Bbat%26qid%3D1670362008%26sprefix%3Dbaseball%2Bbat%252Caps%252C70%26sr%3D8-4-spons%26psc%3D1,https://m.media-amazon.com/images/I/61GhY36mMVL._AC_UL320_.jpg
"Aluminum Baseball Bat - 28-30 Inch 35 Oz - Softball, Self Defense, Batting Practice, Pickup Games and Home Security - Metal Tball Bat - KOTIONOK",$26.99,https://www.amazon.com/KOTIONOK-Baseball-Bat-inch-Self-Defense/dp/B08G44FY24/ref=sr_1_5?crid=1ETD973V81N4Y&keywords=baseball+bat&qid=1670362008&sprefix=baseball+bat%2Caps%2C70&sr=8-5,https://m.media-amazon.com/images/I/51WYcsNk6+L._AC_UL320_.jpg
"Genuine Solid Beech Wood Baseball Bat - 27 Inch 23 Oz - Tball Bat, Self Defense, Weight Training, and Pickup Games - Classic and Timeless Design - KOTIONOK",$26.99,https://www.amazon.com/KOTIONOK-Baseball-Bat-27-inch/dp/B08V85K5VJ/ref=sr_1_6?crid=1ETD973V81N4Y&keywords=baseball+bat&qid=1670362008&sprefix=baseball+bat%2Caps%2C70&sr=8-6,https://m.media-amazon.com/images/I/61UuJ+YPURL._AC_UL320_.jpg
SZYT 28 inch Baseball Bat Self-Defense Softball Bat Home Defense Lightweight Aluminum Alloy Silver,$20.79,https://www.amazon.com/SZYT-Self-Defense-Aluminum-Baseball-Defense/dp/B07CKBJDR7/ref=sr_1_7?crid=1ETD973V81N4Y&keywords=baseball+bat&qid=1670362008&sprefix=baseball+bat%2Caps%2C70&sr=8-7,https://m.media-amazon.com/images/I/41CPIWggCVL._AC_UL320_.jpg
Easton 2022 HAVOC USA Baseball Bat | -10 | 1 Pc. Aluminum | 2 1/4 Barrel,$39.99,https://www.amazon.com/Easton-HAVOC-10-USA-Baseball/dp/B09BG4FHGL/ref=sr_1_8?crid=1ETD973V81N4Y&keywords=baseball+bat&qid=1670362008&sprefix=baseball+bat%2Caps%2C70&sr=8-8,https://m.media-amazon.com/images/I/618LJ7x8WkL._AC_UL320_.jpg
Rawlings | Raptor T-Ball Bat | USA | -12 Drop | 2 1/4 Barrel | 1 Pc. Aluminum,$21.24,https://www.amazon.com/Rawlings-2020-Raptor-Youth-Tball/dp/B07TXG81DT/ref=sr_1_9?crid=1ETD973V81N4Y&keywords=baseball+bat&qid=1670362008&sprefix=baseball+bat%2Caps%2C70&sr=8-9,https://m.media-amazon.com/images/I/510oylsRD7L._AC_UL320_.jpg
Cold Steel Baseball Bat Brooklyn Crusher (92BSS),$24.34,https://www.amazon.com/Cold-Steel-92BSS-Brooklyn-Crusher/dp/B001DRNLE6/ref=sr_1_10?crid=1ETD973V81N4Y&keywords=baseball+bat&qid=1670362008&sprefix=baseball+bat%2Caps%2C70&sr=8-10,https://m.media-amazon.com/images/I/61A3g16SKwL._AC_UL320_.jpg
"SZYT 25 inch, 29 inch Baseball Bat Self-Defense Softball Bat Home Defense Lightweight Wood Yellow",$24.79,https://www.amazon.com/SZYT-Baseball-Self-Defense-Softball-Lightweight/dp/B087NR2VSL/ref=sr_1_11?crid=1ETD973V81N4Y&keywords=baseball+bat&qid=1670362008&sprefix=baseball+bat%2Caps%2C70&sr=8-11,https://m.media-amazon.com/images/I/41JwLtX3nSL._AC_UL320_.jpg
Easton | Alpha ALX T-Ball Bat | USA | -11/-10 Drop | 1 Pc. Aluminum,$21.30,https://www.amazon.com/Easton-T-Ball-Baseball-Barrel-TB22AL10/dp/B09BG25HQ2/ref=sr_1_12?crid=1ETD973V81N4Y&keywords=baseball+bat&qid=1670362008&sprefix=baseball+bat%2Caps%2C70&sr=8-12,https://m.media-amazon.com/images/I/61oznkizGNL._AC_UL320_.jpg
"EASTON QUANTUM -11 USA Youth Baseball Bat, Big Barrel, 1 Pc. Aluminum, YBB21QUAN11",$73.70,https://www.amazon.com/gp/slredirect/picassoRedirect.html/ref=pa_sp_mtf_aps_sr_pg1_1?ie=UTF8&adId=A04512803G3S61YN21FVM&qualifier=1670362008&id=5484208659990079&widgetName=sp_mtf&url=%2FEASTON-Quantum-Baseball-Barrel-YBB21QUAN11%2Fdp%2FB089DNTTYR%2Fref%3Dsr_1_13_sspa%3Fcrid%3D1ETD973V81N4Y%26keywords%3Dbaseball%2Bbat%26qid%3D1670362008%26sprefix%3Dbaseball%2Bbat%252Caps%252C70%26sr%3D8-13-spons%26psc%3D1,https://m.media-amazon.com/images/I/71djDzyrUzL._AC_UL320_.jpg
Louisville Slugger 2022 Vapor (-9) USA Youth Baseball Bat,$58.79,https://www.amazon.com/Louisville-Slugger-Vapor-Youth-Baseball/dp/B09HZGGJK2/ref=sr_1_14?crid=1ETD973V81N4Y&keywords=baseball+bat&qid=1670362008&sprefix=baseball+bat%2Caps%2C70&sr=8-14,https://m.media-amazon.com/images/I/71w-gh3KUlL._AC_UL320_.jpg
Rawlings Raptor USA Baseball Bat | -10 | 1 Pc. Aluminum | 2 1/4 Barrel,$33.96,https://www.amazon.com/Rawlings-Raptor-Baseball-Aluminum-Green/dp/B09BG39C7H/ref=sr_1_15?crid=1ETD973V81N4Y&keywords=baseball+bat&qid=1670362008&sprefix=baseball+bat%2Caps%2C70&sr=8-15,https://m.media-amazon.com/images/I/51AhSO-vwnL._AC_UL320_.jpg
Franklin Sports Teeball Bats - Kids Youth Baseball and Teeball Bats - Aluminum - USA Baseball Approved,$14.99,https://www.amazon.com/Franklin-Sports-Venom-Aluminum-Official/dp/B075SLSLV7/ref=sr_1_16?crid=1ETD973V81N4Y&keywords=baseball+bat&qid=1670362008&sprefix=baseball+bat%2Caps%2C70&sr=8-16,https://m.media-amazon.com/images/I/619jEl5FxcL._AC_UL320_.jpg
Easton TYPHOON USA Baseball Bat | -12 | 1 Pc. Aluminum | 2 1/4 Barrel,$61.19,https://www.amazon.com/Easton-TYPHOON-Baseball-Barrel-YSB22TY12/dp/B09BG3VH6W/ref=sr_1_17?crid=1ETD973V81N4Y&keywords=baseball+bat&qid=1670362008&sprefix=baseball+bat%2Caps%2C70&sr=8-17,https://m.media-amazon.com/images/I/61iQnjiIRSL._AC_UL320_.jpg
"MARUCCI CATX BBCOR -3 Aluminum Baseball BAT, 2 5/8"" Barrel",$379.95,https://www.amazon.com/MARUCCI-Aluminum-Baseball-Barrel-29/dp/B0B5NQCFSQ/ref=sr_1_18?crid=1ETD973V81N4Y&keywords=baseball+bat&qid=1670362008&sprefix=baseball+bat%2Caps%2C70&sr=8-18,https://m.media-amazon.com/images/I/51c6+h8-fNL._AC_UL320_.jpg
"BARNETT BB-W 24'', 28'', 30'', 32'' Wooden Baseball Bat, Wood,",$25.99,https://www.amazon.com/BB-W-Wooden-baseball-bat-size/dp/B0039NKEZQ/ref=sr_1_19?crid=1ETD973V81N4Y&keywords=baseball+bat&qid=1670362008&sprefix=baseball+bat%2Caps%2C70&sr=8-19,https://m.media-amazon.com/images/I/51w0G+QbjXL._AC_UL320_.jpg
"Aluminum Baseball Bat - 28 Inch - 13 Oz or 35 Oz - for Batting Practice, Home Defense, Training, Security, Softball and Protection - KOTIONOK",$26.99,https://www.amazon.com/Baseball-Bat-Self-Defense-Softball-Lightweight/dp/B08CG5S115/ref=sr_1_20?crid=1ETD973V81N4Y&keywords=baseball+bat&qid=1670362008&sprefix=baseball+bat%2Caps%2C70&sr=8-20,https://m.media-amazon.com/images/I/71pkoHiGq2L._AC_UL320_.jpg
Rawlings | CHAOS Youth Baseball Bat Series | USA | -11 | Multiple Lengths,$69.01,https://www.amazon.com/Rawlings-Exclusive-Chaos-Baseball-USAC11-30/dp/B08KTW45ZS/ref=sr_1_21?crid=1ETD973V81N4Y&keywords=baseball+bat&qid=1670362008&sprefix=baseball+bat%2Caps%2C70&sr=8-21,https://m.media-amazon.com/images/I/61Lse3zib+L._AC_UL320_.jpg
Diamond Kinetics SwingTracker Baseball & Softball,$99.99,https://www.amazon.com/gp/slredirect/picassoRedirect.html/ref=pa_sp_mtf_aps_sr_pg1_1?ie=UTF8&adId=A02686932ULW1G55HT2JT&qualifier=1670362008&id=5484208659990079&widgetName=sp_mtf&url=%2FDiamond-Kinetics-SwingTracker-Baseball-Softball%2Fdp%2FB01MTK2211%2Fref%3Dsr_1_22_sspa%3Fcrid%3D1ETD973V81N4Y%26keywords%3Dbaseball%2Bbat%26qid%3D1670362008%26sprefix%3Dbaseball%2Bbat%252Caps%252C70%26sr%3D8-22-spons%26psc%3D1,https://m.media-amazon.com/images/I/71JCx+LSo7L._AC_UL320_.jpg
Jadekylin Aluminum Baseball Tball Bat -2 1/4 Barrel,$21.89,https://www.amazon.com/gp/slredirect/picassoRedirect.html/ref=pa_sp_mtf_aps_sr_pg1_1?ie=UTF8&adId=A071637220KIN4S1HWNRJ&qualifier=1670362008&id=5484208659990079&widgetName=sp_mtf&url=%2FJadekylin-Aluminum-Baseball-Barrel-Silver%2Fdp%2FB0B9YW71YB%2Fref%3Dsr_1_23_sspa%3Fcrid%3D1ETD973V81N4Y%26keywords%3Dbaseball%2Bbat%26qid%3D1670362008%26sprefix%3Dbaseball%2Bbat%252Caps%252C70%26sr%3D8-23-spons%26psc%3D1,https://m.media-amazon.com/images/I/61xLyV+RfUL._AC_UL320_.jpg
"Axe Bat 2023 Avenge Pro USSSA Youth Baseball Bat, 3-Piece Composite, Blue/White",$319.99,https://www.amazon.com/gp/slredirect/picassoRedirect.html/ref=pa_sp_mtf_aps_sr_pg1_1?ie=UTF8&adId=A09281172FVAVMKNOXYK2&qualifier=1670362008&id=5484208659990079&widgetName=sp_mtf&url=%2FAxe-Avenge-USSSA-Composite-Baseball%2Fdp%2FB0B1KLKZC2%2Fref%3Dsr_1_24_sspa%3Fcrid%3D1ETD973V81N4Y%26keywords%3Dbaseball%2Bbat%26qid%3D1670362008%26sprefix%3Dbaseball%2Bbat%252Caps%252C70%26sr%3D8-24-spons%26psc%3D1,https://m.media-amazon.com/images/I/612zQTCQhoL._AC_UL320_.jpg
Easton TYPHOON USA Baseball Bat | -12 | 1 Pc. Aluminum | 2 1/4 Barrel,$61.19,https://www.amazon.com/gp/slredirect/picassoRedirect.html/ref=pa_sp_mtf_aps_sr_pg1_1?ie=UTF8&adId=A04537441HNRQ0W4SHRN7&qualifier=1670362008&id=5484208659990079&widgetName=sp_mtf&url=%2FEaston-TYPHOON-Baseball-Barrel-YSB22TY12%2Fdp%2FB09BG3VH6W%2Fref%3Dsr_1_25_sspa%3Fcrid%3D1ETD973V81N4Y%26keywords%3Dbaseball%2Bbat%26qid%3D1670362008%26sprefix%3Dbaseball%2Bbat%252Caps%252C70%26sr%3D8-25-spons%26psc%3D1,https://m.media-amazon.com/images/I/61iQnjiIRSL._AC_UL320_.jpg
Louisville Slugger 2022 Omaha® (-10) USA Youth Baseball Bat,$94.95,https://www.amazon.com/Louisville-Slugger-Omaha%C2%AE-Youth-Baseball/dp/B09HZFB5WV/ref=sr_1_26?crid=1ETD973V81N4Y&keywords=baseball+bat&qid=1670362008&sprefix=baseball+bat%2Caps%2C70&sr=8-26,https://m.media-amazon.com/images/I/61sGWFKpDPL._AC_UL320_.jpg
"Easton REFLEX -12 USA Youth Baseball Bat, Big Barrel, 1 Pc. Aluminum, YBB21REF12",$95.53,https://www.amazon.com/EASTON-Reflex-Baseball-Barrel-YBB21REF12/dp/B089DPQQ3W/ref=sr_1_27?crid=1ETD973V81N4Y&keywords=baseball+bat&qid=1670362008&sprefix=baseball+bat%2Caps%2C70&sr=8-27,https://m.media-amazon.com/images/I/71P5U1ptAlL._AC_UL320_.jpg
Rawlings 2022 5150 USA Baseball Bat | -11-10 -5 | 1 Pc. Aluminum | 2 5/8 Barrel,$69.95,https://www.amazon.com/Rawlings-Baseball-Black-Electric-US1511-29/dp/B08K9DMH1D/ref=sr_1_28?crid=1ETD973V81N4Y&keywords=baseball+bat&qid=1670362008&sprefix=baseball+bat%2Caps%2C70&sr=8-28,https://m.media-amazon.com/images/I/51vMz5zc2pL._AC_UL320_.jpg
Farsler Baseball Bat 25 Inch Aluminum Alloy Thickened Baseball Bat Home Defense and Personal Self-Defense,$23.99,https://www.amazon.com/Farsler-Baseball-Aluminum-Thickened-Self-Defense/dp/B0874HYW4K/ref=sr_1_29?crid=1ETD973V81N4Y&keywords=baseball+bat&qid=1670362008&sprefix=baseball+bat%2Caps%2C70&sr=8-29,https://m.media-amazon.com/images/I/51Im3Mb+WGL._AC_UL320_.jpg
"TargetEvo Natural Wood Baseball Bat Outdoor Sports Slugger Wooden Bat Self Defense Rounder Bat 21"" 25"" 29"" 33""",$15.30,https://www.amazon.com/TargetEvo-Natural-Baseball-Outdoor-Slugger/dp/B06XRNVP89/ref=sr_1_30?crid=1ETD973V81N4Y&keywords=baseball+bat&qid=1670362008&sprefix=baseball+bat%2Caps%2C70&sr=8-30,https://m.media-amazon.com/images/I/51wTkCZmKdL._AC_UL320_.jpg
Easton 2022 ADV 360 USA Baseball Bat | -5 -8 -10 -11 | 2 Pc. Composite | 2 5/8 Barrel,$299.95,https://www.amazon.com/Easton-Composite-Baseball-Barrel-Yellow/dp/B0978N9MJH/ref=sr_1_31?crid=1ETD973V81N4Y&keywords=baseball+bat&qid=1670362008&sprefix=baseball+bat%2Caps%2C70&sr=8-31,https://m.media-amazon.com/images/I/61WM-An1toS._AC_UL320_.jpg
Rawlings | Remix USA Baseball Bat | -10 | 1 Pc. Aluminum | 2 1/4 Barrel,$39.95,https://www.amazon.com/Rawlings-Exclusive-Baseball-Silver-AMAUSAR10-28/dp/B08KTW6FVC/ref=sr_1_32?crid=1ETD973V81N4Y&keywords=baseball+bat&qid=1670362008&sprefix=baseball+bat%2Caps%2C70&sr=8-32,https://m.media-amazon.com/images/I/61sLquRpDKL._AC_UL320_.jpg
"Louisville Slugger 18"" Mini Bat",$9.99,https://www.amazon.com/Louisville-Slugger-Milwaukee-Brewers-Mini/dp/B01MQVDORP/ref=sr_1_33?crid=1ETD973V81N4Y&keywords=baseball+bat&qid=1670362008&sprefix=baseball+bat%2Caps%2C70&sr=8-33,https://m.media-amazon.com/images/I/51IT3ywzyNL._AC_UL320_.jpg
Easton Pink Sapphire -10 Girls Fastpitch Softball Bat,$24.82,https://www.amazon.com/Easton-Womens-SAPPHIRE-Pitch-Softball/dp/B0749YB91V/ref=sr_1_34?crid=1ETD973V81N4Y&keywords=baseball+bat&qid=1670362008&sprefix=baseball+bat%2Caps%2C70&sr=8-34,https://m.media-amazon.com/images/I/71JdkYHLY3L._AC_UL320_.jpg
SZYT 25 inch Baseball Bat Self-Defense Softball Bat Home Defense Lightweight Aluminum Alloy Silver,$19.79,https://www.amazon.com/SZYT-Baseball-Self-Defense-Softball-Lightweight/dp/B0BG5HKWVH/ref=sr_1_35?crid=1ETD973V81N4Y&keywords=baseball+bat&qid=1670362008&sprefix=baseball+bat%2Caps%2C70&sr=8-35,https://m.media-amazon.com/images/I/41CPIWggCVL._AC_UL320_.jpg
Easton SPEED USA Baseball Bat | -10 | 1 Pc. Aluminum | Big Barrel,$57.81,https://www.amazon.com/Easton-Certified-Baseball-Barrel-YBB22SPD10/dp/B0977WLVX3/ref=sr_1_36?crid=1ETD973V81N4Y&keywords=baseball+bat&qid=1670362008&sprefix=baseball+bat%2Caps%2C70&sr=8-36,https://m.media-amazon.com/images/I/61374Tuo-dS._AC_UL320_.jpg
Rawlings Remix T-Ball Bat | USA Baseball | -12 | 1 Pc. Aluminum | 2 1/4 Barrel,$24.99,https://www.amazon.com/Rawlings-Remix-Youth-AMATBRB12-24-12/dp/B084TMKG39/ref=sr_1_37?crid=1ETD973V81N4Y&keywords=baseball+bat&qid=1670362008&sprefix=baseball+bat%2Caps%2C70&sr=8-37,https://m.media-amazon.com/images/I/61RVQGy0sjL._AC_UL320_.jpg
"DeMarini 2022 The Goods One Piece (-3) BBCOR Baseball Bat - 31"", 32"", 33"", 34""",$349.95,https://www.amazon.com/DeMarini-Goods-Piece-BBCOR-Baseball/dp/B096BMX3H3/ref=sr_1_38?crid=1ETD973V81N4Y&keywords=baseball+bat&qid=1670362008&sprefix=baseball+bat%2Caps%2C70&sr=8-38,https://m.media-amazon.com/images/I/61nbRql6sdL._AC_UL320_.jpg
Rawlings 2022 Machine USA Baseball Bat | -10 | 1 Pc. Aluminum | 2 5/8 Barrel,$59.95,https://www.amazon.com/Rawlings-Machine-Baseball-Aluminum-Barrel/dp/B09BG36FCY/ref=sr_1_39?crid=1ETD973V81N4Y&keywords=baseball+bat&qid=1670362008&sprefix=baseball+bat%2Caps%2C70&sr=8-39,https://m.media-amazon.com/images/I/61Hl5SA+Z2L._AC_UL320_.jpg
Rawlings | Official League Recreational Use Practice Baseballs | Youth | Bag of 12 | OLB3BAG12 | 12 Count,$24.72,https://www.amazon.com/Rawlings-Official-Recreational-Baseballs-OLB3BAG12/dp/B0000CA8WW/ref=sr_1_40?crid=1ETD973V81N4Y&keywords=baseball+bat&qid=1670362008&sprefix=baseball+bat%2Caps%2C70&sr=8-40,https://m.media-amazon.com/images/I/71Rt7dMxzJL._AC_UL320_.jpg
"Franklin Sports Plastic Baseball Bat + Ball Set - MLB Kids Plastic Bats - Lightweight Kids Bat + Plastic Baseball Set - 30"" Youth Baseball Bat - Multiple Colors",$12.20,https://www.amazon.com/Franklin-Sports-Authentic-Plastic-Ball/dp/B075SKR5MN/ref=sr_1_41?crid=1ETD973V81N4Y&keywords=baseball+bat&qid=1670362008&sprefix=baseball+bat%2Caps%2C70&sr=8-41,https://m.media-amazon.com/images/I/71NempoIjAL._AC_UL320_.jpg
"True Temper (-12) 2 1/4"" USA Baseball T-Ball Bat",$27.89,https://www.amazon.com/TRUE-TEMPER-Dynamic-Baseball-T-Ball/dp/B09XY2MPK8/ref=sr_1_42_mod_primary_new?crid=1ETD973V81N4Y&keywords=baseball+bat&qid=1670362008&sbo=RZvfv%2F%2FHxDF%2BO5021pAnSA%3D%3D&sprefix=baseball+bat%2Caps%2C70&sr=8-42,https://m.media-amazon.com/images/I/61HlZINXotL._AC_UL320_.jpg
DeMarini 2022 Uprising Junior Big Barrel (-10) USSSA Youth Baseball Bat,$101.42,https://www.amazon.com/DeMarini-Uprising-Junior-Barrel-Baseball/dp/B096BJML5P/ref=sr_1_43?crid=1ETD973V81N4Y&keywords=baseball+bat&qid=1670362008&sprefix=baseball+bat%2Caps%2C70&sr=8-43,https://m.media-amazon.com/images/I/71IXHh0azBL._AC_UL320_.jpg
"EASTON QUANTUM -11 USA Youth Baseball Bat, Big Barrel, 1 Pc. Aluminum, YBB21QUAN11",$73.70,https://www.amazon.com/EASTON-Quantum-Baseball-Barrel-YBB21QUAN11/dp/B089DNTTYR/ref=sr_1_44?crid=1ETD973V81N4Y&keywords=baseball+bat&qid=1670362008&sprefix=baseball+bat%2Caps%2C70&sr=8-44,https://m.media-amazon.com/images/I/71djDzyrUzL._AC_UL320_.jpg
Easton | PRO STIX PLASTIC BAT AND BALL SET | All Ages,$16.99,https://www.amazon.com/Easton-STIX-PLASTIC-BALL-Ages/dp/B001Q9RUFW/ref=sr_1_45?crid=1ETD973V81N4Y&keywords=baseball+bat&qid=1670362008&sprefix=baseball+bat%2Caps%2C70&sr=8-45,https://m.media-amazon.com/images/I/41YP2GURlGL._AC_UL320_.jpg
Rawlings Sporting Goods Adirondack Ash Wood Bat,$35.95,https://www.amazon.com/Rawlings-Adirondack-Ash-Wood-Black/dp/B00XD7021Y/ref=sr_1_46?crid=1ETD973V81N4Y&keywords=baseball+bat&qid=1670362008&sprefix=baseball+bat%2Caps%2C70&sr=8-46,https://m.media-amazon.com/images/I/51yrRVSTs+L._AC_UL320_.jpg
WIN.MAX Baseball Bat Self-Defense Softball Bat Home Defense Lightweight Aluminum Alloy 32 inch，Metal Baseball Bats,$23.99,https://www.amazon.com/Youth-Baseball-Defense-Aluminum-Metal/dp/B09W1N3FJK/ref=sr_1_47?crid=1ETD973V81N4Y&keywords=baseball+bat&qid=1670362008&sprefix=baseball+bat%2Caps%2C70&sr=8-47,https://m.media-amazon.com/images/I/41SU+kh-ozL._AC_UL320_.jpg
"Invech 2 Baseball Bat Holder ,Wall Mount Display Case for Softball Bat, Sturdy Bamboo Wood Horizontal Rack & Bracket , Bat Souvenir Stand with Screws& Anchors.",$13.99,https://www.amazon.com/Invech-Baseball-Softball-Horizontal-Souvenir/dp/B0BH8Q4K9H/ref=sr_1_48?crid=1ETD973V81N4Y&keywords=baseball+bat&qid=1670362008&sprefix=baseball+bat%2Caps%2C70&sr=8-48,https://m.media-amazon.com/images/I/71XXQfVkE0L._AC_UL320_.jpg
Diamond Kinetics SwingTracker Baseball & Softball,$99.99,https://www.amazon.com/Diamond-Kinetics-SwingTracker-Baseball-Softball/dp/B01MTK2211/ref=sr_1_49?crid=1ETD973V81N4Y&keywords=baseball+bat&qid=1670362008&sprefix=baseball+bat%2Caps%2C70&sr=8-49,https://m.media-amazon.com/images/I/71JCx+LSo7L._AC_UL320_.jpg
"Cold Steel Brooklyn Series Unbreakable Baseball Bat - Made of High-Impact Polypropylene, Brooklyn Slammer (19""), One Size (92BSW)",$29.97,https://www.amazon.com/Cold-Steel-Brooklyn-Unbreakable-Baseball/dp/B084PTJDMY/ref=sr_1_50?crid=1ETD973V81N4Y&keywords=baseball+bat&qid=1670362008&sprefix=baseball+bat%2Caps%2C70&sr=8-50,https://m.media-amazon.com/images/I/51LX1vVY8hL._AC_UL320_.jpg
"Baseball Bat,Classic Wooden Baseball Bat for Baseball Training,Home Self Defense Baseball Bat for Youth Kids Teenagers Adult",$25.99,https://www.amazon.com/Baseball-Classic-Training-Defense-Teenagers/dp/B09YD1TLX3/ref=sr_1_51?crid=1ETD973V81N4Y&keywords=baseball+bat&qid=1670362008&sprefix=baseball+bat%2Caps%2C70&sr=8-51,https://m.media-amazon.com/images/I/61qVtt0RfgL._AC_UL320_.jpg
Lizard Skins DSP Ultra 1.1mm Bat Grip – Next-Gen Durasoft Polymer Baseball & Softball Bat Tape,$16.99,https://www.amazon.com/Lizard-Skins-Ultra-1-1mm-Grip/dp/B0BNSBJ92Y/ref=sr_1_52?crid=1ETD973V81N4Y&keywords=baseball+bat&qid=1670362008&sprefix=baseball+bat%2Caps%2C70&sr=8-52,https://m.media-amazon.com/images/I/61rUmukeLNL._AC_UL320_.jpg
"Louisville Slugger 2022 Meta (-3) BBCOR Baseball Bat - 31"", 32"", 33"", 34""",$399.95,https://www.amazon.com/Louisville-Slugger-2022-BBCOR-Baseball/dp/B09HZ3CX89/ref=sr_1_53?crid=1ETD973V81N4Y&keywords=baseball+bat&qid=1670362008&sprefix=baseball+bat%2Caps%2C70&sr=8-53,https://m.media-amazon.com/images/I/71hybuoG2HL._AC_UL320_.jpg
Farsler Baseball Bat 25 inch Aluminum Alloy Thick Baseball Stick bar Home Defense,$23.99,https://www.amazon.com/Farsler-Baseball-Aluminum-Alloy-Defense/dp/B085DF3SR7/ref=sr_1_54?crid=1ETD973V81N4Y&keywords=baseball+bat&qid=1670362008&sprefix=baseball+bat%2Caps%2C70&sr=8-54,https://m.media-amazon.com/images/I/51iYcvXN1dL._AC_UL320_.jpg
Louisville Slugger 2020 Dynasty PWR (-9) 2 5/8' USA Baseball Bat (Packaging may vary),$60.31,https://www.amazon.com/Louisville-Slugger-2020-Dynasty-Baseball/dp/B07XC872XH/ref=sr_1_55?crid=1ETD973V81N4Y&keywords=baseball+bat&qid=1670362008&sprefix=baseball+bat%2Caps%2C70&sr=8-55,https://m.media-amazon.com/images/I/716xxvnH7tL._AC_UL320_.jpg
Tiger Stick! in The Wrapper 4.25 OZ Hand Grip Pine Tar Baseball Bat,$11.50,https://www.amazon.com/Tiger-Stick-Wrapper-4-25-Baseball/dp/B00GGV6ZDI/ref=sr_1_56?crid=1ETD973V81N4Y&keywords=baseball+bat&qid=1670362008&sprefix=baseball+bat%2Caps%2C70&sr=8-56,https://m.media-amazon.com/images/I/61GEq3tKu2L._AC_UL320_.jpg
Easton | 2023 | Hype COMP Baseball Bat | BBCOR | 2 Pc. Composite | -3 Drop,$499.95,https://www.amazon.com/Easton-2023-Hype-Baseball-BBCOR/dp/B0B4BM1DWT/ref=sr_1_57_mod_primary_new?crid=1ETD973V81N4Y&keywords=baseball+bat&qid=1670362008&sbo=RZvfv%2F%2FHxDF%2BO5021pAnSA%3D%3D&sprefix=baseball+bat%2Caps%2C70&sr=8-57,https://m.media-amazon.com/images/I/61GhY36mMVL._AC_UL320_.jpg
"SZYT 25 inch, 29 inch Baseball Bat Self-Defense Softball Bat Home Defense Lightweight Wood Yellow",$24.79,https://www.amazon.com/gp/slredirect/picassoRedirect.html/ref=pa_sp_btf_aps_sr_pg1_1?ie=UTF8&adId=A0069302R06792MY25DU&qualifier=1670362008&id=5484208659990079&widgetName=sp_btf&url=%2FSZYT-Baseball-Self-Defense-Softball-Lightweight%2Fdp%2FB087NR2VSL%2Fref%3Dsr_1_58_sspa%3Fcrid%3D1ETD973V81N4Y%26keywords%3Dbaseball%2Bbat%26qid%3D1670362008%26sprefix%3Dbaseball%2Bbat%252Caps%252C70%26sr%3D8-58-spons%26psc%3D1%26smid%3DADHQ2WT86K4AK,https://m.media-amazon.com/images/I/41JwLtX3nSL._AC_UL320_.jpg
"Aluminum Baseball Bat - 28 Inch - 13 Oz or 35 Oz - for Batting Practice, Home Defense, Training, Security, Softball and Protection - KOTIONOK",$26.99,https://www.amazon.com/gp/slredirect/picassoRedirect.html/ref=pa_sp_btf_aps_sr_pg1_1?ie=UTF8&adId=A04799233H2KB6TKY2QY9&qualifier=1670362008&id=5484208659990079&widgetName=sp_btf&url=%2FBaseball-Bat-Self-Defense-Softball-Lightweight%2Fdp%2FB08CG5S115%2Fref%3Dsr_1_59_sspa%3Fcrid%3D1ETD973V81N4Y%26keywords%3Dbaseball%2Bbat%26qid%3D1670362008%26sprefix%3Dbaseball%2Bbat%252Caps%252C70%26sr%3D8-59-spons%26psc%3D1,https://m.media-amazon.com/images/I/71pkoHiGq2L._AC_UL320_.jpg
Rawlings 2022 5150 USA Baseball Bat | -11-10 -5 | 1 Pc. Aluminum | 2 5/8 Barrel,$93.95,https://www.amazon.com/gp/slredirect/picassoRedirect.html/ref=pa_sp_btf_aps_sr_pg1_1?ie=UTF8&adId=A0249216RX8Y95S7161Q&qualifier=1670362008&id=5484208659990079&widgetName=sp_btf&url=%2FRawlings-Baseball-Black-Electric-US1511-26%2Fdp%2FB08KB68CVX%2Fref%3Dsr_1_60_sspa%3Fcrid%3D1ETD973V81N4Y%26keywords%3Dbaseball%2Bbat%26qid%3D1670362008%26sprefix%3Dbaseball%2Bbat%252Caps%252C70%26sr%3D8-60-spons%26psc%3D1,https://m.media-amazon.com/images/I/51vMz5zc2pL._AC_UL320_.jpg
