item_name,price,link_to_item,link_to_item_image
"Petcube Bites 2 Lite Interactive WiFi Pet Monitoring Camera with Phone App and Treat Dispenser, 1080p HD Video, Night Vision, Two-Way Audio, Sound and Motion Alerts, Cat and Dog Monitor",$109.95,https://www.amazon.com/gp/slredirect/picassoRedirect.html/ref=pa_sp_atf_aps_sr_pg1_1?ie=UTF8&adId=A092275520S1MP1KD6EVI&qualifier=1670361965&id=8672744310423264&widgetName=sp_atf&url=%2FPetcube-Interactive-Monitoring-Dispenser-Two-Way%2Fdp%2FB08XXKJGKH%2Fref%3Dsr_1_1_sspa%3Fcrid%3D1ETD973V81N4Y%26keywords%3Ddog%26qid%3D1670361965%26sprefix%3Ddog%252Caps%252C70%26sr%3D8-1-spons%26psc%3D1,https://m.media-amazon.com/images/I/81baU1jTpDS._AC_UY218_.jpg
"Pet Hair Remover - Reusable Cat and Dog Hair Remover - Eco-Friendly, Portable, Multi-Surface Lint Roller & Animal Fur Removal Tool",$22.95,https://www.amazon.com/gp/slredirect/picassoRedirect.html/ref=pa_sp_atf_aps_sr_pg1_1?ie=UTF8&adId=A01962683IRQ6XB96CRMH&qualifier=1670361965&id=8672744310423264&widgetName=sp_atf&url=%2FPet-Hair-Remover-Eco-Friendly-Multi-Surface%2Fdp%2FB0B143KLQW%2Fref%3Dsr_1_2_sspa%3Fcrid%3D1ETD973V81N4Y%26keywords%3Ddog%26qid%3D1670361965%26sprefix%3Ddog%252Caps%252C70%26sr%3D8-2-spons%26psc%3D1,https://m.media-amazon.com/images/I/6181RlnLIcL._AC_UY218_.jpg
"Lick Mat for Dogs Slow Feeder Licking Mat Anxiety Relief Lick Pad with Suction Cups for Peanut Butter Food Treats Yogurt, Pets Bathing Grooming Training Calming Mat",$10.99,https://www.amazon.com/Licking-Anxiety-Suction-Grooming-Training/dp/B09T9K68BJ/ref=sr_1_3?crid=1ETD973V81N4Y&keywords=dog&qid=1670361965&sprefix=dog%2Caps%2C70&sr=8-3,https://m.media-amazon.com/images/I/71kdirepzRL._AC_UY218_.jpg
Dog,$5.99,https://www.amazon.com/Dog-Channing-Tatum/dp/B09T9XTH8V/ref=sr_1_4?crid=1ETD973V81N4Y&keywords=dog&qid=1670361965&sprefix=dog%2Caps%2C70&sr=8-4,https://m.media-amazon.com/images/I/91Yls64WG4L._AC_UY218_.jpg
"Kytely Upgraded Dog Car Seat Cover Pet Seat Covers for Back Seat, Scratch Proof & Nonslip Backing & Hammock, 600D Heavy Duty Dog Seat Cover for Cars, Trucks and Suvs",$32.99,https://www.amazon.com/Kytely-Waterproof-Scratch-Nonslip-Backing/dp/B07LBL1NDB/ref=sr_1_5?crid=1ETD973V81N4Y&keywords=dog&qid=1670361965&sprefix=dog%2Caps%2C70&sr=8-5,https://m.media-amazon.com/images/I/61c+RZFvTtL._AC_UY218_.jpg
Portable Dog Water Bottle for Walking 19 OZ or 12 OZ Portable Pet Water Bottles for Puppy Small Medium Large Dogs Water Dispenser Dog Water Bowl Dog Accessories,$10.99,https://www.amazon.com/Portable-Walking-Bottles-Dispenser-Accessories/dp/B098KBJNMH/ref=sr_1_6?crid=1ETD973V81N4Y&keywords=dog&qid=1670361965&sprefix=dog%2Caps%2C70&sr=8-6,https://m.media-amazon.com/images/I/71G9-hNu66L._AC_UY218_.jpg
"Kalimdor Dog Water Bottle, Leak Proof Portable Puppy Water Dispenser with Drinking Feeder for Pets Outdoor Walking, Hiking, Travel, Food Grade Plastic",$11.99,https://www.amazon.com/Kalimdor-Portable-Dispenser-Drinking-Outdoor/dp/B089W25KG3/ref=sr_1_7?crid=1ETD973V81N4Y&keywords=dog&qid=1670361965&sprefix=dog%2Caps%2C70&sr=8-7,https://m.media-amazon.com/images/I/61lOzWQgdbL._AC_UY218_.jpg
A Dog's Purpose,$3.99,https://www.amazon.com/Dogs-Purpose-Britt-Robertson/dp/B06XFMBSV6/ref=sr_1_8?crid=1ETD973V81N4Y&keywords=dog&qid=1670361965&sprefix=dog%2Caps%2C70&sr=8-8,https://m.media-amazon.com/images/I/A1InOEifb+L._AC_UY218_.jpg
iTayga LED Dog Collar USB Rechargeable Light Up Dog Collar Adjustable TPU Pet Collars for Large Medium and Small Dogs,$11.99,https://www.amazon.com/iTayga-Collar-Rechargeable-Adjustable-Collars/dp/B094QKFFGC/ref=sr_1_9?crid=1ETD973V81N4Y&keywords=dog&qid=1670361965&sprefix=dog%2Caps%2C70&sr=8-9,https://m.media-amazon.com/images/I/61TgLaZ25hL._AC_UY218_.jpg
Full Moon All Natural Human Grade Dog Treats,$25.74,https://www.amazon.com/Full-Moon-Natural-Treats-Chicken/dp/B01EX0H12M/ref=sr_1_10?crid=1ETD973V81N4Y&keywords=dog&qid=1670361965&sprefix=dog%2Caps%2C70&sr=8-10,https://m.media-amazon.com/images/I/71kP7Sl-YeL._AC_UY218_.jpg
Dexas MudBuster Portable Dog Paw Washer/ Paw Cleaner,$16.81,https://www.amazon.com/Dexas-MudBuster-Portable-Cleaner-Medium/dp/B01N64DCPR/ref=sr_1_11?crid=1ETD973V81N4Y&keywords=dog&qid=1670361965&sprefix=dog%2Caps%2C70&sr=8-11,https://m.media-amazon.com/images/I/71dZRrY-SEL._AC_UY218_.jpg
"Pet Camera, Indoor Camera for Baby/Pet/Security with Night Vision, Home Security camera, 2-Way Audio, 2.4G WiFi, 360° PTZ Remote Control(Manual Up and Down), Smart Detection, SD&Cloud Storage, GNCC P1",$28.99,https://www.amazon.com/gp/slredirect/picassoRedirect.html/ref=pa_sp_mtf_aps_sr_pg1_1?ie=UTF8&adId=A0090333GCHBANVC62CS&qualifier=1670361965&id=8672744310423264&widgetName=sp_mtf&url=%2FGNCC-Security-Horizontal-Detection-Support%2Fdp%2FB09HT434VC%2Fref%3Dsr_1_12_sspa%3Fcrid%3D1ETD973V81N4Y%26keywords%3Ddog%26qid%3D1670361965%26sprefix%3Ddog%252Caps%252C70%26sr%3D8-12-spons%26psc%3D1,https://m.media-amazon.com/images/I/71JSwpEu5LL._AC_UY218_.jpg
A Dog's Way Home,$2.99,https://www.amazon.com/Dogs-Way-Home-4K-UHD/dp/B07PWJ2W1T/ref=sr_1_13?crid=1ETD973V81N4Y&keywords=dog&qid=1670361965&sprefix=dog%2Caps%2C70&sr=8-13,https://m.media-amazon.com/images/I/91ZkyhHjaBL._AC_UY218_.jpg
"Furbo 360° Dog Camera: [New 2022] Rotating 360° View Wide-Angle Pet Camera with Treat Tossing, Color Night Vision, 1080p HD Pan, 2-Way Audio, Barking Alerts, WiFi, Designed for Dogs",$147.00,https://www.amazon.com/Furbo-Camera-with-360%C2%B0-View/dp/B09GDQZLD1/ref=sr_1_14?crid=1ETD973V81N4Y&keywords=dog&qid=1670361965&sprefix=dog%2Caps%2C70&sr=8-14,https://m.media-amazon.com/images/I/71wynYTVJmL._AC_UY218_.jpg
"DASH Dog Treat Maker, 8-Bones, Non-Stick, Homemade Dog Snacks with Pet Approved Recipes - White",$24.99,https://www.amazon.com/8-Bones-Non-Stick-Homemade-Approved-Recipes/dp/B08FCWX3ZS/ref=sr_1_15?crid=1ETD973V81N4Y&keywords=dog&qid=1670361965&sprefix=dog%2Caps%2C70&sr=8-15,https://m.media-amazon.com/images/I/81wFfsG+MEL._AC_UY218_.jpg
"Adoggygo Dog Bandanas 2 Pack, Premium Cotton Fabric, Multiple Sizes Offered, Plaid Bandanas for Small Medium Large and Extra Large Dogs",$11.99,https://www.amazon.com/Adoggygo-Christmas-Bandanas-Premium-Multiple/dp/B0BFVYVNXB/ref=sr_1_16?crid=1ETD973V81N4Y&keywords=dog&qid=1670361965&sprefix=dog%2Caps%2C70&sr=8-16,https://m.media-amazon.com/images/I/71lUCX5CrEL._AC_UY218_.jpg
PET N PET Dog Poop Bag USDA Certified 38% Biobased Poop Bags 270/540 Counts 9x13 Inches Dog Bags for Poop,$11.99,https://www.amazon.com/gp/slredirect/picassoRedirect.html/ref=pa_sp_mtf_aps_sr_pg1_1?ie=UTF8&adId=A09277532S2TI439SD3JF&qualifier=1670361965&id=8672744310423264&widgetName=sp_mtf&url=%2FPET-Certified-Biobased-Counts-Inches%2Fdp%2FB09LQF8BDF%2Fref%3Dsr_1_17_sspa%3Fcrid%3D1ETD973V81N4Y%26keywords%3Ddog%26qid%3D1670361965%26sprefix%3Ddog%252Caps%252C70%26sr%3D8-17-spons%26psc%3D1,https://m.media-amazon.com/images/I/71Bn00K+0ML._AC_UY218_.jpg
A Dog's Journey,$3.99,https://www.amazon.com/Dogs-Journey-4K-UHD/dp/B08NXVQZDM/ref=sr_1_18?crid=1ETD973V81N4Y&keywords=dog&qid=1670361965&sprefix=dog%2Caps%2C70&sr=8-18,https://m.media-amazon.com/images/I/91YC46nvEGL._AC_UY218_.jpg
"Stuffless Squeaky Dog Toys, 2-in-1 No Stuffing Squeak Crinkle Dogs Chew Toy for Small Medium and Large Breed Aggressive Chewers Puppy Teething Chewing Plush with Tough Durable Fabric 5 Pack Pet Gifts",$21.98,https://www.amazon.com/Stuffless-Squeaky-Stuffing-Aggressive-Teething/dp/B0B6BK69VX/ref=sr_1_19?crid=1ETD973V81N4Y&keywords=dog&qid=1670361965&sprefix=dog%2Caps%2C70&sr=8-19,https://m.media-amazon.com/images/I/81Fqp912KUL._AC_UY218_.jpg
"PetHonesty Hemp Calming Chews for Dogs - All-Natural Soothing Snacks with Hemp + Valerian Root, Stress & Dog Anxiety Relief - Helps Aid with Thunder, Fireworks, Chewing & Barking, Vet-Strength (90ct)",$39.99,https://www.amazon.com/PetHonesty-Advanced-Calming-Hemp-Treats/dp/B08J4HNQZF/ref=sr_1_20?crid=1ETD973V81N4Y&keywords=dog&qid=1670361965&sprefix=dog%2Caps%2C70&sr=8-20,https://m.media-amazon.com/images/I/71EPDmoq7sL._AC_UY218_.jpg
"SincoPet Reusable Pee Pad + Free Puppy Grooming Gloves/Quilted, Fast Absorbing Machine Washable Dog Whelping Pad/Waterproof Puppy Training Pad/Housebreaking Absorption Pads",$34.95,https://www.amazon.com/gp/slredirect/picassoRedirect.html/ref=pa_sp_btf_aps_sr_pg1_1?ie=UTF8&adId=A08744302A97UO9721OZF&qualifier=1670361965&id=8672744310423264&widgetName=sp_btf&url=%2F%25E2%259C%2585Washable-Grooming-Reusable-Waterproof-Absorbing%2Fdp%2FB07G5FP94F%2Fref%3Dsr_1_21_sspa%3Fcrid%3D1ETD973V81N4Y%26keywords%3Ddog%26qid%3D1670361965%26sprefix%3Ddog%252Caps%252C70%26sr%3D8-21-spons%26psc%3D1,https://m.media-amazon.com/images/I/416Ka8y+TuL._AC_UY218_.jpg
"Earth Rated Dog Poop Bags, Guaranteed Leak Proof and Extra Thick Waste Bag Refill Rolls For Dogs, 270 Count",$13.99,https://www.amazon.com/gp/slredirect/picassoRedirect.html/ref=pa_sp_btf_aps_sr_pg1_1?ie=UTF8&adId=A0293306IP1FHZMR2PW3&qualifier=1670361965&id=8672744310423264&widgetName=sp_btf&url=%2FEarth-Rated-Unscented-Completely-Inches%2Fdp%2FB00LAI9OM6%2Fref%3Dsr_1_22_sspa%3Fcrid%3D1ETD973V81N4Y%26keywords%3Ddog%26qid%3D1670361965%26sprefix%3Ddog%252Caps%252C70%26sr%3D8-22-spons%26psc%3D1%26smid%3DA38VXSOWQ4K79M,https://m.media-amazon.com/images/I/71b8pWEEVqL._AC_UY218_.jpg
