item_name,price,link_to_item,link_to_item_image
Vilano Diverse 3.0 Performance Hybrid Road Bike 24 Speed Disc Brakes,$349.00,https://www.amazon.com/gp/slredirect/picassoRedirect.html/ref=pa_sp_atf_aps_sr_pg1_1?ie=UTF8&adId=A0861422J7YTUZ5A7LGM&qualifier=1670361931&id=6199563132513075&widgetName=sp_atf&url=%2FVilano-Diverse-Performance-Hybrid-Shimano%2Fdp%2FB01FYGVCWO%2Fref%3Dsr_1_1_sspa%3Fcrid%3D1ETD973V81N4Y%26keywords%3Dbicycle%26qid%3D1670361931%26sprefix%3Dbicycle%252Caps%252C70%26sr%3D8-1-spons%26psc%3D1,https://m.media-amazon.com/images/I/71MRU7aw+OL._AC_UY218_.jpg
"RoyalBaby Freestyle Kids Bike 12 14 16 18 20 Inch Bicycle for Boys Girls Ages 3-12 Years, Multiple Color Options",$115.47,https://www.amazon.com/gp/slredirect/picassoRedirect.html/ref=pa_sp_atf_aps_sr_pg1_1?ie=UTF8&adId=A05135663BBFZ3Q4TOSE1&qualifier=1670361931&id=6199563132513075&widgetName=sp_atf&url=%2FRoyalBaby-Freestyle-Bicycle-Training-Children%2Fdp%2FB005LAZDMY%2Fref%3Dsr_1_2_sspa%3Fcrid%3D1ETD973V81N4Y%26keywords%3Dbicycle%26qid%3D1670361931%26sprefix%3Dbicycle%252Caps%252C70%26sr%3D8-2-spons%26psc%3D1,https://m.media-amazon.com/images/I/71p9EbobU5L._AC_UY218_.jpg
"Huffy Kids Bike Go Girl & Ignyte 20 inch, Quick Connect or Regular Assembly, Kickstand Included",$171.24,https://www.amazon.com/Girl-Girls-Purple-Quick-Connect/dp/B07WPG3135/ref=sr_1_3?crid=1ETD973V81N4Y&keywords=bicycle&qid=1670361931&sprefix=bicycle%2Caps%2C70&sr=8-3,https://m.media-amazon.com/images/I/71HCzpLN8DL._AC_UY218_.jpg
"Schwinn Destiny Girls/Womens Classic Beach Cruiser Bike, Single Speed, Steel Frame, Multiple Colors",$315.54,https://www.amazon.com/Schwinn-Destiny-Womens-Cruiser-Single/dp/B07LC4WF45/ref=sr_1_4?crid=1ETD973V81N4Y&keywords=bicycle&qid=1670361931&sprefix=bicycle%2Caps%2C70&sr=8-4,https://m.media-amazon.com/images/I/8178QOWDjaL._AC_UY218_.jpg
"RoyalBaby Freestyle Kids Bike 12 14 16 18 20 Inch Bicycle for Boys Girls Ages 3-12 Years, Multiple Color Options",$153.57,https://www.amazon.com/Royalbaby-RB16B-6P-Freestyle-Training-Children/dp/B01GQ05PUW/ref=sr_1_5?crid=1ETD973V81N4Y&keywords=bicycle&qid=1670361931&sprefix=bicycle%2Caps%2C70&sr=8-5,https://m.media-amazon.com/images/I/71ApBFPmFjL._AC_UY218_.jpg
"Schwinn Koen & Elm Toddler and Kids Bike, 12-18-Inch Wheels, Training Wheels Included, Boys and Girls Ages 2-9 Years Old",$159.99,https://www.amazon.com/Schwinn-Toddler-16-Inch-Training-Included/dp/B07K3G9Q6F/ref=sr_1_6?crid=1ETD973V81N4Y&keywords=bicycle&qid=1670361931&sprefix=bicycle%2Caps%2C70&sr=8-6,https://m.media-amazon.com/images/I/71OUpGiRQ9L._AC_UY218_.jpg
"Huffy Stone Mountain Hardtail Mountain Bike, 24 Inch, 21-Speed, Lightweight, Gloss Red (74808)",$234.99,https://www.amazon.com/Huffy-Hardtail-Mountain-21-Speed-Lightweight/dp/B07DSSDNM3/ref=sr_1_7?crid=1ETD973V81N4Y&keywords=bicycle&qid=1670361931&sprefix=bicycle%2Caps%2C70&sr=8-7,https://m.media-amazon.com/images/I/81Bf+I8vI4L._AC_UY218_.jpg
"Schwinn Fastback Carbon Road Bike, Fastback Carbon 105, 51cm/Medium Frame","$2,299.99",https://www.amazon.com/Schwinn-Fastback-Performance-Featuring-Lightweight/dp/B07NPKLMJG/ref=sr_1_8?crid=1ETD973V81N4Y&keywords=bicycle&qid=1670361931&sprefix=bicycle%2Caps%2C70&sr=8-8,https://m.media-amazon.com/images/I/81xSSWSxCGL._AC_UY218_.jpg
26 Inch Wheels Adults Hardtail Mountain Bike - 21 Speeds Drivetrain High Carbon Steel Frame Front Suspension with Disc-Brake for Men Women - Men's MTB Bicycle Outroad Mountain Bicycle,$101.99,https://www.amazon.com/Inch-Wheels-Adults-Hardtail-Mountain/dp/B0BKQNJQMK/ref=sr_1_9?crid=1ETD973V81N4Y&keywords=bicycle&qid=1670361931&sprefix=bicycle%2Caps%2C70&sr=8-9,https://m.media-amazon.com/images/I/81BUG92XGUL._AC_UY218_.jpg
"Dynacraft Silver Canyon 26"" Mountain Bike",$168.99,https://www.amazon.com/Dynacraft-Silver-Canyon-Bike-Size/dp/B07DTHPD6P/ref=sr_1_10?crid=1ETD973V81N4Y&keywords=bicycle&qid=1670361931&sprefix=bicycle%2Caps%2C70&sr=8-10,https://m.media-amazon.com/images/I/81-aByA2CzL._AC_UY218_.jpg
"Schwinn Sanctuary 7 Comfort Cruiser Bike, Featuring Retro-Styled 16/18-Inch Steel Frame and 7-Speed Drivetrain with Front and Rear Fenders, Rear Rack, and 26-Inch Wheels",$355.55,https://www.amazon.com/Schwinn-Sanctuary-Retro-Styled-Step-Through-Drivetrain/dp/B07L9VX9CC/ref=sr_1_11?crid=1ETD973V81N4Y&keywords=bicycle&qid=1670361931&sprefix=bicycle%2Caps%2C70&sr=8-11,https://m.media-amazon.com/images/I/71q8aArsnxS._AC_UY218_.jpg
"Schwinn Wayfarer Adult Bike Hybrid Retro-Styled Cruiser, Step-Over or Step-Through Frame Option, 7-Speed Drivetrain, Rear Rack, 700C Wheels, Multiple Colors",$340.63,https://www.amazon.com/gp/slredirect/picassoRedirect.html/ref=pa_sp_mtf_aps_sr_pg1_1?ie=UTF8&adId=A0344858PKQZWC00STQR&qualifier=1670361931&id=6199563132513075&widgetName=sp_mtf&url=%2FSchwinn-Wayfarer-Retro-Styled-Step-Over-Drivetrain%2Fdp%2FB00TYB8QDE%2Fref%3Dsr_1_12_sspa%3Fcrid%3D1ETD973V81N4Y%26keywords%3Dbicycle%26qid%3D1670361931%26sprefix%3Dbicycle%252Caps%252C70%26sr%3D8-12-spons%26psc%3D1,https://m.media-amazon.com/images/I/71r9gjwJcdS._AC_UY218_.jpg
"BELSIZE 16-Inch Belt-Drive Kid's Bike, Lightweight Aluminium Alloy Bicycle(only 12.5 lbs) for 3-7 Years Old",$219.99,https://www.amazon.com/BELSIZE-Lightweight-Aluminium-V-Brakes-Adjustable/dp/B087RJ9T8Y/ref=sr_1_13?crid=1ETD973V81N4Y&keywords=bicycle&qid=1670361931&sprefix=bicycle%2Caps%2C70&sr=8-13,https://m.media-amazon.com/images/I/716OWt5XV2L._AC_UY218_.jpg
"AVASTA Road Hybrid Bike for Women with Kickstand, Lightweight Step Throught 700c Aluminum Alloy Frame, 7-Speed Drivetrain, 4 Colors",$299.99,https://www.amazon.com/AVASTA-Lightweight-Throught-Aluminum-Drivetrain/dp/B09WMYQZRC/ref=sr_1_14?crid=1ETD973V81N4Y&keywords=bicycle&qid=1670361931&sprefix=bicycle%2Caps%2C70&sr=8-14,https://m.media-amazon.com/images/I/61VdB9I-I8L._AC_UY218_.jpg
RoyalBaby Stargirl Kids Bike Girls 12 14 16 18 20 Inch Children's Bicycle with Basket for Age 3-12 Years,$97.50,https://www.amazon.com/Royalbaby-RB12G-1P-Stargirl-Training-Wheels/dp/B00H5FGZG6/ref=sr_1_15?crid=1ETD973V81N4Y&keywords=bicycle&qid=1670361931&sprefix=bicycle%2Caps%2C70&sr=8-15,https://m.media-amazon.com/images/I/81HBJm8p3zL._AC_UY218_.jpg
6KU Track Fixed Gear Bicycle,$299.99,https://www.amazon.com/6KU-Aluminum-Fixed-Single-Speed-Shadow/dp/B07VVGW8JD/ref=sr_1_16?crid=1ETD973V81N4Y&keywords=bicycle&qid=1670361931&sprefix=bicycle%2Caps%2C70&sr=8-16,https://m.media-amazon.com/images/I/71zYYN1n5jL._AC_UY218_.jpg
"Royce Union RMX 700c Mens 3-Speed Commuter Bike, 17"" Aluminum Frame, Cool Gray",$469.99,https://www.amazon.com/gp/slredirect/picassoRedirect.html/ref=pa_sp_mtf_aps_sr_pg1_1?ie=UTF8&adId=A04110372HW2ARPM66XA3&qualifier=1670361931&id=6199563132513075&widgetName=sp_mtf&url=%2FRoyce-Union-3-Speed-Commuter-Aluminum%2Fdp%2FB07BQCM6SN%2Fref%3Dsr_1_17_sspa%3Fcrid%3D1ETD973V81N4Y%26keywords%3Dbicycle%26qid%3D1670361931%26sprefix%3Dbicycle%252Caps%252C70%26sr%3D8-17-spons%26psc%3D1%26smid%3DA1IFS1RGBKPVYG,https://m.media-amazon.com/images/I/71j1VfUtlTL._AC_UY218_.jpg
sixthreezero Around The Block Men Beach Cruiser Bike,$349.99,https://www.amazon.com/sixthreezero-Around-Single-Cruiser-Bicycle/dp/B0176FSSPU/ref=sr_1_18?crid=1ETD973V81N4Y&keywords=bicycle&qid=1670361931&sprefix=bicycle%2Caps%2C70&sr=8-18,https://m.media-amazon.com/images/I/91i3WK9EqbL._AC_UY218_.jpg
"ANCHEER Classic Max Electric Bike for Adults 26'' E-Bikes with 48V 500W Motor, 20MPH 10.4Ah Removable Battery Electric Bicycle, Shimano 21-Speed Gears Mountain Bicycle",$649.99,https://www.amazon.com/ANCHEER-Electric-Removable-21-Speed-Mountain/dp/B0BN5S2F5B/ref=sr_1_19?crid=1ETD973V81N4Y&keywords=bicycle&qid=1670361931&sprefix=bicycle%2Caps%2C70&sr=8-19,https://m.media-amazon.com/images/I/71wfIk2V22L._AC_UY218_.jpg
"Jasion EB3 Adults Electric Bike Foldable Electric Bicycles for Adults 350W Motor, 36V Lithium Battery,3 Levels Pedal Assist, 14"" Teens Folding ebike for Commuter, Exercise…",$399.99,https://www.amazon.com/Jasion-Electric-Foldable-Bicycles-Commuter/dp/B0BBL16YK6/ref=sr_1_20?crid=1ETD973V81N4Y&keywords=bicycle&qid=1670361931&sprefix=bicycle%2Caps%2C70&sr=8-20,https://m.media-amazon.com/images/I/61EY+vT06uL._AC_UY218_.jpg
"Schwinn High Timber Youth/Adult Mountain Bike, Aluminum and Steel Frame Options, 7-21 Speeds Options, 24-29-Inch Wheels, Multiple Colors",$357.69,https://www.amazon.com/gp/slredirect/picassoRedirect.html/ref=pa_sp_btf_aps_sr_pg1_1?ie=UTF8&adId=A0821859QVMMZ11EMGHU&qualifier=1670361931&id=6199563132513075&widgetName=sp_btf&url=%2FSchwinn-Timber-Mountain-27-5-Inch-Wheels%2Fdp%2FB08239TZWY%2Fref%3Dsr_1_21_sspa%3Fcrid%3D1ETD973V81N4Y%26keywords%3Dbicycle%26qid%3D1670361931%26sprefix%3Dbicycle%252Caps%252C70%26sr%3D8-21-spons%26psc%3D1,https://m.media-amazon.com/images/I/71AmSr-L0nL._AC_UY218_.jpg
"Mongoose Title Junior BMX Race Bike, 20-Inch Wheels, Beginner to Intermediate Riders, Lightweight Aluminum Frame, Internal Cable Routing",$279.99,https://www.amazon.com/gp/slredirect/picassoRedirect.html/ref=pa_sp_btf_aps_sr_pg1_1?ie=UTF8&adId=A09409162VZAA53I2FBMN&qualifier=1670361931&id=6199563132513075&widgetName=sp_btf&url=%2FMongoose-M42600U10OS-PC-Racing-BMX-Bicycles-Title-Junior%2Fdp%2FB07WX5VCJJ%2Fref%3Dsr_1_22_sspa%3Fcrid%3D1ETD973V81N4Y%26keywords%3Dbicycle%26qid%3D1670361931%26sprefix%3Dbicycle%252Caps%252C70%26sr%3D8-22-spons%26psc%3D1,https://m.media-amazon.com/images/I/81hhnOauo6L._AC_UY218_.jpg
