item_name,price,link_to_item,link_to_item_image
"Honeywell Full Size Refrigerator 18 Cu Ft with Top Freezer, Double Door, Low noise, Removable Glass Shelves, for Home, Office, Garage, Adjustable Temperature Settings, White",$950.00,https://www.amazon.com/gp/slredirect/picassoRedirect.html/ref=pa_sp_atf_aps_sr_pg1_1?ie=UTF8&adId=A04880392NC52W2A2RD6D&qualifier=1670362095&id=6496997286022438&widgetName=sp_atf&url=%2FHoneywell-Refrigerator-Removable-Adjustable-Temperature%2Fdp%2FB09S3ZBGG1%2Fref%3Dsr_1_1_sspa%3Fcrid%3D1ETD973V81N4Y%26keywords%3Drefrigerator%26qid%3D1670362095%26sprefix%3Drefrigerator%252Caps%252C70%26sr%3D8-1-spons%26psc%3D1,https://m.media-amazon.com/images/I/41kKncVNeCL._AC_UY218_.jpg
"Galanz GLR16FWEE16 3-French Door Refrigerator, 16 cu ft, White","$1,489.99",https://www.amazon.com/gp/slredirect/picassoRedirect.html/ref=pa_sp_atf_aps_sr_pg1_1?ie=UTF8&adId=A0356169CY6PWABUQ83V&qualifier=1670362095&id=6496997286022438&widgetName=sp_atf&url=%2FGalanz-GLR16FWEE16-3-French-Refrigerator-White%2Fdp%2FB0B6BSMRSS%2Fref%3Dsr_1_2_sspa%3Fcrid%3D1ETD973V81N4Y%26keywords%3Drefrigerator%26qid%3D1670362095%26sprefix%3Drefrigerator%252Caps%252C70%26sr%3D8-2-spons%26psc%3D1,https://m.media-amazon.com/images/I/51W8QWaP2AL._AC_UY218_.jpg
"RCA RFR786-BLACK 2 Door Apartment Size Refrigerator with Freezer, 7.5 cu. ft, Retro Black",$345.26,https://www.amazon.com/RCA-RFR786-BLACK-Refrigerator-Black-Retro/dp/B084LMYXFB/ref=sr_1_3?crid=1ETD973V81N4Y&keywords=refrigerator&qid=1670362095&sprefix=refrigerator%2Caps%2C70&sr=8-3,https://m.media-amazon.com/images/I/6188FbYSbeL._AC_UY218_.jpg
"RCA RFR725 2 Door Apartment Size Refrigerator with Freezer, Stainless",$399.99,https://www.amazon.com/RCA-RFR725-Apartment-Refrigerator-Stainless/dp/B082PMYZ2X/ref=sr_1_4?crid=1ETD973V81N4Y&keywords=refrigerator&qid=1670362095&sprefix=refrigerator%2Caps%2C70&sr=8-4,https://m.media-amazon.com/images/I/71O50FrYYyL._AC_UY218_.jpg
Frigidaire EFR376-BLUE 3.2 Cu Ft Blue Retro Bar Fridge with Side Bottle Opener,$210.62,https://www.amazon.com/Frigidaire-EFR376-BLUE-Fridge-Bottle-Opener/dp/B07LDWJSXR/ref=sr_1_5?crid=1ETD973V81N4Y&keywords=refrigerator&qid=1670362095&sprefix=refrigerator%2Caps%2C70&sr=8-5,https://m.media-amazon.com/images/I/71Phk3Yd7ML._AC_UY218_.jpg
"Anukis Compact Refrigerator 4.0 Cu Ft 2 Door Mini Fridge with Freezer For Apartment, Dorm, Office, Family, Basement, Garage, Black",$349.99,https://www.amazon.com/Anukis-Compact-Refrigerator-Apartment-Basement/dp/B09N1D68SK/ref=sr_1_6?crid=1ETD973V81N4Y&keywords=refrigerator&qid=1670362095&sprefix=refrigerator%2Caps%2C70&sr=8-6,https://m.media-amazon.com/images/I/51ztf4m9chL._AC_UY218_.jpg
"Anukis Compact Refrigerator 3.5 Cu Ft 2 Door Mini Fridge with Freezer For Apartment, Dorm, Office, Family, Basement, Garage, Black",$324.99,https://www.amazon.com/gp/slredirect/picassoRedirect.html/ref=pa_sp_mtf_aps_sr_pg1_1?ie=UTF8&adId=A05811703O4TKGME1AGRN&qualifier=1670362095&id=6496997286022438&widgetName=sp_mtf&url=%2FAnukis-Compact-Refrigerator-Apartment-Basement%2Fdp%2FB09N1CN26J%2Fref%3Dsr_1_7_sspa%3Fcrid%3D1ETD973V81N4Y%26keywords%3Drefrigerator%26qid%3D1670362095%26sprefix%3Drefrigerator%252Caps%252C70%26sr%3D8-7-spons%26psc%3D1,https://m.media-amazon.com/images/I/612rOce1JPL._AC_UY218_.jpg
"Frigidaire EFR751, 2 Door Apartment Size Refrigerator with Freezer, 7.2 cu ft, Platinum Series, Stainless Steel, 7.5",$449.99,https://www.amazon.com/Frigidaire-EFR751-Apartment-Refrigerator-Stainless/dp/B088G26FRM/ref=sr_1_8?crid=1ETD973V81N4Y&keywords=refrigerator&qid=1670362095&sprefix=refrigerator%2Caps%2C70&sr=8-8,https://m.media-amazon.com/images/I/61JKlZL+3eL._AC_UY218_.jpg
"Midea WHD-113FSS1 Compact Refrigerator, 3.1 cu ft, Stainless Steel",$200.00,https://www.amazon.com/WHD-113FSS1-Freezer-Adjustable-Refrigerator-Stainless/dp/B00MWXSFM8/ref=sr_1_9?crid=1ETD973V81N4Y&keywords=refrigerator&qid=1670362095&sprefix=refrigerator%2Caps%2C70&sr=8-9,https://m.media-amazon.com/images/I/515la7RinWL._AC_UY218_.jpg
"BLACK+DECKER BCRK17V Compact Refrigerator Energy Star Single Door Mini Fridge with Freezer, 1.7 Cubic Ft., VCM",$147.64,https://www.amazon.com/BLACK-DECKER-BCRK17V-Compact-Refrigerator/dp/B01DZQI732/ref=sr_1_10?crid=1ETD973V81N4Y&keywords=refrigerator&qid=1670362095&sprefix=refrigerator%2Caps%2C70&sr=8-10,https://m.media-amazon.com/images/I/81PSW8faCJL._AC_UY218_.jpg
"RCA RFR322 Mini Refrigerator, Compact Freezer Compartment, Adjustable Thermostat Control, Reversible Door, Ideal Fridge for Dorm, Office, Apartment, Platinum Stainless, 3.2 Cubic Feet",$254.99,https://www.amazon.com/RFR322-B-Refrigerator-Freezer-Compartment-Adjustable-Control-Reversible-Apartment-Platinum/dp/B00IR8H55A/ref=sr_1_11?crid=1ETD973V81N4Y&keywords=refrigerator&qid=1670362095&sprefix=refrigerator%2Caps%2C70&sr=8-11,https://m.media-amazon.com/images/I/61KAQrTihmL._AC_UY218_.jpg
"HCK 24 inch Indoor Under Counter Drawer Fridge, Built-in Beverage and Wine Dual Zone Refrigerator for Home and Commercial Use","$1,699.99",https://www.amazon.com/gp/slredirect/picassoRedirect.html/ref=pa_sp_mtf_aps_sr_pg1_1?ie=UTF8&adId=A00124631QFHZGHLCGSF0&qualifier=1670362095&id=6496997286022438&widgetName=sp_mtf&url=%2FHCK-Counter-Beverage-Refrigerator-Commercial%2Fdp%2FB0B87FDND4%2Fref%3Dsr_1_12_sspa%3Fcrid%3D1ETD973V81N4Y%26keywords%3Drefrigerator%26qid%3D1670362095%26sprefix%3Drefrigerator%252Caps%252C70%26sr%3D8-12-spons%26psc%3D1,https://m.media-amazon.com/images/I/71fX1hLwQiL._AC_UY218_.jpg
"RCA RFR1205-WHITE Refrigerator, 11.5 cu ft, White",$960.63,https://www.amazon.com/RCA-RFR1205-WHITE-Refrigerator-12-White/dp/B084LMRMWG/ref=sr_1_13?crid=1ETD973V81N4Y&keywords=refrigerator&qid=1670362095&sprefix=refrigerator%2Caps%2C70&sr=8-13,https://m.media-amazon.com/images/I/61S6tBJj1gL._AC_UY218_.jpg
Winia French Door Bottom Mount Refrigerator 26 Cu Ft Stainless Steel,"$1,709.66",https://www.amazon.com/WRFS26DTJE-French-Dispenser-Refrigerator-Stainless/dp/B08JHCHG33/ref=sr_1_14?crid=1ETD973V81N4Y&keywords=refrigerator&qid=1670362095&sprefix=refrigerator%2Caps%2C70&sr=8-14,https://m.media-amazon.com/images/I/71PsbKTVPQL._AC_UY218_.jpg
"KRIB BLING 3.5 Cu.ft Compact Refrigerator, Mini Fridge with Freezer, Retro Design Small Drink Chiller with 2 Door Adjustable Mechanical Thermostat for Home, Office, Dorm or RV, Blue",$189.99,https://www.amazon.com/KRIB-BLING-Refrigerator-Adjustable-Mechanical/dp/B0BLYK99P4/ref=sr_1_15?crid=1ETD973V81N4Y&keywords=refrigerator&qid=1670362095&sprefix=refrigerator%2Caps%2C70&sr=8-15,https://m.media-amazon.com/images/I/61rKFhRlDiL._AC_UY218_.jpg
"Galanz GLR10TBKEFR True Top Freezer Retro Refrigerator Frost Free, Dual Door Fridge, Adjustable Electrical Thermostat Control, Black, 10.0 Cu Ft",$599.00,https://www.amazon.com/Galanz-Retro-Refrigerator-Mounted-STAR/dp/B07QYXCFLW/ref=sr_1_16?crid=1ETD973V81N4Y&keywords=refrigerator&qid=1670362095&sprefix=refrigerator%2Caps%2C70&sr=8-16,https://m.media-amazon.com/images/I/71t6xOQlvPL._AC_UY218_.jpg
"Forte F21ARESSS 33inch Refrigerator/Convertible Freezer with 21 cu. ft. Capacity, LED Lighting, Spillproof Glass Shelves, Adjustable Legs, Total No Frost, Right Hinge, Stainless Steel","$1,399.00",https://www.amazon.com/gp/slredirect/picassoRedirect.html/ref=pa_sp_mtf_aps_sr_pg1_1?ie=UTF8&adId=A03339223945UWFES93DL&qualifier=1670362095&id=6496997286022438&widgetName=sp_mtf&url=%2FF21ARESSS-Refrigerator-Temperature-Spillproof-Electronic%2Fdp%2FB095JKLF9F%2Fref%3Dsr_1_17_sspa%3Fcrid%3D1ETD973V81N4Y%26keywords%3Drefrigerator%26qid%3D1670362095%26sprefix%3Drefrigerator%252Caps%252C70%26sr%3D8-17-spons%26psc%3D1%26smid%3DA38F1REGZFNN6L,https://m.media-amazon.com/images/I/11eiCHJbYaL._AC_UY218_.jpg
"KRIB BLING 3.5Cu.Ft Compact Refrigerator Mini Fridge with Freezer, Small Refrigerator with 2 Door, 7 Level Thermostat Removable Shelves for Kitchen, Dorm, Apartment, Bar, Office Silver",$189.99,https://www.amazon.com/Krib-Bling-Refrigerator-Removable-Apartment/dp/B08T5R71KG/ref=sr_1_18?crid=1ETD973V81N4Y&keywords=refrigerator&qid=1670362095&sprefix=refrigerator%2Caps%2C70&sr=8-18,https://m.media-amazon.com/images/I/71f3mSwyQ7L._AC_UY218_.jpg
Frigidaire 17.4 Cu. Ft. 4 Door Refrigerator in Brushed Steel with Adjustable Freezer Storage,"$1,199.00",https://www.amazon.com/Frigidaire-FFBN1721TV-17-4-Stainless-Refrigerator/dp/B07FDDQ366/ref=sr_1_19?crid=1ETD973V81N4Y&keywords=refrigerator&qid=1670362095&sprefix=refrigerator%2Caps%2C70&sr=8-19,https://m.media-amazon.com/images/I/61rmNvNynzL._AC_UY218_.jpg
"COMFEE 1.6 Cubic Feet Solo Series Retro Refrigerator Sleek Appearance HIPS Interior, Energy Saving, Adjustable Legs, Temperature Thermostat Dial, Removable Shelf, Perfect for Home/Dorm/Garage [black]",$119.00,https://www.amazon.com/Refrigerator-Appearance-Adjustable-Temperature-Thermostat/dp/B08T8YW757/ref=sr_1_20?crid=1ETD973V81N4Y&keywords=refrigerator&qid=1670362095&sprefix=refrigerator%2Caps%2C70&sr=8-20,https://m.media-amazon.com/images/I/51CXYjAlWJS._AC_UY218_.jpg
"BLACK+DECKER BCRK25B Compact Refrigerator Energy Star Single Door Mini Fridge with Freezer, 2.5 Cubic Feet, Black",$189.97,https://www.amazon.com/BLACK-DECKER-BCRK25B-Compact-Refrigerator/dp/B01DZQI70K/ref=sr_1_21?crid=1ETD973V81N4Y&keywords=refrigerator&qid=1670362095&sprefix=refrigerator%2Caps%2C70&sr=8-21,https://m.media-amazon.com/images/I/5160K8qeLkL._AC_UY218_.jpg
