item_name,price,link_to_item,link_to_item_image
"TEMI Mist Spay Storage Transport Plane Cargo with 6 Free Wheel Diecast Construction Vehicles and Playmat, Kids Toy Jet Aircraft with Lights & Sounds for 3 4 5 6 Years Old Boys and Girls",$49.99,https://www.amazon.com/gp/slredirect/picassoRedirect.html/ref=pa_sp_atf_aps_sr_pg1_1?ie=UTF8&adId=A0024353394SFY8OIR53S&qualifier=1670361937&id=4992007643339466&widgetName=sp_atf&url=%2FTemi-Transport-Construction-Vehicles-Aircraft%2Fdp%2FB089LPSRPG%2Fref%3Dsr_1_1_sspa%3Fcrid%3D1ETD973V81N4Y%26keywords%3Dairplane%26qid%3D1670361937%26sprefix%3Dairplane%252Caps%252C70%26sr%3D8-1-spons%26psc%3D1,https://m.media-amazon.com/images/I/8154AR9TqAL._AC_UY218_.jpg
"Toyly 2 Pack LED Airplane Toys,17.5"" Large Throwing Foam Plane,2 Flight Mode Glider Plane,Outdoor Toy for Kids,Flying Toy for Kids,Gift Toys for Boys Girls 3 4 5 6 7 8 9 Year Old",$15.99,https://www.amazon.com/gp/slredirect/picassoRedirect.html/ref=pa_sp_atf_aps_sr_pg1_1?ie=UTF8&adId=A047207422VSJCI9U1UQH&qualifier=1670361937&id=4992007643339466&widgetName=sp_atf&url=%2FToyly-Airplane-Throwing-Flight-Outdoor%2Fdp%2FB08YJ8ZYQH%2Fref%3Dsr_1_2_sspa%3Fcrid%3D1ETD973V81N4Y%26keywords%3Dairplane%26qid%3D1670361937%26sprefix%3Dairplane%252Caps%252C70%26sr%3D8-2-spons%26psc%3D1%26smid%3DALU5CZ2ZN70SY,https://m.media-amazon.com/images/I/71UGLtkdo5S._AC_UY218_.jpg
Airplane!,$2.99,https://www.amazon.com/Airplane-Kareem-Abdul-Jabbar/dp/B008RKGCQ6/ref=sr_1_3?crid=1ETD973V81N4Y&keywords=airplane&qid=1670361937&sprefix=airplane%2Caps%2C70&sr=8-3,https://m.media-amazon.com/images/I/71TKu705TzL._AC_UY218_.jpg
"2023 V17 Jet Fighter Stunt RC Airplane -【New Version】RC Plane, 2.4GHz Remote Control Airplane, 360° Stunt Spin Remote & Light RC Airplane, Drop-Resistant Fighter Glider Airplane Hobby Toy (Blue)",$39.97,https://www.amazon.com/V17-Fighter-Airplane-Version%E3%80%91RC-Drop-Resistant/dp/B0BK9W29BC/ref=sr_1_4?crid=1ETD973V81N4Y&keywords=airplane&qid=1670361937&sprefix=airplane%2Caps%2C70&sr=8-4,https://m.media-amazon.com/images/I/61UCLtJ7e+L._AC_UY218_.jpg
Joylludan Model Planes Delta Model Airplane Toy Plane Aircraft Model for Collection & Gifts,$12.99,https://www.amazon.com/Joylludan-Model-Airplane-Plane-Collection/dp/B0BG24YFX4/ref=sr_1_5?crid=1ETD973V81N4Y&keywords=airplane&qid=1670361937&sprefix=airplane%2Caps%2C70&sr=8-5,https://m.media-amazon.com/images/I/61bNrCWy6AL._AC_UY218_.jpg
"Tcvents Airplane Toys, Metal Airbus Pull Back Plane Toys for 3 4 5 6 Year Old Boys Girls, Die Cast Aircraft Plane Jet Models, Kids'Play Vehicles Aeroplane Airplanes for Kids Birthday",$16.99,https://www.amazon.com/Tcvents-Airplane-Aircraft-Aeroplane-Airplanes/dp/B0B2CNHW9M/ref=sr_1_6?crid=1ETD973V81N4Y&keywords=airplane&qid=1670361937&sprefix=airplane%2Caps%2C70&sr=8-6,https://m.media-amazon.com/images/I/617aEnqkAxL._AC_UY218_.jpg
"VOLANTEXRC RC Glider Plane Remote Control Airplane Ranger600 Ready to Fly, 2.4GHz Radio Control Aircraft with 6-Axis Gyro Stabilizer, Excellent Glider Performance for Beginners (761-2 RTF)",$99.99,https://www.amazon.com/gp/slredirect/picassoRedirect.html/ref=pa_sp_mtf_aps_sr_pg1_1?ie=UTF8&adId=A03802003OLRXOW8L782D&qualifier=1670361937&id=4992007643339466&widgetName=sp_mtf&url=%2FVOLANTEXRC-Ranger600-Stabilizer-Beginners-761-2%2Fdp%2FB089YN3J6J%2Fref%3Dsr_1_7_sspa%3Fcrid%3D1ETD973V81N4Y%26keywords%3Dairplane%26qid%3D1670361937%26sprefix%3Dairplane%252Caps%252C70%26sr%3D8-7-spons%26psc%3D1,https://m.media-amazon.com/images/I/619fstxscfS._AC_UY218_.jpg
"Blooming lilies Airplane Toys | Musical Plane Toys for Toddlers, Airplane Crawling Toys with Smart Steering for Infant Early Educational, Baby Toys for 3+ Year Old Boys Girls",$16.97,https://www.amazon.com/Airplane-Toddlers-Crawling-Steering-Educational/dp/B09GPSRH56/ref=sr_1_8?crid=1ETD973V81N4Y&keywords=airplane&qid=1670361937&sprefix=airplane%2Caps%2C70&sr=8-8,https://m.media-amazon.com/images/I/61cjHrj1szL._AC_UY218_.jpg
Daron Southwest Single Plane,$12.57,https://www.amazon.com/Daron-RT8184-Southwest-Single-Plane/dp/B000TQXNKE/ref=sr_1_10?crid=1ETD973V81N4Y&keywords=airplane&qid=1670361937&sprefix=airplane%2Caps%2C70&sr=8-10,https://m.media-amazon.com/images/I/71yCYDwjsTL._AC_UY218_.jpg
"Lydaz 3 Pack Airplane Launcher Toys, 2 Flight Modes LED Slingshot Foam Airplanes for Kids with 3 DIY Stickers, Outdoor Flying Toys Christmas Birthday Gifts for Boys Girls Age 3 4 5 6 7 8-12 Years Old",$22.99,https://www.amazon.com/gp/slredirect/picassoRedirect.html/ref=pa_sp_mtf_aps_sr_pg1_1?ie=UTF8&adId=A0708816W3NT9PRQY6T5&qualifier=1670361937&id=4992007643339466&widgetName=sp_mtf&url=%2FLydaz-Airplane-Slingshot-Airplanes-Christmas%2Fdp%2FB0BGLSVK31%2Fref%3Dsr_1_11_sspa%3Fcrid%3D1ETD973V81N4Y%26keywords%3Dairplane%26qid%3D1670361937%26sprefix%3Dairplane%252Caps%252C70%26sr%3D8-11-spons%26psc%3D1,https://m.media-amazon.com/images/I/81fSQqV3aUL._AC_UY218_.jpg
"EagleStone RC Airplane 2.4GHz 2 Channel Remote Control Plane with Gyro and 3 Batteries (45 Mins), Easy to Fly F-16 Model for Adults, Beginners and Advanced Kids",$49.99,https://www.amazon.com/EagleStone-Airplane-Batteries-Beginners-Advanced/dp/B097RDFMC8/ref=sr_1_12?crid=1ETD973V81N4Y&keywords=airplane&qid=1670361937&sprefix=airplane%2Caps%2C70&sr=8-12,https://m.media-amazon.com/images/I/61C689HB0SL._AC_UY218_.jpg
Airplane II: The Sequel,$2.99,https://www.amazon.com/Airplane-II-Sequel-William-Shatner/dp/B00AA2L6T2/ref=sr_1_13?crid=1ETD973V81N4Y&keywords=airplane&qid=1670361937&sprefix=airplane%2Caps%2C70&sr=8-13,https://m.media-amazon.com/images/I/71cKCj8QgKL._AC_UY218_.jpg
EcoGrowth Aircraft Model American Plane Model Airplane Toy Plane for Collection & Gifts,$9.99,https://www.amazon.com/EcoGrowth-Aircraft-American-Plane-Collection/dp/B0B2CS5NVL/ref=sr_1_14?crid=1ETD973V81N4Y&keywords=airplane&qid=1670361937&sprefix=airplane%2Caps%2C70&sr=8-14,https://m.media-amazon.com/images/I/71T7QipIetL._AC_UY218_.jpg
"Toysery Airplane Toys for Kids, Bump and Go Action, Toddler Toy Plane with LED Flashing Lights and Sounds for Boys & Girls 3 -12 Years Old (Airbus A380)",$24.97,https://www.amazon.com/gp/slredirect/picassoRedirect.html/ref=pa_sp_mtf_aps_sr_pg1_1?ie=UTF8&adId=A061138035TVT5278DFKV&qualifier=1670361937&id=4992007643339466&widgetName=sp_mtf&url=%2FToysery-Airplane-Toys-Kids-Action%2Fdp%2FB01HFBRY00%2Fref%3Dsr_1_15_sspa%3Fcrid%3D1ETD973V81N4Y%26keywords%3Dairplane%26qid%3D1670361937%26sprefix%3Dairplane%252Caps%252C70%26sr%3D8-15-spons%26psc%3D1,https://m.media-amazon.com/images/I/81f5PCrNvdL._AC_UY218_.jpg
"2 Pack Airplane Toys with Launcher, 2 Flight Modes LED Foam Glider Catapult Plane Toy, Outdoor Flying Toy for Kids, Gifts for 3 4 5 6 7 8 9 Years Old Boys Girls, Airplane Birthday Party Supplies",$19.99,https://www.amazon.com/Airplane-Launcher-Catapult-Birthday-Supplies/dp/B0BC973FKS/ref=sr_1_16?crid=1ETD973V81N4Y&keywords=airplane&qid=1670361937&sprefix=airplane%2Caps%2C70&sr=8-16,https://m.media-amazon.com/images/I/81Gy7K7VERL._AC_UY218_.jpg
"4 Pack Foam Airplane Toys, 12.4"" Throwing Foam Plane, 3 Flight Mode Glider Plane, Flying Toy for Kids, Gifts for 3 4 5 6 7 Year Old Boy＆Girl, Outdoor Sport Toys Birthday Party Favors Foam Airplane",$12.99,https://www.amazon.com/Airplane-Throwing-Boy%EF%BC%86Girl-Outdoor-Birthday/dp/B07Y32GP2S/ref=sr_1_17?crid=1ETD973V81N4Y&keywords=airplane&qid=1670361937&sprefix=airplane%2Caps%2C70&sr=8-17,https://m.media-amazon.com/images/I/81WrGdr3x+L._AC_UY218_.jpg
"JoyStone Beginners RC Plane 2.4GHz 2 Channel Remote Control Airplane with 3 Batteries (24 Mins), Easy to Fly for Advanced Kids, Adults",$28.04,https://www.amazon.com/JoyStone-Beginners-Airplane-Batteries-Advanced/dp/B09QPS8LHS/ref=sr_1_18?crid=1ETD973V81N4Y&keywords=airplane&qid=1670361937&sprefix=airplane%2Caps%2C70&sr=8-18,https://m.media-amazon.com/images/I/71tUyVoiWvL._AC_UY218_.jpg
"Nice Dream Airplane Night Light for Kids, 3D Illusion Night Lamp, 16 Colors Changing with Remote Control, Room Decor, Gifts for Children Boys Girls",$12.99,https://www.amazon.com/Nice-Dream-Airplane-Illusion-Changing/dp/B0B589GR1G/ref=sr_1_19?crid=1ETD973V81N4Y&keywords=airplane&qid=1670361937&sprefix=airplane%2Caps%2C70&sr=8-19,https://m.media-amazon.com/images/I/81ztA-ssJwL._AC_UY218_.jpg
"Fuwidvia 3 Pack Airplane Launcher Toys, 2 Flight Modes LED Foam Glider Catapult Plane Toy for Boys, Outdoor Flying Toys Birthday Gifts for Boys Girls 4 5 6 7 8 9 10 11 12 Year Old",$30.99,https://www.amazon.com/Airplane-Launcher-Catapult-Outdoor-Birthday/dp/B09TDP1HCV/ref=sr_1_21?crid=1ETD973V81N4Y&keywords=airplane&qid=1670361937&sprefix=airplane%2Caps%2C70&sr=8-21,https://m.media-amazon.com/images/I/71yjVIRfZIL._AC_UY218_.jpg
"RC Plane 2.4GHz 4 Channel RC Airplane with Gyro and 2 Batteries (25 Mins), Remote Control Aircraft One Key Aerobatic, F-18 Model Great Gift for Adults, Beginners and Advanced Kids",$59.99,https://www.amazon.com/gp/slredirect/picassoRedirect.html/ref=pa_sp_btf_aps_sr_pg1_1?ie=UTF8&adId=A0689808T3E2651CK7N6&qualifier=1670361937&id=4992007643339466&widgetName=sp_btf&url=%2FAirplane-Batteries-Aircraft-Aerobatic-Beginners%2Fdp%2FB0B1PC7K4Y%2Fref%3Dsr_1_22_sspa%3Fcrid%3D1ETD973V81N4Y%26keywords%3Dairplane%26qid%3D1670361937%26sprefix%3Dairplane%252Caps%252C70%26sr%3D8-22-spons%26psc%3D1,https://m.media-amazon.com/images/I/61KV5RzZUIL._AC_UY218_.jpg
