item_name,price,link_to_item,link_to_item_image
"365 by Whole Foods Market, Pizza Thin Crust Four Cheese, 12.5 Ounce",$4.99,https://www.amazon.com/365-Whole-Foods-Market-Frozen/dp/B0812LP6PJ/ref=sr_1_1_f3_0o_wf?crid=1ETD973V81N4Y&keywords=pizza&qid=1670362051&sprefix=pizza%2Caps%2C70&sr=8-1,https://m.media-amazon.com/images/I/61fo2AqxE-L._AC_UL320_.jpg
"365 by Whole Foods Market, Pizza Thin Crust Uncured Pepperoni, 13.3 Ounce",$4.99,https://www.amazon.com/365-Whole-Foods-Market-Pepperoni/dp/B0812LRJ94/ref=sr_1_2_f3_0o_wf?crid=1ETD973V81N4Y&keywords=pizza&qid=1670362051&sprefix=pizza%2Caps%2C70&sr=8-2,https://m.media-amazon.com/images/I/610NIFjOscL._AC_UL320_.jpg
"Whole Foods Market, Prepared Foods Pizza, Uncured Pepperoni 16"", 36.8 Ounce",$11.99,https://www.amazon.com/Whole-Foods-Market-Prepared-Pepperoni/dp/B08DK43L35/ref=sr_1_3_f3_0o_wf?crid=1ETD973V81N4Y&keywords=pizza&qid=1670362051&sprefix=pizza%2Caps%2C70&sr=8-3,https://m.media-amazon.com/images/I/91mpTovGiML._AC_UL320_.jpg
"Whole Foods Market, Prepared Foods Pizza, Cheese 16"", 34.35 Ounce",$10.99,https://www.amazon.com/Whole-Foods-Market-Prepared-Cheese/dp/B08DK3X7Y3/ref=sr_1_4_f3_0o_wf?crid=1ETD973V81N4Y&keywords=pizza&qid=1670362051&sprefix=pizza%2Caps%2C70&sr=8-4,https://m.media-amazon.com/images/I/91qdcgSXHML._AC_UL320_.jpg
"365 by Whole Foods Market, Pizza Thin Crust Supreme, 14.5 Ounce",$4.99,https://www.amazon.com/365-Whole-Foods-Market-Supreme/dp/B0812LWS2R/ref=sr_1_5_f3_0o_wf?crid=1ETD973V81N4Y&keywords=pizza&qid=1670362051&sprefix=pizza%2Caps%2C70&sr=8-5,https://m.media-amazon.com/images/I/71RFHBrFuEL._AC_UL320_.jpg
"365 by Whole Foods Market, Pizza Rising Crust Four Cheese, 20.9 Ounce",$4.29,https://www.amazon.com/365-Whole-Foods-Market-Rising/dp/B0812LW13J/ref=sr_1_6_f3_0o_wf?crid=1ETD973V81N4Y&keywords=pizza&qid=1670362051&sprefix=pizza%2Caps%2C70&sr=8-6,https://m.media-amazon.com/images/I/61VBCoJlSoL._AC_UL320_.jpg
"365 by Whole Foods Market, Pizza Rising Crust Uncured Pepperoni 22.1 Ounce, 22.1 Ounce",$4.29,https://www.amazon.com/365-Whole-Foods-Market-Pepperoni/dp/B0812L6HMJ/ref=sr_1_7_f3_0o_wf?crid=1ETD973V81N4Y&keywords=pizza&qid=1670362051&sprefix=pizza%2Caps%2C70&sr=8-7,https://m.media-amazon.com/images/I/71hPVIjK42L._AC_UL320_.jpg
"365 by Whole Foods Market, Pizza Thin Crust Barbeque Chicken, 14.3 Ounce",$4.99,https://www.amazon.com/365-Whole-Foods-Market-Barbeque/dp/B0812LTDHD/ref=sr_1_8_f3_0o_wf?crid=1ETD973V81N4Y&keywords=pizza&qid=1670362051&sprefix=pizza%2Caps%2C70&sr=8-8,https://m.media-amazon.com/images/I/81h2KiuVHKL._AC_UL320_.jpg
"ROBERTAS FROZEN PIZZA Pizza Margherita, 9.8 OZ",$11.29,https://www.amazon.com/ROBERTAS-FROZEN-PIZZA-Pizza-Margherita/dp/B07C44HLSX/ref=sr_1_9_f3_0o_wf?crid=1ETD973V81N4Y&keywords=pizza&qid=1670362051&sprefix=pizza%2Caps%2C70&sr=8-9,https://m.media-amazon.com/images/I/81SJp00Q6ML._AC_UL320_.jpg
"365 by Whole Foods Market, Pizza Cheese Cauliflower Crust, 12 Ounce",$6.99,https://www.amazon.com/365-Everyday-Value-Cauliflower-Cheese/dp/B07NR35R3M/ref=sr_1_10_f3_0o_wf?crid=1ETD973V81N4Y&keywords=pizza&qid=1670362051&sprefix=pizza%2Caps%2C70&sr=8-10,https://m.media-amazon.com/images/I/81rkHcfKQqL._AC_UL320_.jpg
"Amy's, Pizza Margherita, 13 Ounce",$9.99,https://www.amazon.com/Amys-Pizzas-Margherita-Pizza-Frozen/dp/B001001M5Q/ref=sr_1_11_f3_0o_wf?crid=1ETD973V81N4Y&keywords=pizza&qid=1670362051&sprefix=pizza%2Caps%2C70&sr=8-11,https://m.media-amazon.com/images/I/81nvzboR2jL._AC_UL320_.jpg
"Amy's Frozen Cheese Pizza, Made with Organic Tomatoes and Flour, Hand Stretched Crust, Full Size",$9.99,https://www.amazon.com/Amys-Pizzas-Cheese-Pizza-Frozen/dp/B000O6GA54/ref=sr_1_12_f3_0o_wf?crid=1ETD973V81N4Y&keywords=pizza&qid=1670362051&sprefix=pizza%2Caps%2C70&sr=8-12,https://m.media-amazon.com/images/I/91ONGSU2V1L._AC_UL320_.jpg
"Whole Foods Market, Frozen Wood-Fired Pizza, Italian Cheeseboard, 13.7 Ounce",$7.99,https://www.amazon.com/Whole-Foods-Market-Italian-Cheeseboard/dp/B0812M2RFR/ref=sr_1_13_f3_0o_wf?crid=1ETD973V81N4Y&keywords=pizza&qid=1670362051&sprefix=pizza%2Caps%2C70&sr=8-13,https://m.media-amazon.com/images/I/91tlMVSQdcL._AC_UL320_.jpg
"Whole Foods Market, Prepared Foods Pizza, Classic Veggie 16"", 37.85 Ounce",$10.99,https://www.amazon.com/Whole-Foods-Market-Prepared-Classic/dp/B08DKCMX4N/ref=sr_1_14_f3_0o_wf?crid=1ETD973V81N4Y&keywords=pizza&qid=1670362051&sprefix=pizza%2Caps%2C70&sr=8-14,https://m.media-amazon.com/images/I/91-MqbJKkiL._AC_UL320_.jpg
"Amy's Frozen Spinach Pizza, Made with Feta, Mozzarella and Organic Tomatoes, Hand Stretched Crust, Full Size",$9.99,https://www.amazon.com/Amys-Pizzas-Spinach-Pizza-Frozen/dp/B000O6EFJW/ref=sr_1_15_f3_0o_wf?crid=1ETD973V81N4Y&keywords=pizza&qid=1670362051&sprefix=pizza%2Caps%2C70&sr=8-15,https://m.media-amazon.com/images/I/91HwgsECmXS._AC_UL320_.jpg
"Eat Pizza, Pizza Classic Margherita, 10.69 Ounce (Frozen)",$8.99,https://www.amazon.com/EAT-PIZZA-Classic-Margherita-Pizza/dp/B07D7HHTJ1/ref=sr_1_16_f3_0o_wf?crid=1ETD973V81N4Y&keywords=pizza&qid=1670362051&sprefix=pizza%2Caps%2C70&sr=8-16,https://m.media-amazon.com/images/I/91T6oT4srxL._AC_UL320_.jpg
"TABLE 87 Margherita Pizza Slice, 5.12 OZ",$6.69,https://www.amazon.com/TABLE-87-Pizza-Frozen-Coal/dp/B07DSC58M8/ref=sr_1_17_f3_0o_wf?crid=1ETD973V81N4Y&keywords=pizza&qid=1670362051&sprefix=pizza%2Caps%2C70&sr=8-17,https://m.media-amazon.com/images/I/91aT2xxuqyL._AC_UL320_.jpg
"American Flatbread, Pizza Cheese Herb, 13.8 Ounce",$12.49,https://www.amazon.com/American-Flatbread-Pizza-Cheese-Ounce/dp/B08RWJCVKT/ref=sr_1_18_f3_0o_wf?crid=1ETD973V81N4Y&keywords=pizza&qid=1670362051&sprefix=pizza%2Caps%2C70&sr=8-18,https://m.media-amazon.com/images/I/91FUisPz+uL._AC_UL320_.jpg
"365 by Whole Foods Market 3-Meat Rising Crust Pizza, 22.6 Ounce",$4.29,https://www.amazon.com/365-WFM-3-Meat-Rising-Crust/dp/B08R28CH8Y/ref=sr_1_19_f3_0o_wf?crid=1ETD973V81N4Y&keywords=pizza&qid=1670362051&sprefix=pizza%2Caps%2C70&sr=8-19,https://m.media-amazon.com/images/I/71srjKYCQhL._AC_UL320_.jpg
"Eat Pizza, Pizza Three Cheese, 10.69 Ounce (Frozen)",$8.99,https://www.amazon.com/EAT-PIZZA-Three-Cheese-Pizza/dp/B07D6V9F4D/ref=sr_1_20_f3_0o_wf?crid=1ETD973V81N4Y&keywords=pizza&qid=1670362051&sprefix=pizza%2Caps%2C70&sr=8-20,https://m.media-amazon.com/images/I/91xQqVgAqsL._AC_UL320_.jpg
"Cappellos Spinach With Caramelized Onion White Pizza, 10.85 OZ",$12.79,https://www.amazon.com/Cappellos-White-Pizza-Spinach-Caramelized/dp/B082N689NP/ref=sr_1_21_f3_0o_wf?crid=1ETD973V81N4Y&keywords=pizza&qid=1670362051&sprefix=pizza%2Caps%2C70&sr=8-21,https://m.media-amazon.com/images/I/81I6inOyZmL._AC_UL320_.jpg
"American Flatbread, Pizza Revolution, 16.8 Ounce",$12.49,https://www.amazon.com/American-Flatbread-Pizza-Revolution-Ounce/dp/B092MJTWRV/ref=sr_1_22_f3_0o_wf?crid=1ETD973V81N4Y&keywords=pizza&qid=1670362051&sprefix=pizza%2Caps%2C70&sr=8-22,https://m.media-amazon.com/images/I/91PICpA1QWL._AC_UL320_.jpg
"Annie's Three Cheese Mini Frozen Pizza Bagels, 9 Bagels, 6.65 oz.",$6.39,https://www.amazon.com/Annies-Bagels-Cheese-Frozen-Snacks/dp/B00O05H04A/ref=sr_1_23_f3_0o_wf?crid=1ETD973V81N4Y&keywords=pizza&qid=1670362051&sprefix=pizza%2Caps%2C70&sr=8-23,https://m.media-amazon.com/images/I/81NEpTtGL6L._AC_UL320_.jpg
"Banza Chickpea Crust Margherita Pizza, 11.5oz",$7.29,https://www.amazon.com/Banza-Margherita-Chickpea-Pizza-11-5/dp/B08DYZTSC5/ref=sr_1_24_f3_0o_wf?crid=1ETD973V81N4Y&keywords=pizza&qid=1670362051&sprefix=pizza%2Caps%2C70&sr=8-24,https://m.media-amazon.com/images/I/61Nm9ueC1RL._AC_UL320_.jpg
"CAULIPOWER Buffalo-Style Chicken Stone-fired Cauliflower Crust Pizza, 10.9 oz",$8.99,https://www.amazon.com/CAULIPOWER-Buffalo-Style-Chicken-Cauliflower-Crust/dp/B08J4K35N8/ref=sr_1_25_f3_0o_wf?crid=1ETD973V81N4Y&keywords=pizza&qid=1670362051&sprefix=pizza%2Caps%2C70&sr=8-25,https://m.media-amazon.com/images/I/81UfYkLrlzS._AC_UL320_.jpg
"Eat Pizza, Pizza Wild Mushroom, 10.69 Ounce (Frozen)",$8.99,https://www.amazon.com/EAT-PIZZA-Mushroom-Pizza-10-69/dp/B07D6SL69F/ref=sr_1_26_f3_0o_wf?crid=1ETD973V81N4Y&keywords=pizza&qid=1670362051&sprefix=pizza%2Caps%2C70&sr=8-26,https://m.media-amazon.com/images/I/91JCwM9BRgL._AC_UL320_.jpg
"Caulipower, Pizza Veggie, 10.9 Ounce",$8.99,https://www.amazon.com/Caulipower-Veggie-Cauliflower-Pizza-Crust/dp/B0747V9FBB/ref=sr_1_27_f3_0o_wf?crid=1ETD973V81N4Y&keywords=pizza&qid=1670362051&sprefix=pizza%2Caps%2C70&sr=8-27,https://m.media-amazon.com/images/I/81S3fQIQmdS._AC_UL320_.jpg
"Urban Pie Pepperoni Rosa Artisan Crust Pizza, 18 Ounces (Frozen)",$12.99,https://www.amazon.com/Urban-Pie-Pepperoni-Creamy-Sauce/dp/B08N7RSBRL/ref=sr_1_28_f3_0o_wf?crid=1ETD973V81N4Y&keywords=pizza&qid=1670362051&sprefix=pizza%2Caps%2C70&sr=8-28,https://m.media-amazon.com/images/I/91CzQfvHHYS._AC_UL320_.jpg
"Amy's Pizza, 4 Cheese with Organic Tomatoes & Flour, 12 Ounce (Frozen)",$9.99,https://www.amazon.com/Amys-Pizzas-Cheese-Pizza-Frozen/dp/B00FTBSOV2/ref=sr_1_29_f3_0o_wf?crid=1ETD973V81N4Y&keywords=pizza&qid=1670362051&sprefix=pizza%2Caps%2C70&sr=8-29,https://m.media-amazon.com/images/I/91yVQCybaKL._AC_UL320_.jpg
"American Flatbread Tomato Sauce & Three Cheese Pizza 2 Pack, 18.2 OZ",$13.99,https://www.amazon.com/American-Flatbread-Pizza-Tomato-Cheese/dp/B07FXKS9XV/ref=sr_1_30_f3_0o_wf?crid=1ETD973V81N4Y&keywords=pizza&qid=1670362051&sprefix=pizza%2Caps%2C70&sr=8-30,https://m.media-amazon.com/images/I/91thcmQsEeL._AC_UL320_.jpg
"Annie's Frozen Snacks Pepperoni Pizza Poppers, 15 Count, 6.8 oz",$6.79,https://www.amazon.com/Annies-Frozen-Snacks-Pepperoni-Poppers/dp/B099D8VCR2/ref=sr_1_31_f3_0o_wf?crid=1ETD973V81N4Y&keywords=pizza&qid=1670362051&sprefix=pizza%2Caps%2C70&sr=8-31,https://m.media-amazon.com/images/I/81FcAKU9JBL._AC_UL320_.jpg
"Urban Pie Uncured Pepperoni & Chicken Sausage, 20.45 oz (frozen)",$12.99,https://www.amazon.com/Urban-Pie-Uncured-Pepperoni-Chicken/dp/B07RJSM4YV/ref=sr_1_32_f3_0o_wf?crid=1ETD973V81N4Y&keywords=pizza&qid=1670362051&sprefix=pizza%2Caps%2C70&sr=8-32,https://m.media-amazon.com/images/I/91rGl64YnPL._AC_UL320_.jpg
Sweet Earth Veggie Lover's Frozen Pizza,$9.29,https://www.amazon.com/This-Sweet-Earth-Veggie-Lovers/dp/B08FV5GBZM/ref=sr_1_33_f3_0o_wf?crid=1ETD973V81N4Y&keywords=pizza&qid=1670362051&sprefix=pizza%2Caps%2C70&sr=8-33,https://m.media-amazon.com/images/I/81MJUZY4ExS._AC_UL320_.jpg
"Amy's Pizzas, Vegan Margherita Pizza, 13.5 Ounce (Frozen)",$9.99,https://www.amazon.com/Amys-Pizzas-Vegan-Margherita-Frozen/dp/B06ZZNBZTL/ref=sr_1_34_f3_0o_wf?crid=1ETD973V81N4Y&keywords=pizza&qid=1670362051&sprefix=pizza%2Caps%2C70&sr=8-34,https://m.media-amazon.com/images/I/91siAZl0TYS._AC_UL320_.jpg
"Whole Foods Market Sweet & Spicy Prosciutto Pizza, 14 OZ",$7.99,https://www.amazon.com/Whole-Foods-Market-Sweet-Prosciutto/dp/B08R235YDC/ref=sr_1_35_f3_0o_wf?crid=1ETD973V81N4Y&keywords=pizza&qid=1670362051&sprefix=pizza%2Caps%2C70&sr=8-35,https://m.media-amazon.com/images/I/91pnWHJNCUL._AC_UL320_.jpg
Cappello's Grain Free Almond Flour Crust Uncured Pepperoni Pizza 12 oz.,$12.79,https://www.amazon.com/Cappellos-Grain-Almond-Uncured-Pepperoni/dp/B07QF7CCFC/ref=sr_1_36_f3_0o_wf?crid=1ETD973V81N4Y&keywords=pizza&qid=1670362051&sprefix=pizza%2Caps%2C70&sr=8-36,https://m.media-amazon.com/images/I/81J04gkel-L._AC_UL320_.jpg
"CAULIPOWER Margherita Pizza, 10.9 Ounce",$8.99,https://www.amazon.com/Caulipower-Pizza-Crust-Margherita-Ounce/dp/B0747PMSVJ/ref=sr_1_37_f3_0o_wf?crid=1ETD973V81N4Y&keywords=pizza&qid=1670362051&sprefix=pizza%2Caps%2C70&sr=8-37,https://m.media-amazon.com/images/I/91GV-beNj0L._AC_UL320_.jpg
"Amy's Snacks, Cheese Pizza Snacks, 6.0 Ounce (Frozen)",$5.99,https://www.amazon.com/Amys-Snacks-Cheese-Pizza-Frozen/dp/B000O6IBOW/ref=sr_1_38_f3_0o_wf?crid=1ETD973V81N4Y&keywords=pizza&qid=1670362051&sprefix=pizza%2Caps%2C70&sr=8-38,https://m.media-amazon.com/images/I/91dhUC3XhSS._AC_UL320_.jpg
"Urban Pie Pesto & Mozzarella, 16.90 oz (frozen)",$12.99,https://www.amazon.com/Urban-Pie-Pesto-Mozzarella-frozen/dp/B07RFMLG56/ref=sr_1_39_f3_0o_wf?crid=1ETD973V81N4Y&keywords=pizza&qid=1670362051&sprefix=pizza%2Caps%2C70&sr=8-39,https://m.media-amazon.com/images/I/91M-XqUfFSL._AC_UL320_.jpg
"FEEL GOOD FOODS Four Cheese Square Pan Pizza, 17.8 OZ",$13.49,https://www.amazon.com/FEEL-FOODS-Cheese-Square-Pizza/dp/B08R7F4H2C/ref=sr_1_40_f3_0o_wf?crid=1ETD973V81N4Y&keywords=pizza&qid=1670362051&sprefix=pizza%2Caps%2C70&sr=8-40,https://m.media-amazon.com/images/I/81KuICtuVGL._AC_UL320_.jpg
"FEEL GOOD FOODS Truffle Mushroom Square Pan Pizza, 17.8 OZ",$13.49,https://www.amazon.com/FOODS-Truffle-Mushroom-Square-Pizza/dp/B08R7F9BQ7/ref=sr_1_41_f3_0o_wf?crid=1ETD973V81N4Y&keywords=pizza&qid=1670362051&sprefix=pizza%2Caps%2C70&sr=8-41,https://m.media-amazon.com/images/I/91FjFVii0gS._AC_UL320_.jpg
"Whole Foods Market Zucchini Rapini Pizza, 13.7 OZ",$7.99,https://www.amazon.com/Whole-Foods-Market-Zucchini-Rapini/dp/B08WYCKY19/ref=sr_1_42_f3_0o_wf?crid=1ETD973V81N4Y&keywords=pizza&qid=1670362051&sprefix=pizza%2Caps%2C70&sr=8-42,https://m.media-amazon.com/images/I/91tath2TQlL._AC_UL320_.jpg
"Amy's Pizza Supreme Vegan, 14 Ounce",$9.99,https://www.amazon.com/Amys-Pizza-Supreme-14-4-Ounce/dp/B07QKXJWN9/ref=sr_1_43_f3_0o_wf?crid=1ETD973V81N4Y&keywords=pizza&qid=1670362051&sprefix=pizza%2Caps%2C70&sr=8-43,https://m.media-amazon.com/images/I/817I1UOcA5L._AC_UL320_.jpg
"Daiya Supreme Pizza, 19.4 oz (Frozen)",$8.79,https://www.amazon.com/Daiya-Supreme-Pizza-19-4-Frozen/dp/B01M0CDVFO/ref=sr_1_44_f3_0o_wf?crid=1ETD973V81N4Y&keywords=pizza&qid=1670362051&sprefix=pizza%2Caps%2C70&sr=8-44,https://m.media-amazon.com/images/I/91QoRGPMt6L._AC_UL320_.jpg
"Golden Home Ultra Thin 3 Piece, Pizza Crust 14.25 Ounce",$6.99,https://www.amazon.com/Golden-Home-Ultra-Piece-Pizza/dp/B00TJ5W39S/ref=sr_1_45?crid=1ETD973V81N4Y&keywords=pizza&qid=1670362051&sprefix=pizza%2Caps%2C70&sr=8-45,https://m.media-amazon.com/images/I/81mRZJPFM3L._AC_UL320_.jpg
"Banza Roasted Veggie Chickpea Pizza, 11.7 OZ",$7.29,https://www.amazon.com/Banza-Roasted-Veggie-Chickpea-Pizza/dp/B08DYYSZSH/ref=sr_1_46_f3_0o_wf?crid=1ETD973V81N4Y&keywords=pizza&qid=1670362051&sprefix=pizza%2Caps%2C70&sr=8-46,https://m.media-amazon.com/images/I/61nxdwKQxZL._AC_UL320_.jpg
"Pepperoni Pizza Rolls, Frozen (160 rolls)",$44.32,https://www.amazon.com/Evaxo-Pepperoni-Pizza-Rolls-Frozen/dp/B086MM4CFD/ref=sr_1_47?crid=1ETD973V81N4Y&keywords=pizza&qid=1670362051&sprefix=pizza%2Caps%2C70&sr=8-47,https://m.media-amazon.com/images/I/71zSODqVLyL._AC_UL320_.jpg
"Daiya Dairy Free & Meatless Pizza, Peperoni, 16.7 oz (Frozen)",$8.79,https://www.amazon.com/Daiya-Pizza-Meatless-Peperoni-frozen/dp/B078HT8GK7/ref=sr_1_48_f3_0o_wf?crid=1ETD973V81N4Y&keywords=pizza&qid=1670362051&sprefix=pizza%2Caps%2C70&sr=8-48,https://m.media-amazon.com/images/I/91r9nkZh47L._AC_UL320_.jpg
