item_name,price,link_to_item,link_to_item_image
X-PRO Lifan KPR 200 200cc Adult Gas Motorcycle Street Moped Scooter KPR 200 6 Speed Fuel Injection made by Lifan (Black),"$2,759.00",https://www.amazon.com/gp/slredirect/picassoRedirect.html/ref=pa_sp_atf_aps_sr_pg1_1?ie=UTF8&adId=A09889362Q1BFU6F3BZNC&qualifier=1670361935&id=3031971240212846&widgetName=sp_atf&url=%2FX-PRO-Lifan-Motorcycle-KPR-200%2Fdp%2FB098DD888R%2Fref%3Dsr_1_1_sspa%3Fcrid%3D1ETD973V81N4Y%26keywords%3Dmotorcycle%26qid%3D1670361935%26sprefix%3Dmotorcycle%252Caps%252C70%26sr%3D8-1-spons%26psc%3D1,https://m.media-amazon.com/images/I/61YSNx+w6NS._AC_UY218_.jpg
Motorcycle Modification Shock Barrel Cover for Harley Front Shock Barrel Cover,$39.90,https://www.amazon.com/gp/slredirect/picassoRedirect.html/ref=pa_sp_atf_aps_sr_pg1_1?ie=UTF8&adId=A0360338PY17R9W2494J&qualifier=1670361935&id=3031971240212846&widgetName=sp_atf&url=%2FMotorcycle-Modification-Shock-Barrel-Harley%2Fdp%2FB0BKK2P2DT%2Fref%3Dsr_1_2_sspa%3Fcrid%3D1ETD973V81N4Y%26keywords%3Dmotorcycle%26qid%3D1670361935%26sprefix%3Dmotorcycle%252Caps%252C70%26sr%3D8-2-spons%26psc%3D1,https://m.media-amazon.com/images/I/71JG1r48X5L._AC_UY218_.jpg
"Razor MX350 Dirt Rocket Electric Motocross Off-road Bike for Age 13+, Up to 30 Minutes Continuous Ride Time, 12"" Air-filled Tires, Hand-operated Rear Brake, Twist Grip Throttle, Chain-driven Motor",$279.99,https://www.amazon.com/Razor-Continuous-Air-filled-Hand-operated-Chain-driven/dp/B0007MZV3C/ref=sr_1_3?crid=1ETD973V81N4Y&keywords=motorcycle&qid=1670361935&sprefix=motorcycle%2Caps%2C70&sr=8-3,https://m.media-amazon.com/images/I/61up06aDn5S._AC_UY218_.jpg
"LPLKON Motorcycle Helmet Rack 180° Degree Rotation Helmet Holder Wall Mount,Helmet Stand with 2 Hooks Helmet Hanger,Motorcycle Accessories",$16.99,https://www.amazon.com/LPLKON-Motorcycle-Rotation-Baseballs-Accessories/dp/B09TST8QD2/ref=sr_1_4?crid=1ETD973V81N4Y&keywords=motorcycle&qid=1670361935&sprefix=motorcycle%2Caps%2C70&sr=8-4,https://m.media-amazon.com/images/I/71cCgKm3iYL._AC_UY218_.jpg
"PAHTTO Motorcycle Helmet Rack, Helmet Holder Wall Mount 180 Degree Rotation Helmet Hanger with Double Hook for Coats, Caps, Hats, Motorcycle Accessories",$18.99,https://www.amazon.com/PAHTTO-Motorcycle-Helmet-Rotation-Accessories/dp/B09NVVJ47Z/ref=sr_1_5?crid=1ETD973V81N4Y&keywords=motorcycle&qid=1670361935&sprefix=motorcycle%2Caps%2C70&sr=8-5,https://m.media-amazon.com/images/I/71u8P9Xs3WL._AC_UY218_.jpg
"Pull Back Motorcycle Model - 1:12 Scale Toy Motorcycle,Motorcycle Toy with Light and Music Gift for Children Boys and Girls (Black)",$17.99,https://www.amazon.com/Pull-Back-Motorcycle-Model-Children/dp/B09YTH5S5S/ref=sr_1_6?crid=1ETD973V81N4Y&keywords=motorcycle&qid=1670361935&sprefix=motorcycle%2Caps%2C70&sr=8-6,https://m.media-amazon.com/images/I/61BVyrPPy1L._AC_UY218_.jpg
"Camera Motorcycle Mount for Gopro Accessories ,360 Rotation Metal Action Camera Clamp Holder with 1/4Thread for Moto Bike Bicycle Handlebar, for GoPro Hero 10 9 8 7 6 5 4 , SJCAM, Motorcycle Bracke",$21.99,https://www.amazon.com/BIAONIU-Motorcycle-Rotation-4Thread-Handlebar/dp/B08HM5TJP1/ref=sr_1_7?crid=1ETD973V81N4Y&keywords=motorcycle&qid=1670361935&sprefix=motorcycle%2Caps%2C70&sr=8-7,https://m.media-amazon.com/images/I/61vde7PS7rL._AC_UY218_.jpg
"SYX MOTO Kids Mini Dirt Bike Gas Power 2-Stroke 50cc Motorcycle Holeshot Off Road Motorcycle Holeshot Pit Bike, Pull Start, Red",$380.00,https://www.amazon.com/gp/slredirect/picassoRedirect.html/ref=pa_sp_mtf_aps_sr_pg1_1?ie=UTF8&adId=A08434501X6OPNOZPUCAQ&qualifier=1670361935&id=3031971240212846&widgetName=sp_mtf&url=%2FSYX-MOTO-2-Stroke-Motorcycle-Holeshot%2Fdp%2FB087PG834N%2Fref%3Dsr_1_8_sspa%3Fcrid%3D1ETD973V81N4Y%26keywords%3Dmotorcycle%26qid%3D1670361935%26sprefix%3Dmotorcycle%252Caps%252C70%26sr%3D8-8-spons%26psc%3D1,https://m.media-amazon.com/images/I/81fDIGxRRsL._AC_UY218_.jpg
"Hompres Heated Motorcycle Gloves - Fast Heating 3000mAh Electric Gloves, 4 Temperature Settings Uniform Heated Gloves for Women Men, Rechargeable Electric Heating Gloves for Skiing Hiking Cycling",$99.99,https://www.amazon.com/Hompres-Heated-Motorcycle-Gloves-Rechargeable/dp/B0B3TGGGG4/ref=sr_1_9?crid=1ETD973V81N4Y&keywords=motorcycle&qid=1670361935&sprefix=motorcycle%2Caps%2C70&sr=8-9,https://m.media-amazon.com/images/I/71QYDxOpSIL._AC_UY218_.jpg
"HWK Motorcycle Pants for Men with Weatherproof Cordura Textile Fabric for Enduro Motocross Motorbike Riding and Armor for Impact Protection, Dual Sport Motorcycle Pants with 32""-34"" Waist, 34"" Inseam",$59.99,https://www.amazon.com/HWK-Motorcycle-Weatherproof-Motocross-Protection/dp/B07LGXGNZT/ref=sr_1_10?crid=1ETD973V81N4Y&keywords=motorcycle&qid=1670361935&sprefix=motorcycle%2Caps%2C70&sr=8-10,https://m.media-amazon.com/images/I/817ZgMJXNCL._AC_UY218_.jpg
"Costzon Kids Ride On Motorcycle, 12V Electric Battery Powered Ride On Bike w/ Training Wheels, LED Lights, Music, Pedal, Forward/ Reverse, Gift for Children Boys Girls (Red)",$189.99,https://www.amazon.com/Costzon-Motorcycle-Electric-Training-Children/dp/B08L55B1S3/ref=sr_1_11?crid=1ETD973V81N4Y&keywords=motorcycle&qid=1670361935&sprefix=motorcycle%2Caps%2C70&sr=8-11,https://m.media-amazon.com/images/I/71VaMFC9XTL._AC_UY218_.jpg
Balaclava Face Mask for Men Women Head Covering Army Gear Windproof Breathable Protection for Motorcycle Riding Bike Cycling,$11.00,https://www.amazon.com/gp/slredirect/picassoRedirect.html/ref=pa_sp_mtf_aps_sr_pg1_1?ie=UTF8&adId=A07094513UKRLQDVJUDWN&qualifier=1670361935&id=3031971240212846&widgetName=sp_mtf&url=%2FBalaclava-Breathable-Windproof-Thermal-Motorcycle%2Fdp%2FB08NGV95K6%2Fref%3Dsr_1_12_sspa%3Fcrid%3D1ETD973V81N4Y%26keywords%3Dmotorcycle%26qid%3D1670361935%26sprefix%3Dmotorcycle%252Caps%252C70%26sr%3D8-12-spons%26psc%3D1,https://m.media-amazon.com/images/I/71TBov-08uL._AC_UY218_.jpg
"Huffy 6V Kids Electric Battery-Powered Ride-On Motorcycle Bike Toys w/Training Wheels, Engine Sounds, Charger",$99.99,https://www.amazon.com/Huffy-Electric-Battery-Powered-Motorcycle-Training/dp/B07KD6ZSBV/ref=sr_1_13?crid=1ETD973V81N4Y&keywords=motorcycle&qid=1670361935&sprefix=motorcycle%2Caps%2C70&sr=8-13,https://m.media-amazon.com/images/I/81nTfWv0ETL._AC_UY218_.jpg
"Extractme 6.4A Motorcycle USB Charger, Total 44W Dual USB Type C PD & Quick Charge 3.0 Motorcycle Phone Charger with Voltmeter & ON/Off Switch, Waterproof Motorcycle Accessories SAE to USB Adapter",$18.99,https://www.amazon.com/Extractme-Motorcycle-Voltmeter-Waterproof-Accessories/dp/B09HH7NHQ4/ref=sr_1_14?crid=1ETD973V81N4Y&keywords=motorcycle&qid=1670361935&sprefix=motorcycle%2Caps%2C70&sr=8-14,https://m.media-amazon.com/images/I/712-LoAYdEL._AC_UY218_.jpg
"LEXIN LX-Q3 Motorcycle Bluetooth Speakers with Stereo/Bass Sound, Motorcycle Radio with Turning Light, Waterproof Motorcycle Audio Systems fit 7/8'' to 1.25'' Handlebar, FM Radio/Bluetooth Music",$149.99,https://www.amazon.com/LEXIN-Motorcycle-Bluetooth-Waterproof-Handlebar/dp/B09413Z75G/ref=sr_1_15?crid=1ETD973V81N4Y&keywords=motorcycle&qid=1670361935&sprefix=motorcycle%2Caps%2C70&sr=8-15,https://m.media-amazon.com/images/I/61OQk-JATDS._AC_UY218_.jpg
"Motorcycle Helmet Backpack Large Capacity Helmet Backpack Bag-Waterproof, Expandable - Men Basketball Luggage Storage Backpack for Sports Outdoor Activities …",$44.99,https://www.amazon.com/Helmet-Backpack-Capacity-Motorcycle-Cycling/dp/B081DZNHDP/ref=sr_1_16?crid=1ETD973V81N4Y&keywords=motorcycle&qid=1670361935&sprefix=motorcycle%2Caps%2C70&sr=8-16,https://m.media-amazon.com/images/I/71hufgmOOjL._AC_UY218_.jpg
"Motorcycle Jacket For Men Enduro Dualsport Riding High Visibility Dirtbike Ce Armor Waterproof All Season (BLACK, LARGE)",$44.99,https://www.amazon.com/gp/slredirect/picassoRedirect.html/ref=pa_sp_mtf_aps_sr_pg1_1?ie=UTF8&adId=A03205782ABNIKOBSTHG7&qualifier=1670361935&id=3031971240212846&widgetName=sp_mtf&url=%2FMotorcycle-Dualsport-Visibility-Dirtbike-Waterproof%2Fdp%2FB07SHFB8JK%2Fref%3Dsr_1_17_sspa%3Fcrid%3D1ETD973V81N4Y%26keywords%3Dmotorcycle%26qid%3D1670361935%26sprefix%3Dmotorcycle%252Caps%252C70%26sr%3D8-17-spons%26psc%3D1,https://m.media-amazon.com/images/I/61swgdOvuVL._AC_UY218_.jpg
"Bovemanx Motorcycle Phone Mount, [150mph Wind Anti-Shake][7.2inch Big Phone Friendly] Bike Phone Holder for Bicycle, [5s Easy Install] Handlebar Phone Mount, Compatible with iPhone, All Cell Phones",$19.99,https://www.amazon.com/Bovemanx-Motorcycle-Anti-Shake-Handlebar-Compatible/dp/B0B1BB6VKN/ref=sr_1_18?crid=1ETD973V81N4Y&keywords=motorcycle&qid=1670361935&sprefix=motorcycle%2Caps%2C70&sr=8-18,https://m.media-amazon.com/images/I/71Dl-WaVyZL._AC_UY218_.jpg
Motorcycle Stickers Harley Stickers 100psc Available Water Bottle Bicycle Bumper Laptop Skateboard Adult Youth Personalized Vinyl Waterproof Stickers,$6.99,https://www.amazon.com/Motorcycle-Available-Skateboard-Personalized-Waterproof/dp/B0BDVCFPVC/ref=sr_1_19?crid=1ETD973V81N4Y&keywords=motorcycle&qid=1670361935&sprefix=motorcycle%2Caps%2C70&sr=8-19,https://m.media-amazon.com/images/I/61IKPf2eVIL._AC_UY218_.jpg
"Fuinloth Balaclava Face Mask, Summer Cooling Neck Gaiter, UV Protector Motorcycle Ski Scarf for Men/Women",$5.59,https://www.amazon.com/fuinloth-Balaclava-Protector-Motorcycle-Tactical/dp/B086Z2WR6Y/ref=sr_1_20?crid=1ETD973V81N4Y&keywords=motorcycle&qid=1670361935&sprefix=motorcycle%2Caps%2C70&sr=8-20,https://m.media-amazon.com/images/I/71EX4WAj4rL._AC_UY218_.jpg
"Motorcycle Cover,Motorbike Cover All Season Universal Weather Waterproof Sun Outdoor Protection with Lock-Holes & Storage Bag,XXL Motorcycles Vehicle Cover",$14.99,https://www.amazon.com/Motorcycle-Waterproof-Protection-Lock-Holes-Motorcycles/dp/B09KNBHZFY/ref=sr_1_21?crid=1ETD973V81N4Y&keywords=motorcycle&qid=1670361935&sprefix=motorcycle%2Caps%2C70&sr=8-21,https://m.media-amazon.com/images/I/51vQIU6XhzL._AC_UY218_.jpg
"XYZCTEM 18-Layers Premium Motorcycle Cover Waterproof All Weather Weatherproof UV Sun Protection Snow Dust Storm High Heat Resistant Durable Lock-Holes & Side Zip & Storage Bag Fits up to 87"" Motors",$47.99,https://www.amazon.com/gp/slredirect/picassoRedirect.html/ref=pa_sp_btf_aps_sr_pg1_1?ie=UTF8&adId=A09387321GC5Z3NSQN9OE&qualifier=1670361935&id=3031971240212846&widgetName=sp_btf&url=%2FXYZCTEM-Motorcycle-Waterproof-Weatherproof-Protection%2Fdp%2FB0B9K81RV6%2Fref%3Dsr_1_22_sspa%3Fcrid%3D1ETD973V81N4Y%26keywords%3Dmotorcycle%26qid%3D1670361935%26sprefix%3Dmotorcycle%252Caps%252C70%26sr%3D8-22-spons%26psc%3D1,https://m.media-amazon.com/images/I/71SOxaztliL._AC_UY218_.jpg
