item_name,price,link_to_item,link_to_item_image
Jet Creations Inflatable Animal - Domesticated,$20.50,https://www.amazon.com/gp/slredirect/picassoRedirect.html/ref=pa_sp_atf_aps_sr_pg1_1?ie=UTF8&adId=A0081792IQQ5N34HHEAG&qualifier=1670361972&id=7188024803394017&widgetName=sp_atf&url=%2FJet-Creations-Inflatable-Decoration-Birthday%2Fdp%2FB07RN8ZRSZ%2Fref%3Dsr_1_1_sspa%3Fcrid%3D1ETD973V81N4Y%26keywords%3Dcow%26qid%3D1670361972%26sprefix%3Dcow%252Caps%252C70%26sr%3D8-1-spons%26psc%3D1%26smid%3DA35SOSDNFKBHQK,https://m.media-amazon.com/images/I/61s8aNvsFzL._AC_UL320_.jpg
"Women Corduroy Tote Bag, Corduroy Bag Women's Shoulder Purses Reusable Grocery Shoulder Bag for Office School Shopping Travel",$12.59,https://www.amazon.com/Corduroy-Womens-Shoulder-Shopping-Travel%EF%BC%88Cow/dp/B09QBR1R2W/ref=sr_1_2?crid=1ETD973V81N4Y&keywords=cow&qid=1670361972&sprefix=cow%2Caps%2C70&sr=8-2,https://m.media-amazon.com/images/I/71S6UCA8SbL._AC_UL320_.jpg
"KLUBI Cow Gifts Coffee Tumbler- 20oz Tumbler for Coffee or Wine - Gift Idea for Cow Lovers, Themed Gifts, Print, Cup, Accessories, Stuff, Farm Animal",$25.97,https://www.amazon.com/Gifts-Coffee-Tumbler-20oz-Tumbler/dp/B091GGBSHW/ref=sr_1_3?crid=1ETD973V81N4Y&keywords=cow&qid=1670361972&sprefix=cow%2Caps%2C70&sr=8-3,https://m.media-amazon.com/images/I/71XsTtjAxIL._AC_UL320_.jpg
"Kawaii Cow Slippers for Women, Cartoon Fuzzy Cotton Cute Cozy Cow Prin Fluffy Slippers For Indoor Outdoor",$13.00,https://www.amazon.com/Kawaii-Slippers-Cartoon-Cotton-Outdoor/dp/B0B38MQSTT/ref=sr_1_4?crid=1ETD973V81N4Y&keywords=cow&qid=1670361972&sprefix=cow%2Caps%2C70&sr=8-4,https://m.media-amazon.com/images/I/61z50jrXVuL._AC_UL320_.jpg
"Aurora - Rolly Pet - 5"" Daisy Cow, Black, White, Model:16834",$9.89,https://www.amazon.com/Aurora-World-Rolly-Daisy-Plush/dp/B01MYE1GXG/ref=sr_1_5?crid=1ETD973V81N4Y&keywords=cow&qid=1670361972&sprefix=cow%2Caps%2C70&sr=8-5,https://m.media-amazon.com/images/I/81aWacd56QL._AC_UL320_.jpg
LANLEO Fuzzy Socks For Women Slipper Socks Fluffy Winter Warm Soft Cozy Plush Cute Animal Sleeping Christmas Socks,$11.99,https://www.amazon.com/LANLEO-Womens-Animal-Sleeping-Slipper/dp/B07DW3N839/ref=sr_1_6?crid=1ETD973V81N4Y&keywords=cow&qid=1670361972&sprefix=cow%2Caps%2C70&sr=8-6,https://m.media-amazon.com/images/I/61FoCy7hSmL._AC_UL320_.jpg
"SARA NELL Highland Cow Blanket,Portrait of Cow Pattern Flannel Fleece Throw Blanket,Highlander Animal Scotland Scottish Horns Bull Cattle Warm Cozy Throw for All Seasons for Couch Bed Sofa 50''X40''",$26.99,https://www.amazon.com/SARA-NELL-Highland-Portrait-Highlander/dp/B08T1R7BCF/ref=sr_1_7?crid=1ETD973V81N4Y&keywords=cow&qid=1670361972&sprefix=cow%2Caps%2C70&sr=8-7,https://m.media-amazon.com/images/I/81tnt61Ac8L._AC_UL320_.jpg
Circle Bangle Leather Keychain Wallet ID Card Holder Keyring Wristlet Bracelet Key Ring Chain Tassel Purse Women Girls,$11.99,https://www.amazon.com/Leather-Keychain-Keyring-Wristlet-Bracelet/dp/B098JYYYPY/ref=sr_1_8?crid=1ETD973V81N4Y&keywords=cow&qid=1670361972&sprefix=cow%2Caps%2C70&sr=8-8,https://m.media-amazon.com/images/I/71mmuElovdL._AC_UL320_.jpg
"Boston Warehouse Udderly Cow Mug with Non-Skid Silicone Feet, Hand Painted Ceramic",$12.86,https://www.amazon.com/Boston-Warehouse-66618-Non-Skid-Silicone/dp/B07QC4GGGC/ref=sr_1_9?crid=1ETD973V81N4Y&keywords=cow&qid=1670361972&sprefix=cow%2Caps%2C70&sr=8-9,https://m.media-amazon.com/images/I/71z43kjTDJL._AC_UL320_.jpg
"SHANGPIN Cow Keychain,Farm Gift,Car Accessories,Cute Print Decor for Women Car Keys, White, 9*5",$7.99,https://www.amazon.com/SHANGPIN-Keychain-Accessories-Print-Decor/dp/B097GXLGCQ/ref=sr_1_10?crid=1ETD973V81N4Y&keywords=cow&qid=1670361972&sprefix=cow%2Caps%2C70&sr=8-10,https://m.media-amazon.com/images/I/51ao5kQzgdS._AC_UL320_.jpg
"Scottish Highland Cow Plush Stuffed Animal Plush Toys,Realistic Soft Stuffed Gift Dolls for Kids Boys Girls (Brown)",$7.99,https://www.amazon.com/Scottish-Highland-Stuffed-Animal-Realistic/dp/B0BM5JLFR2/ref=sr_1_11?crid=1ETD973V81N4Y&keywords=cow&qid=1670361972&sprefix=cow%2Caps%2C70&sr=8-11,https://m.media-amazon.com/images/I/71AfpvRNUJL._AC_UL320_.jpg
Women Backpack Purse Vintage Rucksack Convertible Shoulder Bag Travel Daypack (Cow pattern B) One_Size,$29.99,https://www.amazon.com/Backpack-Vintage-Rucksack-Convertible-Shoulder/dp/B098M8P2X5/ref=sr_1_12?crid=1ETD973V81N4Y&keywords=cow&qid=1670361972&sprefix=cow%2Caps%2C70&sr=8-12,https://m.media-amazon.com/images/I/71Vx7z+KKgL._AC_UL320_.jpg
"Brown Cow Print Throw Blanket, Soft Flannel Cozy Cow Blankets for Adults, Lightweight Fuzzy Cow Print Blanket for Couch Sofa Bed Office, Throw Size Warm Plush Blankets for All Season 50x60 inches",$21.99,https://www.amazon.com/Blanket-Flannel-Blankets-Adults-Lightweight/dp/B0B2WM5ZT5/ref=sr_1_13?crid=1ETD973V81N4Y&keywords=cow&qid=1670361972&sprefix=cow%2Caps%2C70&sr=8-13,https://m.media-amazon.com/images/I/71RGXQCWDTL._AC_UL320_.jpg
"Airpod Case Soft Silicone Flexible Skin Cow Print, YOMPLOW Airpods Case Cover for Apple AirPods 2&1 Cute for Girls with Keychain (Cow)",$9.99,https://www.amazon.com/Silicone-Flexible-LitoDream-Airpods-Keychain/dp/B08R3XBXKD/ref=sr_1_14?crid=1ETD973V81N4Y&keywords=cow&qid=1670361972&sprefix=cow%2Caps%2C70&sr=8-14,https://m.media-amazon.com/images/I/612VKe8oWmL._AC_UL320_.jpg
Women Tote Bags Grocery Shoulder Bag Corduroy with Inner Pocket for Work Beach Lunch Travel Shopping Shopper Handbags,$11.99,https://www.amazon.com/Ndeno-Shoulder-Corduroy-Shopping-Handbags/dp/B09MMV6PSC/ref=sr_1_15?crid=1ETD973V81N4Y&keywords=cow&qid=1670361972&sprefix=cow%2Caps%2C70&sr=8-15,https://m.media-amazon.com/images/I/81ojZhP-UPL._AC_UL320_.jpg
"HEARTNICE Womens Hooded Fleece Robe, Soft Plush Bathrobe for Womens, Fluffy Cute Long House Coat",$18.99,https://www.amazon.com/HEARTNICE-Womens-Fleece-Bathrobe-Kimono/dp/B09DKBMK7X/ref=sr_1_16?crid=1ETD973V81N4Y&keywords=cow&qid=1670361972&sprefix=cow%2Caps%2C70&sr=8-16,https://m.media-amazon.com/images/I/61-fifEMSdL._AC_UL320_.jpg
"HXIYAN Cartoon animal cattle slippers, winter slippers, warm home shoes, interesting plush cotton shoes",$14.99,https://www.amazon.com/gp/slredirect/picassoRedirect.html/ref=pa_sp_mtf_aps_sr_pg1_1?ie=UTF8&adId=A01248572SUU65ILKBT6E&qualifier=1670361972&id=7188024803394017&widgetName=sp_mtf&url=%2Finteresting-shoesWinter-numeric_9_point_5-numeric_range-us_footwear_size_system%2Fdp%2FB0BK9W6GSX%2Fref%3Dsr_1_17_sspa%3Fcrid%3D1ETD973V81N4Y%26keywords%3Dcow%26qid%3D1670361972%26sprefix%3Dcow%252Caps%252C70%26sr%3D8-17-spons%26psc%3D1,https://m.media-amazon.com/images/I/71wGkvv+GlL._AC_UL320_.jpg
HYTURTLE Personalized Gifts For Cow Lover - Birthday Christmas - Dairy Cow Print Custom Name Stainless Steel Tumbler 20oz With Straw Lid - Farm Lover Gifts For Her Women Girl Daughter Friend,$23.95,https://www.amazon.com/gp/slredirect/picassoRedirect.html/ref=pa_sp_mtf_aps_sr_pg1_1?ie=UTF8&adId=A02864221P6XXNIIJ6Z5J&qualifier=1670361972&id=7188024803394017&widgetName=sp_mtf&url=%2FHYTURTLE-Personalized-Gifts-Cow-Lover%2Fdp%2FB0BLCC7D8M%2Fref%3Dsr_1_18_sspa%3Fcrid%3D1ETD973V81N4Y%26keywords%3Dcow%26qid%3D1670361972%26sprefix%3Dcow%252Caps%252C70%26sr%3D8-18-spons%26psc%3D1,https://m.media-amazon.com/images/I/71iekN4QhcL._AC_UL320_.jpg
Cow Earrings for Women 925 Sterling Silver Cow Drop Dangle Earrings Cow Jewelry Gifts for Women Girls Birthday Christmas Gift,$29.99,https://www.amazon.com/gp/slredirect/picassoRedirect.html/ref=pa_sp_mtf_aps_sr_pg1_1?ie=UTF8&adId=A0087605B3UB3OU0149&qualifier=1670361972&id=7188024803394017&widgetName=sp_mtf&url=%2FEarrings-Sterling-Jewelry-Birthday-Christmas%2Fdp%2FB0BMFNPTP1%2Fref%3Dsr_1_19_sspa%3Fcrid%3D1ETD973V81N4Y%26keywords%3Dcow%26qid%3D1670361972%26sprefix%3Dcow%252Caps%252C70%26sr%3D8-19-spons%26psc%3D1,https://m.media-amazon.com/images/I/61m3rCCE5TL._AC_UL320_.jpg
"Cow Print Blanket Cow Decor Bedding Throw Blanket Gifts for Girl Women Christmas Birthday Valentine's Day Soft Cute Farm Animal Print Cow Blanket Gifts (50""x 60"")",$23.99,https://www.amazon.com/gp/slredirect/picassoRedirect.html/ref=pa_sp_mtf_aps_sr_pg1_1?ie=UTF8&adId=A043463735UDM1T240J4O&qualifier=1670361972&id=7188024803394017&widgetName=sp_mtf&url=%2FBlanket-Bedding-Christmas-Birthday-Valentines%2Fdp%2FB0BBP8XL4B%2Fref%3Dsr_1_20_sspa%3Fcrid%3D1ETD973V81N4Y%26keywords%3Dcow%26qid%3D1670361972%26sprefix%3Dcow%252Caps%252C70%26sr%3D8-20-spons%26psc%3D1,https://m.media-amazon.com/images/I/61+wV9fIC9L._AC_UL320_.jpg
"Fancyfams Cow Tumbler Gift Set, 22oz Tumbler with Socks and Keychain, Cow Gifts for Women, Cow Print, Cow Mug, Cow Cup, Cow Gifts for Cow Lovers, Cow Themed Gifts, Cute Cow Stuff (22oz- White Set)",$27.96,https://www.amazon.com/Fancyfams-Tumbler-Keychain-Lovers-Themed/dp/B09Q27G3NX/ref=sr_1_21?crid=1ETD973V81N4Y&keywords=cow&qid=1670361972&sprefix=cow%2Caps%2C70&sr=8-21,https://m.media-amazon.com/images/I/71AJ8lZY2ZL._AC_UL320_.jpg
Women's Cute Cow Print Sweatshirt Long Sleeve Round Neck Casual Tops Shirts,$16.99,https://www.amazon.com/LAM-KWONGY-Womens-Sweatshirt-Sleeve/dp/B0BGY79LQS/ref=sr_1_22?crid=1ETD973V81N4Y&keywords=cow&qid=1670361972&sprefix=cow%2Caps%2C70&sr=8-22,https://m.media-amazon.com/images/I/71Rok49G6sL._AC_UL320_.jpg
"Cute Cow Pen Set 12 Cow Retractable Gel Ink Pens, 2 Cute Cow Pen 0.5 mm Retractable Black Gel Ink Pens, 2 Cow Sticky Notes, Cute Cow Stickers for Office School Supplies Gifts for Girl Women Kids",$18.99,https://www.amazon.com/Cow-Retractable-Sticky-Stickers-Supplies/dp/B09V1451YX/ref=sr_1_23?crid=1ETD973V81N4Y&keywords=cow&qid=1670361972&sprefix=cow%2Caps%2C70&sr=8-23,https://m.media-amazon.com/images/I/81B6jrYjSVL._AC_UL320_.jpg
"ZMART Funny Saying Cat Gifts Dog Gifts, Novelty Cat Socks Dog Socks for Women Horse Cow Unicorn Socks",$15.99,https://www.amazon.com/ZMART-Funny-Gifts-Novelty-Lovers/dp/B09DY88K31/ref=sr_1_24?crid=1ETD973V81N4Y&keywords=cow&qid=1670361972&sprefix=cow%2Caps%2C70&sr=8-24,https://m.media-amazon.com/images/I/716a5P5QogL._AC_UL320_.jpg
"Succulent Pots,Cute Animal Cow Shaped Cartoon Ceramic Succulent Cactus Flower Pot with Bamboo Tray -Plant Not Included",$12.99,https://www.amazon.com/Animal-Cartoon-Ceramic-Succulent-Included/dp/B07HGSVRVY/ref=sr_1_25?crid=1ETD973V81N4Y&keywords=cow&qid=1670361972&sprefix=cow%2Caps%2C70&sr=8-25,https://m.media-amazon.com/images/I/71o+QOG10YL._AC_UL320_.jpg
onzqewc Women's Cow Print Clogs Cow Slippers Comfortable Slip On Water Shoes Beach Sandals Slippers Indoor Outdoor Mules,$23.99,https://www.amazon.com/onzqewc-Slippers-Comfortable-Elasticity-Classic/dp/B0B5SKGXS2/ref=sr_1_26?crid=1ETD973V81N4Y&keywords=cow&qid=1670361972&sprefix=cow%2Caps%2C70&sr=8-26,https://m.media-amazon.com/images/I/71SLubZI0yL._AC_UL320_.jpg
"50 Pcs Cow Stickers Pack, Vinyl Waterproof Cute Cartoon Animal Sticker for Kids",$6.99,https://www.amazon.com/Stickers-Waterproof-Cartoon-Animal-Sticker/dp/B0918LHY8M/ref=sr_1_27?crid=1ETD973V81N4Y&keywords=cow&qid=1670361972&sprefix=cow%2Caps%2C70&sr=8-27,https://m.media-amazon.com/images/I/81AG00NChVS._AC_UL320_.jpg
ROMWE Women's 2 Piece Cartoon Short Sleeve Pajama Set Shirt and Pants Pj Set Sleepwear,$19.99,https://www.amazon.com/Womens-Sleeve-Cartoon-Pajama-Sleepwear/dp/B09TDGGK4Z/ref=sr_1_28?crid=1ETD973V81N4Y&keywords=cow&qid=1670361972&sprefix=cow%2Caps%2C70&sr=8-28,https://m.media-amazon.com/images/I/71biZczm6SL._AC_UL320_.jpg
"Cow Print Blanket Cow Decor Bedding Throw Blanket for Girl Women Valentine's Birthday Gifts,Funny Farmhouse Animal Fall Winter Warm Soft Sherpa Thick Throw Blanket for Bed Sofa Office",$23.99,https://www.amazon.com/Blankets-Cartoon-Farmhouse-Printfor-Stitching/dp/B09C3DXWYK/ref=sr_1_29?crid=1ETD973V81N4Y&keywords=cow&qid=1670361972&sprefix=cow%2Caps%2C70&sr=8-29,https://m.media-amazon.com/images/I/719oLi2eqeL._AC_UL320_.jpg
Cow Lover Gift Crazy Cow Lady Gift Cow Gift Cow Whisperer Keychain Cow Themed Gift Cow Farmer Gift,$9.99,https://www.amazon.com/RSZOTW-Expert-Whisperer-Keychain-Jewelry/dp/B09LQXTRS8/ref=sr_1_30?crid=1ETD973V81N4Y&keywords=cow&qid=1670361972&sprefix=cow%2Caps%2C70&sr=8-30,https://m.media-amazon.com/images/I/61-uxtWFKlL._AC_UL320_.jpg
"9"" Cow Stuffed Animals Soft Cuddly Cow Plush Stuffed Animal Toy for Kids",$13.79,https://www.amazon.com/Stuffed-Animals-Cuddly-Plush-Animal/dp/B08TH22D6J/ref=sr_1_31?crid=1ETD973V81N4Y&keywords=cow&qid=1670361972&sprefix=cow%2Caps%2C70&sr=8-31,https://m.media-amazon.com/images/I/61wod3T2Z3L._AC_UL320_.jpg
Qwalnely Leather Cow Print Wallet Cow Print Purse for Women Phone Credit Card Storage Purse Cow Print Stuff Gifts for Ladies Girls,$14.99,https://www.amazon.com/Leather-Cow-Print-Wallet-Storage/dp/B09YDC96HH/ref=sr_1_32?crid=1ETD973V81N4Y&keywords=cow&qid=1670361972&sprefix=cow%2Caps%2C70&sr=8-32,https://m.media-amazon.com/images/I/516ScICR5QL._AC_UL320_.jpg
Cow Necklace for Women 925 Sterling Silver Cow Gifts Pendant Jewelry Birthday for Her,$29.99,https://www.amazon.com/gp/slredirect/picassoRedirect.html/ref=pa_sp_mtf_aps_sr_pg1_1?ie=UTF8&adId=A08941642FY8IMRZ1RVPA&qualifier=1670361972&id=7188024803394017&widgetName=sp_mtf&url=%2FMISTBEE-Necklace-Sterling-Pendant-Birthday%2Fdp%2FB08YJM7YV5%2Fref%3Dsr_1_33_sspa%3Fcrid%3D1ETD973V81N4Y%26keywords%3Dcow%26qid%3D1670361972%26sprefix%3Dcow%252Caps%252C70%26sr%3D8-33-spons%26psc%3D1,https://m.media-amazon.com/images/I/61QQNtAwEcL._AC_UL320_.jpg
CUXWEOT Personalized Blanket with Name Text Custom Funny Cow Soft Fleece Throw Blanket for Gifts (50 X 60 inches),$33.99,https://www.amazon.com/gp/slredirect/picassoRedirect.html/ref=pa_sp_mtf_aps_sr_pg1_1?ie=UTF8&adId=A0429043RRR7THXA6D07&qualifier=1670361972&id=7188024803394017&widgetName=sp_mtf&url=%2FCUXWEOT-Personalized-Blanket-Custom-Fleece%2Fdp%2FB08PZ2GZFV%2Fref%3Dsr_1_34_sspa%3Fcrid%3D1ETD973V81N4Y%26keywords%3Dcow%26qid%3D1670361972%26sprefix%3Dcow%252Caps%252C70%26sr%3D8-34-spons%26psc%3D1,https://m.media-amazon.com/images/I/61+KwFcE1QL._AC_UL320_.jpg
Canvas Wall Art Cute Cow With Sunflower In Bathtube Canvas Print Contemporary Painting Bathtub Wall Decor Funny Artworks Home Decor For Bathroom Living Room Bedroom Framed Ready To Hang 12x16 Inch,$22.99,https://www.amazon.com/gp/slredirect/picassoRedirect.html/ref=pa_sp_mtf_aps_sr_pg1_1?ie=UTF8&adId=A02989821JKAD2LZ8HTIM&qualifier=1670361972&id=7188024803394017&widgetName=sp_mtf&url=%2FSunflower-Bathtube-Contemporary-Painting-Artworks%2Fdp%2FB08N9X7GS8%2Fref%3Dsr_1_35_sspa%3Fcrid%3D1ETD973V81N4Y%26keywords%3Dcow%26qid%3D1670361972%26sprefix%3Dcow%252Caps%252C70%26sr%3D8-35-spons%26psc%3D1,https://m.media-amazon.com/images/I/71X-adevlZS._AC_UL320_.jpg
Animal Cow Print License Plate Frame White Black Spot Aluminum Metal Car Cover Tag Holder with 4 Holes and Screws Customized Frames 12 x 6 Inch for US Canada Vehicle Standard Gifts for Women Men,$13.99,https://www.amazon.com/gp/slredirect/picassoRedirect.html/ref=pa_sp_mtf_aps_sr_pg1_1?ie=UTF8&adId=A0281759A6EITE0BHY8H&qualifier=1670361972&id=7188024803394017&widgetName=sp_mtf&url=%2FLicense-Aluminum-Customized-Vehicle-Standard%2Fdp%2FB09M85X7HT%2Fref%3Dsr_1_36_sspa%3Fcrid%3D1ETD973V81N4Y%26keywords%3Dcow%26qid%3D1670361972%26sprefix%3Dcow%252Caps%252C70%26sr%3D8-36-spons%26psc%3D1,https://m.media-amazon.com/images/I/51GxrMhkFBL._AC_UL320_.jpg
"2PCS Bling Cow Print Car Accessories for Women, Universal Auto Cute Anti Slip Cup Holder Insert Coaster",$6.99,https://www.amazon.com/Accessories-Universal-Holder-Insert-Coaster/dp/B09XQHGNBY/ref=sr_1_37?crid=1ETD973V81N4Y&keywords=cow&qid=1670361972&sprefix=cow%2Caps%2C70&sr=8-37,https://m.media-amazon.com/images/I/71NNCh5YMiL._AC_UL320_.jpg
Womens Warm Cozy and Lovely Animal Non-Skid Knit Home Floor Slippers Socks for Adults Girls,$14.99,https://www.amazon.com/Womens-Lovely-Slippers-Non-Skid-7-5-9-5/dp/B07GCH1XGX/ref=sr_1_38?crid=1ETD973V81N4Y&keywords=cow&qid=1670361972&sprefix=cow%2Caps%2C70&sr=8-38,https://m.media-amazon.com/images/I/61jOO4JQtNL._AC_UL320_.jpg
"softan Blanket Hoodie, Oversized Wearable Blanket for Adult Men Women, Super Cozy Warm and Soft Hooded Blanket Sweatshirt, Cow Print Faux Fur Blanket Sweatshirt with Large Pocket, One Size Fits All",$40.99,https://www.amazon.com/softan-Blanket-Oversized-Wearable-Sweatshirt/dp/B0B5689HM7/ref=sr_1_39?crid=1ETD973V81N4Y&keywords=cow&qid=1670361972&sprefix=cow%2Caps%2C70&sr=8-39,https://m.media-amazon.com/images/I/71LKLcjz6mL._AC_UL320_.jpg
SOLY HUX Women's Cute Cartoon Cow Print Sleepwear Short Sleeve Tee with Pants Pajama Set,$17.99,https://www.amazon.com/SOLY-HUX-Womens-Cartoon-Sleepwear/dp/B08S2PF4GG/ref=sr_1_40?crid=1ETD973V81N4Y&keywords=cow&qid=1670361972&sprefix=cow%2Caps%2C70&sr=8-40,https://m.media-amazon.com/images/I/61HTXCd2X3L._MCnd_AC_UL320_.jpg
"Blob Bigomi Cow Blankets, Black and White Cow Print Blankets, Cow Gifts Animal Cow Print Fleece Throw Blanket 50x60 inch Cow Stuff Cow Bedding Room Decor for Kids, Baby, Women, and Men",$19.49,https://www.amazon.com/Blankets-Animal-Fleece-Blanket-Bedding/dp/B09NLRQWTR/ref=sr_1_41?crid=1ETD973V81N4Y&keywords=cow&qid=1670361972&sprefix=cow%2Caps%2C70&sr=8-41,https://m.media-amazon.com/images/I/81ljcjc7zgL._AC_UL320_.jpg
"Gaolinci Cartoon Cow Cotton Slippers, Winter Indoor Outdoor Slippers for Women",$26.99,https://www.amazon.com/Gaolinci-Cartoon-Cotton-Slippers-Outdoor/dp/B09JC2GXZ4/ref=sr_1_42?crid=1ETD973V81N4Y&keywords=cow&qid=1670361972&sprefix=cow%2Caps%2C70&sr=8-42,https://m.media-amazon.com/images/I/51byGKlqjDL._AC_UL320_.jpg
Cow,$3.99,https://www.amazon.com/Dairy-Cattle-People-Park-Farm/dp/B09W6CD1HN/ref=sr_1_43?crid=1ETD973V81N4Y&keywords=cow&qid=1670361972&sprefix=cow%2Caps%2C70&sr=8-43,https://m.media-amazon.com/images/I/71LGW1ndnoL._AC_UL320_.jpg
"Neon Sign Cow Decor, Cow Gifts Neon Lights USB/Battery Powered LED Signs Neon Lights for Bedroom Kids Room Wedding Bar Party Cow Decoration (Blue/Pink)",$15.59,https://www.amazon.com/Battery-Powered-Bedroom-Wedding-Decoration/dp/B09XLSGF6Q/ref=sr_1_44?crid=1ETD973V81N4Y&keywords=cow&qid=1670361972&sprefix=cow%2Caps%2C70&sr=8-44,https://m.media-amazon.com/images/I/61sBFl6XfiL._AC_UL320_.jpg
Silicone Key Ring Bracelet Wristlet Keychain Unique Beaded Bangle Key Chains for Women with Leather Tassel,$10.99,https://www.amazon.com/Silicone-Bracelet-Wristlet-Keychain-Leather/dp/B0983DZD74/ref=sr_1_45?crid=1ETD973V81N4Y&keywords=cow&qid=1670361972&sprefix=cow%2Caps%2C70&sr=8-45,https://m.media-amazon.com/images/I/61FfC3Rue7S._AC_UL320_.jpg
9 inches Cow Stuffed Animal Soft Plush Cute Cow Doll for Boys Girls,$13.97,https://www.amazon.com/inches-Stuffed-Animal-Plush-Girls/dp/B09PK9B3JC/ref=sr_1_46?crid=1ETD973V81N4Y&keywords=cow&qid=1670361972&sprefix=cow%2Caps%2C70&sr=8-46,https://m.media-amazon.com/images/I/31bfHUhs7EL._AC_UL320_.jpg
Dollger Rectangle Sunglasses for Women Men Trendy Retro Fashion Sunglasses UV 400 Protection Square Fram,$13.99,https://www.amazon.com/Dollger-Rectangle-Sunglasses-Rectangular-sunglasses/dp/B0BG87CR9Y/ref=sr_1_47?crid=1ETD973V81N4Y&keywords=cow&qid=1670361972&sprefix=cow%2Caps%2C70&sr=8-47,https://m.media-amazon.com/images/I/51QEi2GjWaL._AC_UL320_.jpg
"Funny Quote Cute Cows Canvas Wall Art Prints,Hay Girl Hay Wood Texture Paintings Prints,11x14 inches Artwork for Funny Farm Themed Decor Girl Room Farmhouse Bedroom Living Room Home",$19.99,https://www.amazon.com/Texture-Paintings-Artwork-Farmhouse-Bedroom/dp/B0B38PK8G1/ref=sr_1_48?crid=1ETD973V81N4Y&keywords=cow&qid=1670361972&sprefix=cow%2Caps%2C70&sr=8-48,https://m.media-amazon.com/images/I/71k3oUD9xiL._AC_UL320_.jpg
Jeasona Women's Cute Animal Socks Cat Dog Frog Cow Owl Fox Horse Gifts for Women,$15.99,https://www.amazon.com/Jeasona-Womens-Socks-Gifts-Women/dp/B09ZV4SQKL/ref=sr_1_49?crid=1ETD973V81N4Y&keywords=cow&qid=1670361972&sprefix=cow%2Caps%2C70&sr=8-49,https://m.media-amazon.com/images/I/81gOz3X3KLL._AC_UL320_.jpg
Farmhouse Cow Swedish Gnomes Gift with Milk Bottle Nodic Plush Dairy Cattle Handmade Tiered Tray Dolls Black and White Crummie Pattern Farm Home Decoration Ideas 13 Inches,$16.99,https://www.amazon.com/Farmhouse-Swedish-Handmade-Crummie-Decoration/dp/B08TLYDHMJ/ref=sr_1_50?crid=1ETD973V81N4Y&keywords=cow&qid=1670361972&sprefix=cow%2Caps%2C70&sr=8-50,https://m.media-amazon.com/images/I/613mlINizeL._AC_UL320_.jpg
Cows,$12.99,https://www.amazon.com/Cows-Mr-Matthew-Stokoe/dp/0987453661/ref=sr_1_51?crid=1ETD973V81N4Y&keywords=cow&qid=1670361972&sprefix=cow%2Caps%2C70&sr=8-51,https://m.media-amazon.com/images/I/71-4vj4wEVL._AC_UL320_.jpg
"Wrapables® Animal Mini Tabletop Vacuum, Cow",$15.99,https://www.amazon.com/Wrapables-Animal-Mini-Tabletop-Vacuum/dp/B001O6SHD6/ref=sr_1_52?crid=1ETD973V81N4Y&keywords=cow&qid=1670361972&sprefix=cow%2Caps%2C70&sr=8-52,https://m.media-amazon.com/images/I/51wpVzN1gLL._AC_UL320_.jpg
"Keychain wallet with ID Window, Leather Credit Card Holder Wallet, Small Wallet for Women(Cow print)",$9.99,https://www.amazon.com/Keychain-wallet-Window-Leather-Credit/dp/B0B87Q1ZDM/ref=sr_1_53?crid=1ETD973V81N4Y&keywords=cow&qid=1670361972&sprefix=cow%2Caps%2C70&sr=8-53,https://m.media-amazon.com/images/I/618JPWF+pcL._AC_UL320_.jpg
HooYiiok Cow Stuffed Animals Cute Adorable Soft Plush Cow Toy Great Birthday Gift for Kids 9 inches,$16.99,https://www.amazon.com/HooYiiok-Stuffed-Animal-Adorable-Birthday/dp/B08JLNS8LH/ref=sr_1_54?crid=1ETD973V81N4Y&keywords=cow&qid=1670361972&sprefix=cow%2Caps%2C70&sr=8-54,https://m.media-amazon.com/images/I/61oFdymjRKL._AC_UL320_.jpg
zengdannian Farmhouse canvas Printing Rustic Bedroom Decor Retro Cow Wall Art Home artwork Print Used in Bathroom Office fireplace kitchen Dining Room Decorate Cute watercolor (12inchx12inch,$13.90,https://www.amazon.com/zengdannian-Farmhouse-Fireplace-Watercolor-12inchx12inch/dp/B099RJ8DKZ/ref=sr_1_55?crid=1ETD973V81N4Y&keywords=cow&qid=1670361972&sprefix=cow%2Caps%2C70&sr=8-55,https://m.media-amazon.com/images/I/61LN3oHIVeL._AC_UL320_.jpg
12 Pcs Cute Cow Pen Cartoon Gel Ink Pens with Grip 0.5 mm Black Cow Print Pens Retractable Kawaii Ballpoint Pen for Home Travel Office School Supplies Friends Teachers Students Study Accessories,$15.99,https://www.amazon.com/Retractable-Ballpoint-Supplies-Teachers-Accessories/dp/B09R9QP9C5/ref=sr_1_56?crid=1ETD973V81N4Y&keywords=cow&qid=1670361972&sprefix=cow%2Caps%2C70&sr=8-56,https://m.media-amazon.com/images/I/71BmP7cYAEL._AC_UL320_.jpg
"Hudson Baby Unisex Baby Plush Animal Face Bathrobe, Cow, 0-9 Months",$15.99,https://www.amazon.com/Hudson-Baby-Unisex-Animal-Bathrobe/dp/B08T82QGM8/ref=sr_1_57?crid=1ETD973V81N4Y&keywords=cow&qid=1670361972&sprefix=cow%2Caps%2C70&sr=8-57,https://m.media-amazon.com/images/I/71iAsYfg3rL._AC_UL320_.jpg
"HAPPYPOP Funny Novelty Women Cow Chicken Llama Teeth Socks, Crazy Gifts For Dentist Animal Lovers",$14.99,https://www.amazon.com/gp/slredirect/picassoRedirect.html/ref=pa_sp_btf_aps_sr_pg1_1?ie=UTF8&adId=A00491222BB645YYT59VT&qualifier=1670361972&id=7188024803394017&widgetName=sp_btf&url=%2FHAPPYPOP-Funny-Gifts-Novelty-Lovers%2Fdp%2FB09499ZHLZ%2Fref%3Dsr_1_58_sspa%3Fcrid%3D1ETD973V81N4Y%26keywords%3Dcow%26qid%3D1670361972%26sprefix%3Dcow%252Caps%252C70%26sr%3D8-58-spons%26psc%3D1,https://m.media-amazon.com/images/I/71WKhX2v8QL._AC_UL320_.jpg
"KOKOLAP 20PCS Funny Cow Decals,Cow Window Stickers,Peeking Cow Wall Sticker Peel and Stick Decal,Cute Animal Wall Decals,Vinyl Cute Animal Art Sticker for Windows Clings Living Room Kitchen Decoration",$13.99,https://www.amazon.com/gp/slredirect/picassoRedirect.html/ref=pa_sp_btf_aps_sr_pg1_1?ie=UTF8&adId=A05538222UA7WY40IGL5V&qualifier=1670361972&id=7188024803394017&widgetName=sp_btf&url=%2FKOKOLAP-Stickers-Peeking-Sticker-Decoration%2Fdp%2FB0B5D91L14%2Fref%3Dsr_1_59_sspa%3Fcrid%3D1ETD973V81N4Y%26keywords%3Dcow%26qid%3D1670361972%26sprefix%3Dcow%252Caps%252C70%26sr%3D8-59-spons%26psc%3D1,https://m.media-amazon.com/images/I/818cI4eORiL._AC_UL320_.jpg
"Cow Gifts, I Just Freaking Love Cows OK Tumblers with Lids and Straws, Farm Animal Stainless Steel Vacuum Insulated Travel Tumbler Cups 20 OZ for Cow Lovers",$22.99,https://www.amazon.com/gp/slredirect/picassoRedirect.html/ref=pa_sp_btf_aps_sr_pg1_1?ie=UTF8&adId=A02608471BNGBTH1L8KA6&qualifier=1670361972&id=7188024803394017&widgetName=sp_btf&url=%2FFreaking-Tumblers-Stainless-Insulated-Tumbler%2Fdp%2FB09V11D728%2Fref%3Dsr_1_60_sspa%3Fcrid%3D1ETD973V81N4Y%26keywords%3Dcow%26qid%3D1670361972%26sprefix%3Dcow%252Caps%252C70%26sr%3D8-60-spons%26psc%3D1,https://m.media-amazon.com/images/I/617tQwv0O-L._AC_UL320_.jpg
