item_name,price,link_to_item,link_to_item_image
"Arora Stainless Steel Wine Glass 18oz - Set of 2 Gold - 3.6"" D x 8.3"" H",$19.34,https://www.amazon.com/gp/slredirect/picassoRedirect.html/ref=pa_sp_atf_aps_sr_pg1_1?ie=UTF8&adId=A085262617W0XFIMT37QT&qualifier=1670362021&id=4164506150541503&widgetName=sp_atf&url=%2FArora-Stainless-Steel-Wine-Glass%2Fdp%2FB0BDF9WFQT%2Fref%3Dsr_1_1_sspa%3Fcrid%3D1ETD973V81N4Y%26keywords%3Dwine%2Bglass%26qid%3D1670362021%26sprefix%3Dwine%2Bglass%252Caps%252C70%26sr%3D8-1-spons%26psc%3D1,https://m.media-amazon.com/images/I/611rrE0HzIL._AC_UL320_.jpg
"Coravin Timeless Three Plus Wine by the Glass System - Includes 1 Wine Preserver, 2 Argon Gas Capsules, 2 Screw Cap Replacements, and 1 Wine Aerator, Grey",$149.99,https://www.amazon.com/gp/slredirect/picassoRedirect.html/ref=pa_sp_atf_aps_sr_pg1_1?ie=UTF8&adId=A099158010ASS8T6JTWZM&qualifier=1670362021&id=4164506150541503&widgetName=sp_atf&url=%2FCoravin-Timeless-Three-Glass-System%2Fdp%2FB0B94KSMRS%2Fref%3Dsr_1_2_sspa%3Fcrid%3D1ETD973V81N4Y%26keywords%3Dwine%2Bglass%26qid%3D1670362021%26sprefix%3Dwine%2Bglass%252Caps%252C70%26sr%3D8-2-spons%26psc%3D1,https://m.media-amazon.com/images/I/71siVObMNtL._AC_UL320_.jpg
"Coravin Timeless Six Plus Wine by the Glass System - Piano Black - Includes 3 Argon Gas Capsules, 1 Wine Aerator, 6 Screw Cap Replacements, and 1 Carrying Case",$229.99,https://www.amazon.com/gp/slredirect/picassoRedirect.html/ref=pa_sp_atf_aps_sr_pg1_1?ie=UTF8&adId=A00243185N2S8EIQ3U6H&qualifier=1670362021&id=4164506150541503&widgetName=sp_atf&url=%2FCoravin-Timeless-Six-Plus-Preservation%2Fdp%2FB095BFGFWX%2Fref%3Dsr_1_3_sspa%3Fcrid%3D1ETD973V81N4Y%26keywords%3Dwine%2Bglass%26qid%3D1670362021%26sprefix%3Dwine%2Bglass%252Caps%252C70%26sr%3D8-3-spons%26psc%3D1%26smid%3DA2EJCTH67GJMT3,https://m.media-amazon.com/images/I/91bqp37WtVL._AC_UL320_.jpg
"Gusto Nostro Stainless Steel Wine Glass - 18 oz - Unbreakable Black Wine Glasses for Travel, Camping and Pool - Fancy, Unique and Cool Portable Metal Wine Glass for Outdoor Events, Picnics (Set of 2)",$34.99,https://www.amazon.com/gp/slredirect/picassoRedirect.html/ref=pa_sp_atf_aps_sr_pg1_1?ie=UTF8&adId=A09866592EP8Y49ZMR8L6&qualifier=1670362021&id=4164506150541503&widgetName=sp_atf&url=%2FStemmed-Stainless-Steel-Wine-Glasses%2Fdp%2FB08HD52L84%2Fref%3Dsr_1_4_sspa%3Fcrid%3D1ETD973V81N4Y%26keywords%3Dwine%2Bglass%26qid%3D1670362021%26sprefix%3Dwine%2Bglass%252Caps%252C70%26sr%3D8-4-spons%26psc%3D1,https://m.media-amazon.com/images/I/81qrWpZcg+L._AC_UL320_.jpg
Stemless Wine Glass for Pharmacist Gifts (Prescription) Made of Unbreakable Tritan Plastic and Dishwasher Safe - 16 ounces,$11.99,https://www.amazon.com/Stemless-Pharmacist-Prescription-Unbreakable-Dishwasher/dp/B083BJDF5W/ref=sr_1_5?crid=1ETD973V81N4Y&keywords=wine+glass&qid=1670362021&sprefix=wine+glass%2Caps%2C70&sr=8-5,https://m.media-amazon.com/images/I/51KsK9UpjJL._AC_UL320_.jpg
"JoyJolt Layla White Wine Glasses, Set of 4 Italian Wine Glasses, 13.5 oz Clear Wine Glasses – Made in Europe",$28.95,https://www.amazon.com/JoyJolt-Crystal-Glasses-Stemmed-Glassware/dp/B078JZ3V1V/ref=sr_1_6?crid=1ETD973V81N4Y&keywords=wine+glass&qid=1670362021&sprefix=wine+glass%2Caps%2C70&sr=8-6,https://m.media-amazon.com/images/I/71TrZlDDHcL._AC_UL320_.jpg
"SUNWILL Insulated Wine Tumbler with Lid Rose Gold, Double Wall Stainless Steel Stemless Insulated Wine Glass 12oz, Durable Insulated Coffee Mug, for Champaign, Cocktail, Beer, Office",$7.99,https://www.amazon.com/Insulated-Stainless-Stemless-Champaign-SUNWILL/dp/B07GWH4V48/ref=sr_1_7?crid=1ETD973V81N4Y&keywords=wine+glass&qid=1670362021&sprefix=wine+glass%2Caps%2C70&sr=8-7,https://m.media-amazon.com/images/I/718TGxjvuWL._AC_UL320_.jpg
"PARACITY Wine Glasses, christmas gift, Crystal Clear Glass, Long Stem Wine Glass for Red and White Wine - 10 OZ (Set of 2), Mother's Day Gift",$14.99,https://www.amazon.com/PARACITY-Glasses-Goblets-Crystal-Stemware/dp/B08GKNR1QL/ref=sr_1_8?crid=1ETD973V81N4Y&keywords=wine+glass&qid=1670362021&sprefix=wine+glass%2Caps%2C70&sr=8-8,https://m.media-amazon.com/images/I/61V2hIJzunL._AC_UL320_.jpg
"JoyJolt Claire 11.4oz White Wine Glass Set. White Wine Glasses Set of 2 Crystal Glasses. Elegant Stemware Stemmed Wine Glasses Made in Europe. Unique Wine Glasses, Modern Wine Glasses with Stem.",$17.95,https://www.amazon.com/JoyJolt-White-Wine-Glasses-Ultra-Elegant/dp/B088HGWGKY/ref=sr_1_9?crid=1ETD973V81N4Y&keywords=wine+glass&qid=1670362021&sprefix=wine+glass%2Caps%2C70&sr=8-9,https://m.media-amazon.com/images/I/71f9E42jYNL._AC_UL320_.jpg
"Waipfaru Wine Tumbler, 12 Oz Insulated Wine Tumbler With Lid and Straw, Stainless Steel Stemless Cup, Double Wall Vacuum Wine Tumbler for Wine Coffee Cocktails, Travel & outdoors (Rose Gold)",$9.99,https://www.amazon.com/Waipfaru-Insulated-Stainless-Stemless-Cocktails/dp/B09Z2N1P4K/ref=sr_1_10?crid=1ETD973V81N4Y&keywords=wine+glass&qid=1670362021&sprefix=wine+glass%2Caps%2C70&sr=8-10,https://m.media-amazon.com/images/I/71B+zhnnzeL._AC_UL320_.jpg
"Wine Glasses Set of 8, 12oz, Lead-free, Clear, Durable Glassware",$29.99,https://www.amazon.com/Glasses-Lead-free-Clear-Durable-Glassware/dp/B086RFDQTJ/ref=sr_1_11?crid=1ETD973V81N4Y&keywords=wine+glass&qid=1670362021&sprefix=wine+glass%2Caps%2C70&sr=8-11,https://m.media-amazon.com/images/I/71IXezSkClL._AC_UL320_.jpg
"Wine Because Punching People In The Face is Illegal Funny 15oz Glass - Unique Novelty Idea for Him, Her, Mom, Wife, Boss, Sister, Best Friend, BFF - Perfect Birthday Gifts for Coworker",$13.95,https://www.amazon.com/Because-Punching-People-Illegal-Funny/dp/B079J6PP8D/ref=sr_1_12?crid=1ETD973V81N4Y&keywords=wine+glass&qid=1670362021&sprefix=wine+glass%2Caps%2C70&sr=8-12,https://m.media-amazon.com/images/I/718Vj5PqtnL._AC_UL320_.jpg
"CUKBLESS Stemless Wine Glass Set Of 4(10 Oz),Iridescent Glassware For Gift ,Modern Rainbow Wine Glass For Serving White Wine, Red Wine, Cocktail, Whiskey, Bourbon, Cool Water",$21.99,https://www.amazon.com/Diamond-Stemless-Iridescent-Glassware-CUKBLESS/dp/B091Q1GN25/ref=sr_1_13?crid=1ETD973V81N4Y&keywords=wine+glass&qid=1670362021&sprefix=wine+glass%2Caps%2C70&sr=8-13,https://m.media-amazon.com/images/I/61MsenxxGqL._AC_UL320_.jpg
On The Rox Drinks Monogrammed Gifts for Women - A-Z Personalized Wine Glasses Engraved- 12.75 Oz (K),$16.99,https://www.amazon.com/Monogrammed-Gifts-Women-Personalized-Engraved/dp/B01HPQ9BWO/ref=sr_1_14?crid=1ETD973V81N4Y&keywords=wine+glass&qid=1670362021&sprefix=wine+glass%2Caps%2C70&sr=8-14,https://m.media-amazon.com/images/I/71h88qYwJgS._AC_UL320_.jpg
"Wine Glass A Wise Woman Once Said Explicit And She Lived Happily Ever After Funny (Stemless, 17oz)",$12.99,https://www.amazon.com/Glass-Woman-Explicit-Happily-Stemless/dp/B079FH58ZX/ref=sr_1_15?crid=1ETD973V81N4Y&keywords=wine+glass&qid=1670362021&sprefix=wine+glass%2Caps%2C70&sr=8-15,https://m.media-amazon.com/images/I/617eP+qOK4L._AC_UL320_.jpg
Fuck This Fucking Day Funny Stemless Wine Glass 15oz- Birthday or Christmas Gift For Office Coworkers Mom Dad - Sarcastic Gag Presents For Him Her Women Mother Best Friend,$12.95,https://www.amazon.com/Fucking-Stemless-Birthday-Christmas-Coworkers/dp/B09WB65MZ5/ref=sr_1_16?crid=1ETD973V81N4Y&keywords=wine+glass&qid=1670362021&sprefix=wine+glass%2Caps%2C70&sr=8-16,https://m.media-amazon.com/images/I/61wJpQHqmPL._AC_UL320_.jpg
"Vanleonet Colored Diamond Stemless Wine Glasses Set,Modern Rainbow Wine Glass, Iridescent Wine Glass Gifts for Women,Men, Old Fashioned Rainbow Glass for Party",$23.99,https://www.amazon.com/gp/slredirect/picassoRedirect.html/ref=pa_sp_mtf_aps_sr_pg1_1?ie=UTF8&adId=A0905141BEX81TRJDBFZ&qualifier=1670362021&id=4164506150541503&widgetName=sp_mtf&url=%2FVanleonet-Colored-Stemless-Iridescent-Fashioned%2Fdp%2FB09PV16XL8%2Fref%3Dsr_1_17_sspa%3Fcrid%3D1ETD973V81N4Y%26keywords%3Dwine%2Bglass%26qid%3D1670362021%26sprefix%3Dwine%2Bglass%252Caps%252C70%26sr%3D8-17-spons%26psc%3D1,https://m.media-amazon.com/images/I/61uFEm0WCOL._AC_UL320_.jpg
"yay! personalized gifts - Custom Text for Red Wine Glasses, Personalized Wine Glass for Warm Messages, 18oz Stemmed Wine Glasses Modern Style Glassware, Quality Crystal Wine Glasses w/ Various Fonts",$11.95,https://www.amazon.com/gp/slredirect/picassoRedirect.html/ref=pa_sp_mtf_aps_sr_pg1_1?ie=UTF8&adId=A06655251CMX7BLYRCZU0&qualifier=1670362021&id=4164506150541503&widgetName=sp_mtf&url=%2FCrystal-Glasses-Engraved-Personalized-Customized%2Fdp%2FB09KMF7DZ4%2Fref%3Dsr_1_18_sspa%3Fcrid%3D1ETD973V81N4Y%26keywords%3Dwine%2Bglass%26qid%3D1670362021%26sprefix%3Dwine%2Bglass%252Caps%252C70%26sr%3D8-18-spons%26psc%3D1,https://m.media-amazon.com/images/I/61u6a8yeDOL._AC_UL320_.jpg
On The Rox Drinks Monogrammed Gifts for Women - A-Z Personalized Wine Glasses Engraved- 12.75 Oz (M),$16.99,https://www.amazon.com/gp/slredirect/picassoRedirect.html/ref=pa_sp_mtf_aps_sr_pg1_1?ie=UTF8&adId=A05185153LRCIU67AJOBA&qualifier=1670362021&id=4164506150541503&widgetName=sp_mtf&url=%2FMonogrammed-Gifts-Women-Personalized-Engraved%2Fdp%2FB01HPQ9EJE%2Fref%3Dsr_1_19_sspa%3Fcrid%3D1ETD973V81N4Y%26keywords%3Dwine%2Bglass%26qid%3D1670362021%26sprefix%3Dwine%2Bglass%252Caps%252C70%26sr%3D8-19-spons%26psc%3D1%26smid%3DA2GP3964Y64K0P,https://m.media-amazon.com/images/I/71FpFSAZ3CS._AC_UL320_.jpg
"YY Handmade Essential Wine Glasses with Long Stem Set of 2 - Gift Box - 17 Ounce Basic Crystal Glasses Set for Red or White Wine, Juice, Soda and More",$19.59,https://www.amazon.com/gp/slredirect/picassoRedirect.html/ref=pa_sp_mtf_aps_sr_pg1_1?ie=UTF8&adId=A0175316260KFDVI5LJIW&qualifier=1670362021&id=4164506150541503&widgetName=sp_mtf&url=%2FYY-Handmade-Essential-Wine-Glasses%2Fdp%2FB08ZS96XWR%2Fref%3Dsr_1_20_sspa%3Fcrid%3D1ETD973V81N4Y%26keywords%3Dwine%2Bglass%26qid%3D1670362021%26sprefix%3Dwine%2Bglass%252Caps%252C70%26sr%3D8-20-spons%26psc%3D1,https://m.media-amazon.com/images/I/61pIojfz2oL._AC_UL320_.jpg
JoyJolt Spirits Stemless Wine Glasses for Red or White Wine (Set of 4)-15-Ounces,$16.95,https://www.amazon.com/JoyJolt-Spirits-Stemless-Glasses-15-Ounces/dp/B01M11A5KD/ref=sr_1_21?crid=1ETD973V81N4Y&keywords=wine+glass&qid=1670362021&sprefix=wine+glass%2Caps%2C70&sr=8-21,https://m.media-amazon.com/images/I/71-cK7gKiNL._AC_UL320_.jpg
Hand Blown Italian Style Crystal Burgundy Wine Glasses - Lead-Free Premium Crystal Clear Glass - Set of 2 - 21 Ounce - Gift-Box for any Occasion,$22.99,https://www.amazon.com/Blown-Italian-Style-Crystal-Glasses/dp/B07M8KM128/ref=sr_1_22?crid=1ETD973V81N4Y&keywords=wine+glass&qid=1670362021&sprefix=wine+glass%2Caps%2C70&sr=8-22,https://m.media-amazon.com/images/I/61kQ4QeSleL._AC_UL320_.jpg
"C & M Personal Gifts Dogs and Wine Make Life Better Stemless Wine Glass, 1 Piece, 17 Oz – Dog Lover Glass Gifts for Mom, Dad, Sisters, Wife, Friends",$16.19,https://www.amazon.com/Dogs-Better-stemless-Glass-Perfect-Lover/dp/B06XVWVG1V/ref=sr_1_23?crid=1ETD973V81N4Y&keywords=wine+glass&qid=1670362021&sprefix=wine+glass%2Caps%2C70&sr=8-23,https://m.media-amazon.com/images/I/518uMsv7MDL._AC_UL320_.jpg
"Pearhead Jingle Juice Wine Glass, Christmas Wine Glass, Holiday Gifts For Mom, Christmas Home Décor, Stemless Wine Glass For The Holidays",$9.99,https://www.amazon.com/Pearhead-Christmas-Holiday-Stemless-Holidays/dp/B0BDC744MX/ref=sr_1_24?crid=1ETD973V81N4Y&keywords=wine+glass&qid=1670362021&sprefix=wine+glass%2Caps%2C70&sr=8-24,https://m.media-amazon.com/images/I/61bBD7ZzXzL._AC_UL320_.jpg
"Stemless Wine Glasses - Mama Bear Wine Glasses with Gift Box, Mothers Day Gift, Mom Gifts, Mom Birthday Gift, 17 Oz, Great Choice for Thanksgiving Day, Mother's Day, Christmas",$9.99,https://www.amazon.com/Stemless-Wine-Glasses-Thanksgiving-Christmas/dp/B0B71XD7BP/ref=sr_1_25?crid=1ETD973V81N4Y&keywords=wine+glass&qid=1670362021&sprefix=wine+glass%2Caps%2C70&sr=8-25,https://m.media-amazon.com/images/I/61hHipgidGL._AC_UL320_.jpg
"YETI Rambler 10 oz Wine Tumbler, Vacuum Insulated, Stainless Steel with MagSlider Lid",$25.00,https://www.amazon.com/YETI-Rambler-Insulated-Stainless-MagSlider/dp/B08RLLJ8MH/ref=sr_1_26?crid=1ETD973V81N4Y&keywords=wine+glass&qid=1670362021&sprefix=wine+glass%2Caps%2C70&sr=8-26,https://m.media-amazon.com/images/I/61BBELKaUCL._AC_UL320_.jpg
"Amazon Basics All-Purpose Wine Glasses, 19-Ounce, Set of 4",$27.99,https://www.amazon.com/AmazonBasics-All-Purpose-Wine-Glasses-19-Ounce/dp/B073761KD4/ref=sr_1_27?crid=1ETD973V81N4Y&keywords=wine+glass&qid=1670362021&sprefix=wine+glass%2Caps%2C70&sr=8-27,https://m.media-amazon.com/images/I/81c4YNTu7kL._AC_UL320_.jpg
"Red Wine Glasses Set of 4- Premium Crystal Wine Glasses Hand Blown-15 oz,Thin Rim,Long Stem,Perfect for Red or White,Daily Use,Unique Wedding Anniversary or Birthday Gift",$38.59,https://www.amazon.com/Glasses-Crystal-Blown-15-Anniversary-Birthday/dp/B08BL8P8TS/ref=sr_1_28?crid=1ETD973V81N4Y&keywords=wine+glass&qid=1670362021&sprefix=wine+glass%2Caps%2C70&sr=8-28,https://m.media-amazon.com/images/I/61YROxzrRML._AC_UL320_.jpg
"Stainless Steel Wine Glasses Cups.Double Walled Vacuum Insulated Wine Tumbler With Lid and Straw.Friendship,Christmas,Birthday Gifts for Women Men Friends Dad Mom(10oz Light Pink)",$15.95,https://www.amazon.com/Stainless-Cups-Double-Insulated-Straw-Friendship-Christmas/dp/B078S99ZQX/ref=sr_1_29?crid=1ETD973V81N4Y&keywords=wine+glass&qid=1670362021&sprefix=wine+glass%2Caps%2C70&sr=8-29,https://m.media-amazon.com/images/I/61xOjMOG72L._AC_UL320_.jpg
"Brookline Wine Glass - Premium Crystal Italian Style Hand Blown, Long Stem 17.50 oz Red and White Wine Glass Set - Ultra Thin Stem Durable Glassware - Gift for Wedding, Birthdays and Party Glasses",$11.99,https://www.amazon.com/Brookline-Luxury-Wine-Glass-Pack/dp/B09N3RTPDV/ref=sr_1_30?crid=1ETD973V81N4Y&keywords=wine+glass&qid=1670362021&sprefix=wine+glass%2Caps%2C70&sr=8-30,https://m.media-amazon.com/images/I/61Vbf25uQGL._AC_UL320_.jpg
"Amazon Basics Stemless Wine Glasses (Set of 4), 15 oz",$15.26,https://www.amazon.com/AmazonBasics-Stemless-Wine-Glasses-15-Ounce/dp/B07376L9FC/ref=sr_1_31?crid=1ETD973V81N4Y&keywords=wine+glass&qid=1670362021&sprefix=wine+glass%2Caps%2C70&sr=8-31,https://m.media-amazon.com/images/I/71yF1rYR0tL._AC_UL320_.jpg
Hand Blown Italian Style Crystal Bordeaux Wine Glasses - Great Gift Packaging - Red Wine Glasses Lead-Free Premium Crystal Clear Glass - Set of 4 - 18 Ounce,$35.99,https://www.amazon.com/Blown-Italian-Style-Crystal-Glasses/dp/B07M8KDPPH/ref=sr_1_32?crid=1ETD973V81N4Y&keywords=wine+glass&qid=1670362021&sprefix=wine+glass%2Caps%2C70&sr=8-32,https://m.media-amazon.com/images/I/71tUP4JDzLS._AC_UL320_.jpg
Vikko 8.5 Ounce Glass Wine Glasses: Small Wine Glasses - Wine Glass for Red and White Wine With Stem - Clear Glasses for Wine - Thick and Durable Stemmed Wine Glasses - White Wine Glasses Set of 6,$25.99,https://www.amazon.com/gp/slredirect/picassoRedirect.html/ref=pa_sp_mtf_aps_sr_pg1_1?ie=UTF8&adId=A00482423NHVD919SUBIJ&qualifier=1670362021&id=4164506150541503&widgetName=sp_mtf&url=%2FVikko-Ounce-Glass-Wine-Glasses%2Fdp%2FB09PFBNJ4W%2Fref%3Dsr_1_33_sspa%3Fcrid%3D1ETD973V81N4Y%26keywords%3Dwine%2Bglass%26qid%3D1670362021%26sprefix%3Dwine%2Bglass%252Caps%252C70%26sr%3D8-33-spons%26psc%3D1,https://m.media-amazon.com/images/I/71k4Ov0+R1L._AC_UL320_.jpg
Premium Wine Glasses 10 Ounce - Clear Classic Wine Glass with Stem Pack of 6 - Great For White And Red Wine - Elegant Gift For Housewarming Party,$25.50,https://www.amazon.com/gp/slredirect/picassoRedirect.html/ref=pa_sp_mtf_aps_sr_pg1_1?ie=UTF8&adId=A1027589YWIGVYLXGVQA&qualifier=1670362021&id=4164506150541503&widgetName=sp_mtf&url=%2FClassic-Premium-Purpose-Clear-Glasses%2Fdp%2FB01LZFHEL8%2Fref%3Dsr_1_34_sspa%3Fcrid%3D1ETD973V81N4Y%26keywords%3Dwine%2Bglass%26qid%3D1670362021%26sprefix%3Dwine%2Bglass%252Caps%252C70%26sr%3D8-34-spons%26psc%3D1,https://m.media-amazon.com/images/I/917mBuz689L._AC_UL320_.jpg
"Trinkware Colored Stem Wine Glasses Set of 6 - Multi Yellow, Orange, Purple, Blue, Red, Green - Fun Party Wine Goblets -11oz",$32.99,https://www.amazon.com/gp/slredirect/picassoRedirect.html/ref=pa_sp_mtf_aps_sr_pg1_1?ie=UTF8&adId=A06983993RJV57810QI3Y&qualifier=1670362021&id=4164506150541503&widgetName=sp_mtf&url=%2FTrinkware-Champagne-Wine-Glass-Rhinestones%2Fdp%2FB07K67P7TP%2Fref%3Dsr_1_35_sspa%3Fcrid%3D1ETD973V81N4Y%26keywords%3Dwine%2Bglass%26qid%3D1670362021%26sprefix%3Dwine%2Bglass%252Caps%252C70%26sr%3D8-35-spons%26psc%3D1,https://m.media-amazon.com/images/I/71CC9iJJxdL._AC_UL320_.jpg
"CUKBLESS Wine Glasses for Red or White Wine, Hand Blown Large Wine Glass Set of 2, Blue Crackle Lead-Free Stemmed Glassware for Gift,Anniversary Party,Birthday-20 Ounce",$23.99,https://www.amazon.com/gp/slredirect/picassoRedirect.html/ref=pa_sp_mtf_aps_sr_pg1_1?ie=UTF8&adId=A03407221GO0YP5KEHDBA&qualifier=1670362021&id=4164506150541503&widgetName=sp_mtf&url=%2FCUKBLESS-Stemware-Collecton-Anniversary-Birthday%2Fdp%2FB08TQBXN4Z%2Fref%3Dsr_1_36_sspa%3Fcrid%3D1ETD973V81N4Y%26keywords%3Dwine%2Bglass%26qid%3D1670362021%26sprefix%3Dwine%2Bglass%252Caps%252C70%26sr%3D8-36-spons%26psc%3D1%26smid%3DA1E4PCC59XU7J5,https://m.media-amazon.com/images/I/611kNZV7QXL._AC_UL320_.jpg
Ello Cru Stemless Wine Glass Set with Silicone Sleeves,$15.44,https://www.amazon.com/Ello-Stemless-Silicone-Sleeves-Paloma/dp/B079Y7Y3QX/ref=sr_1_37?crid=1ETD973V81N4Y&keywords=wine+glass&qid=1670362021&sprefix=wine+glass%2Caps%2C70&sr=8-37,https://m.media-amazon.com/images/I/61zIYvxczNL._AC_UL320_.jpg
Square Wine Glasses Set of 4 - Crystal Wine Glasses 14oz in Gift Packaging - Large Red Wine Glass on Long Stem - Unique Modern Shape - Lead-Free - For White & Red Wine,$43.99,https://www.amazon.com/Wine-Glasses-Large-White-Glass/dp/B0735GBJK2/ref=sr_1_38?crid=1ETD973V81N4Y&keywords=wine+glass&qid=1670362021&sprefix=wine+glass%2Caps%2C70&sr=8-38,https://m.media-amazon.com/images/I/71-jHiWs+NL._AC_UL320_.jpg
Merry Christmas Snowman Stemless Wine Glass 17 Oz Christmas Funny Wine Glass Mug for Friends Women Men Christmas Wedding Party Winter Holiday Birthday Party Decorations,$10.99,https://www.amazon.com/Christmas-Snowman-Stemless-Birthday-Decorations/dp/B08N424BY6/ref=sr_1_39?crid=1ETD973V81N4Y&keywords=wine+glass&qid=1670362021&sprefix=wine+glass%2Caps%2C70&sr=8-39,https://m.media-amazon.com/images/I/71MxcRy624L._AC_UL320_.jpg
"YETI Rambler 10 oz Wine Tumbler, Vacuum Insulated, Stainless Steel",$17.50,https://www.amazon.com/YETI-10-Wine-Tumbler-Canyon/dp/B07PM919X8/ref=sr_1_40?crid=1ETD973V81N4Y&keywords=wine+glass&qid=1670362021&sprefix=wine+glass%2Caps%2C70&sr=8-40,https://m.media-amazon.com/images/I/51B0Wpzg9gL._AC_UL320_.jpg
"[Set of 8, 12 Ounce] All-Purpose Wine Glasses, Classic",$28.99,https://www.amazon.com/Ounce-All-Purpose-Wine-Glasses-Classic/dp/B07RLVJ4RN/ref=sr_1_41?crid=1ETD973V81N4Y&keywords=wine+glass&qid=1670362021&sprefix=wine+glass%2Caps%2C70&sr=8-41,https://m.media-amazon.com/images/I/71JPp-X2jFL._AC_UL320_.jpg
"NICKANE 12oz Mom Wine Glass with Golden Rim, Gift Box as Christmas, Birthday Gifts for Mother, Women - Because Raising Tiny Humans Ain't Easy - Fun Mothers Day Gifts for Mom from Daughter, Son",$13.99,https://www.amazon.com/NICKANE-Because-Raising-Humans-Funny/dp/B09P48CXRK/ref=sr_1_42?crid=1ETD973V81N4Y&keywords=wine+glass&qid=1670362021&sprefix=wine+glass%2Caps%2C70&sr=8-42,https://m.media-amazon.com/images/I/61n18XiSM+L._AC_UL320_.jpg
"Stemless Wine Glass Set of 2, Blue Crackle Wine Glasses for Red or White Wine, Hand Blown Lead-Free Glassware for Gift, Anniversary Party, Birthday, 17 Ounce, CUKBLESS",$16.99,https://www.amazon.com/CUKBLESS-Stemless-Glass-White-Wedding-Anniversary-Christmas-Birthday-Housewarming-Gift/dp/B08SWJ4L92/ref=sr_1_43?crid=1ETD973V81N4Y&keywords=wine+glass&qid=1670362021&sprefix=wine+glass%2Caps%2C70&sr=8-43,https://m.media-amazon.com/images/I/61HUXeA60lL._AC_UL320_.jpg
"VoChill Stemless Wine Glass Chiller | Keep the Chill In Your Glass | New Wine Accessory | Separable & Refreezable Chill Cradle | Actively Chills Stemless Glassware | Quartz, Single Stemless",$44.95,https://www.amazon.com/VoChill-Accessory-Separable-Refreezable-Glassware/dp/B0BGZ8QDD4/ref=sr_1_44?crid=1ETD973V81N4Y&keywords=wine+glass&qid=1670362021&sprefix=wine+glass%2Caps%2C70&sr=8-44,https://m.media-amazon.com/images/I/41XSOSDilrL._AC_UL320_.jpg
Roraem Wine Glasses Stemless Wine Glass Set of 6 - Crystal Diamond Shape Wine Glass Modern Drinking Glass Cups Tumblers Glassware for Red White Wine Cocktail Housewarming Birthday Gift 10oz,$22.99,https://www.amazon.com/Roraem-Wine-Glasses-Stemless-Glass/dp/B0BGRJGG6X/ref=sr_1_45?crid=1ETD973V81N4Y&keywords=wine+glass&qid=1670362021&sprefix=wine+glass%2Caps%2C70&sr=8-45,https://m.media-amazon.com/images/I/61FFalTxEVL._AC_UL320_.jpg
Paksh Novelty Italian Red Wine Glasses - 18 Ounce - Wine Glass Clear (Set of 4),$22.30,https://www.amazon.com/Paksh-Novelty-Italian-Wine-Glasses/dp/B01A7GNZD0/ref=sr_1_46?crid=1ETD973V81N4Y&keywords=wine+glass&qid=1670362021&sprefix=wine+glass%2Caps%2C70&sr=8-46,https://m.media-amazon.com/images/I/81krxBUd65L._AC_UL320_.jpg
"CANTONG Rose Gold Wine Glasses 18 oz,Long Stem Stainless Steel Wine Glasses for Unbreakable, Wine Glasses Set of 2",$22.39,https://www.amazon.com/CANTONG-goblet-glasses-large-unbreakable/dp/B092M7L75W/ref=sr_1_47?crid=1ETD973V81N4Y&keywords=wine+glass&qid=1670362021&sprefix=wine+glass%2Caps%2C70&sr=8-47,https://m.media-amazon.com/images/I/71xErW1VfFL._AC_UL320_.jpg
"Creative Converting Leopard Wine Glass, 1 Count (Pack of 1), White, Black and Gold",$2.90,https://www.amazon.com/Creative-Converting-Leopard-Glass-White/dp/B095CRLNVL/ref=sr_1_48?crid=1ETD973V81N4Y&keywords=wine+glass&qid=1670362021&sprefix=wine+glass%2Caps%2C70&sr=8-48,https://m.media-amazon.com/images/I/71xo6SVIfaS._AC_UL320_.jpg
"StarSpeed 12OZ Stainless Steel Wine Tumbler with lid. Stemless Double Wall Insulated Wine Tumbler.Wine Glass is suitable for different scenes, parties,outdoor , gifts and so on.(Transparent Red, 1)",$6.49,https://www.amazon.com/StarSpeed-Stainless-Insulated-Tumbler-Wine-Transparent/dp/B0B2NNPHFB/ref=sr_1_49?crid=1ETD973V81N4Y&keywords=wine+glass&qid=1670362021&sprefix=wine+glass%2Caps%2C70&sr=8-49,https://m.media-amazon.com/images/I/51C7udQYyzL._AC_UL320_.jpg
"Wine Glasses Set of 6, Crystal Glass with Stem for Drinking Red/White/Cabernet Wine as Gifts Sets, Clear Lead-Free Premium Blown Glassware (19oz,6 pack)",$39.99,https://www.amazon.com/Glasses-Drinking-Cabernet-Lead-Free-Glassware/dp/B09MY479ZT/ref=sr_1_50?crid=1ETD973V81N4Y&keywords=wine+glass&qid=1670362021&sprefix=wine+glass%2Caps%2C70&sr=8-50,https://m.media-amazon.com/images/I/61Wgz8EUncL._AC_UL320_.jpg
"AOOE Red Wine Glasses Set of 4 ,Crystal Hand Blown Burgundy Glasses-Ultra-thin,18 OZ，Light for Wine Tasting, Perfect Gifts for Valentine's Day, Anniversary, Birthday",$38.59,https://www.amazon.com/Burgundy-Glasses-Finest-Ultra-thin-Christmas-Anniversary/dp/B07TQ94MDB/ref=sr_1_51?crid=1ETD973V81N4Y&keywords=wine+glass&qid=1670362021&sprefix=wine+glass%2Caps%2C70&sr=8-51,https://m.media-amazon.com/images/I/61mEej+gGgL._AC_UL320_.jpg
"SUNNOW Vastto 10 Ounce Classic Crystal Wine Glass,for Home Dinning, Bar and Party,Set of 12",$29.99,https://www.amazon.com/SUNNOW-Vastto-Classic-Crystal-Dinning/dp/B09JW2RM94/ref=sr_1_52?crid=1ETD973V81N4Y&keywords=wine+glass&qid=1670362021&sprefix=wine+glass%2Caps%2C70&sr=8-52,https://m.media-amazon.com/images/I/71onXCvNW4L._AC_UL320_.jpg
"Wine Glasses Set Of 4 Assorted Colored Stemless Glasses 21 OZ. Original Mason Large Wine Cup, Red and White Wine Drinking Water Glasses. Juice, Cocktails, Smoothies, Vintage Bar Glasses",$21.99,https://www.amazon.com/Assorted-Stemless-Original-Cocktails-Smoothies/dp/B09X68D1VF/ref=sr_1_53?crid=1ETD973V81N4Y&keywords=wine+glass&qid=1670362021&sprefix=wine+glass%2Caps%2C70&sr=8-53,https://m.media-amazon.com/images/I/71oc5Q9x1hL._AC_UL320_.jpg
RorAem Wine Glasses - Stemless Wine Glass Crystal Stemless Wine Glasses Set of 4 Iridescent Wine Glass Modern Rainbow Drinking Glass Tilted Glassware Gift for Red White Wine Cocktail Cool Water,$19.99,https://www.amazon.com/RorAem-Stemless-Wine-Glasses-Set/dp/B0BC832W1D/ref=sr_1_54?crid=1ETD973V81N4Y&keywords=wine+glass&qid=1670362021&sprefix=wine+glass%2Caps%2C70&sr=8-54,https://m.media-amazon.com/images/I/717fZbhqJ2L._AC_UL320_.jpg
Lysenn Stemless Wine Glasses Set of 4 - Premium Hand Blown Drinking Glasses for White and Red Wine - Elegant Vertical Stripe and Gold Rim Design - Clear 15oz,$33.99,https://www.amazon.com/Lysenn-Stemless-Wine-Glasses-Set/dp/B0933N1VTT/ref=sr_1_55?crid=1ETD973V81N4Y&keywords=wine+glass&qid=1670362021&sprefix=wine+glass%2Caps%2C70&sr=8-55,https://m.media-amazon.com/images/I/61QUZt213zS._AC_UL320_.jpg
"Chef's Star Elegant Glass Stemless Wine Glasses for Red or White Wine Heavy Base Ideal For Cocktails & Scotch Perfect For Homes & Bars 15 oz, Set of 2",$12.99,https://www.amazon.com/Chefs-Star-Stemless-Wine-Glasses/dp/B08F92GYWF/ref=sr_1_56?crid=1ETD973V81N4Y&keywords=wine+glass&qid=1670362021&sprefix=wine+glass%2Caps%2C70&sr=8-56,https://m.media-amazon.com/images/I/615M727drdL._AC_UL320_.jpg
"Modern Wine Glasses (Set of 4) 14 Ounces - Large Capacity, Tall Wine Glass, Drinking Glass for Wine, Champagne Flute Glasses",$28.99,https://www.amazon.com/Modern-Wine-Glasses-Set-Ounces/dp/B09X621F9R/ref=sr_1_57?crid=1ETD973V81N4Y&keywords=wine+glass&qid=1670362021&sprefix=wine+glass%2Caps%2C70&sr=8-57,https://m.media-amazon.com/images/I/71-maGu1RIL._AC_UL320_.jpg
"Swanfort Red Wine Glasses Set of 4, with Wine Aerator Pourer and Vacuum Wine Stopper, Hand Blown Large Wine Glasses With Stem, Unique Design in Gift Box for All Purpose -14.5 oz",$35.99,https://www.amazon.com/Swanfort-Glasses-Crystal-Accessories-Purpose/dp/B09J4JVRB2/ref=sr_1_58?crid=1ETD973V81N4Y&keywords=wine+glass&qid=1670362021&sprefix=wine+glass%2Caps%2C70&sr=8-58,https://m.media-amazon.com/images/I/513j4Ys67eL._AC_UL320_.jpg
"Wine Glasses Set of 6,Crystal White Wine Glasses ,Red Wine Glass Set,Long stem Wine Glasses,Clear Lead-Free Premium Blown Glassware (18.5oz,6 pack)",$49.99,https://www.amazon.com/Glasses-Crystal-Lead-Free-Premium-Glassware/dp/B09Z2XRJXX/ref=sr_1_59?crid=1ETD973V81N4Y&keywords=wine+glass&qid=1670362021&sprefix=wine+glass%2Caps%2C70&sr=8-59,https://m.media-amazon.com/images/I/81c84gWbMAL._AC_UL320_.jpg
"Modern Slanted Red Wine Glasses Set of 2,No-lead Hand-Blown Tall Long Stem Wine glasses,Premium Crystal Clear Glass with Unique Concave Base,Gift Box-for Anniversary,Wedding,and Christmas-13.5 oz",$26.99,https://www.amazon.com/Slanted-Glasses-Hand-Blown-Anniversary-Christmas-13-5/dp/B09V7GYQV8/ref=sr_1_60?crid=1ETD973V81N4Y&keywords=wine+glass&qid=1670362021&sprefix=wine+glass%2Caps%2C70&sr=8-60,https://m.media-amazon.com/images/I/61TCmOXuBmL._AC_UL320_.jpg
