item_name,price,link_to_item,link_to_item_image
Franklin Sports Baseball and Softball Glove - Field Master - Baseball and Softball Mitt,$20.52,https://www.amazon.com/gp/slredirect/picassoRedirect.html/ref=pa_sp_atf_aps_sr_pg1_1?ie=UTF8&adId=A04384561XJEBEYXCEQKQ&qualifier=1670362010&id=5245207423306028&widgetName=sp_atf&url=%2FFranklin-Sports-Master-Baseball-Gloves%2Fdp%2FB013LQBMJM%2Fref%3Dsr_1_1_sspa%3Fcrid%3D1ETD973V81N4Y%26keywords%3Dbaseball%2Bglove%26qid%3D1670362010%26sprefix%3Dbaseball%2Bglove%252Caps%252C70%26sr%3D8-1-spons%26psc%3D1,https://m.media-amazon.com/images/I/916d3hgx50L._AC_UL320_.jpg
Franklin Sports Baseball and Softball Glove - Field Master - Baseball and Softball Mitt,$21.99,https://www.amazon.com/Franklin-Sports-Master-Baseball-Gloves/dp/B013LPRKQ2/ref=sr_1_2?crid=1ETD973V81N4Y&keywords=baseball+glove&qid=1670362010&sprefix=baseball+glove%2Caps%2C70&sr=8-2,https://m.media-amazon.com/images/I/91hrxclt9YL._AC_UL320_.jpg
"Rawlings | Select PRO LITE Youth Baseball Glove | Pro Player Models | Sizes 11.25"" - 12.25""",$55.70,https://www.amazon.com/Rawlings-SPL120BH-6-Select-Baseball-Regular/dp/B074SX7NFK/ref=sr_1_3?crid=1ETD973V81N4Y&keywords=baseball+glove&qid=1670362010&sprefix=baseball+glove%2Caps%2C70&sr=8-3,https://m.media-amazon.com/images/I/91apQ7RW4NL._AC_UL320_.jpg
Rawlings | Renegade Glove Series | Baseball/Slowpitch Softball | Multiple Styles,$46.70,https://www.amazon.com/Rawlings-Renegade-Basket-R130BGS-6-Gloves/dp/B07G933H4R/ref=sr_1_4?crid=1ETD973V81N4Y&keywords=baseball+glove&qid=1670362010&sprefix=baseball+glove%2Caps%2C70&sr=8-4,https://m.media-amazon.com/images/I/515Py5gP58L._AC_UL320_.jpg
"Franklin Sports Baseball Gloves - RTP Pro Baseball Fielding Glove - Infield, Outfield Gloves",$33.77,https://www.amazon.com/Franklin-Sports-Baseball-Gloves-Fielding/dp/B07WZWQN1Z/ref=sr_1_5?crid=1ETD973V81N4Y&keywords=baseball+glove&qid=1670362010&sprefix=baseball+glove%2Caps%2C70&sr=8-5,https://m.media-amazon.com/images/I/91Ie8lqy2uL._AC_UL320_.jpg
"Rawlings | REMIX T-Ball & Youth Baseball Glove | Sizes 9"" - 10.5""",$19.84,https://www.amazon.com/Rawlings-Remix-T-Ball-Baseball-Gloves/dp/B09GPXN51K/ref=sr_1_6?crid=1ETD973V81N4Y&keywords=baseball+glove&qid=1670362010&sprefix=baseball+glove%2Caps%2C70&sr=8-6,https://m.media-amazon.com/images/I/81SMBGMboYL._AC_UL320_.jpg
WILSON 2022 A450 Youth Baseball Glove,$41.11,https://www.amazon.com/WILSON-Advisory-Staff-Infield-Baseball/dp/B094YSWBGD/ref=sr_1_7?crid=1ETD973V81N4Y&keywords=baseball+glove&qid=1670362010&sprefix=baseball+glove%2Caps%2C70&sr=8-7,https://m.media-amazon.com/images/I/81SPg7uzceL._AC_UL320_.jpg
"Rawlings | Sure Catch T-Ball & Youth Baseball Glove | Sizes 9.5"" - 11.5""",$33.99,https://www.amazon.com/Rawlings-Catch-Youth-Baseball-Basket/dp/B07VDG2YXX/ref=sr_1_8?crid=1ETD973V81N4Y&keywords=baseball+glove&qid=1670362010&sprefix=baseball+glove%2Caps%2C70&sr=8-8,https://m.media-amazon.com/images/I/81MYZie0HGL._AC_UL320_.jpg
"Rawlings | Players Series T-Ball & Youth Baseball Glove | Sizes 9"" - 11.5""",$14.95,https://www.amazon.com/Rawlings-Players-Basket-PL10BMT-12-Gloves/dp/B07G4FRM9S/ref=sr_1_9?crid=1ETD973V81N4Y&keywords=baseball+glove&qid=1670362010&sprefix=baseball+glove%2Caps%2C70&sr=8-9,https://m.media-amazon.com/images/I/81cFkUD3lpL._AC_UL320_.jpg
"Franklin Sports Kids Baseball Glove + Ball Sets - Meshtek Youth Teeball Gloves for Kids + Toddlers - Left + Right Hand Throw Mitts + Glove Sets with Foam Balls - Boys + Girls Gloves - 9.5"" Inch",$22.99,https://www.amazon.com/Franklin-Sports-Teeball-Glove-Synthetic/dp/B00NYA42LQ/ref=sr_1_10?crid=1ETD973V81N4Y&keywords=baseball+glove&qid=1670362010&sprefix=baseball+glove%2Caps%2C70&sr=8-10,https://m.media-amazon.com/images/I/915cPTSL5PL._AC_UL320_.jpg
Franklin Sports Baseball Glove - ProFlex Adult Baseball + Softball Glove - Baseball + Fastpitch Softball Outfield Mitt - Left Handed Throw,$69.99,https://www.amazon.com/Franklin-Sports-Right-Throw-13-Inch/dp/B00C7ES16C/ref=sr_1_11?crid=1ETD973V81N4Y&keywords=baseball+glove&qid=1670362010&sprefix=baseball+glove%2Caps%2C70&sr=8-11,https://m.media-amazon.com/images/I/91x+3fJ7bzL._AC_UL320_.jpg
Mizuno Prospect PowerClose Youth Baseball Glove Series,$34.99,https://www.amazon.com/Mizuno-GPP1000Y3-Prospect-PowerClose-Baseball/dp/B07DLRH4R8/ref=sr_1_12?crid=1ETD973V81N4Y&keywords=baseball+glove&qid=1670362010&sprefix=baseball+glove%2Caps%2C70&sr=8-12,https://m.media-amazon.com/images/I/613gEfYsnPL._AC_UL320_.jpg
Rawlings | Player Preferred Glove Series | Baseball/Slowpitch Softball | Multiple Styles,$70.00,https://www.amazon.com/gp/slredirect/picassoRedirect.html/ref=pa_sp_mtf_aps_sr_pg1_1?ie=UTF8&adId=A03034193J05AD6EKUATS&qualifier=1670362010&id=5245207423306028&widgetName=sp_mtf&url=%2FRawlings-Preferred-Baseball-Regular-Basket-Web%2Fdp%2FB01GX09WUE%2Fref%3Dsr_1_13_sspa%3Fcrid%3D1ETD973V81N4Y%26keywords%3Dbaseball%2Bglove%26qid%3D1670362010%26sprefix%3Dbaseball%2Bglove%252Caps%252C70%26sr%3D8-13-spons%26psc%3D1,https://m.media-amazon.com/images/I/91VqLMN1g3L._AC_UL320_.jpg
WILSON 2023 A500 Youth Baseball Glove,$69.95,https://www.amazon.com/WILSON-Utility-Youth-Baseball-Glove/dp/B0BJ5VV4TM/ref=sr_1_14?crid=1ETD973V81N4Y&keywords=baseball+glove&qid=1670362010&sprefix=baseball+glove%2Caps%2C70&sr=8-14,https://m.media-amazon.com/images/I/81ITZuWAMmL._AC_UL320_.jpg
"WILSON A200 Youth 10"" Baseball Glove",$20.00,https://www.amazon.com/WILSON-2022-Catch-Baseball-Glove/dp/B094YVZJ9B/ref=sr_1_15?crid=1ETD973V81N4Y&keywords=baseball+glove&qid=1670362010&sprefix=baseball+glove%2Caps%2C70&sr=8-15,https://m.media-amazon.com/images/I/81L2SqfF-EL._AC_UL320_.jpg
Rawlings | Encore Baseball Glove Series | 2022 |Youth | Multiple Styles,$169.95,https://www.amazon.com/Rawlings-Encore-Baseball-Glove-Right/dp/B09BG2XGR6/ref=sr_1_16?crid=1ETD973V81N4Y&keywords=baseball+glove&qid=1670362010&sprefix=baseball+glove%2Caps%2C70&sr=8-16,https://m.media-amazon.com/images/I/71lfdMROHDL._AC_UL320_.jpg
MARUCCI Acadia M-Type Baseball Glove Series,$79.99,https://www.amazon.com/Marucci-Acadia-Type-42A2-11-25/dp/B09C91JH1J/ref=sr_1_17?crid=1ETD973V81N4Y&keywords=baseball+glove&qid=1670362010&sprefix=baseball+glove%2Caps%2C70&sr=8-17,https://m.media-amazon.com/images/I/71rgc8JOonL._AC_UL320_.jpg
"Baseball Glove,Softball Mitt,Catcher's Glove,Comfortable Softball and Baseball Mitt for Kids Youth Adults Sports and Professional Baseball,Right Hand Throw,Left Hand Glove",$17.99,https://www.amazon.com/Baseball-Softball-Catchers-Comfortable-Professional/dp/B09M3NWRK3/ref=sr_1_18?crid=1ETD973V81N4Y&keywords=baseball+glove&qid=1670362010&sprefix=baseball+glove%2Caps%2C70&sr=8-18,https://m.media-amazon.com/images/I/71TIdepYkqL._AC_UL320_.jpg
Rawlings | Heart of The Hide Baseball Glove Series | Traditional Break-in | 2022 | Multiple Styles,$240.64,https://www.amazon.com/Rawlings-Heart-Hyper-Harper-Baseball/dp/B0862FXT1B/ref=sr_1_19?crid=1ETD973V81N4Y&keywords=baseball+glove&qid=1670362010&sprefix=baseball+glove%2Caps%2C70&sr=8-19,https://m.media-amazon.com/images/I/61SJ5rQdiOL._AC_UL320_.jpg
Franklin Sports Baseball Fielding Glove - Men's Adult and Youth Baseball Glove - CTZ5000 Cowhide Infield and Outfield Baseball Gloves,$78.57,https://www.amazon.com/Franklin-Sports-Baseball-Fielding-Glove/dp/B07XFYHMWM/ref=sr_1_20?crid=1ETD973V81N4Y&keywords=baseball+glove&qid=1670362010&sprefix=baseball+glove%2Caps%2C70&sr=8-20,https://m.media-amazon.com/images/I/914VU5ab9DL._AC_UL320_.jpg
"Franklin Sports Teeball Infinite Web/Shok-Sorb Combo Series Fielding Glove, 10.5-Inch",$21.99,https://www.amazon.com/Franklin-Sports-Infinite-Shok-Sorb-10-5-Inch/dp/B00NYA3IRU/ref=sr_1_21?crid=1ETD973V81N4Y&keywords=baseball+glove&qid=1670362010&sprefix=baseball+glove%2Caps%2C70&sr=8-21,https://m.media-amazon.com/images/I/91S2awZCW4L._AC_UL320_.jpg
"NURIBASE Sliding Mitt, Baseball Sliding Mitt, Sliding Mitt Individually Customized Design, Sliding Mitt Ideal for Baseball and Softball",$28.99,https://www.amazon.com/gp/slredirect/picassoRedirect.html/ref=pa_sp_mtf_aps_sr_pg1_1?ie=UTF8&adId=A0832974EW6ODLQEPO&qualifier=1670362010&id=5245207423306028&widgetName=sp_mtf&url=%2FNURIBASE-Baseball-Individually-Customized-Softball%2Fdp%2FB0B7DSRDP4%2Fref%3Dsr_1_22_sspa%3Fcrid%3D1ETD973V81N4Y%26keywords%3Dbaseball%2Bglove%26qid%3D1670362010%26sprefix%3Dbaseball%2Bglove%252Caps%252C70%26sr%3D8-22-spons%26psc%3D1,https://m.media-amazon.com/images/I/71mRhKgQJwL._AC_UL320_.jpg
"Baseball Glove and Ball, Baseball Mitt, Softball Glove 9.5''-12.5'' for Kids Youth Adult Training and Beginner, Softball Mitt Left Hand Glove, Right Hand Throw",$14.69,https://www.amazon.com/gp/slredirect/picassoRedirect.html/ref=pa_sp_mtf_aps_sr_pg1_1?ie=UTF8&adId=A02597198ZFGXUQ08U7K&qualifier=1670362010&id=5245207423306028&widgetName=sp_mtf&url=%2FBaseball-Softball-9-5-12-5-Training-Beginner%2Fdp%2FB09XHM6PPG%2Fref%3Dsr_1_23_sspa%3Fcrid%3D1ETD973V81N4Y%26keywords%3Dbaseball%2Bglove%26qid%3D1670362010%26sprefix%3Dbaseball%2Bglove%252Caps%252C70%26sr%3D8-23-spons%26psc%3D1,https://m.media-amazon.com/images/I/81pVkm-HTCL._AC_UL320_.jpg
SSK Z9 Maestro Baseball Catcher’s Mitt – 33” & 33.5” – Right & Left Hand Throw,$269.95,https://www.amazon.com/gp/slredirect/picassoRedirect.html/ref=pa_sp_mtf_aps_sr_pg1_1?ie=UTF8&adId=A033787035OVSC5OBI0KT&qualifier=1670362010&id=5245207423306028&widgetName=sp_mtf&url=%2FSSK-Maestro-Baseball-Catchers-Mitt%2Fdp%2FB09MZZ9SN3%2Fref%3Dsr_1_24_sspa%3Fcrid%3D1ETD973V81N4Y%26keywords%3Dbaseball%2Bglove%26qid%3D1670362010%26sprefix%3Dbaseball%2Bglove%252Caps%252C70%26sr%3D8-24-spons%26psc%3D1,https://m.media-amazon.com/images/I/61Z6e79OPVL._AC_UL320_.jpg
Beoub Softball Baseball Glove Pro Real Leather Youth Adults Mens Women Outfield Infield Fielding Glove,$179.99,https://www.amazon.com/gp/slredirect/picassoRedirect.html/ref=pa_sp_mtf_aps_sr_pg1_1?ie=UTF8&adId=A03591813Q9GBVUAOVAZB&qualifier=1670362010&id=5245207423306028&widgetName=sp_mtf&url=%2FBeoub-Baseball-Softball-Modified-Outfield%2Fdp%2FB0BBL5F829%2Fref%3Dsr_1_25_sspa%3Fcrid%3D1ETD973V81N4Y%26keywords%3Dbaseball%2Bglove%26qid%3D1670362010%26sprefix%3Dbaseball%2Bglove%252Caps%252C70%26sr%3D8-25-spons%26psc%3D1,https://m.media-amazon.com/images/I/71Y4Q+H3nML._AC_UL320_.jpg
Wilson A2000 Baseball Glove Series,$279.95,https://www.amazon.com/Wilson-Carlos-Correa-Infield-Baseball/dp/B07FR3F1RK/ref=sr_1_26?crid=1ETD973V81N4Y&keywords=baseball+glove&qid=1670362010&sprefix=baseball+glove%2Caps%2C70&sr=8-26,https://m.media-amazon.com/images/I/912+1R3I3pL._AC_UL320_.jpg
Rawlings | Heart of The Hide Baseball Glove Series | R2G & Contour Fit Models | Advanced Break-in | 2022 | Multiple Styles,$269.96,https://www.amazon.com/Rawlings-Exclusive-Heart-Baseball-Glove/dp/B08K9DSMBV/ref=sr_1_27?crid=1ETD973V81N4Y&keywords=baseball+glove&qid=1670362010&sprefix=baseball+glove%2Caps%2C70&sr=8-27,https://m.media-amazon.com/images/I/81Sml3NqWpL._AC_UL320_.jpg
Franklin Sports RTP Teeball Series,$16.67,https://www.amazon.com/Franklin-Sports-Performance-Teeball-Glove/dp/B075RVW6Q7/ref=sr_1_28?crid=1ETD973V81N4Y&keywords=baseball+glove&qid=1670362010&sprefix=baseball+glove%2Caps%2C70&sr=8-28,https://m.media-amazon.com/images/I/91Lzj4udSOL._AC_UL320_.jpg
Rawlings | Player Preferred Glove Series | Baseball/Slowpitch Softball | Multiple Styles,$70.00,https://www.amazon.com/Rawlings-Preferred-Baseball-Regular-Basket-Web/dp/B01GX09WUE/ref=sr_1_29?crid=1ETD973V81N4Y&keywords=baseball+glove&qid=1670362010&sprefix=baseball+glove%2Caps%2C70&sr=8-29,https://m.media-amazon.com/images/I/91VqLMN1g3L._AC_UL320_.jpg
Rawlings | Sandlot Baseball Glove Series | Multiple Styles,$89.94,https://www.amazon.com/Rawlings-Sandlot-Leather-Conventional-Gloves/dp/B099TPM5Q1/ref=sr_1_30?crid=1ETD973V81N4Y&keywords=baseball+glove&qid=1670362010&sprefix=baseball+glove%2Caps%2C70&sr=8-30,https://m.media-amazon.com/images/I/81QuHuOzgdL._AC_UL320_.jpg
WILSON 2021 A360 Youth Baseball Glove,$36.18,https://www.amazon.com/Wilson-Sporting-Goods-A360-Baseball/dp/B08JQKWG4B/ref=sr_1_31?crid=1ETD973V81N4Y&keywords=baseball+glove&qid=1670362010&sprefix=baseball+glove%2Caps%2C70&sr=8-31,https://m.media-amazon.com/images/I/81pEdwaV2HL._AC_UL320_.jpg
"Baseball Glove Mallet, Quick Create Ball Shaped Pocket Softball Glove Mallet One Piece Solid Construction Mallet for Breaking in Glove",$14.99,https://www.amazon.com/Baseball-Mallet-Softball-Construction-Breaking/dp/B0B83MMK7K/ref=sr_1_32?crid=1ETD973V81N4Y&keywords=baseball+glove&qid=1670362010&sprefix=baseball+glove%2Caps%2C70&sr=8-32,https://m.media-amazon.com/images/I/61RjpSECusL._AC_UL320_.jpg
Jalunth Kids Youth Junior Baseball Softball Tball Glove Outfield Infield Ages 3-14,$14.99,https://www.amazon.com/Jalunth-Kids-Baseball-Tball-Glove/dp/B09CQ8DDR8/ref=sr_1_33?crid=1ETD973V81N4Y&keywords=baseball+glove&qid=1670362010&sprefix=baseball+glove%2Caps%2C70&sr=8-33,https://m.media-amazon.com/images/I/71kUkPh5C4L._AC_UL320_.jpg
"Franklin Sports Kids Baseball Gloves - RTP Youth Teeball Glove + Ball Set - Boys + Girls Teeball Mitt Set - Kids + Toddlers - 9.5""",$21.99,https://www.amazon.com/Franklin-Sports-Performance-Fielding-9-5-Inch/dp/B00A8Z1YGQ/ref=sr_1_34?crid=1ETD973V81N4Y&keywords=baseball+glove&qid=1670362010&sprefix=baseball+glove%2Caps%2C70&sr=8-34,https://m.media-amazon.com/images/I/91Hvch+rx0L._AC_UL320_.jpg
Rawlings | RSB Slowpitch Softball Glove Series | Multiple Styles,$39.99,https://www.amazon.com/Rawlings-Softball-Glove-Basket-14/dp/B07VHRVTZS/ref=sr_1_35?crid=1ETD973V81N4Y&keywords=baseball+glove&qid=1670362010&sprefix=baseball+glove%2Caps%2C70&sr=8-35,https://m.media-amazon.com/images/I/81C16i4XeAL._AC_UL320_.jpg
WILSON 2021 A500 Youth Baseball Glove,$79.95,https://www.amazon.com/Wilson-A500-Baseball-12-WBW10015512/dp/B08JQM6DRC/ref=sr_1_36?crid=1ETD973V81N4Y&keywords=baseball+glove&qid=1670362010&sprefix=baseball+glove%2Caps%2C70&sr=8-36,https://m.media-amazon.com/images/I/814TUS2bWHL._AC_UL320_.jpg
Franklin Sports Softball Glove - Left and Right Handed Softball Fielding Glove - Windmill Fastpitch Pro Series - Adult and Youth Fielding Glove - 11.0 and 12.0 Inches,$23.99,https://www.amazon.com/Franklin-Sports-Softball-Glove-Fastpitch/dp/B00G97VRDM/ref=sr_1_37?crid=1ETD973V81N4Y&keywords=baseball+glove&qid=1670362010&sprefix=baseball+glove%2Caps%2C70&sr=8-37,https://m.media-amazon.com/images/I/91c1zbc9Q5L._AC_UL320_.jpg
Franklin Sports Teeball Glove - Left and Right Handed Youth Fielding Glove - Neo-Grip - Synthetic Leather Baseball Glove - 9.0 Inch - Ready To Play Glove with Ball,$16.99,https://www.amazon.com/Franklin-Sports-Teeball-Glove-Synthetic/dp/B013LPS2IC/ref=sr_1_38?crid=1ETD973V81N4Y&keywords=baseball+glove&qid=1670362010&sprefix=baseball+glove%2Caps%2C70&sr=8-38,https://m.media-amazon.com/images/I/916R6a3J4lS._AC_UL320_.jpg
WILSON A2000 SS Baseball Glove Series,$289.95,https://www.amazon.com/Wilson-A2000-SuperSkin-12-25-Baseball/dp/B07V7RHHZK/ref=sr_1_39?crid=1ETD973V81N4Y&keywords=baseball+glove&qid=1670362010&sprefix=baseball+glove%2Caps%2C70&sr=8-39,https://m.media-amazon.com/images/I/81ovQniw9IL._AC_UL320_.jpg
TOFL Softball and Baseball Glove Lace Kit | Mitt Lace Glove Repair Lacing Kit | 2 Leather Laces with Lacing Needle for Catchers Glove,$15.99,https://www.amazon.com/Baseball-Lacing-Leather-Inches-Softball/dp/B00ZO1Q9PU/ref=sr_1_40?crid=1ETD973V81N4Y&keywords=baseball+glove&qid=1670362010&sprefix=baseball+glove%2Caps%2C70&sr=8-40,https://m.media-amazon.com/images/I/91Q0BiLTUVS._AC_UL320_.jpg
WILSON 2021 A360 Adult Slowpitch Softball Glove,$45.42,https://www.amazon.com/Wilson-Sporting-Goods-A360-Slowpitch/dp/B08JQJZK4S/ref=sr_1_41?crid=1ETD973V81N4Y&keywords=baseball+glove&qid=1670362010&sprefix=baseball+glove%2Caps%2C70&sr=8-41,https://m.media-amazon.com/images/I/61iFXY3FTSL._AC_UL320_.jpg
WILSON 2022 A1000 Baseball Glove Series,$149.95,https://www.amazon.com/WILSON-A1000-Infield-Baseball-Glove/dp/B0911Z4YPW/ref=sr_1_42_mod_primary_new?crid=1ETD973V81N4Y&keywords=baseball+glove&qid=1670362010&sbo=RZvfv%2F%2FHxDF%2BO5021pAnSA%3D%3D&sprefix=baseball+glove%2Caps%2C70&sr=8-42,https://m.media-amazon.com/images/I/81j3pu5WU9L._AC_UL320_.jpg
EvoShield Sliding Mitt,$43.82,https://www.amazon.com/EvoShield-Sliding-Mitt-OSFM-Black/dp/B07VMV5HLP/ref=sr_1_43?crid=1ETD973V81N4Y&keywords=baseball+glove&qid=1670362010&sprefix=baseball+glove%2Caps%2C70&sr=8-43,https://m.media-amazon.com/images/I/81EdKm6KZeL._AC_UL320_.jpg
"AliBall Glove Locks Baseball, Glove Lace Locks 8 Pack, Never Need Thying Knots Again, Fits All Baseball and Softball Gloves",$9.95,https://www.amazon.com/AliBall-Baseball-Thying-Softball-Pink-Sky/dp/B0BD3Y7JCP/ref=sr_1_44?crid=1ETD973V81N4Y&keywords=baseball+glove&qid=1670362010&sprefix=baseball+glove%2Caps%2C70&sr=8-44,https://m.media-amazon.com/images/I/61+fM5OAiUL._AC_UL320_.jpg
PHINIX Tee Ball Glove with Foam Baseball,$15.99,https://www.amazon.com/PHINIX-Glove-Baseball-Right-Throw/dp/B08V3DNMC8/ref=sr_1_45?crid=1ETD973V81N4Y&keywords=baseball+glove&qid=1670362010&sprefix=baseball+glove%2Caps%2C70&sr=8-45,https://m.media-amazon.com/images/I/71cuVqRtMRL._AC_UL320_.jpg
WILSON A2000 Baseball Glove Series,$252.00,https://www.amazon.com/Wilson-2021-A2000-PP05-Infield/dp/B08JQHBZZY/ref=sr_1_46?crid=1ETD973V81N4Y&keywords=baseball+glove&qid=1670362010&sprefix=baseball+glove%2Caps%2C70&sr=8-46,https://m.media-amazon.com/images/I/81KYFI6Kt7L._AC_UL320_.jpg
Rawlings | R9 Baseball Glove Series | Multiple Styles,$129.95,https://www.amazon.com/Rawlings-Baseball-Glove-11-75-Right/dp/B08K9BTR9R/ref=sr_1_47?crid=1ETD973V81N4Y&keywords=baseball+glove&qid=1670362010&sprefix=baseball+glove%2Caps%2C70&sr=8-47,https://m.media-amazon.com/images/I/811dVYHm7pL._AC_UL320_.jpg
"Baseball Glove Mallet - 3Pack Glove Breakin Kit Wrap Bundle for Softball Catchers Mitts Break-in and Shaping, Wooden Handle One-Piece Shaper Tool",$17.99,https://www.amazon.com/Baseball-Glove-Mallet-Break-One-Piece/dp/B09YR3CCZ3/ref=sr_1_48?crid=1ETD973V81N4Y&keywords=baseball+glove&qid=1670362010&sprefix=baseball+glove%2Caps%2C70&sr=8-48,https://m.media-amazon.com/images/I/71GWjPccROL._AC_UL320_.jpg
"Lingee Baseball Hammer, Baseball Softball Glove Mallet, One-Piece Mallet, Baseball Glove Shaping Hammer with 2Pcs Baseball Lock, Glove Mallet 31cm/12inch…",$13.99,https://www.amazon.com/Lingee-Baseball-Softball-One-Piece-Shaping/dp/B09FZ5WF6V/ref=sr_1_49?crid=1ETD973V81N4Y&keywords=baseball+glove&qid=1670362010&sprefix=baseball+glove%2Caps%2C70&sr=8-49,https://m.media-amazon.com/images/I/51REsPiDQ9L._AC_UL320_.jpg
"GKK Baseball and Softball Glove Series Teeball/Baseball Mitt Left and Right Handed Baseball Infielder's Mitts Fielding Glove for Kids Youth Adult (10.5""/12.5""",$34.99,https://www.amazon.com/GKK-Baseball-Softball-Infielders-Fielding/dp/B08YJP732F/ref=sr_1_50?crid=1ETD973V81N4Y&keywords=baseball+glove&qid=1670362010&sprefix=baseball+glove%2Caps%2C70&sr=8-50,https://m.media-amazon.com/images/I/81F90L23zTL._AC_UL320_.jpg
4PCS Baseball Glove Mallet 12inch，Glove Break kit，with 4pcs Baseball Lock & Hollow Baseball， Youth Baseball Glove for Shaping Hammer Glove Baseball Mitts Accessories,$16.99,https://www.amazon.com/Baseball-12inch%EF%BC%8CGlove-Baseball%EF%BC%8C-Shaping-Accessories/dp/B0B9ML7LXC/ref=sr_1_51?crid=1ETD973V81N4Y&keywords=baseball+glove&qid=1670362010&sprefix=baseball+glove%2Caps%2C70&sr=8-51,https://m.media-amazon.com/images/I/61ljRJFu+oL._AC_UL320_.jpg
"AOUTACC Baseball Gloves Softball Glove,12.5 Player Preferred Wear-Resistant PU Material Softball Fielding Glove,Left Hand Gloves Right Hand Throw for Youth Adult Beginner Infielder",$15.99,https://www.amazon.com/Baseball-Softball-Catchers-Beginner-Infielder/dp/B08R5NKP9D/ref=sr_1_52?crid=1ETD973V81N4Y&keywords=baseball+glove&qid=1670362010&sprefix=baseball+glove%2Caps%2C70&sr=8-52,https://m.media-amazon.com/images/I/718hGsfafgL._AC_UL320_.jpg
PHINIX Baseball Glove Tee Ball Mitts for Kids Play & Training,$13.99,https://www.amazon.com/PHINIX-Baseball-Glove-Training-Navy-Right/dp/B09TDYHY2Q/ref=sr_1_53?crid=1ETD973V81N4Y&keywords=baseball+glove&qid=1670362010&sprefix=baseball+glove%2Caps%2C70&sr=8-53,https://m.media-amazon.com/images/I/71k68w-MClL._AC_UL320_.jpg
MARUCCI Oxbow M-Type Baseball Glove Series,$159.99,https://www.amazon.com/MARUCCI-Oxbow-Baseball-Double-BAR-Single/dp/B0B5LYCGYK/ref=sr_1_54?crid=1ETD973V81N4Y&keywords=baseball+glove&qid=1670362010&sprefix=baseball+glove%2Caps%2C70&sr=8-54,https://m.media-amazon.com/images/I/71WHdNKPAFL._AC_UL320_.jpg
Rawlings | Sure Catch Softball Glove Series | Youth | Multiple Styles,$33.99,https://www.amazon.com/gp/slredirect/picassoRedirect.html/ref=pa_sp_btf_aps_sr_pg1_1?ie=UTF8&adId=A061421514QQVTX7GQGDH&qualifier=1670362010&id=5245207423306028&widgetName=sp_btf&url=%2FRawlings-Catch-Fastpitch-Softball-Purple%2Fdp%2FB07VHR49G9%2Fref%3Dsr_1_55_sspa%3Fcrid%3D1ETD973V81N4Y%26keywords%3Dbaseball%2Bglove%26qid%3D1670362010%26sprefix%3Dbaseball%2Bglove%252Caps%252C70%26sr%3D8-55-spons%26psc%3D1,https://m.media-amazon.com/images/I/71cE+isOreL._AC_UL320_.jpg
SSK Z7 Specialist Baseball First Base Mitt – 12.5” – 13” – Right & Left Hand Throw,$199.95,https://www.amazon.com/gp/slredirect/picassoRedirect.html/ref=pa_sp_btf_aps_sr_pg1_1?ie=UTF8&adId=A098870314K5YC32T3120&qualifier=1670362010&id=5245207423306028&widgetName=sp_btf&url=%2FSSK-Specialist-Baseball-First-Base%2Fdp%2FB0B7CLDVTD%2Fref%3Dsr_1_56_sspa%3Fcrid%3D1ETD973V81N4Y%26keywords%3Dbaseball%2Bglove%26qid%3D1670362010%26sprefix%3Dbaseball%2Bglove%252Caps%252C70%26sr%3D8-56-spons%26psc%3D1,https://m.media-amazon.com/images/I/61vwZNhXenL._AC_UL320_.jpg
PHINIX 11 Inch Youth Baseball Glove,$19.99,https://www.amazon.com/gp/slredirect/picassoRedirect.html/ref=pa_sp_btf_aps_sr_pg1_1?ie=UTF8&adId=A0179077UQW7QUG4XSXW&qualifier=1670362010&id=5245207423306028&widgetName=sp_btf&url=%2FPHINIX-Youth-Synthetic-Baseball-Throw-1%2Fdp%2FB096RNTLYT%2Fref%3Dsr_1_57_sspa%3Fcrid%3D1ETD973V81N4Y%26keywords%3Dbaseball%2Bglove%26qid%3D1670362010%26sprefix%3Dbaseball%2Bglove%252Caps%252C70%26sr%3D8-57-spons%26psc%3D1,https://m.media-amazon.com/images/I/71Qnv4kZ7ZL._AC_UL320_.jpg
SSK Z9 Maestro Baseball First Base Mitt – 12.5” – 13” – Right & Left Hand Throw,$269.95,https://www.amazon.com/gp/slredirect/picassoRedirect.html/ref=pa_sp_btf_aps_sr_pg1_1?ie=UTF8&adId=A09892953KO2MTSD8QAGM&qualifier=1670362010&id=5245207423306028&widgetName=sp_btf&url=%2FSSK-Maestro-Baseball-First-Base%2Fdp%2FB0B7CMGT3F%2Fref%3Dsr_1_58_sspa%3Fcrid%3D1ETD973V81N4Y%26keywords%3Dbaseball%2Bglove%26qid%3D1670362010%26sprefix%3Dbaseball%2Bglove%252Caps%252C70%26sr%3D8-58-spons%26psc%3D1,https://m.media-amazon.com/images/I/61jmK4NXx1L._AC_UL320_.jpg
Tru Pro Sliding Mitt - Custom Design for Right and Left Hand - Sliding Mitt for Baseball and Softball - Youth and Adult Size - Sliding Mitt Hand Protection,$32.99,https://www.amazon.com/gp/slredirect/picassoRedirect.html/ref=pa_sp_btf_aps_sr_pg1_1?ie=UTF8&adId=A0552410SXFSEFTEALZN&qualifier=1670362010&id=5245207423306028&widgetName=sp_btf&url=%2FTru-Pro-Sliding-Mitt-Baseball%2Fdp%2FB081WMLSNG%2Fref%3Dsr_1_59_sspa%3Fcrid%3D1ETD973V81N4Y%26keywords%3Dbaseball%2Bglove%26qid%3D1670362010%26sprefix%3Dbaseball%2Bglove%252Caps%252C70%26sr%3D8-59-spons%26psc%3D1,https://m.media-amazon.com/images/I/91IJCeFQj4L._AC_UL320_.jpg
"Baseball Glove, Softball Mitt, Baseball Mitt，9.5''-12.5'' for T-Ball Youth Adult Training and Beginner Play, Softball Glove Left Hand Glove, Right Hand Throw",$12.59,https://www.amazon.com/gp/slredirect/picassoRedirect.html/ref=pa_sp_btf_aps_sr_pg1_1?ie=UTF8&adId=A0632037336VE4CUX7BV1&qualifier=1670362010&id=5245207423306028&widgetName=sp_btf&url=%2FBaseball-Softball-Mitt%25EF%25BC%258C9-5-12-5-Training-Beginner%2Fdp%2FB09XBC8GBR%2Fref%3Dsr_1_60_sspa%3Fcrid%3D1ETD973V81N4Y%26keywords%3Dbaseball%2Bglove%26qid%3D1670362010%26sprefix%3Dbaseball%2Bglove%252Caps%252C70%26sr%3D8-60-spons%26psc%3D1,https://m.media-amazon.com/images/I/713J2CERcrL._AC_UL320_.jpg
