item_name,price,link_to_item,link_to_item_image
"Mint's Colorful Life Delta Kite for Kids & Adults, Extremely Easy to Fly Kite, Best Kite for Beginner",$16.97,https://www.amazon.com/gp/slredirect/picassoRedirect.html/ref=pa_sp_atf_aps_sr_pg1_1?ie=UTF8&adId=A058429937CZ6TSU9EPJI&qualifier=1670362005&id=1743696662164587&widgetName=sp_atf&url=%2FMints-Colorful-Life-Extremely-Beginner%2Fdp%2FB08KDKKFSX%2Fref%3Dsr_1_1_sspa%3Fcrid%3D1ETD973V81N4Y%26keywords%3Dkite%26qid%3D1670362005%26sprefix%3Dkite%252Caps%252C70%26sr%3D8-1-spons%26psc%3D1,https://m.media-amazon.com/images/I/51vBrPG5iML._AC_UL320_.jpg
"Large Diamond Kite for Kids - Lightweight, Classic Easy to Assemble, Fly, Soars High in Low Wind Speeds - A Great Way to Enjoy and Spend Time with Friends Family, Easy Flyer Kite for Boys and Girls",$15.49,https://www.amazon.com/gp/slredirect/picassoRedirect.html/ref=pa_sp_atf_aps_sr_pg1_1?ie=UTF8&adId=A00948683NL41B7F7HLBD&qualifier=1670362005&id=1743696662164587&widgetName=sp_atf&url=%2FaGreatLife-Boys-Diamond-Kite-Flyer%2Fdp%2FB01HM18VPK%2Fref%3Dsr_1_2_sspa%3Fcrid%3D1ETD973V81N4Y%26keywords%3Dkite%26qid%3D1670362005%26sprefix%3Dkite%252Caps%252C70%26sr%3D8-2-spons%26psc%3D1,https://m.media-amazon.com/images/I/913OvCJFB9L._AC_UL320_.jpg
"Nuoada Kite for Kids and Adults, Easy to Fly Kite for Beginner, Children Outdoor Beach Game, Includes Kite Line and Bag",$14.99,https://www.amazon.com/gp/slredirect/picassoRedirect.html/ref=pa_sp_atf_aps_sr_pg1_1?ie=UTF8&adId=A08189703F63WWXNQWQUQ&qualifier=1670362005&id=1743696662164587&widgetName=sp_atf&url=%2FNuoada-Adults-Beginner-Children-Outdoor%2Fdp%2FB09KNS6LVQ%2Fref%3Dsr_1_3_sspa%3Fcrid%3D1ETD973V81N4Y%26keywords%3Dkite%26qid%3D1670362005%26sprefix%3Dkite%252Caps%252C70%26sr%3D8-3-spons%26psc%3D1,https://m.media-amazon.com/images/I/61V-XSRIWCL._AC_UL320_.jpg
"YongnKids Dragon Kite for Kids Adults Easy to Fly & Assemble, Gift Idea for Beach Large Kites for Kids Ages 4-8, Perfect for Easter Birthday Gift Idea Beach Trip Park Family Activities Outdoor Games",$14.99,https://www.amazon.com/gp/slredirect/picassoRedirect.html/ref=pa_sp_atf_aps_sr_pg1_1?ie=UTF8&adId=A08460471Z2PM87MNA4LX&qualifier=1670362005&id=1743696662164587&widgetName=sp_atf&url=%2FYongnKids-Adults-Outdoor-Activities-Dinosaur%2Fdp%2FB086GR1T76%2Fref%3Dsr_1_4_sspa%3Fcrid%3D1ETD973V81N4Y%26keywords%3Dkite%26qid%3D1670362005%26sprefix%3Dkite%252Caps%252C70%26sr%3D8-4-spons%26psc%3D1,https://m.media-amazon.com/images/I/71FHpvsajFL._AC_UL320_.jpg
HENGDA KITE-Upgrade Classical Dragon Kite Stereoscopic Dragon Kites for Kids & Adults Easy to Fly for Beginner Easter 55inch x 62inch Single Line with Tail,$17.49,https://www.amazon.com/HENGDA-KITE-Upgrade-Classical-Kite-Easy-Fly-55inch/dp/B07H7Y8SX8/ref=sr_1_5?crid=1ETD973V81N4Y&keywords=kite&qid=1670362005&sprefix=kite%2Caps%2C70&sr=8-5,https://m.media-amazon.com/images/I/71Gw4fpccXL._AC_UL320_.jpg
"Mint's Colorful Life Delta Kite for Kids & Adults, Extremely Easy to Fly Kite, Best Kite for Beginner",$16.97,https://www.amazon.com/Mints-Colorful-Life-Extremely-Beginner/dp/B08KDKKFSX/ref=sr_1_6?crid=1ETD973V81N4Y&keywords=kite&qid=1670362005&sprefix=kite%2Caps%2C70&sr=8-6,https://m.media-amazon.com/images/I/51vBrPG5iML._AC_UL320_.jpg
"IXHJ Octopus Rainbow Kites for Kids - 【2 Pack】 Huge Beach Kite Easy to Fly with 157inches Long Colorful Tail, Includes Kite Line and Bag",$9.99,https://www.amazon.com/XIN-Octopus-Rainbow-Kites-Kids/dp/B08CCVWLM2/ref=sr_1_7?crid=1ETD973V81N4Y&keywords=kite&qid=1670362005&sprefix=kite%2Caps%2C70&sr=8-7,https://m.media-amazon.com/images/I/61H9EgWGcxL._AC_UL320_.jpg
"Kaiciuss Butterfly Kite for Kids & Adults Easy to Fly, 55"" x 28"" Large Single Line Kite for The Beach, Easy Flying Kite Comes with 300 FT String Kite Handle",$15.99,https://www.amazon.com/Kaiciuss-Butterfly-Adults-Single-Flying/dp/B09XGNYQSX/ref=sr_1_8?crid=1ETD973V81N4Y&keywords=kite&qid=1670362005&sprefix=kite%2Caps%2C70&sr=8-8,https://m.media-amazon.com/images/I/710CrtUkPsL._AC_UL320_.jpg
"3 Pack Octopus Kite, 3D Kite Long Tail Easy Flyer Kite Beach Kites People Adults Gift 3 Colors (Blue Green Red) Kites for Kids Easy To Fly, Kite Kit with Kite String 100M, Kiteboarding Kite for Adults",$19.98,https://www.amazon.com/Octopus-Colors-Rainbow-String-Making/dp/B091TD9F61/ref=sr_1_9?crid=1ETD973V81N4Y&keywords=kite&qid=1670362005&sprefix=kite%2Caps%2C70&sr=8-9,https://m.media-amazon.com/images/I/812TExNovSS._AC_UL320_.jpg
"Large Delta Kite for Kids & Adults,Extremely Easy to Fly Kite for Beach Trip,String Line Included,with Colorful Colors Tail ,Perfect for Beginners,",$15.90,https://www.amazon.com/Outdoor-Activities-Beginners-Included-Childrens/dp/B07SQXJC7J/ref=sr_1_10?crid=1ETD973V81N4Y&keywords=kite&qid=1670362005&sprefix=kite%2Caps%2C70&sr=8-10,https://m.media-amazon.com/images/I/71jyARjh3pL._AC_UL320_.jpg
"WindNSun Super Size 3D Blue Dragon Ripstop Nylon Glass Eye Dragon Kite, 76 Inches Wide",$33.95,https://www.amazon.com/Brainstorm-Dragon-WindnSun-Nylon-Kite/dp/B007R5Z6VE/ref=sr_1_11?crid=1ETD973V81N4Y&keywords=kite&qid=1670362005&sprefix=kite%2Caps%2C70&sr=8-11,https://m.media-amazon.com/images/I/71td1t8gFbL._AC_UL320_.jpg
"Extremely Easy to Fly Beginners Kites for Kids, Classic Rainbow Kids Kite for Family Outdoor Games and Activities, Soars High in Low Wind Speed - Kites for Adults, Kids Ages 4-8, 8-12 and Toddlers 3-5",$14.94,https://www.amazon.com/aGreatLife-Huge-Rainbow-Kite-Kids/dp/B012D3PN7G/ref=sr_1_12?crid=1ETD973V81N4Y&keywords=kite&qid=1670362005&sprefix=kite%2Caps%2C70&sr=8-12,https://m.media-amazon.com/images/I/91GD68JeC-L._AC_UL320_.jpg
"Kaiciuss Delta Kite for Kids & Adults Easy to Fly Large, The Easiest Single Line Beach Kite, it Comes with 300ft String Kite Handle",$15.99,https://www.amazon.com/Kaiciuss-Adults-Easiest-Single-String/dp/B09XGX1TPK/ref=sr_1_13?crid=1ETD973V81N4Y&keywords=kite&qid=1670362005&sprefix=kite%2Caps%2C70&sr=8-13,https://m.media-amazon.com/images/I/61agGg94YJL._AC_UL320_.jpg
Green Kite - Beautiful and Easy Flyer Kite for Children and Adult with Long Colorful Tail String Line Accessories Easy to Soar High Outdoor Sports Game Activities or Beach Trip,$7.99,https://www.amazon.com/eyijklzo-Lamonty-Green-Kite-Easy/dp/B093F7K14V/ref=sr_1_14?crid=1ETD973V81N4Y&keywords=kite&qid=1670362005&sprefix=kite%2Caps%2C70&sr=8-14,https://m.media-amazon.com/images/I/51sWlPDvR-L._AC_UL320_.jpg
"Mint's Colorful Life Butterfly Kite for Kids & Adults Easy to Fly, Large Single Line Kite for The Beach with 300 FT String Kite Handle",$16.99,https://www.amazon.com/Mints-Colorful-Life-Butterfly-Kite/dp/B07Y4SM4ZR/ref=sr_1_15?crid=1ETD973V81N4Y&keywords=kite&qid=1670362005&sprefix=kite%2Caps%2C70&sr=8-15,https://m.media-amazon.com/images/I/61oRDy2EUUL._AC_UL320_.jpg
Prism Kite Technology Synapse Dual-line Parafoil Kite - an Ideal Entry Level Kite for Kids and Adults to Dual-line Kiting,$54.67,https://www.amazon.com/Prism-Kite-Technology-Dual-line-Parafoil/dp/B0B1LCW195/ref=sr_1_16?crid=1ETD973V81N4Y&keywords=kite&qid=1670362005&sprefix=kite%2Caps%2C70&sr=8-16,https://m.media-amazon.com/images/I/61AyylU5crL._AC_UL320_.jpg
"Kaiciuss Delta Kite for Kids & Adults Easy to Fly Large, The Easiest Single Line Beach Kite, it Comes with 300ft String Kite Handle",$15.99,https://www.amazon.com/gp/slredirect/picassoRedirect.html/ref=pa_sp_mtf_aps_sr_pg1_1?ie=UTF8&adId=A0393488K9ORLMSRRNCM&qualifier=1670362005&id=1743696662164587&widgetName=sp_mtf&url=%2FKaiciuss-Adults-Easiest-Single-String%2Fdp%2FB09XGX1TPK%2Fref%3Dsr_1_17_sspa%3Fcrid%3D1ETD973V81N4Y%26keywords%3Dkite%26qid%3D1670362005%26sprefix%3Dkite%252Caps%252C70%26sr%3D8-17-spons%26psc%3D1,https://m.media-amazon.com/images/I/61agGg94YJL._AC_UL320_.jpg
"Kaiciuss Butterfly Kite for Kids & Adults Easy to Fly, 55"" x 28"" Large Single Line Kite for The Beach, Easy Flying Kite Comes with 300 FT String Kite Handle",$15.99,https://www.amazon.com/gp/slredirect/picassoRedirect.html/ref=pa_sp_mtf_aps_sr_pg1_1?ie=UTF8&adId=A05516991LPBA1SWRU5FM&qualifier=1670362005&id=1743696662164587&widgetName=sp_mtf&url=%2FKaiciuss-Butterfly-Beginners-Assemble-Children%2Fdp%2FB09XGQ4YXD%2Fref%3Dsr_1_18_sspa%3Fcrid%3D1ETD973V81N4Y%26keywords%3Dkite%26qid%3D1670362005%26sprefix%3Dkite%252Caps%252C70%26sr%3D8-18-spons%26psc%3D1,https://m.media-amazon.com/images/I/71NTTvXzaiL._AC_UL320_.jpg
"Butterfly Kite for Kids & Adults, Easy Flying Gorgeous Kite with Long Tail for Camping and Outdoor Games",$16.99,https://www.amazon.com/gp/slredirect/picassoRedirect.html/ref=pa_sp_mtf_aps_sr_pg1_1?ie=UTF8&adId=A0634045CSCUW14ETH93&qualifier=1670362005&id=1743696662164587&widgetName=sp_mtf&url=%2FButterfly-Adults-Gorgeous-Camping-Outdoor%2Fdp%2FB09XVLDT6X%2Fref%3Dsr_1_19_sspa%3Fcrid%3D1ETD973V81N4Y%26keywords%3Dkite%26qid%3D1670362005%26sprefix%3Dkite%252Caps%252C70%26sr%3D8-19-spons%26psc%3D1,https://m.media-amazon.com/images/I/61L14zXxvDL._AC_UL320_.jpg
"(Upgraded Version) Kite for Kids Adults,Easy to Fly Rainbow Diamond Grid Cloth Strong Tear Resistance Kites with 328Ft Kite String Family Interactive Outdoor Activities Beach Games Toy",$9.99,https://www.amazon.com/gp/slredirect/picassoRedirect.html/ref=pa_sp_mtf_aps_sr_pg1_1?ie=UTF8&adId=A0481883INYLMA6OM61U&qualifier=1670362005&id=1743696662164587&widgetName=sp_mtf&url=%2FRainbow-Diamond-Resistance-Interactive-Activities%2Fdp%2FB09MKD9JQ3%2Fref%3Dsr_1_20_sspa%3Fcrid%3D1ETD973V81N4Y%26keywords%3Dkite%26qid%3D1670362005%26sprefix%3Dkite%252Caps%252C70%26sr%3D8-20-spons%26psc%3D1,https://m.media-amazon.com/images/I/713WIfrTf5L._AC_UL320_.jpg
"Beach Kites for Adults Large with Long Tail, 98 inches Super Easy Flyer 3D Rainbow Box Kites, Come with 49 Feet Multi Colors Tails x 2, Kite Handle with 300ft String",$38.50,https://www.amazon.com/Mints-Colorful-Life-Rainbow-Adults/dp/B07B64NMGV/ref=sr_1_21?crid=1ETD973V81N4Y&keywords=kite&qid=1670362005&sprefix=kite%2Caps%2C70&sr=8-21,https://m.media-amazon.com/images/I/51aysVsII+L._AC_UL320_.jpg
HENGDA KITE Large Power Snake Kites with Flying Line Outdoor Fun Sports Kite,$15.55,https://www.amazon.com/HENGDA-KITE-26-2Ft-Flying-Outdoor/dp/B07JXQYB4V/ref=sr_1_22?crid=1ETD973V81N4Y&keywords=kite&qid=1670362005&sprefix=kite%2Caps%2C70&sr=8-22,https://m.media-amazon.com/images/I/71w9pTfwJlL._AC_UL320_.jpg
"Octopus Kite 3 PACK Kites for Adults Easy To fly, 3D Giant Kite with Kite String Reel, Kites for Kids Ages 4-8, Kite for Girls Boys, Large Beach Kites Toy Rainbow Kites with Tail, Kite Runner 3 Colors",$18.97,https://www.amazon.com/Adults-Octopus-Outdoor-Flying-Rainbow/dp/B08Y55YBL5/ref=sr_1_23?crid=1ETD973V81N4Y&keywords=kite&qid=1670362005&sprefix=kite%2Caps%2C70&sr=8-23,https://m.media-amazon.com/images/I/81DbQPqvRIL._AC_UL320_.jpg
TOY Life Unicorn Kite for Kids Easy to Fly Large Kids Kite - Kites for Kids and Adults Easy to Fly Big Beach Kites for Kids Age 4-8-12 Idea Gift for Children Outdoor Game Activities Beach Trip,$13.97,https://www.amazon.com/TOY-Life-Unicorn-Kite-Large/dp/B094XJFGT7/ref=sr_1_24?crid=1ETD973V81N4Y&keywords=kite&qid=1670362005&sprefix=kite%2Caps%2C70&sr=8-24,https://m.media-amazon.com/images/I/71vsfgxnpAL._AC_UL320_.jpg
"Mint's Colorful Life Devil Fish Kite for Kids Adults，Easy to Fly Delta Kite Single Line Large, Kite Handle Include",$17.00,https://www.amazon.com/Mints-Colorful-Life-Adults%EF%BC%8CEasy-Include/dp/B07MD463Q3/ref=sr_1_25?crid=1ETD973V81N4Y&keywords=kite&qid=1670362005&sprefix=kite%2Caps%2C70&sr=8-25,https://m.media-amazon.com/images/I/61emuPYNv3L._AC_UL320_.jpg
TOY Life Butterfly Kite for Kids Easy to Fly Large Kids Kite - Kites for Kids and Adults Easy to Fly Big Beach Kites for Kids Age 4-8-12 Idea Gift for Children Outdoor Game Activities Beach Trip,$19.97,https://www.amazon.com/TOY-Life-Butterfly-Children-Activities/dp/B0948SXYTK/ref=sr_1_26?crid=1ETD973V81N4Y&keywords=kite&qid=1670362005&sprefix=kite%2Caps%2C70&sr=8-26,https://m.media-amazon.com/images/I/71lQf-rEG-L._AC_UL320_.jpg
JEKOSEN Butterfly Huge Kite for Kids and Adults Easy to Fly Single Line String with Tail for Beach Trip Park Family Outdoor Games and Activities,$15.99,https://www.amazon.com/JEKOSEN-Butterfly-Adults-Outdoor-Activities/dp/B08SBTG93Z/ref=sr_1_27?crid=1ETD973V81N4Y&keywords=kite&qid=1670362005&sprefix=kite%2Caps%2C70&sr=8-27,https://m.media-amazon.com/images/I/81K4etNrQBL._AC_UL320_.jpg
"DWIN Large Black Arrows Delta Kite for Kids and Adults, (Easy to Assemble and Fly), 57in x 29in Kite with 300ft Long Line String, Lightweight Fun Kite, for Kids & Friends",$5.99,https://www.amazon.com/Arrows-Adults-Assemble-Lightweight-Friends/dp/B093KMH81X/ref=sr_1_28?crid=1ETD973V81N4Y&keywords=kite&qid=1670362005&sprefix=kite%2Caps%2C70&sr=8-28,https://m.media-amazon.com/images/I/61ZNDWulh2S._AC_UL320_.jpg
"Delta Kite for Kids & Adults, Extremely Easy to Fly Kite for Beach Trip, Large Single Line Kite for Boys & Girls",$14.99,https://www.amazon.com/Large-Delta-Adults-Single-Beginners/dp/B09X1JPG85/ref=sr_1_29?crid=1ETD973V81N4Y&keywords=kite&qid=1670362005&sprefix=kite%2Caps%2C70&sr=8-29,https://m.media-amazon.com/images/I/615a46xUhEL._AC_UL320_.jpg
"HONBO 58"" Fighter Plane Kites for Kids Easy to Fly, Kite for Adults, with Kite Reel and 200ft String, Beginner Kite for Beach Trip",$12.50,https://www.amazon.com/Fighter-Plane-Adults-tail-Flyer/dp/B06Y57C725/ref=sr_1_30?crid=1ETD973V81N4Y&keywords=kite&qid=1670362005&sprefix=kite%2Caps%2C70&sr=8-30,https://m.media-amazon.com/images/I/716dt980R2L._AC_UL320_.jpg
"Kites for Kids Ages 4-8 8-12, Dinosaur Kites for Adults Easy to Fly Kids Kite for Toddlers Age 3-5, Large Beach Kite Perfect for Beginner Easter with Handle and 328FT Kite String, Easy to Assemble",$13.99,https://www.amazon.com/Tcvents-Dinosaur-Children-Activities-Halloween/dp/B086GLXQ2D/ref=sr_1_31?crid=1ETD973V81N4Y&keywords=kite&qid=1670362005&sprefix=kite%2Caps%2C70&sr=8-31,https://m.media-amazon.com/images/I/71u9T+3kmwL._AC_UL320_.jpg
"Huge Shark Kites for Kids & Adults, Easy to Assemble Fly Beginner Kite for Boys & Girls for Outdoor Game, Beach Trip, Large Kite Flyer 75""x45"" with Long Tail, and 50 Meters String for Summer",$14.99,https://www.amazon.com/HONBO-Adults-Assemble-Beginner-Outdoor/dp/B088D8F2NT/ref=sr_1_32?crid=1ETD973V81N4Y&keywords=kite&qid=1670362005&sprefix=kite%2Caps%2C70&sr=8-32,https://m.media-amazon.com/images/I/515VKD2jbXL._AC_UL320_.jpg
"Large Shark Kite for Kids & Adults, Easy to Assemble and Fly Kite with Kite String and Long Tail",$15.99,https://www.amazon.com/gp/slredirect/picassoRedirect.html/ref=pa_sp_mtf_aps_sr_pg1_1?ie=UTF8&adId=A00385262ZSP03OI2WUFN&qualifier=1670362005&id=1743696662164587&widgetName=sp_mtf&url=%2FLarge-Shark-Adults-Assemble-String%2Fdp%2FB09XVMLVZM%2Fref%3Dsr_1_33_sspa%3Fcrid%3D1ETD973V81N4Y%26keywords%3Dkite%26qid%3D1670362005%26sprefix%3Dkite%252Caps%252C70%26sr%3D8-33-spons%26psc%3D1,https://m.media-amazon.com/images/I/51M9Eyum3AL._AC_UL320_.jpg
"DIY Kites for Kids Kite Making Kit Bulk, Decorating Coloring Kite Party Pack,White Diamond Kite Kits (3 Pack)",$12.99,https://www.amazon.com/gp/slredirect/picassoRedirect.html/ref=pa_sp_mtf_aps_sr_pg1_1?ie=UTF8&adId=A058429910ZOXI4QQ8M6F&qualifier=1670362005&id=1743696662164587&widgetName=sp_mtf&url=%2FMints-Colorful-Life-Decorating-Coloring%2Fdp%2FB07SM778LD%2Fref%3Dsr_1_34_sspa%3Fcrid%3D1ETD973V81N4Y%26keywords%3Dkite%26qid%3D1670362005%26sprefix%3Dkite%252Caps%252C70%26sr%3D8-34-spons%26psc%3D1,https://m.media-amazon.com/images/I/51UNssQ8UPL._AC_UL320_.jpg
Green Kite - Beautiful and Easy Flyer Kite for Children and Adult with Long Colorful Tail String Line Accessories Easy to Soar High Outdoor Sports Game Activities or Beach Trip,$7.99,https://www.amazon.com/gp/slredirect/picassoRedirect.html/ref=pa_sp_mtf_aps_sr_pg1_1?ie=UTF8&adId=A07565473A6DP0OJR9E6L&qualifier=1670362005&id=1743696662164587&widgetName=sp_mtf&url=%2Feyijklzo-Lamonty-Green-Kite-Easy%2Fdp%2FB093F7K14V%2Fref%3Dsr_1_35_sspa%3Fcrid%3D1ETD973V81N4Y%26keywords%3Dkite%26qid%3D1670362005%26sprefix%3Dkite%252Caps%252C70%26sr%3D8-35-spons%26psc%3D1,https://m.media-amazon.com/images/I/51sWlPDvR-L._AC_UL320_.jpg
"Kaiciuss Diamond Kite for Kids & Adults, Large Single Line Beach Kite for Boys & Girls, The Easiest Flying Kite for Teens & Babies",$15.99,https://www.amazon.com/gp/slredirect/picassoRedirect.html/ref=pa_sp_mtf_aps_sr_pg1_1?ie=UTF8&adId=A10281031YE3G706P6AXL&qualifier=1670362005&id=1743696662164587&widgetName=sp_mtf&url=%2FKaiciuss-Diamond-Rainbow-Toddlers-Beginners%2Fdp%2FB09XGW6K6C%2Fref%3Dsr_1_36_sspa%3Fcrid%3D1ETD973V81N4Y%26keywords%3Dkite%26qid%3D1670362005%26sprefix%3Dkite%252Caps%252C70%26sr%3D8-36-spons%26psc%3D1,https://m.media-amazon.com/images/I/61in8ncGqOL._AC_UL320_.jpg
TOY Life Kites for Kids Easy to Fly - Outdoor Games and Activities Large Kites for Kids Ages 4-8 - Flying Kites for Children - Kids Kite for Beach - Giant Easy Fly Kites,$16.97,https://www.amazon.com/TOY-Life-Outdoor-Activities-Children/dp/B09N8N615Y/ref=sr_1_37?crid=1ETD973V81N4Y&keywords=kite&qid=1670362005&sprefix=kite%2Caps%2C70&sr=8-37,https://m.media-amazon.com/images/I/71va898d6CL._AC_UL320_.jpg
"Hengda KITE-3D Kite for Kids & Adults, Huge Frameless Soft Parafoil Giant Black Dolphin Orcas Whale Breeze Kite",$27.99,https://www.amazon.com/HENGDA-KITE-3D-Frameless-Parafoil-Dolphin/dp/B078JQW424/ref=sr_1_38?crid=1ETD973V81N4Y&keywords=kite&qid=1670362005&sprefix=kite%2Caps%2C70&sr=8-38,https://m.media-amazon.com/images/I/61RIBdsXl3L._AC_UL320_.jpg
"JEKOSEN 70"" Bald Eagle Huge Kite for Kids and Adults Single Line String Easy to Fly for Beach Trip Park Family Outdoor Games and Activities",$15.99,https://www.amazon.com/JEKOSEN-Adults-Single-Outdoor-Activities/dp/B0842K8TSF/ref=sr_1_39?crid=1ETD973V81N4Y&keywords=kite&qid=1670362005&sprefix=kite%2Caps%2C70&sr=8-39,https://m.media-amazon.com/images/I/81hwlX9vhqL._AC_UL320_.jpg
"APZ Sky Visitor 3D 26ft Ultra Large & Fun Octopus Foil Kite with Handle & Line, Beach Park Outdoor Fun (Pink)",$46.90,https://www.amazon.com/APZ-Visitor-Octopus-Handle-Outdoor/dp/B08DCTX3B5/ref=sr_1_40?crid=1ETD973V81N4Y&keywords=kite&qid=1670362005&sprefix=kite%2Caps%2C70&sr=8-40,https://m.media-amazon.com/images/I/51oxWKME-qL._AC_UL320_.jpg
Hengda Kite-New Version 42 Inch So Beautiful 3D Lotus Flower Kite for Kids and Adults Easy to Carry with Flying Line,$19.99,https://www.amazon.com/Hengda-Kite-New-Version-Beautiful-Flower/dp/B072HK6VK1/ref=sr_1_41?crid=1ETD973V81N4Y&keywords=kite&qid=1670362005&sprefix=kite%2Caps%2C70&sr=8-41,https://m.media-amazon.com/images/I/51Oe-FdoRAL._AC_UL320_.jpg
"JOYIN 53'' Wide Orange/Blue Butterfly Kite Easy to Fly Huge Kites for Kids and Adults with 262.5 ft Kite String, Large Beach Kite for Outdoor Games and Activities",$8.99,https://www.amazon.com/JOYIN-Butterfly-Adults-Outdoor-Activities/dp/B08W6L9TV8/ref=sr_1_42?crid=1ETD973V81N4Y&keywords=kite&qid=1670362005&sprefix=kite%2Caps%2C70&sr=8-42,https://m.media-amazon.com/images/I/91EsVhTlI2L._AC_UL320_.jpg
"YongnKids Dragon Kite for Kids Adults Easy to Fly & Assemble, Gift Idea for Beach Large Kites for Kids Ages 4-8, Perfect for Easter Birthday Gift Idea Beach Trip Park Family Activities Outdoor Games",$14.99,https://www.amazon.com/YongnKids-Adults-Outdoor-Activities-Dinosaur/dp/B086GR1T76/ref=sr_1_43?crid=1ETD973V81N4Y&keywords=kite&qid=1670362005&sprefix=kite%2Caps%2C70&sr=8-43,https://m.media-amazon.com/images/I/71FHpvsajFL._AC_UL320_.jpg
Kite Giant 3D Goldfish Frameless Soft Parafoil Kites for Kids and Adults Easy Flyer Kite for Beach Park Garden Playground with 50m Line and 2 Kite Tail,$39.99,https://www.amazon.com/Goldfish-Frameless-Parafoil-Adults-Playground/dp/B092PL9DLP/ref=sr_1_44?crid=1ETD973V81N4Y&keywords=kite&qid=1670362005&sprefix=kite%2Caps%2C70&sr=8-44,https://m.media-amazon.com/images/I/51wFw0FXhoS._AC_UL320_.jpg
Melissa & Doug Winged Dragon Shaped Kite Children's Kite (SIOC),$12.99,https://www.amazon.com/Winged-Dragon-Shaped-Kite-Childrens/dp/B0812JTB11/ref=sr_1_45?crid=1ETD973V81N4Y&keywords=kite&qid=1670362005&sprefix=kite%2Caps%2C70&sr=8-45,https://m.media-amazon.com/images/I/71hfb2z16QL._AC_UL320_.jpg
"Hengda Kite Software Octopus Flyer Kite with Long Colorful Tail for Kids, 31-Inch Wide x 157-Inch Long, Large",$11.99,https://www.amazon.com/Software-Octopus-Colorful-31-Inch-157-Inch/dp/B014NMGEQO/ref=sr_1_46?crid=1ETD973V81N4Y&keywords=kite&qid=1670362005&sprefix=kite%2Caps%2C70&sr=8-46,https://m.media-amazon.com/images/I/617XED2VHzL._AC_UL320_.jpg
"Diamond Kite [2 Pack]Dinasour+Unicorn Eddy Kite, beginners Kite for Children, Wonderful Beginner Kite for 3 years up, 60x70cm with 2x300cm long tails, Kite handle, 60m String and swivel incloud",$15.90,https://www.amazon.com/Diamond-Dinasour-Children-Wonderful-Beginner/dp/B08278Z76P/ref=sr_1_47?crid=1ETD973V81N4Y&keywords=kite&qid=1670362005&sprefix=kite%2Caps%2C70&sr=8-47,https://m.media-amazon.com/images/I/61rKlaCDBqL._AC_UL320_.jpg
"Patriot Arch 27"" Diamond Kite",$9.99,https://www.amazon.com/Breeze-Patriot-Arch-Diamond-Kite/dp/B07VBPVH3F/ref=sr_1_48?crid=1ETD973V81N4Y&keywords=kite&qid=1670362005&sprefix=kite%2Caps%2C70&sr=8-48,https://m.media-amazon.com/images/I/71WOxD0c5KL._AC_UL320_.jpg
"Airplane Kite for Kids, Easy to Fly for Beginners with 300 FT String Kite Handle",$12.99,https://www.amazon.com/Simxkai-Airplane-Kite-for-Kid/dp/B08V8FBQWW/ref=sr_1_49?crid=1ETD973V81N4Y&keywords=kite&qid=1670362005&sprefix=kite%2Caps%2C70&sr=8-49,https://m.media-amazon.com/images/I/61ACbQaK37L._AC_UL320_.jpg
eyijklzo Green Dragon Kite Beautiful and Easy Flyer Kite for Children and Adult with Long Colorful Tail String Line Accessories Easy to Soar High Outdoor Sports Game Activities or Beach Trip,$16.99,https://www.amazon.com/Lamonty-Beautiful-Children-Accessories-Activities/dp/B093FCGRMH/ref=sr_1_50?crid=1ETD973V81N4Y&keywords=kite&qid=1670362005&sprefix=kite%2Caps%2C70&sr=8-50,https://m.media-amazon.com/images/I/71C0DPZqasS._AC_UL320_.jpg
HENGDA KITE New 60-Inch Edge Eagle Kite,$12.59,https://www.amazon.com/HENGDA-KITE-60-Inch-Edge-Eagle/dp/B017R5CX3C/ref=sr_1_51?crid=1ETD973V81N4Y&keywords=kite&qid=1670362005&sprefix=kite%2Caps%2C70&sr=8-51,https://m.media-amazon.com/images/I/71jWFxnSXLL._AC_UL320_.jpg
Kite: Uncut(Blu-ray),$42.50,https://www.amazon.com/Kite-Uncut-Blu-ray-Konami-Yoshida/dp/B0766BYSRS/ref=sr_1_52?crid=1ETD973V81N4Y&keywords=kite&qid=1670362005&sprefix=kite%2Caps%2C70&sr=8-52,https://m.media-amazon.com/images/I/51RUzeSoj5L._AC_UL320_.jpg
"Mini Kite for Kids Ages 3-8, Kites for Toddlers Age 3-5 Easy to Fly for Boys and Girls, Beginner Kids Kite Beach",$13.99,https://www.amazon.com/Parrot-Kites-Toddlers-Girls-Beginner/dp/B09PQH7M4Z/ref=sr_1_53?crid=1ETD973V81N4Y&keywords=kite&qid=1670362005&sprefix=kite%2Caps%2C70&sr=8-53,https://m.media-amazon.com/images/I/61fyaBySm6L._AC_UL320_.jpg
eyijklzo 2 Pack Kites - Large 3D Blue Dolphin Kite and Black Spoted Octopus for Children and Adult with Long Colorful Tail String Line Accessories Easy to Soar High Outdoor Sports,$19.99,https://www.amazon.com/Lamonty-Pack-Kites-Children-Accessories/dp/B0927S8ZQQ/ref=sr_1_54?crid=1ETD973V81N4Y&keywords=kite&qid=1670362005&sprefix=kite%2Caps%2C70&sr=8-54,https://m.media-amazon.com/images/I/71PHJ7M2WAL._AC_UL320_.jpg
HENGDA KITE-Strong Eagles!Huge Beginner Eagle Kites for Kids and Adults.74-Inch,$18.79,https://www.amazon.com/Hengda-Kite-Strong-Eagles-beginner-Adults-74-Inch/dp/B017YFVLVA/ref=sr_1_55?crid=1ETD973V81N4Y&keywords=kite&qid=1670362005&sprefix=kite%2Caps%2C70&sr=8-55,https://m.media-amazon.com/images/I/61zOtwNWz7L._AC_UL320_.jpg
"Large Cobra Kite for Adults Kids Boys with Super Long Tail (49 ft), Extra Easy to Fly, Best Huge Kites for The Beach/Kite Party/Field/Park, It Will Dominate The Sky!",$16.95,https://www.amazon.com/Large-Cobra-Adults-Super-Dominate/dp/B01I3T265G/ref=sr_1_56?crid=1ETD973V81N4Y&keywords=kite&qid=1670362005&sprefix=kite%2Caps%2C70&sr=8-56,https://m.media-amazon.com/images/I/61JumNy-1RL._AC_UL320_.jpg
Large Premium Diamond Kite for Kids and Adults. Easy to Fly. Great for Children at Beach or Park. Outdoor Activity. Fun Family Activities for Boys and Girls (Watercolor),$15.99,https://www.amazon.com/Narwhal-Collection-Watercolor-Kite-Adults/dp/B08SGLYVNH/ref=sr_1_57?crid=1ETD973V81N4Y&keywords=kite&qid=1670362005&sprefix=kite%2Caps%2C70&sr=8-57,https://m.media-amazon.com/images/I/71CRW83F5NL._AC_UL320_.jpg
Airplane Kite for Kids & Adults Easy to Fly,$15.99,https://www.amazon.com/Mints-Colorful-Life-Airplane-Adults/dp/B0833NQT5X/ref=sr_1_58?crid=1ETD973V81N4Y&keywords=kite&qid=1670362005&sprefix=kite%2Caps%2C70&sr=8-58,https://m.media-amazon.com/images/I/61oQ4QUYJrL._AC_UL320_.jpg
"HENGDA KITE Shark Kite, Simple and Practical Design, Easy to Assemble and Fly, Suitable and Fly, Suitable for Kids and Adults, Suitable for, Suitable for Beach, Park, Yard, 49x53in",$14.49,https://www.amazon.com/HENGDA-KITE-Lifelike-Children-Outdoor/dp/B07MCN6D79/ref=sr_1_59?crid=1ETD973V81N4Y&keywords=kite&qid=1670362005&sprefix=kite%2Caps%2C70&sr=8-59,https://m.media-amazon.com/images/I/51KWtE7NakL._AC_UL320_.jpg
"Nuoada Kite for Kids and Adults, Easy to Fly Kite for Beginner, Children Outdoor Beach Game, Includes Kite Line and Bag",$14.99,https://www.amazon.com/Nuoada-Adults-Beginner-Children-Outdoor/dp/B09KNS6LVQ/ref=sr_1_60?crid=1ETD973V81N4Y&keywords=kite&qid=1670362005&sprefix=kite%2Caps%2C70&sr=8-60,https://m.media-amazon.com/images/I/61V-XSRIWCL._AC_UL320_.jpg
