item_name,price,link_to_item,link_to_item_image
Wilson Pro Staff RF 97 V13 Federer Autograph Tennis Racquet - Quality String,$279.00,https://www.amazon.com/gp/slredirect/picassoRedirect.html/ref=pa_sp_atf_aps_sr_pg1_1?ie=UTF8&adId=A030664617N7COTEJIZW6&qualifier=1670362016&id=3588802762822827&widgetName=sp_atf&url=%2FWilson-Federer-Autograph-Tennis-Racquet%2Fdp%2FB01LWMDHQC%2Fref%3Dsr_1_1_sspa%3Fcrid%3D1ETD973V81N4Y%26keywords%3Dtennis%2Bracket%26qid%3D1670362016%26sprefix%3Dtennis%2Bracket%252Caps%252C70%26sr%3D8-1-spons%26psc%3D1%26smid%3DAD7U2ST4PA3C6,https://m.media-amazon.com/images/I/51-cttx685L._AC_UL320_.jpg
"LITIAN 27 Inch Tennis Rackets for Adults 2 Pack or 1 Pack,Tennis Racquet for Men and Women Beginner Tennis Racket with Carry Bag",$51.99,https://www.amazon.com/gp/slredirect/picassoRedirect.html/ref=pa_sp_atf_aps_sr_pg1_1?ie=UTF8&adId=A06402692UMQQXN1P65GP&qualifier=1670362016&id=3588802762822827&widgetName=sp_atf&url=%2FLITIAN-Tennis-Rackets-Racquet-Beginner%2Fdp%2FB0936W62MT%2Fref%3Dsr_1_2_sspa%3Fcrid%3D1ETD973V81N4Y%26keywords%3Dtennis%2Bracket%26qid%3D1670362016%26sprefix%3Dtennis%2Bracket%252Caps%252C70%26sr%3D8-2-spons%26psc%3D1,https://m.media-amazon.com/images/I/71Pi1gBuDIL._AC_UL320_.jpg
HEAD Ti. Conquest Tennis Racket - Pre-Strung Head Light Balance 27 Inch Racquet - 4 1/2 in Grip,$27.18,https://www.amazon.com/gp/slredirect/picassoRedirect.html/ref=pa_sp_atf_aps_sr_pg1_1?ie=UTF8&adId=A03146673GIEWTF5ZW5C8&qualifier=1670362016&id=3588802762822827&widgetName=sp_atf&url=%2FHEAD-Ti-Conquest-Tennis-Racket%2Fdp%2FB095RYQ9KC%2Fref%3Dsr_1_3_sspa%3Fcrid%3D1ETD973V81N4Y%26keywords%3Dtennis%2Bracket%26qid%3D1670362016%26sprefix%3Dtennis%2Bracket%252Caps%252C70%26sr%3D8-3-spons%26psc%3D1,https://m.media-amazon.com/images/I/71kOBA7+X5L._AC_UL320_.jpg
Teloon Recreational Adult Tennis Rackets-27 inch Tennis Racquet for Men and Women College Students Beginner Tennis Racket.,$38.89,https://www.amazon.com/gp/slredirect/picassoRedirect.html/ref=pa_sp_atf_aps_sr_pg1_1?ie=UTF8&adId=A0884222Z7HIFHPZ9VDW&qualifier=1670362016&id=3588802762822827&widgetName=sp_atf&url=%2FTeloon-Recreational-Rackets-27-Students-V10-White%2Fdp%2FB08PV6B2MN%2Fref%3Dsr_1_4_sspa%3Fcrid%3D1ETD973V81N4Y%26keywords%3Dtennis%2Bracket%26qid%3D1670362016%26sprefix%3Dtennis%2Bracket%252Caps%252C70%26sr%3D8-4-spons%26psc%3D1,https://m.media-amazon.com/images/I/61zES4nHo0S._AC_UL320_.jpg
WILSON Adult Recreational Tennis Rackets,$34.86,https://www.amazon.com/Wilson-Tour-Slam-Tennis-Racket/dp/B01C2MTHVG/ref=sr_1_5?crid=1ETD973V81N4Y&keywords=tennis+racket&qid=1670362016&sprefix=tennis+racket%2Caps%2C70&sr=8-5,https://m.media-amazon.com/images/I/71FuEabrHkL._AC_UL320_.jpg
HEAD Ti. Conquest Tennis Racket - Pre-Strung Head Light Balance 27 Inch Racquet - 4 1/2 in Grip,$27.18,https://www.amazon.com/HEAD-Ti-Conquest-Tennis-Racket/dp/B095RYQ9KC/ref=sr_1_6?crid=1ETD973V81N4Y&keywords=tennis+racket&qid=1670362016&sprefix=tennis+racket%2Caps%2C70&sr=8-6,https://m.media-amazon.com/images/I/71kOBA7+X5L._AC_UL320_.jpg
"HIRALIY Adult Recreational 2 Players Tennis Rackets ,27 Inch Super Lightweight Tennis Racquets for Student Training Tennis and Beginners, Tennis Racket Set For Outdoor Games, Including 3 Tennis Balls, 2 Tennis Overgrips and 1 Tennis Bag",$34.99,https://www.amazon.com/HIRALIY-Recreational-Lightweight-Beginners-Including/dp/B08RDGBKPC/ref=sr_1_7?crid=1ETD973V81N4Y&keywords=tennis+racket&qid=1670362016&sprefix=tennis+racket%2Caps%2C70&sr=8-7,https://m.media-amazon.com/images/I/719CXY+tviL._AC_UL320_.jpg
"Tennis Rackets 2 Players Recreational for Beginners ,Pre-Strung 27 Inch Light Adult Racquet Set for Women Men with Tennis Balls,Overgrips and Carry Bag",$38.95,https://www.amazon.com/Layway-Recreational-Beginners-Pre-Strung-Overgrips/dp/B09FL5TQWJ/ref=sr_1_8?crid=1ETD973V81N4Y&keywords=tennis+racket&qid=1670362016&sprefix=tennis+racket%2Caps%2C70&sr=8-8,https://m.media-amazon.com/images/I/61-Vc0AUkxL._AC_UL320_.jpg
"Pro Tennis Racket for Adults, 2 Player 27 inch Speed Tennis Racquet Acceptable for Beginner and Professional with 3 Tennis Balls, 2 Vibration Dampes, 2 Overgrips, Tennis Bag",$56.99,https://www.amazon.com/Acceptable-Beginner-Professional-Vibration-Overgrips/dp/B096DPKZD7/ref=sr_1_9?crid=1ETD973V81N4Y&keywords=tennis+racket&qid=1670362016&sprefix=tennis+racket%2Caps%2C70&sr=8-9,https://m.media-amazon.com/images/I/81n2AahGILL._AC_UL320_.jpg
"LiTian Tennis Racket，27 Inch Tennis Rackets for Adults 2 Pack, for  Adults Students Women Men  and Beginners(Blue and Pink)",$39.99,https://www.amazon.com/Racket%EF%BC%8C27-Rackets-Adults-Students-Beginners/dp/B0BHP2GBZD/ref=sr_1_10?crid=1ETD973V81N4Y&keywords=tennis+racket&qid=1670362016&sprefix=tennis+racket%2Caps%2C70&sr=8-10,https://m.media-amazon.com/images/I/71Xt5tNs2hL._AC_UL320_.jpg
HEAD Geo Speed Adult Tennis Racket - Pre-Strung Light Balance 27.5 Inch Racquet,$51.48,https://www.amazon.com/HEAD-Geo-Speed-Tennis-Racquet/dp/B08D6X7583/ref=sr_1_11?crid=1ETD973V81N4Y&keywords=tennis+racket&qid=1670362016&sprefix=tennis+racket%2Caps%2C70&sr=8-11,https://m.media-amazon.com/images/I/71nuCOXKXWL._AC_UL320_.jpg
HEAD Speed Kids Tennis Racquet - Beginners Pre-Strung Head Light Balance Jr Racket,$24.99,https://www.amazon.com/HEAD-Speed-Kids-Tennis-Racquet/dp/B095S1S2C7/ref=sr_1_12?crid=1ETD973V81N4Y&keywords=tennis+racket&qid=1670362016&sprefix=tennis+racket%2Caps%2C70&sr=8-12,https://m.media-amazon.com/images/I/61-nsnqR6eS._AC_UL320_.jpg
"HEAD Ti. Instinct Comp Tennis Racket - Pre-Strung Light Balance 27 Inch Racquet - 4 1/4 in Grip, Blue",$50.95,https://www.amazon.com/HEAD-Instinct-Comp-Tennis-Racket/dp/B09MX7VC5P/ref=sr_1_13?crid=1ETD973V81N4Y&keywords=tennis+racket&qid=1670362016&sprefix=tennis+racket%2Caps%2C70&sr=8-13,https://m.media-amazon.com/images/I/71EKAarOcUL._AC_UL320_.jpg
"Dunlop Sports Nitro Adult Tennis Racket, 27""",$29.06,https://www.amazon.com/DUNLOP-Nitro-Junior-Tennis-Racket/dp/B084HQJ3ZJ/ref=sr_1_14?crid=1ETD973V81N4Y&keywords=tennis+racket&qid=1670362016&sprefix=tennis+racket%2Caps%2C70&sr=8-14,https://m.media-amazon.com/images/I/61zp+Pq3DhL._AC_UL320_.jpg
"Adult 2 Player Tennis Racket Perfect for Beginner and Professional Players, 27” Speed Tennis Racquet Include Tennis Balls, Overgrips, Tennis Bag, Vibration Dampe, Cover",$59.99,https://www.amazon.com/WOED-Beginner-Professional-Overgrips-Vibration/dp/B09LLWRXTH/ref=sr_1_15?crid=1ETD973V81N4Y&keywords=tennis+racket&qid=1670362016&sprefix=tennis+racket%2Caps%2C70&sr=8-15,https://m.media-amazon.com/images/I/71HO7nk8SvL._AC_UL320_.jpg
Dunlop Nitro Junior Tennis Racquets,$24.99,https://www.amazon.com/DUNLOP-Nitro-Junior-Tennis-Racquet-045566166999/dp/B07NQN9DFP/ref=sr_1_16?crid=1ETD973V81N4Y&keywords=tennis+racket&qid=1670362016&sprefix=tennis+racket%2Caps%2C70&sr=8-16,https://m.media-amazon.com/images/I/61YpOES6rqL._AC_UL320_.jpg
Teloon Tennis Rackets for Adults 100% Full Carbon，27 Inch Adult Racquet for Men and Women College Students Beginner Professional Tennis Racket,$59.89,https://www.amazon.com/gp/slredirect/picassoRedirect.html/ref=pa_sp_mtf_aps_sr_pg1_1?ie=UTF8&adId=A0351483SSGN2X01DF5F&qualifier=1670362016&id=3588802762822827&widgetName=sp_mtf&url=%2FTeloon-Space-Tennis-Rackets-Adults%2Fdp%2FB08T96DBY2%2Fref%3Dsr_1_17_sspa%3Fcrid%3D1ETD973V81N4Y%26keywords%3Dtennis%2Bracket%26qid%3D1670362016%26sprefix%3Dtennis%2Bracket%252Caps%252C70%26sr%3D8-17-spons%26psc%3D1,https://m.media-amazon.com/images/I/61Qpa9Syk6L._AC_UL320_.jpg
HEAD Graphene 360+ Extreme S Tennis Racquet,$149.00,https://www.amazon.com/gp/slredirect/picassoRedirect.html/ref=pa_sp_mtf_aps_sr_pg1_1?ie=UTF8&adId=A03023731H2TPI75ZYZ6I&qualifier=1670362016&id=3588802762822827&widgetName=sp_mtf&url=%2FHEAD-Graphene-Extreme-Tennis-Racquet%2Fdp%2FB08D7249Z2%2Fref%3Dsr_1_18_sspa%3Fcrid%3D1ETD973V81N4Y%26keywords%3Dtennis%2Bracket%26qid%3D1670362016%26sprefix%3Dtennis%2Bracket%252Caps%252C70%26sr%3D8-18-spons%26psc%3D1%26smid%3DAD7U2ST4PA3C6,https://m.media-amazon.com/images/I/5193yg1vs6L._AC_UL320_.jpg
Babolat 2021 Boost Drive Strung Tennis Racquet,$99.00,https://www.amazon.com/gp/slredirect/picassoRedirect.html/ref=pa_sp_mtf_aps_sr_pg1_1?ie=UTF8&adId=A08441781QO63US2AX11Q&qualifier=1670362016&id=3588802762822827&widgetName=sp_mtf&url=%2FBabolat-Boost-Strung-Tennis-Racquet%2Fdp%2FB08VHNC5PM%2Fref%3Dsr_1_19_sspa%3Fcrid%3D1ETD973V81N4Y%26keywords%3Dtennis%2Bracket%26qid%3D1670362016%26sprefix%3Dtennis%2Bracket%252Caps%252C70%26sr%3D8-19-spons%26psc%3D1%26smid%3DAD7U2ST4PA3C6,https://m.media-amazon.com/images/I/51ZLrkPYzsL._AC_UL320_.jpg
Tennis Rackets for Adults 27 Inch Tennis Racquets Set Included Tennis Racket Tennis Balls Overgrips Vibration Dampers Tennis Bag,$95.99,https://www.amazon.com/gp/slredirect/picassoRedirect.html/ref=pa_sp_mtf_aps_sr_pg1_1?ie=UTF8&adId=A07121961OV74FBDAFZNK&qualifier=1670362016&id=3588802762822827&widgetName=sp_mtf&url=%2FRackets-Racquets-Included-Overgrips-Vibration%2Fdp%2FB09YJ4FBZ7%2Fref%3Dsr_1_20_sspa%3Fcrid%3D1ETD973V81N4Y%26keywords%3Dtennis%2Bracket%26qid%3D1670362016%26sprefix%3Dtennis%2Bracket%252Caps%252C70%26sr%3D8-20-spons%26psc%3D1,https://m.media-amazon.com/images/I/81pdfi3zfRL._AC_UL320_.jpg
"Fostoy Adult Tennis Racket, 27 inches Tennis Racquet 2 Pack, Perfect for Beginner Student Women and Men Tennis Racket, with Carrying Bag, Overgrip Tape, Vibration Damper",$39.99,https://www.amazon.com/Fostoy-Recreational-Racquet-Professional-Vibration/dp/B08NXL55PW/ref=sr_1_21?crid=1ETD973V81N4Y&keywords=tennis+racket&qid=1670362016&sprefix=tennis+racket%2Caps%2C70&sr=8-21,https://m.media-amazon.com/images/I/819hphmIIML._AC_UL320_.jpg
WILSON Adult Performance Tennis Rackets,$100.00,https://www.amazon.com/Wilson-Sporting-Goods-Staff-Team/dp/B08MCZ4X7Y/ref=sr_1_22?crid=1ETD973V81N4Y&keywords=tennis+racket&qid=1670362016&sprefix=tennis+racket%2Caps%2C70&sr=8-22,https://m.media-amazon.com/images/I/71ND5DLddWL._AC_UL320_.jpg
"Teloon Sensus Series | Triple Shock Absorption | Adult Tennis Racquet, Women Tennis Racket Includes Bag Cover, Shock Absorber, Tennis Grip",$39.99,https://www.amazon.com/Teloon-Absorption-Racquet-Absorber-Highlight/dp/B08L7FMBLS/ref=sr_1_23?crid=1ETD973V81N4Y&keywords=tennis+racket&qid=1670362016&sprefix=tennis+racket%2Caps%2C70&sr=8-23,https://m.media-amazon.com/images/I/71IKcnUGjLL._AC_UL320_.jpg
"WOED BATENS Adult 2 Player Tennis Racket Perfect for Beginner and Professional Players, 27” Speed Tennis Racquet Include Overgrips, Tennis Bag, Vibration Dampes, Covers",$49.99,https://www.amazon.com/WOED-BATENS-Professional-Overgrips-Vibration/dp/B08R644L4S/ref=sr_1_24?crid=1ETD973V81N4Y&keywords=tennis+racket&qid=1670362016&sprefix=tennis+racket%2Caps%2C70&sr=8-24,https://m.media-amazon.com/images/I/81uhm7BgtZL._AC_UL320_.jpg
HEAD Tour Pro Tennis Racket,$39.95,https://www.amazon.com/HEAD-Tour-Pro-Tennis-Racket/dp/B09MWPHMC4/ref=sr_1_25?crid=1ETD973V81N4Y&keywords=tennis+racket&qid=1670362016&sprefix=tennis+racket%2Caps%2C70&sr=8-25,https://m.media-amazon.com/images/I/71bXe44WBjL._AC_UL320_.jpg
WILSON Junior/Youth Recreational Tennis Rackets,$28.56,https://www.amazon.com/Wilson-U-S-Open-Junior-Tennis-Racquet/dp/B07MTL4TVY/ref=sr_1_26?crid=1ETD973V81N4Y&keywords=tennis+racket&qid=1670362016&sprefix=tennis+racket%2Caps%2C70&sr=8-26,https://m.media-amazon.com/images/I/61OmOJSF75L._AC_UL320_.jpg
Head Metallix Attitude Elite Blue Tennis Racket - Pre-Strung Adult Tennis Racquet Lightweight - Midplus Headsize for Blend of Power and Control,$44.97,https://www.amazon.com/HEAD-Metallix-Attitude-Tennis-Racket/dp/B08X69H6SD/ref=sr_1_27?crid=1ETD973V81N4Y&keywords=tennis+racket&qid=1670362016&sprefix=tennis+racket%2Caps%2C70&sr=8-27,https://m.media-amazon.com/images/I/41zxS1A06gL._AC_UL320_.jpg
"OPPUM Adult 27"" Graphite 100% Full Carbon Pro Tennis Racket, 360 Super Light Speed ​​Team Match Tennis Racquets, Professional Players Tennis Rackets Trainning Rackets",$45.88,https://www.amazon.com/Graphite-Racquets-Professional-Players-Trainning/dp/B08613W41C/ref=sr_1_28?crid=1ETD973V81N4Y&keywords=tennis+racket&qid=1670362016&sprefix=tennis+racket%2Caps%2C70&sr=8-28,https://m.media-amazon.com/images/I/71WhW57EBRL._AC_UL320_.jpg
Tennis Rackets for Adults 27 Inch Tennis Racquets Set Included Tennis Racket Tennis Balls Overgrips Vibration Dampers Tennis Bag,$95.99,https://www.amazon.com/Rackets-Racquets-Included-Overgrips-Vibration/dp/B09YJ4FBZ7/ref=sr_1_29?crid=1ETD973V81N4Y&keywords=tennis+racket&qid=1670362016&sprefix=tennis+racket%2Caps%2C70&sr=8-29,https://m.media-amazon.com/images/I/81pdfi3zfRL._AC_UL320_.jpg
Babolat 2021 Pure Drive Tennis Racquet,$249.00,https://www.amazon.com/Babolat-Pure-Drive-Tennis-Racquet/dp/B08F7KZJM2/ref=sr_1_30?crid=1ETD973V81N4Y&keywords=tennis+racket&qid=1670362016&sprefix=tennis+racket%2Caps%2C70&sr=8-30,https://m.media-amazon.com/images/I/51VCKN8qupL._AC_UL320_.jpg
HEAD Radical MP Tennis Racquet,$149.00,https://www.amazon.com/HEAD-Graphene-Radical-Racquet-Performance/dp/B08MMP4ZTN/ref=sr_1_31?crid=1ETD973V81N4Y&keywords=tennis+racket&qid=1670362016&sprefix=tennis+racket%2Caps%2C70&sr=8-31,https://m.media-amazon.com/images/I/51Y1Se49WzL._AC_UL320_.jpg
WILSON Blade 98 16x19 V8 Tennis Racquet (Unstrung),$245.00,https://www.amazon.com/Wilson-Blade-Unstrung-Tennis-Racquet/dp/B09D3483FG/ref=sr_1_32?crid=1ETD973V81N4Y&keywords=tennis+racket&qid=1670362016&sprefix=tennis+racket%2Caps%2C70&sr=8-32,https://m.media-amazon.com/images/I/51DVD+uHsjL._AC_UL320_.jpg
"Babolat Aero G Tennis Racquet (4 1/4"" Grip)",$159.00,https://www.amazon.com/gp/slredirect/picassoRedirect.html/ref=pa_sp_mtf_aps_sr_pg1_1?ie=UTF8&adId=A02854502UFNHAR9I1QZP&qualifier=1670362016&id=3588802762822827&widgetName=sp_mtf&url=%2FBabolat-Aero-Tennis-Racquet-Grip%2Fdp%2FB07MQ3FXCG%2Fref%3Dsr_1_33_sspa%3Fcrid%3D1ETD973V81N4Y%26keywords%3Dtennis%2Bracket%26qid%3D1670362016%26sprefix%3Dtennis%2Bracket%252Caps%252C70%26sr%3D8-33-spons%26psc%3D1,https://m.media-amazon.com/images/I/61gFGLAjeUL._AC_UL320_.jpg
"Adult 2 Player Tennis Racket Perfect for Beginner and Professional Players, 27” Speed Tennis Racquet Include Tennis Balls, Overgrips, Tennis Bag, Vibration Dampe, Cover",$59.99,https://www.amazon.com/gp/slredirect/picassoRedirect.html/ref=pa_sp_mtf_aps_sr_pg1_1?ie=UTF8&adId=A0326945LVR99U6YQO9M&qualifier=1670362016&id=3588802762822827&widgetName=sp_mtf&url=%2FWOED-Beginner-Professional-Overgrips-Vibration%2Fdp%2FB09LLWRXTH%2Fref%3Dsr_1_34_sspa%3Fcrid%3D1ETD973V81N4Y%26keywords%3Dtennis%2Bracket%26qid%3D1670362016%26sprefix%3Dtennis%2Bracket%252Caps%252C70%26sr%3D8-34-spons%26psc%3D1,https://m.media-amazon.com/images/I/71HO7nk8SvL._AC_UL320_.jpg
Teloon Tennis Rackets for Adults 2 pcs Recreational -27 inch Tennis Racquet for Men and Women College Students Beginner Tennis Racket.…,$79.99,https://www.amazon.com/gp/slredirect/picassoRedirect.html/ref=pa_sp_mtf_aps_sr_pg1_1?ie=UTF8&adId=A01911973W3TTSS7MV5LX&qualifier=1670362016&id=3588802762822827&widgetName=sp_mtf&url=%2FTeloon-Recreational-Students-Beginner-Black-Pink%2Fdp%2FB08SQ619YC%2Fref%3Dsr_1_35_sspa%3Fcrid%3D1ETD973V81N4Y%26keywords%3Dtennis%2Bracket%26qid%3D1670362016%26sprefix%3Dtennis%2Bracket%252Caps%252C70%26sr%3D8-35-spons%26psc%3D1,https://m.media-amazon.com/images/I/81fkUrupmeL._AC_UL320_.jpg
Cryfokt Wooden Tennis Spoon Sticking Practice Tennis Racket Accurately Tennis Pointer Improve Sweet Spot Trainer with Storage Bag for Sports Swing Practice Training Aid,$63.15,https://www.amazon.com/gp/slredirect/picassoRedirect.html/ref=pa_sp_mtf_aps_sr_pg1_1?ie=UTF8&adId=A054693845EML8GPBRS&qualifier=1670362016&id=3588802762822827&widgetName=sp_mtf&url=%2FCryfokt-Sticking-Practice-Accurately-Training%2Fdp%2FB09ZLNKBR1%2Fref%3Dsr_1_36_sspa%3Fcrid%3D1ETD973V81N4Y%26keywords%3Dtennis%2Bracket%26qid%3D1670362016%26sprefix%3Dtennis%2Bracket%252Caps%252C70%26sr%3D8-36-spons%26psc%3D1%26smid%3DA2R5GYOJGKN5P7,https://m.media-amazon.com/images/I/51ZReNlvlgL._AC_UL320_.jpg
"OPPUM Adult Carbon Fiber Tennis Racket, Super Light Weight Tennis Racquets Shock-Proof and Throw-Proof,Include Tennis Bag Tennis Overgrip",$35.99,https://www.amazon.com/OPPUM-Full-Carbon-Aluminum-Carbon-Shock-proof-Throw-proof/dp/B075R7PPFQ/ref=sr_1_37?crid=1ETD973V81N4Y&keywords=tennis+racket&qid=1670362016&sprefix=tennis+racket%2Caps%2C70&sr=8-37,https://m.media-amazon.com/images/I/71ANPxT7LML._AC_UL320_.jpg
HEAD Ti. Reward Tennis Racket - Pre-Strung Light Balance 27 Inch Racquet,$32.98,https://www.amazon.com/HEAD-Ti-Reward-Tennis-Racquet-Strung/dp/B01N353ZKC/ref=sr_1_38?crid=1ETD973V81N4Y&keywords=tennis+racket&qid=1670362016&sprefix=tennis+racket%2Caps%2C70&sr=8-38,https://m.media-amazon.com/images/I/71bI-9dV0CL._AC_UL320_.jpg
Wilson Ultra Team V3 Strung Tennis Racquet - Economical Carbon Fiber Intermediate Racquet - Choice of Grip Size,$82.00,https://www.amazon.com/Wilson-Ultra-Strung-Tennis-Racquet/dp/B0B6217PZT/ref=sr_1_39_mod_primary_new?crid=1ETD973V81N4Y&keywords=tennis+racket&qid=1670362016&sbo=RZvfv%2F%2FHxDF%2BO5021pAnSA%3D%3D&sprefix=tennis+racket%2Caps%2C70&sr=8-39,https://m.media-amazon.com/images/I/61VKTOPeRdL._AC_UL320_.jpg
Falconz Tennis Set - Pack of 2 Carbon Reinforced Tennis Rackets for Adults and 3 Tennis Training Balls,$59.99,https://www.amazon.com/Falconz-Tennis-Set-Reinforced-Training/dp/B08W4TQKM4/ref=sr_1_40?crid=1ETD973V81N4Y&keywords=tennis+racket&qid=1670362016&sprefix=tennis+racket%2Caps%2C70&sr=8-40,https://m.media-amazon.com/images/I/91nGZJS9i8S._AC_UL320_.jpg
Wilson Triumph Tennis Racquet,$58.89,https://www.amazon.com/Wilson-Electronics-Triumph-Tennis-Racquet/dp/B07MTJYX2Z/ref=sr_1_41?crid=1ETD973V81N4Y&keywords=tennis+racket&qid=1670362016&sprefix=tennis+racket%2Caps%2C70&sr=8-41,https://m.media-amazon.com/images/I/61kifYCBgNL._AC_UL320_.jpg
"Tennis Racket Pre-Strung Lightweight 27 Inch Racquet Recreational Adult Rackets for Men Women Students Training Tennis Starter Kit with Balls,Carry Bag and Overgrips",$33.94,https://www.amazon.com/Pre-Strung-Lightweight-Recreational-Students-Overgrips/dp/B0B9N7LYPB/ref=sr_1_42?crid=1ETD973V81N4Y&keywords=tennis+racket&qid=1670362016&sprefix=tennis+racket%2Caps%2C70&sr=8-42,https://m.media-amazon.com/images/I/61U-euTzyeL._AC_UL320_.jpg
Head Tour Pro Tennis Racket - Pre-Strung Head Light Balance 27 Inch Racquet - Yellow,$27.00,https://www.amazon.com/HEAD-Tour-Pro-Tennis-Racket/dp/B07T247Z58/ref=sr_1_43?crid=1ETD973V81N4Y&keywords=tennis+racket&qid=1670362016&sprefix=tennis+racket%2Caps%2C70&sr=8-43,https://m.media-amazon.com/images/I/71MsBYOC9XL._AC_UL320_.jpg
"Kids Tennis Racket for Junior Toddlers Starter Kit 17-25"" for Girl Pink and Boy Yellow with 420D Nylon Shoulder Strap Bag",$22.99,https://www.amazon.com/Tennis-Racket-Toddlers-Starter-Shoulder/dp/B08DLJ1951/ref=sr_1_45?crid=1ETD973V81N4Y&keywords=tennis+racket&qid=1670362016&sprefix=tennis+racket%2Caps%2C70&sr=8-45,https://m.media-amazon.com/images/I/71DS9YnoH9L._AC_UL320_.jpg
HEAD Ti.S6 Tennis Racquet - Strung,$99.00,https://www.amazon.com/HEAD-Ti-S6-Strung-Tennis-Racquet/dp/B000OQBPQ8/ref=sr_1_46?crid=1ETD973V81N4Y&keywords=tennis+racket&qid=1670362016&sprefix=tennis+racket%2Caps%2C70&sr=8-46,https://m.media-amazon.com/images/I/61mRyyvECXL._AC_UL320_.jpg
"Senston Tennis Rackets for Adults 27 inch Tennis Racquets - 2 Player Tennis Racket Set with 3balls,2 Grips, 2 Vibration Dampers",$63.99,https://www.amazon.com/Senston-Tennis-Rackets-Adults-Racquets/dp/B08DKJPLSZ/ref=sr_1_47?crid=1ETD973V81N4Y&keywords=tennis+racket&qid=1670362016&sprefix=tennis+racket%2Caps%2C70&sr=8-47,https://m.media-amazon.com/images/I/61aNeDfIRdL._AC_UL320_.jpg
BABOLAT Drive Max 110 Tennis Racquet,$129.00,https://www.amazon.com/BABOLAT-Drive-Max-Tennis-Racquet/dp/B00B9U9CK4/ref=sr_1_48?crid=1ETD973V81N4Y&keywords=tennis+racket&qid=1670362016&sprefix=tennis+racket%2Caps%2C70&sr=8-48,https://m.media-amazon.com/images/I/61gz-GiXbIL._AC_UL320_.jpg
Head Metallix Attitude Pro White Tennis Racket - Pre-Strung Adult Tennis Racquet for Control and Maneuverability,$50.34,https://www.amazon.com/HEAD-Metallix-Attitude-Tennis-Racket/dp/B08X5ZRBS3/ref=sr_1_49?crid=1ETD973V81N4Y&keywords=tennis+racket&qid=1670362016&sprefix=tennis+racket%2Caps%2C70&sr=8-49,https://m.media-amazon.com/images/I/311kb1mzYNL._AC_UL320_.jpg
Head Graphene Laser Oversize Pre-Strung Tennis Racquet with Large Sweetspot and Power,$89.99,https://www.amazon.com/HEAD-Graphene-Laser-Tennis-Racquet/dp/B07Z9MRQHB/ref=sr_1_50?crid=1ETD973V81N4Y&keywords=tennis+racket&qid=1670362016&sprefix=tennis+racket%2Caps%2C70&sr=8-50,https://m.media-amazon.com/images/I/41x4F5Nv5PL._AC_UL320_.jpg
"Tennis Racket 27 inch Tennis Racquet 2 Pack for Adults Student Women and Men Beginner OPPUM Professional Training Tennis Rackets Racquets Tennis Overgrip, Vibration Damper and Carry Bag",$47.49,https://www.amazon.com/Beginner-Professional-Training-Racquets-Overgrip/dp/B099ZL665P/ref=sr_1_51?crid=1ETD973V81N4Y&keywords=tennis+racket&qid=1670362016&sprefix=tennis+racket%2Caps%2C70&sr=8-51,https://m.media-amazon.com/images/I/71kUITWqKML._AC_UL320_.jpg
WILSON US Open Tennis Racket,$59.00,https://www.amazon.com/Wilson-U-S-Open-Tennis-Racquet/dp/B07MTN8KV1/ref=sr_1_52?crid=1ETD973V81N4Y&keywords=tennis+racket&qid=1670362016&sprefix=tennis+racket%2Caps%2C70&sr=8-52,https://m.media-amazon.com/images/I/51jFJUlNVZL._AC_UL320_.jpg
"MacGregor Mac Recreational Tennis Racquet 4-3/8""",$28.99,https://www.amazon.com/MacGregor-Mac-Recreational-Tennis-Racquet/dp/B01NBHC1OC/ref=sr_1_53?crid=1ETD973V81N4Y&keywords=tennis+racket&qid=1670362016&sprefix=tennis+racket%2Caps%2C70&sr=8-53,https://m.media-amazon.com/images/I/51E3G0EghRL._AC_UL320_.jpg
"OPPUM 27 inch Pro Tennis Racket for Adults Student Women and Men Rackets Training Tennis Racquet,Super Lightweight Easy Control Racket with Carry Bag",$49.88,https://www.amazon.com/oppum-Players-Tennis-Rackets-Beginners/dp/B08HQLXWDL/ref=sr_1_54?crid=1ETD973V81N4Y&keywords=tennis+racket&qid=1670362016&sprefix=tennis+racket%2Caps%2C70&sr=8-54,https://m.media-amazon.com/images/I/71oS8yl8ZNL._AC_UL320_.jpg
Teloon Recreational Adult Tennis Rackets-27 inch Tennis Racquet for Men and Women College Students Beginner Tennis Racket.,$23.02,https://www.amazon.com/Teloon-Recreational-Rackets-27-Students-Beginner/dp/B08PV5QPR1/ref=sr_1_55?crid=1ETD973V81N4Y&keywords=tennis+racket&qid=1670362016&sprefix=tennis+racket%2Caps%2C70&sr=8-55,https://m.media-amazon.com/images/I/71CvroQnwYL._AC_UL320_.jpg
Tennis Racket for Kids by Street Tennis Club. Proper Equipment Helps You Learn Faster and Play Better!,$25.99,https://www.amazon.com/Kids-Tennis-Racket-Training-Videos/dp/B00HQNGUOO/ref=sr_1_56?crid=1ETD973V81N4Y&keywords=tennis+racket&qid=1670362016&sprefix=tennis+racket%2Caps%2C70&sr=8-56,https://m.media-amazon.com/images/I/713xaZrHT0L._AC_UL320_.jpg
Head Metallix Spark Tour Stealth Tennis Racket - Pre-Strung Adult Tennis Racquet for Control,$54.40,https://www.amazon.com/HEAD-Metallix-Stealth-Tennis-Racket/dp/B08X6BQY7P/ref=sr_1_57?crid=1ETD973V81N4Y&keywords=tennis+racket&qid=1670362016&sprefix=tennis+racket%2Caps%2C70&sr=8-57,https://m.media-amazon.com/images/I/31AM8GKhPDL._AC_UL320_.jpg
N/H Set of 2 Teenager's Tennis Racket with Free Ball for Training Tennis Carbon Fiber Top Steel Material Tennis String,$29.98,https://www.amazon.com/Teenagers-Tennis-Racket-Training-Material/dp/B08MJ85K3C/ref=sr_1_58?crid=1ETD973V81N4Y&keywords=tennis+racket&qid=1670362016&sprefix=tennis+racket%2Caps%2C70&sr=8-58,https://m.media-amazon.com/images/I/61ilFDkej5L._AC_UL320_.jpg
"HEAD MxG Tennis Racquet, Adult Professional Light Weight Magnesium Graphene Racket",$159.95,https://www.amazon.com/HEAD-230518-MxG-Tennis-Racquet/dp/B09PF9FY88/ref=sr_1_59?crid=1ETD973V81N4Y&keywords=tennis+racket&qid=1670362016&sprefix=tennis+racket%2Caps%2C70&sr=8-59,https://m.media-amazon.com/images/I/51tp2wM7KsL._AC_UL320_.jpg
Wilson 5.3 Hyper Hammer Tennis Racquet - Economical All Court Racquet - Choice of Grip Size,$119.00,https://www.amazon.com/Wilson-Hyper-Hammer-Tennis-Racquet/dp/B09W89LJMV/ref=sr_1_60?crid=1ETD973V81N4Y&keywords=tennis+racket&qid=1670362016&sprefix=tennis+racket%2Caps%2C70&sr=8-60,https://m.media-amazon.com/images/I/617PWcSuAxL._AC_UL320_.jpg
