item_name,price,link_to_item,link_to_item_image
"2023 Android Barcode Scanner, Ultra Rugged Handheld, Zebra Barcode Scanner SE4710 2D/1D/QR, Android 11, Google Play, 5.5” Screen, WiFi 6 Ready, GPS/4G, NFC, IP65 6FT Drop Rate for Warehouse Inventory",$569.99,https://www.amazon.com/gp/slredirect/picassoRedirect.html/ref=pa_sp_atf_aps_sr_pg1_1?ie=UTF8&adId=A0353125YCL22085CKDL&qualifier=1670361979&id=4909518052263398&widgetName=sp_atf&url=%2FAndroid-Barcode-Handheld-Warehouse-Inventory%2Fdp%2FB0B4KG9LR9%2Fref%3Dsr_1_1_sspa%3Fcrid%3D1ETD973V81N4Y%26keywords%3Dzebra%26qid%3D1670361979%26sprefix%3Dzebra%252Caps%252C70%26sr%3D8-1-spons%26psc%3D1,https://m.media-amazon.com/images/I/61lQOssqb0L._AC_UL320_.jpg
"WILD REPUBLIC Zebra Plush, Stuffed Animal, Plush Toy, Gifts for Kids, Cuddlekins 12 Inches, Multicolor",$9.24,https://www.amazon.com/Wild-Republic-Stuffed-Animal-Cuddlekins/dp/B01NARWLKR/ref=sr_1_2?crid=1ETD973V81N4Y&keywords=zebra&qid=1670361979&sprefix=zebra%2Caps%2C70&sr=8-2,https://m.media-amazon.com/images/I/71HL7FIkmyL._AC_UL320_.jpg
Spotted Zebra Disney | Marvel | Star Wars | Frozen | Princess Girls and Toddlers' Fleece Long-Sleeve Hooded Dresses,$14.20,https://www.amazon.com/Amazon-Brand-Princess-Long-Sleeve-Nightmare/dp/B08WMNP12G/ref=sr_1_3?crid=1ETD973V81N4Y&keywords=zebra&qid=1670361979&sprefix=zebra%2Caps%2C70&sr=8-3,https://m.media-amazon.com/images/I/81cICZ+-wfL._MCnd_AC_UL320_.jpg
Amazon Essentials Women's French Terry Fleece Jogger Sweatpant (Available in Plus Size),$12.00,https://www.amazon.com/Amazon-Essentials-Womens-Relaxed-Sweatpant/dp/B08XQYNX21/ref=sr_1_4?crid=1ETD973V81N4Y&keywords=zebra&qid=1670361979&sprefix=zebra%2Caps%2C70&sr=8-4,https://m.media-amazon.com/images/I/61pE84UiSHL._AC_UL320_.jpg
"Zebra Pen Mildliner, Double Ended Highlighter, Broad and Fine Tips, Assorted Colors, 15 Pack",$16.49,https://www.amazon.com/Zebra-Pen-Mildliner-Highlighter-Assorted/dp/B0752WWCTN/ref=sr_1_5?crid=1ETD973V81N4Y&keywords=zebra&qid=1670361979&sprefix=zebra%2Caps%2C70&sr=8-5,https://m.media-amazon.com/images/I/81iJYy5jnnL._AC_UL320_.jpg
Crocs Jibbitz Animal Shoe Charms | Jibbitz for Crocs,$4.99,https://www.amazon.com/Crocs-Animals-Charms-Jibbitz-Zebra/dp/B08JS78TYJ/ref=sr_1_6?crid=1ETD973V81N4Y&keywords=zebra&qid=1670361979&sprefix=zebra%2Caps%2C70&sr=8-6,https://m.media-amazon.com/images/I/61gxtS25p9L._AC_UL320_.jpg
"Squishmallows 14-Inch Neon Stripe Zebra with Rainbow Mane Plush - Add Safiyah to Your Squad, Ultrasoft Stuffed Animal Large Plush Toy, Official Kellytoy Plush",$19.99,https://www.amazon.com/Squishmallow-14-Inch-Style-19/dp/B09N9ZB6NV/ref=sr_1_7?crid=1ETD973V81N4Y&keywords=zebra&qid=1670361979&sprefix=zebra%2Caps%2C70&sr=8-7,https://m.media-amazon.com/images/I/71cxQGV4P7L._AC_UL320_.jpg
Terra by Battat – Zebra Family – Miniature Zebra Animal Toys for Kids 3-Years-Old & Up (4 Pc),$11.99,https://www.amazon.com/Battat-Terra-AN2728Z-Family-Playset/dp/B01FRV9TDA/ref=sr_1_8?crid=1ETD973V81N4Y&keywords=zebra&qid=1670361979&sprefix=zebra%2Caps%2C70&sr=8-8,https://m.media-amazon.com/images/I/71Po6Q8QpsL._AC_UL320_.jpg
"Rockland Fashion Softside Upright Luggage Set, Zebra, 2-Piece (14/19)",$48.55,https://www.amazon.com/Rockland-Luggage-Piece-Printed-Medium/dp/B005ES6S2M/ref=sr_1_9?crid=1ETD973V81N4Y&keywords=zebra&qid=1670361979&sprefix=zebra%2Caps%2C70&sr=8-9,https://m.media-amazon.com/images/I/A1Jx5CmFuLL._AC_UL320_.jpg
"Zebra Pen Mildliner Double Ended Highlighter, Broad and Fine Point Tips, Assorted Neutral Vintage Ink Colors, 5-Pack, (78605)",$10.21,https://www.amazon.com/Zebra-Pen-Mildliner-Highlighter-78605/dp/B09QJKJG8Q/ref=sr_1_10?crid=1ETD973V81N4Y&keywords=zebra&qid=1670361979&sprefix=zebra%2Caps%2C70&sr=8-10,https://m.media-amazon.com/images/I/61VisyP8c1L._AC_UL320_.jpg
Spotted Zebra Boys' Zip-Pocket Fleece Jogger Pant,$9.20,https://www.amazon.com/Spotted-Zebra-Pocket-Jogger-Medium/dp/B07H2JPG82/ref=sr_1_11?crid=1ETD973V81N4Y&keywords=zebra&qid=1670361979&sprefix=zebra%2Caps%2C70&sr=8-11,https://m.media-amazon.com/images/I/81IuhGSKV3S._AC_UL320_.jpg
Covelin Women's Retro Large Size Canvas Shoulder Bag Hobo Crossbody Handbag Casual Tote,$10.19,https://www.amazon.com/Covelin-Womens-Shoulder-Crossbody-Handbag/dp/B08S75WV2W/ref=sr_1_12?crid=1ETD973V81N4Y&keywords=zebra&qid=1670361979&sprefix=zebra%2Caps%2C70&sr=8-12,https://m.media-amazon.com/images/I/71UejumOUhL._AC_UL320_.jpg
"Zebra Pen F-301 Retractable Ballpoint Pen, Stainless Steel Barrel, Fine Point, 0.7mm, Black Ink, 4-Pack (Packaging May Vary)",$7.79,https://www.amazon.com/Zebra-F-301-Stainless-Retractable-Ballpoint/dp/B01N6VIUPS/ref=sr_1_13?crid=1ETD973V81N4Y&keywords=zebra&qid=1670361979&sprefix=zebra%2Caps%2C70&sr=8-13,https://m.media-amazon.com/images/I/619dK1ryefL._AC_UL320_.jpg
"Spotted Zebra Babies, Toddlers, and Girls' Snug-Fit Cotton Pajama Sleepwear Sets, Multipacks",$16.90,https://www.amazon.com/Spotted-Zebra-6-Piece-Snug-Fit-Kitties/dp/B07GQFKT96/ref=sr_1_14?crid=1ETD973V81N4Y&keywords=zebra&qid=1670361979&sprefix=zebra%2Caps%2C70&sr=8-14,https://m.media-amazon.com/images/I/81pmZjDVS+S._MCnd_AC_UL320_.jpg
Amazon Essentials Women's French Terry Fleece Pullover Hoodie (Available in Plus Size),$13.60,https://www.amazon.com/Amazon-Essentials-Womens-Fleece-Pullover/dp/B08XQYB1GY/ref=sr_1_15?crid=1ETD973V81N4Y&keywords=zebra&qid=1670361979&sprefix=zebra%2Caps%2C70&sr=8-15,https://m.media-amazon.com/images/I/71-3xFXHA0L._AC_UL320_.jpg
"Tirrinia Sherpa Blanket Plush Throw Zebra Pattern Blanket Size 50"" x 60"" Bedding Fleece Reversible Blanket for Bed and Couch, Super Soft Comfy Warm Fuzzy TV Blanket",$21.99,https://www.amazon.com/Sherpa-Blanket-Bedding-Reversible-Blankets/dp/B08G8DXMBC/ref=sr_1_16?crid=1ETD973V81N4Y&keywords=zebra&qid=1670361979&sprefix=zebra%2Caps%2C70&sr=8-16,https://m.media-amazon.com/images/I/81IUhfau08L._AC_UL320_.jpg
"Zebras are Awesome, I am Awesome, Therefore I am a Zebra T-Shirt",$19.99,https://www.amazon.com/gp/slredirect/picassoRedirect.html/ref=pa_sp_mtf_aps_sr_pg1_1?ie=UTF8&adId=A08740971ERLW8IZVC8H&qualifier=1670361979&id=4909518052263398&widgetName=sp_mtf&url=%2FZebras-Awesome-Therefore-Zebra-T-Shirt%2Fdp%2FB0B6GRG3MX%2Fref%3Dsr_1_17_sspa%3Fcrid%3D1ETD973V81N4Y%26keywords%3Dzebra%26qid%3D1670361979%26sprefix%3Dzebra%252Caps%252C70%26sr%3D8-17-spons%26psc%3D1,https://m.media-amazon.com/images/I/61mWxcl0axL._AC_UL320_.jpg
Zebra Figurine Jewelry Box Hinged Trinket Boxes,$19.99,https://www.amazon.com/gp/slredirect/picassoRedirect.html/ref=pa_sp_mtf_aps_sr_pg1_1?ie=UTF8&adId=A0177788JW8DQLTPYBN1&qualifier=1670361979&id=4909518052263398&widgetName=sp_mtf&url=%2FZebra-Figurine-Jewelry-Hinged-Trinket%2Fdp%2FB08TVMV4ZW%2Fref%3Dsr_1_18_sspa%3Fcrid%3D1ETD973V81N4Y%26keywords%3Dzebra%26qid%3D1670361979%26sprefix%3Dzebra%252Caps%252C70%26sr%3D8-18-spons%26psc%3D1,https://m.media-amazon.com/images/I/81BRpW-3zOL._AC_UL320_.jpg
Zebra Head - Wildlife Safari Animal Lover Zookeeper T-Shirt,$19.99,https://www.amazon.com/gp/slredirect/picassoRedirect.html/ref=pa_sp_mtf_aps_sr_pg1_1?ie=UTF8&adId=A04409763VJ0L3J50K9UW&qualifier=1670361979&id=4909518052263398&widgetName=sp_mtf&url=%2FZebra-Head-Wildlife-Zookeeper-T-Shirt%2Fdp%2FB09XF1WK8Q%2Fref%3Dsr_1_19_sspa%3Fcrid%3D1ETD973V81N4Y%26keywords%3Dzebra%26qid%3D1670361979%26sprefix%3Dzebra%252Caps%252C70%26sr%3D8-19-spons%26psc%3D1,https://m.media-amazon.com/images/I/618SFZ8PeGL._AC_UL320_.jpg
"WILD REPUBLIC Zebra Plush, Stuffed Animal, Plush Toy, Gifts for Kids, Cuddlekins 12 Inches, Multicolor",$9.24,https://www.amazon.com/gp/slredirect/picassoRedirect.html/ref=pa_sp_mtf_aps_sr_pg1_1?ie=UTF8&adId=A04478911OPZTKQNX3IOV&qualifier=1670361979&id=4909518052263398&widgetName=sp_mtf&url=%2FWild-Republic-Stuffed-Animal-Cuddlekins%2Fdp%2FB01NARWLKR%2Fref%3Dsr_1_20_sspa%3Fcrid%3D1ETD973V81N4Y%26keywords%3Dzebra%26qid%3D1670361979%26sprefix%3Dzebra%252Caps%252C70%26sr%3D8-20-spons%26psc%3D1,https://m.media-amazon.com/images/I/71HL7FIkmyL._AC_UL320_.jpg
Snoozies Womens Slipper Socks - Cozy Slippers for Women - Fuzzy House Slippers for Indoor Use - Soft Sole Slippers - Animal Fur,$13.99,https://www.amazon.com/Snoozies-Womes-Black-White-Animal/dp/B086RSQ8BD/ref=sr_1_21?crid=1ETD973V81N4Y&keywords=zebra&qid=1670361979&sprefix=zebra%2Caps%2C70&sr=8-21,https://m.media-amazon.com/images/I/81hgobWFf2L._AC_UL320_.jpg
"Zebra WKT7-5C-NTC Line Marker, Thick and Thin, Water-Based Pigment, Mild Color, 5 Colors",$8.25,https://www.amazon.com/WKT7-5C-NTC-Marker-Water-Based-Pigment-Colors/dp/B09WR8N2NG/ref=sr_1_22?crid=1ETD973V81N4Y&keywords=zebra&qid=1670361979&sprefix=zebra%2Caps%2C70&sr=8-22,https://m.media-amazon.com/images/I/315ypXdtTBL._AC_UL320_.jpg
ENJOYNIGHT Women's Sleepwear Cotton Sleep Tee Short Sleeves Print Sleepshirt,$16.99,https://www.amazon.com/ENJOYNIGHT-Sleepwear-Sleeves-Sleepshirt-3X-Large/dp/B09NQWDKTN/ref=sr_1_23?crid=1ETD973V81N4Y&keywords=zebra&qid=1670361979&sprefix=zebra%2Caps%2C70&sr=8-23,https://m.media-amazon.com/images/I/81bqKoHIoKL._AC_UL320_.jpg
"Zebra Mildliner WKT7-5C-N Highlighter, Slightly Fluorescent Colors, 5 Colors",$6.65,https://www.amazon.com/Zebra-WKT7-5C-N-Highlighter-Liner-Colors/dp/B09PDD8CRY/ref=sr_1_24?crid=1ETD973V81N4Y&keywords=zebra&qid=1670361979&sprefix=zebra%2Caps%2C70&sr=8-24,https://m.media-amazon.com/images/I/51ywf02R4NL._AC_UL320_.jpg
"Spotted Zebra Girls and Toddlers' Long-Sleeve T-Shirts, Multipacks",$19.47,https://www.amazon.com/Spotted-Zebra-Long-Sleeve-T-Shirts-Genius/dp/B09Q9FL9CQ/ref=sr_1_25?crid=1ETD973V81N4Y&keywords=zebra&qid=1670361979&sprefix=zebra%2Caps%2C70&sr=8-25,https://m.media-amazon.com/images/I/81d1uA5uyIL._AC_UL320_.jpg
Zebra,$23.56,https://www.amazon.com/Zebra/dp/B00EOOC22C/ref=sr_1_26?crid=1ETD973V81N4Y&keywords=zebra&qid=1670361979&sprefix=zebra%2Caps%2C70&sr=8-26,https://m.media-amazon.com/images/I/61ywu4eoFFL._AC_UL320_.jpg
Livhò Retro Vintage Narrow Cat Eye Sunglasses for Women Clout Goggles Plastic Frame,$9.99,https://www.amazon.com/Livh%C3%B2-Vintage-Sunglasses-Goggles-FrameZebra/dp/B07T1G9Z4P/ref=sr_1_27?crid=1ETD973V81N4Y&keywords=zebra&qid=1670361979&sprefix=zebra%2Caps%2C70&sr=8-27,https://m.media-amazon.com/images/I/516MXbCsnlL._AC_UL320_.jpg
"Zebra Pen Sarasa Grand Retractable Gel Pen Gift, White/Black/Navy Barrel, Mediun Point, 0.7mm, Black Ink, 3 Count (Pack of 1)",$13.56,https://www.amazon.com/Zebra-Pen-Sarasa-Retractable-Barrel/dp/B08Q3CRJQH/ref=sr_1_28?crid=1ETD973V81N4Y&keywords=zebra&qid=1670361979&sprefix=zebra%2Caps%2C70&sr=8-28,https://m.media-amazon.com/images/I/71q1Qi9M6kL._AC_UL320_.jpg
"MACEVIA Flannel Fleece Throw Blanket for Couch Zebra Blanket Black and White Fuzzy Lightweight Warm Cozy Comfy Super Soft Blanket for Bed Sofa 260GSM (Black Zebra,50x60inches)",$14.39,https://www.amazon.com/Flannel-Fleece-Blanket-Lightweight-50x60inches/dp/B093T42M2P/ref=sr_1_29?crid=1ETD973V81N4Y&keywords=zebra&qid=1670361979&sprefix=zebra%2Caps%2C70&sr=8-29,https://m.media-amazon.com/images/I/812WRQUCLGL._AC_UL320_.jpg
"IHAUIUE Animal Print Beanie Hat Knitted Cuffed Skull Cap Double Layer Watch Hats for Women, Men",$12.99,https://www.amazon.com/IHAUIUE-Animal-Beanie-Knitted-Cuffed/dp/B0B842DYVS/ref=sr_1_30?crid=1ETD973V81N4Y&keywords=zebra&qid=1670361979&sprefix=zebra%2Caps%2C70&sr=8-30,https://m.media-amazon.com/images/I/71vELRf0CCL._AC_UL320_.jpg
Zebras (Amazing Animals),$7.01,https://www.amazon.com/Zebras-Amazing-Animals-Kate-Riggs/dp/1682770710/ref=sr_1_31?crid=1ETD973V81N4Y&keywords=zebra&qid=1670361979&sprefix=zebra%2Caps%2C70&sr=8-31,https://m.media-amazon.com/images/I/81BLdix-+lL._AC_UL320_.jpg
"Zebra Pen Click Art Retractable Marker Pen, Fine Point, 0.6mm, Assorted Colors, 12 Pack",$14.87,https://www.amazon.com/Zebra-Pen-Click-Assorted-Colors/dp/B083X5CKPY/ref=sr_1_32?crid=1ETD973V81N4Y&keywords=zebra&qid=1670361979&sprefix=zebra%2Caps%2C70&sr=8-32,https://m.media-amazon.com/images/I/81F5QjS05-L._AC_UL320_.jpg
Zebra Lip Design - Zookeeper Zoologist Wildlife Biologist T-Shirt,$19.99,https://www.amazon.com/gp/slredirect/picassoRedirect.html/ref=pa_sp_mtf_aps_sr_pg1_1?ie=UTF8&adId=A10406551JYN4NWRFP88L&qualifier=1670361979&id=4909518052263398&widgetName=sp_mtf&url=%2FZebra-Lip-Design-Zookeeper-Zoologist%2Fdp%2FB09V5LXDQN%2Fref%3Dsr_1_33_sspa%3Fcrid%3D1ETD973V81N4Y%26keywords%3Dzebra%26qid%3D1670361979%26sprefix%3Dzebra%252Caps%252C70%26sr%3D8-33-spons%26psc%3D1,https://m.media-amazon.com/images/I/717xGxuCr3L._AC_UL320_.jpg
Zebra Heart - Zookeeper Wildlife Animal Lover Zoologist T-Shirt,$19.99,https://www.amazon.com/gp/slredirect/picassoRedirect.html/ref=pa_sp_mtf_aps_sr_pg1_1?ie=UTF8&adId=A10405311T25LFBKHHOC8&qualifier=1670361979&id=4909518052263398&widgetName=sp_mtf&url=%2FZebra-Heart-Zookeeper-Wildlife-Zoologist%2Fdp%2FB09V5N52YK%2Fref%3Dsr_1_34_sspa%3Fcrid%3D1ETD973V81N4Y%26keywords%3Dzebra%26qid%3D1670361979%26sprefix%3Dzebra%252Caps%252C70%26sr%3D8-34-spons%26psc%3D1,https://m.media-amazon.com/images/I/61n38b1T6dL._AC_UL320_.jpg
ZEBRA GK420t Thermal Transfer Desktop Printer Print Width of 4 in USB Serial and Parallel Connectivity GK42-102510-000,$300.00,https://www.amazon.com/gp/slredirect/picassoRedirect.html/ref=pa_sp_mtf_aps_sr_pg1_1?ie=UTF8&adId=A0525903DFAWIVYSV8AV&qualifier=1670361979&id=4909518052263398&widgetName=sp_mtf&url=%2FZebra-GK420t-Monochrome-Transfer-Resolution%2Fdp%2FB00EUN99E6%2Fref%3Dsr_1_35_sspa%3Fcrid%3D1ETD973V81N4Y%26keywords%3Dzebra%26qid%3D1670361979%26sprefix%3Dzebra%252Caps%252C70%26sr%3D8-35-spons%26psc%3D1%26smid%3DA1GZCORRJ9SA2O,https://m.media-amazon.com/images/I/71r8PZO1+YL._AC_UL320_.jpg
Zebra Necktie - Zookeeper Zoologist Wildlife Animal Lover T-Shirt,$19.99,https://www.amazon.com/gp/slredirect/picassoRedirect.html/ref=pa_sp_mtf_aps_sr_pg1_1?ie=UTF8&adId=A1040811J4T6H87CKF2I&qualifier=1670361979&id=4909518052263398&widgetName=sp_mtf&url=%2FZebra-Necktie-Zookeeper-Zoologist-Wildlife%2Fdp%2FB09V5KTDZP%2Fref%3Dsr_1_36_sspa%3Fcrid%3D1ETD973V81N4Y%26keywords%3Dzebra%26qid%3D1670361979%26sprefix%3Dzebra%252Caps%252C70%26sr%3D8-36-spons%26psc%3D1,https://m.media-amazon.com/images/I/6126EWbCbFL._AC_UL320_.jpg
"Spotted Zebra Boys and Toddlers' Fleece Jogger Sweatpants, Pack of 2",$11.40,https://www.amazon.com/Spotted-Zebra-2-Pack-Heather-Lightning/dp/B07H7JBM8S/ref=sr_1_37?crid=1ETD973V81N4Y&keywords=zebra&qid=1670361979&sprefix=zebra%2Caps%2C70&sr=8-37,https://m.media-amazon.com/images/I/91y-eFolRxS._AC_UL320_.jpg
"Zebra Pen Mildliner Double Ended Brush and Fine Tip Pen, Assorted Colors, 10-Count, Model Number: 79101",$13.00,https://www.amazon.com/Zebra-Pen-Mildliner-Assorted-10-Count/dp/B07NDZRXT8/ref=sr_1_38?crid=1ETD973V81N4Y&keywords=zebra&qid=1670361979&sprefix=zebra%2Caps%2C70&sr=8-38,https://m.media-amazon.com/images/I/81L8rVMbijL._AC_UL320_.jpg
"Spotted Zebra Girls and Toddlers' Knit Long-Sleeve Play Dresses, Pack of 2",$14.20,https://www.amazon.com/Spotted-Zebra-Long-Sleeve-Dresses-Dinosaur/dp/B09PP1C57Z/ref=sr_1_40?crid=1ETD973V81N4Y&keywords=zebra&qid=1670361979&sprefix=zebra%2Caps%2C70&sr=8-40,https://m.media-amazon.com/images/I/91LruG-9oQL._MCnd_AC_UL320_.jpg
"Zebra Pen Zensations Brush Pen, Brush Tip, Black Water-Resistant Ink, 1-Pack",$2.71,https://www.amazon.com/Zebra-Zensations-Pen-Water-Resistant-1-Count/dp/B0752Q39TF/ref=sr_1_41?crid=1ETD973V81N4Y&keywords=zebra&qid=1670361979&sprefix=zebra%2Caps%2C70&sr=8-41,https://m.media-amazon.com/images/I/71V7gph1KbL._AC_UL320_.jpg
Vessia Oversized Flannel Fleece Velvet Blanket Throw Size(50x70 inch) - Zebra Pattern Lightweight Fuzzy Decor Blanket - Soft Animal Print Blanket for Couch and Sofa,$16.99,https://www.amazon.com/Vessia-Oversized-Flannel-Fleece-Blanket/dp/B08THP2B6B/ref=sr_1_42?crid=1ETD973V81N4Y&keywords=zebra&qid=1670361979&sprefix=zebra%2Caps%2C70&sr=8-42,https://m.media-amazon.com/images/I/91lsl3Z9L0S._AC_UL320_.jpg
"Spotted Zebra girls Dress, Tunics, Leggings Mix-and-Match Outfit/Gift Sets",$25.20,https://www.amazon.com/Spotted-Zebra-Tunics-Leggings-5-Piece/dp/B093HLHWMR/ref=sr_1_43?crid=1ETD973V81N4Y&keywords=zebra&qid=1670361979&sprefix=zebra%2Caps%2C70&sr=8-43,https://m.media-amazon.com/images/I/81DUIQ-LO0L._AC_UL320_.jpg
"3 - Zebra F-701 Ballpoint Pens, Stainless Steel with Knurled Grip, Pk of 3 Pens",$17.42,https://www.amazon.com/Zebra-F-701-Ballpoint-Stainless-Knurled/dp/B00KCY5OC8/ref=sr_1_44?crid=1ETD973V81N4Y&keywords=zebra&qid=1670361979&sprefix=zebra%2Caps%2C70&sr=8-44,https://m.media-amazon.com/images/I/61FgF5rXCBL._AC_UL320_.jpg
"Zebra Pen G-Series Stainless Steel Gel Ink Pen JK-Refill, Medium Point, 0.7mm, Black Ink, 2-Pack",$3.59,https://www.amazon.com/Zebra-Stainless-Pen-JK-Refill-2-Count/dp/B0013C7N0Y/ref=sr_1_45?crid=1ETD973V81N4Y&keywords=zebra&qid=1670361979&sprefix=zebra%2Caps%2C70&sr=8-45,https://m.media-amazon.com/images/I/71fujUGD72L._AC_UL320_.jpg
Daily Ritual Women's Ultra-Soft Jacquard Crewneck Pullover Sweater,$19.10,https://www.amazon.com/Amazon-Brand-Ultra-Soft-Crewneck-Pullover/dp/B08T36TQM4/ref=sr_1_46?crid=1ETD973V81N4Y&keywords=zebra&qid=1670361979&sprefix=zebra%2Caps%2C70&sr=8-46,https://m.media-amazon.com/images/I/81fG3yDwK4S._AC_UL320_.jpg
Zebra Pen BCA F-301 Stainless Steel Ballpoint Pens,$7.99,https://www.amazon.com/Zebra-F-301-Retractable-Ballpoint-Pen/dp/B01HYMJBA6/ref=sr_1_47?crid=1ETD973V81N4Y&keywords=zebra&qid=1670361979&sprefix=zebra%2Caps%2C70&sr=8-47,https://m.media-amazon.com/images/I/71wM6qIaE8L._AC_UL320_.jpg
Spotted Zebra Girls' French Terry Long-Sleeve Dresses,$13.60,https://www.amazon.com/Spotted-Zebra-French-Long-Sleeve-Dresses/dp/B093TKFNZR/ref=sr_1_48?crid=1ETD973V81N4Y&keywords=zebra&qid=1670361979&sprefix=zebra%2Caps%2C70&sr=8-48,https://m.media-amazon.com/images/I/91lkpVenhvL._MCnd_AC_UL320_.jpg
"Zebra Pen F-301 Retractable Ballpoint Pen, Stainless Steel Barrel with BCA Pink Accents, Fine Point, 0.7mm, Black Ink, 1-Pack",$3.14,https://www.amazon.com/Zebra-Stainless-Retractable-Ballpoint-Pen/dp/B017PFGH3G/ref=sr_1_49?crid=1ETD973V81N4Y&keywords=zebra&qid=1670361979&sprefix=zebra%2Caps%2C70&sr=8-49,https://m.media-amazon.com/images/I/71IR8QckvSL._AC_UL320_.jpg
Wicked Zebra Ears & Tail Animal Fancy Dress Accessory Set,$9.99,https://www.amazon.com/Wicked-Zebra-Animal-Fancy-Accessory/dp/B00NJTB3VY/ref=sr_1_50?crid=1ETD973V81N4Y&keywords=zebra&qid=1670361979&sprefix=zebra%2Caps%2C70&sr=8-50,https://m.media-amazon.com/images/I/611UK6QOzcL._AC_UL320_.jpg
"Zebra Pen Mildliner Double Ended Highlighter Set, Broad and Fine Point Tips, Assorted Ink Colors, 25-Pack (78525)",$35.99,https://www.amazon.com/Zebra-Pen-Mildliner-Highlighter-78525/dp/B08666FKRV/ref=sr_1_51?crid=1ETD973V81N4Y&keywords=zebra&qid=1670361979&sprefix=zebra%2Caps%2C70&sr=8-51,https://m.media-amazon.com/images/I/71ZHDV8ZQLL._AC_UL320_.jpg
Ice King Bear Wild Animal Stuffed Animals Zoo Family Plush Toy ( Zebra 11 Inches ),$15.92,https://www.amazon.com/Zebra-Stuffed-Animal-Lifelike-Inches/dp/B099DMSYC1/ref=sr_1_52?crid=1ETD973V81N4Y&keywords=zebra&qid=1670361979&sprefix=zebra%2Caps%2C70&sr=8-52,https://m.media-amazon.com/images/I/71hWgyBUcwL._AC_UL320_.jpg
"Spotted Zebra Disney | Marvel | Star Wars | Frozen | Princess Boys and Toddlers' Short-Sleeve T-Shirts, Multipacks",$14.20,https://www.amazon.com/Amazon-Brand-Short-Sleeve-T-Shirts-Sunglasses/dp/B07MZZT8Q3/ref=sr_1_53?crid=1ETD973V81N4Y&keywords=zebra&qid=1670361979&sprefix=zebra%2Caps%2C70&sr=8-53,https://m.media-amazon.com/images/I/81VGH7i0HiL._AC_UL320_.jpg
Ice Station Zebra (BD) [Blu-ray],$14.99,https://www.amazon.com/Ice-Station-Zebra-BD-Blu-ray/dp/B008B4KVS8/ref=sr_1_54?crid=1ETD973V81N4Y&keywords=zebra&qid=1670361979&sprefix=zebra%2Caps%2C70&sr=8-54,https://m.media-amazon.com/images/I/91TriDYKY4L._AC_UL320_.jpg
"Spotted Zebra Girls and Toddlers' Long-Sleeve Thermal T-Shirt Tops, Multipacks",$22.60,https://www.amazon.com/Amazon-Brand-Spotted-Long-Sleeve-Thermal/dp/B07NTVFKFD/ref=sr_1_55?crid=1ETD973V81N4Y&keywords=zebra&qid=1670361979&sprefix=zebra%2Caps%2C70&sr=8-55,https://m.media-amazon.com/images/I/81n25JVDaLL._AC_UL320_.jpg
TeeTurtle | The Original Reversible Zebracorn Plushie | Patented Design | Sensory Fidget Toy for Stress Relief | Angry Gray Zebra + Happy Rainbow Zebracorn,$14.43,https://www.amazon.com/TeeTurtle-Reversible-Zebracorn-Plushie-Rainbow/dp/B098BLZYTY/ref=sr_1_56?crid=1ETD973V81N4Y&keywords=zebra&qid=1670361979&sprefix=zebra%2Caps%2C70&sr=8-56,https://m.media-amazon.com/images/I/51HuzqBNQkL._AC_UL320_.jpg
Spotted Zebra Disney | Marvel | Star Wars Boys and Toddlers' Zip-Pocket Fleece Jogger Pants,$15.70,https://www.amazon.com/Amazon-Brand-Spotted-Zip-Pocket-X-Small/dp/B08WMMVDKF/ref=sr_1_57?crid=1ETD973V81N4Y&keywords=zebra&qid=1670361979&sprefix=zebra%2Caps%2C70&sr=8-57,https://m.media-amazon.com/images/I/915rhszkmRL._AC_UL320_.jpg
"ACCOMSOUL Womens Mock Neck Sweaters, Zebra Striped Long Sleeve High Collar Pullover Slim Warm Sweaters Tops",$20.99,https://www.amazon.com/gp/slredirect/picassoRedirect.html/ref=pa_sp_btf_aps_sr_pg1_1?ie=UTF8&adId=A099804434B1KJLK0P2GZ&qualifier=1670361979&id=4909518052263398&widgetName=sp_btf&url=%2FACCOMSOUL-Womens-Sweaters-Striped-Pullover%2Fdp%2FB0B425GYSM%2Fref%3Dsr_1_58_sspa%3Fcrid%3D1ETD973V81N4Y%26keywords%3Dzebra%26qid%3D1670361979%26sprefix%3Dzebra%252Caps%252C70%26sr%3D8-58-spons%26psc%3D1,https://m.media-amazon.com/images/I/71UvcLiblzL._AC_UL320_.jpg
"L LIKED 20 Rolls Compatible with Dymo 1744907 Internet Postage Labels 4"" x 6"" Shipping Labels Compatible with Rollo, DYMO 4XL & Zebra Desktop Printers (220 Labels Per Roll)",$75.99,https://www.amazon.com/gp/slredirect/picassoRedirect.html/ref=pa_sp_btf_aps_sr_pg1_1?ie=UTF8&adId=A0500982B9O2IV9M9514&qualifier=1670361979&id=4909518052263398&widgetName=sp_btf&url=%2FLIKED-Compatible-1744907-Internet-Shipping%2Fdp%2FB07VCXCGMS%2Fref%3Dsr_1_59_sspa%3Fcrid%3D1ETD973V81N4Y%26keywords%3Dzebra%26qid%3D1670361979%26sprefix%3Dzebra%252Caps%252C70%26sr%3D8-59-spons%26psc%3D1,https://m.media-amazon.com/images/I/51aJ-4Bs3wL._AC_UL320_.jpg
Zebra Heartbeart - Zoologist Wildlife Biologist Zookeeper T-Shirt,$19.99,https://www.amazon.com/gp/slredirect/picassoRedirect.html/ref=pa_sp_btf_aps_sr_pg1_1?ie=UTF8&adId=A10415232033LIXX1CNVX&qualifier=1670361979&id=4909518052263398&widgetName=sp_btf&url=%2FZebra-Heartbeart-Zoologist-Biologist-Zookeeper%2Fdp%2FB09V5M65SQ%2Fref%3Dsr_1_60_sspa%3Fcrid%3D1ETD973V81N4Y%26keywords%3Dzebra%26qid%3D1670361979%26sprefix%3Dzebra%252Caps%252C70%26sr%3D8-60-spons%26psc%3D1,https://m.media-amazon.com/images/I/6109NZzgDQL._AC_UL320_.jpg
