item_name,price,link_to_item,link_to_item_image
"TEMI Toddler Toys for 3 4 5 6 Years Old Boys, Die-cast Construction Toys Car Carrier Vehicle Toy Set w/ Play Mat, Kids Toys Truck Alloy Metal Car Toys Set for Age 3-9 Toddlers Kids Boys & Girls",$39.99,https://www.amazon.com/gp/slredirect/picassoRedirect.html/ref=pa_sp_atf_aps_sr_pg1_1?ie=UTF8&adId=A07925543R015GADJE722&qualifier=1670361945&id=288400345595364&widgetName=sp_atf&url=%2FTEMI-Toddler-Die-cast-Construction-Toddlers%2Fdp%2FB09DY34ZX3%2Fref%3Dsr_1_1_sspa%3Fcrid%3D1ETD973V81N4Y%26keywords%3Dtruck%26qid%3D1670361945%26sprefix%3Dtruck%252Caps%252C70%26sr%3D8-1-spons%26psc%3D1,https://m.media-amazon.com/images/I/81mzApc3+BL._AC_UL320_.jpg
"TEMI Dinosaur Truck Toys for Kids 3-5 Years, Tyrannosaurus Transport Car Carrier Truck with 8 Dino Figures, Activity Play Mat, Dinosaur Eggs, Capture Jurassic Dinosaur Play Set for Boys and Girls",$39.99,https://www.amazon.com/gp/slredirect/picassoRedirect.html/ref=pa_sp_atf_aps_sr_pg1_1?ie=UTF8&adId=A08351592YLJ9OXLPYQFH&qualifier=1670361945&id=288400345595364&widgetName=sp_atf&url=%2FTEMI-Dinosaur-Tyrannosaurus-Transport-Activity%2Fdp%2FB09PVKBP61%2Fref%3Dsr_1_2_sspa%3Fcrid%3D1ETD973V81N4Y%26keywords%3Dtruck%26qid%3D1670361945%26sprefix%3Dtruck%252Caps%252C70%26sr%3D8-2-spons%26psc%3D1,https://m.media-amazon.com/images/I/81E9OYhghdL._AC_UL320_.jpg
"188 PCs Take Apart Excavator and Flatbed Tractor Truck Construction Toys - DIY Building Vehicle Playset Toy w/ Drill, Lights & Sounds for Kids, Boys and Girls Ages 5 6 7 8 Years Old",$47.99,https://www.amazon.com/gp/slredirect/picassoRedirect.html/ref=pa_sp_atf_aps_sr_pg1_1?ie=UTF8&adId=A036607335IC8SS8U8VPX&qualifier=1670361945&id=288400345595364&widgetName=sp_atf&url=%2FFlatbed-Truck-Excavator-Tractor-Playmat%2Fdp%2FB09BDKK1FV%2Fref%3Dsr_1_3_sspa%3Fcrid%3D1ETD973V81N4Y%26keywords%3Dtruck%26qid%3D1670361945%26sprefix%3Dtruck%252Caps%252C70%26sr%3D8-3-spons%26psc%3D1,https://m.media-amazon.com/images/I/81o2mBR0jrL._AC_UL320_.jpg
"TEMI Construction Truck Toys for 3 4 5 6 Year Old Boys, 5-in-1 Friction Power Toy for Kids 3-5, Carrier Truck Cars for Toddlers 1-3, Kids Toys Set for Age 3-9, Christmas for 3+",$36.99,https://www.amazon.com/gp/slredirect/picassoRedirect.html/ref=pa_sp_atf_aps_sr_pg1_1?ie=UTF8&adId=A08099455P7Q8R5LNDWN&qualifier=1670361945&id=288400345595364&widgetName=sp_atf&url=%2FFriction-Vehicle-Steering-Construction-Bulldozer%2Fdp%2FB089337GFF%2Fref%3Dsr_1_4_sspa%3Fcrid%3D1ETD973V81N4Y%26keywords%3Dtruck%26qid%3D1670361945%26sprefix%3Dtruck%252Caps%252C70%26sr%3D8-4-spons%26psc%3D1%26smid%3DA1O0NSINXWQ33W,https://m.media-amazon.com/images/I/71tsaA2IyYL._AC_UL320_.jpg
SASBSC Toy Pickup Trucks for Boys F150 Raptor Diecast Metal Model Car with Sound and Light for Kids Age 3 Year and up Blue,$26.99,https://www.amazon.com/Pickup-Trucks-Raptor-Diecast-Metal/dp/B08XZH7Q91/ref=sr_1_5?crid=1ETD973V81N4Y&keywords=truck&qid=1670361945&sprefix=truck%2Caps%2C70&sr=8-5,https://m.media-amazon.com/images/I/71uP-KXlO9L._AC_UL320_.jpg
Truck Tunes 2,$1.99,https://www.amazon.com/Truck-Tunes-2-Jim-Gardner/dp/B00XM1WG6U/ref=sr_1_6?crid=1ETD973V81N4Y&keywords=truck&qid=1670361945&sprefix=truck%2Caps%2C70&sr=8-6,https://m.media-amazon.com/images/I/81G09DYapuL._AC_UL320_.jpg
"TEMI Diecast Engineering Construction Vehicle Toy Set w/ Play Mat,Truck Carrier,Forklift,Bulldozer,Excavator,Mixer,Dump Truck, Alloy Metal Car Toys Set for 3 4 5 6 Years Old Toddlers Kids Boys & Girls",$29.99,https://www.amazon.com/TEMI-Engineering-Construction-Bulldozer-Excavator/dp/B07P68VPX5/ref=sr_1_7?crid=1ETD973V81N4Y&keywords=truck&qid=1670361945&sprefix=truck%2Caps%2C70&sr=8-7,https://m.media-amazon.com/images/I/81M7lk-4M9L._AC_UL320_.jpg
Melissa & Doug Shape-Sorting Wooden Dump Truck Toy With 9 Colorful Shapes and 2 Play Figures,$14.99,https://www.amazon.com/Melissa-Doug-Shape-Sorting-Craftsmanship-Colorful/dp/B012WE829M/ref=sr_1_8?crid=1ETD973V81N4Y&keywords=truck&qid=1670361945&sprefix=truck%2Caps%2C70&sr=8-8,https://m.media-amazon.com/images/I/61bvroJKfjL._AC_UL320_.jpg
Truck Tunes,$1.99,https://www.amazon.com/Truck-Tunes-Jim-Gardner/dp/B00HKWD6AC/ref=sr_1_9?crid=1ETD973V81N4Y&keywords=truck&qid=1670361945&sprefix=truck%2Caps%2C70&sr=8-9,https://m.media-amazon.com/images/I/71JRQphMOML._AC_UL320_.jpg
"Light Up Monster Truck Set for Boys and Girls by ArtCreativity - Set Includes 4, 6 Inch Monster Trucks with Beautiful Flashing LED Tires - Push n Go Toy Cars Fun Gift for Kids - for Ages 3+",$20.97,https://www.amazon.com/ArtCreativity-Monster-Trucks-Beautiful-Flashing/dp/B07TKDFBS9/ref=sr_1_10?crid=1ETD973V81N4Y&keywords=truck&qid=1670361945&sprefix=truck%2Caps%2C70&sr=8-10,https://m.media-amazon.com/images/I/91JNvwjNryL._AC_UL320_.jpg
Nicmore Kids Toys Car for Boys: Boy Toy Trucks for 1 2 3 4 5 6 Year Old Boys Girls | Toddler Toys 5 in 1 Carrier Vehicle Construction Toys for Kids Age 1-2 2-4 3-5 | Birthday Party Boy Gifts for Kids,$23.69,https://www.amazon.com/Toys-Friction-Construction-Car-Christmas/dp/B08JQCDG3N/ref=sr_1_11?crid=1ETD973V81N4Y&keywords=truck&qid=1670361945&sprefix=truck%2Caps%2C70&sr=8-11,https://m.media-amazon.com/images/I/81krJan8usL._AC_UL320_.jpg
Toy Trucks for Boys RAM 1500 Pickup Truck Toys Diecast Metal Model Cars with Light and Sound Pull Back Car Toy for 3+ Year Old Kids (Black),$21.99,https://www.amazon.com/Trucks-1500-Diecast-Metal-Pickup/dp/B09Y5JG2RF/ref=sr_1_12?crid=1ETD973V81N4Y&keywords=truck&qid=1670361945&sprefix=truck%2Caps%2C70&sr=8-12,https://m.media-amazon.com/images/I/61fTTo1XNOL._AC_UL320_.jpg
"Light Up Monster Truck Set for Boys and Girls by ArtCreativity - Set Includes 2, 6 Inch Monster Trucks with Beautiful Flashing LED Tires - Push n Go Toy Cars Fun Gift for Kids - for Ages 3+",$14.99,https://www.amazon.com/Light-Monster-Truck-Girls-ArtCreativity/dp/B01N5C39CX/ref=sr_1_13?crid=1ETD973V81N4Y&keywords=truck&qid=1670361945&sprefix=truck%2Caps%2C70&sr=8-13,https://m.media-amazon.com/images/I/81FjGnA4AzL._AC_UL320_.jpg
LODBY 2-Pack Double-Directions Push and Go Dinosaur Vehicles Toys Sets for Kids,$16.99,https://www.amazon.com/LODBY-Dinosaur-Vehicles-Monster-Birthday/dp/B08JLRXGZ7/ref=sr_1_14?crid=1ETD973V81N4Y&keywords=truck&qid=1670361945&sprefix=truck%2Caps%2C70&sr=8-14,https://m.media-amazon.com/images/I/81UsFYqdTfS._AC_UL320_.jpg
"TEMI Construction Truck Toys for 3 4 5 6 Year Old Boys, 5-in-1 Friction Power Toy for Kids 3-5, Carrier Truck Cars for Toddlers 1-3, Kids Toys Set for Age 3-9, Christmas for 3+",$36.99,https://www.amazon.com/Friction-Vehicle-Steering-Construction-Bulldozer/dp/B089337GFF/ref=sr_1_15?crid=1ETD973V81N4Y&keywords=truck&qid=1670361945&sprefix=truck%2Caps%2C70&sr=8-15,https://m.media-amazon.com/images/I/71tsaA2IyYL._AC_UL320_.jpg
Transport Car Carrier Truck - with 6 Stylish Metal Racing Cars - with Carrying Case,$19.99,https://www.amazon.com/Transport-Car-Carrier-Truck-Carrying/dp/B01M9IHC1W/ref=sr_1_16?crid=1ETD973V81N4Y&keywords=truck&qid=1670361945&sprefix=truck%2Caps%2C70&sr=8-16,https://m.media-amazon.com/images/I/819KakbAtXL._AC_UL320_.jpg
"TEMI Construction Toddler Truck Toys for 3 4 5 6 Year Old Boys - 5-in-1 Friction Power Vehicle Car Toy for Toddlers 1-3, Carrier Truck Toys for Kids 3-5, Christmas Girls Age 3-9",$36.99,https://www.amazon.com/gp/slredirect/picassoRedirect.html/ref=pa_sp_mtf_aps_sr_pg1_1?ie=UTF8&adId=A0762247G5TQLOL5HW62&qualifier=1670361945&id=288400345595364&widgetName=sp_mtf&url=%2FTEMI-Construction-Toddler-Truck-Toys%2Fdp%2FB0B6W9YV51%2Fref%3Dsr_1_17_sspa%3Fcrid%3D1ETD973V81N4Y%26keywords%3Dtruck%26qid%3D1670361945%26sprefix%3Dtruck%252Caps%252C70%26sr%3D8-17-spons%26psc%3D1,https://m.media-amazon.com/images/I/71AtP4EnZUL._AC_UL320_.jpg
"Vokodo Toy Semi Truck Trailer 15"" Includes 4 ATVs Friction Carrier Hauler Kids Push And Go Big Rig Auto Transporter Vehicle Semi-Truck Car Pretend Play For Children Boys Girls Toddlers",$22.95,https://www.amazon.com/gp/slredirect/picassoRedirect.html/ref=pa_sp_mtf_aps_sr_pg1_1?ie=UTF8&adId=A076595934Z758EM2CF4B&qualifier=1670361945&id=288400345595364&widgetName=sp_mtf&url=%2FTransporter-Childrens-Friction-Batteries-Required%2Fdp%2FB07588DMSX%2Fref%3Dsr_1_18_sspa%3Fcrid%3D1ETD973V81N4Y%26keywords%3Dtruck%26qid%3D1670361945%26sprefix%3Dtruck%252Caps%252C70%26sr%3D8-18-spons%26psc%3D1,https://m.media-amazon.com/images/I/71ndZu4xnrL._AC_UL320_.jpg
"CUTE STONE 25 in 1 Construction Trucks Push and Go Car Carrier Truck Toy, Play Vehicles with Sounds and Lights, 12 Mini Diecast Trucks Included",$39.99,https://www.amazon.com/gp/slredirect/picassoRedirect.html/ref=pa_sp_mtf_aps_sr_pg1_1?ie=UTF8&adId=A0064511W8SCRCEW73FY&qualifier=1670361945&id=288400345595364&widgetName=sp_mtf&url=%2FCUTE-STONE-Construction-Vehicles-Included%2Fdp%2FB08927D4FX%2Fref%3Dsr_1_19_sspa%3Fcrid%3D1ETD973V81N4Y%26keywords%3Dtruck%26qid%3D1670361945%26sprefix%3Dtruck%252Caps%252C70%26sr%3D8-19-spons%26psc%3D1,https://m.media-amazon.com/images/I/81pAKtuVlRL._AC_UL320_.jpg
Transport Car Carrier Truck - with 6 Stylish Metal Racing Cars - with Carrying Case,$19.99,https://www.amazon.com/gp/slredirect/picassoRedirect.html/ref=pa_sp_mtf_aps_sr_pg1_1?ie=UTF8&adId=A086651336RKYVIBVFPLO&qualifier=1670361945&id=288400345595364&widgetName=sp_mtf&url=%2FTransport-Car-Carrier-Truck-Carrying%2Fdp%2FB01M9IHC1W%2Fref%3Dsr_1_20_sspa%3Fcrid%3D1ETD973V81N4Y%26keywords%3Dtruck%26qid%3D1670361945%26sprefix%3Dtruck%252Caps%252C70%26sr%3D8-20-spons%26psc%3D1,https://m.media-amazon.com/images/I/819KakbAtXL._AC_UL320_.jpg
"Monster Jam , Official Grave Digger Remote Control Monster Truck Toy, 1:24 Scale, 2.4 GHz, for Ages 4 and Up",$18.99,https://www.amazon.com/Monster-Jam-Official-Digger-Control/dp/B07HGR2C1G/ref=sr_1_21?crid=1ETD973V81N4Y&keywords=truck&qid=1670361945&sprefix=truck%2Caps%2C70&sr=8-21,https://m.media-amazon.com/images/I/81dOu0ygiXL._AC_UL320_.jpg
Monster Truck – Lights & Sounds Motorized Orange Vehicle,$24.99,https://www.amazon.com/Monster-Truck-Lights-Motorized-Vehicle/dp/B09D1ZRK4Z/ref=sr_1_22?crid=1ETD973V81N4Y&keywords=truck&qid=1670361945&sprefix=truck%2Caps%2C70&sr=8-22,https://m.media-amazon.com/images/I/71b5MODxF7L._AC_UL320_.jpg
"Mega Hauler Truck with Ejection Race Track,2023 New Big Truck Folding Storage Race Track Deformation Catapult Truck,Car Transporter Toy Truck for Kids 3+ Years Old (24 vehicies)",$44.99,https://www.amazon.com/Ejection-Deformation-Catapult-Transporter-vehicies/dp/B0BNB1VFGK/ref=sr_1_24?crid=1ETD973V81N4Y&keywords=truck&qid=1670361945&sprefix=truck%2Caps%2C70&sr=8-24,https://m.media-amazon.com/images/I/71moUcGwv3L._AC_UL320_.jpg
DRIVEN by Battat – Micro Tow Truck – Toy Tow Truck with Toy Car for Kids Aged 4 Years and Up (2pc),$5.99,https://www.amazon.com/Driven-Mini-Tow-Truck-Vehicle/dp/B01N4B3R8Y/ref=sr_1_25?crid=1ETD973V81N4Y&keywords=truck&qid=1670361945&sprefix=truck%2Caps%2C70&sr=8-25,https://m.media-amazon.com/images/I/71nPj9WJ0WL._AC_UL320_.jpg
Aokesi Car Toys Transport Carrier Truck Dinosaur Toys for 3-12 Years Old Boys and Girls (Includes 6 Dinosaurs and 6 Mini Car),$17.96,https://www.amazon.com/AOKESI-Transport-Carrier-Dinosaur-Dinosaurs/dp/B07R4JF67K/ref=sr_1_26?crid=1ETD973V81N4Y&keywords=truck&qid=1670361945&sprefix=truck%2Caps%2C70&sr=8-26,https://m.media-amazon.com/images/I/81YX-Neu71L._AC_UL320_.jpg
Toy Garbage Truck for Kids with 4D Lights and Sounds - Battery Operated Automatic Bump & Go Car - Sanitation Truck Stickers,$15.98,https://www.amazon.com/Zetz-Brands-Garbage-Lights-Sounds/dp/B07VJXVTQT/ref=sr_1_27?crid=1ETD973V81N4Y&keywords=truck&qid=1670361945&sprefix=truck%2Caps%2C70&sr=8-27,https://m.media-amazon.com/images/I/81-Ye9kB7fL._AC_UL320_.jpg
Electric Fire Truck Kids Toy - with Bright Flashing 4D Lights & Real Siren Sounds | Bump and Go Firetruck for Boys | Automatic Steering on Contact | Fire Engine Toy Trucks for Imaginative Play,$22.97,https://www.amazon.com/Electric-Fire-Truck-Kids-Toy/dp/B07RLM5HN8/ref=sr_1_28?crid=1ETD973V81N4Y&keywords=truck&qid=1670361945&sprefix=truck%2Caps%2C70&sr=8-28,https://m.media-amazon.com/images/I/81+Rk+IDz3L._AC_UL320_.jpg
"9 pcs Cars Toys for 2 3 4 5 Years Old Toddlers, Big Carrier Truck with 8 Small Cartoon Pull Back Cars, Colorful Assorted Vehicles, Transport Truck with Sound and Light, Best Gift for Boy and Girl",$29.99,https://www.amazon.com/Toddler-Colorful-Assorted-Vehicles-Transport/dp/B08DRCYP2F/ref=sr_1_29?crid=1ETD973V81N4Y&keywords=truck&qid=1670361945&sprefix=truck%2Caps%2C70&sr=8-29,https://m.media-amazon.com/images/I/81lDydSj74L._AC_UL320_.jpg
Leo the Truck,$0.99,https://www.amazon.com/Ferris-Wheel/dp/B07K54KWG7/ref=sr_1_30?crid=1ETD973V81N4Y&keywords=truck&qid=1670361945&sprefix=truck%2Caps%2C70&sr=8-30,https://m.media-amazon.com/images/I/71vDD7T3w-L._AC_UL320_.jpg
"Fire Truck Car Toys Set, Friction Powered Car Carrier Trailer with Sound and Light, Play Vehicle Set for Kids Toddlers Boys Child Gift Age 3 4 5 6 7 Years Old, 2 Rescue Car, Helicopter, Plane",$28.79,https://www.amazon.com/Friction-Powered-Carrier-Toddlers-Helicopter/dp/B0823HZ18K/ref=sr_1_31?crid=1ETD973V81N4Y&keywords=truck&qid=1670361945&sprefix=truck%2Caps%2C70&sr=8-31,https://m.media-amazon.com/images/I/61FQULvuGML._AC_UL320_.jpg
"Good Night, Little Blue Truck",$10.77,https://www.amazon.com/Good-Night-Little-Blue-Truck/dp/132885213X/ref=sr_1_32?crid=1ETD973V81N4Y&keywords=truck&qid=1670361945&sprefix=truck%2Caps%2C70&sr=8-32,https://m.media-amazon.com/images/I/81FiQHy6PgL._AC_UL320_.jpg
"Toddler Toys for 3-9 Years Old Boys Construction Toys Car Double Side Transport Vehicle W/Play Mat, Die-cast Alloy Engineering Vehicle Gifts for Age 3 4 5 6 Kids Child Boys Girls Birthday Party Favor",$39.99,https://www.amazon.com/gp/slredirect/picassoRedirect.html/ref=pa_sp_mtf_aps_sr_pg1_1?ie=UTF8&adId=A07984553Q8YR0EO4G15&qualifier=1670361945&id=288400345595364&widgetName=sp_mtf&url=%2FConstruction-Transport-Die-cast-Engineering-Birthday%2Fdp%2FB09L8H1PJF%2Fref%3Dsr_1_33_sspa%3Fcrid%3D1ETD973V81N4Y%26keywords%3Dtruck%26qid%3D1670361945%26sprefix%3Dtruck%252Caps%252C70%26sr%3D8-33-spons%26psc%3D1,https://m.media-amazon.com/images/I/81+2IOIA0ZL._AC_UL320_.jpg
"TEMI Diecast Engineering Construction Vehicle Toy Set w/ Play Mat,Truck Carrier,Forklift,Bulldozer,Excavator,Mixer,Dump Truck, Alloy Metal Car Toys Set for 3 4 5 6 Years Old Toddlers Kids Boys & Girls",$29.99,https://www.amazon.com/gp/slredirect/picassoRedirect.html/ref=pa_sp_mtf_aps_sr_pg1_1?ie=UTF8&adId=A0553801PG0D7W5BP92I&qualifier=1670361945&id=288400345595364&widgetName=sp_mtf&url=%2FTEMI-Engineering-Construction-Bulldozer-Excavator%2Fdp%2FB07P68VPX5%2Fref%3Dsr_1_34_sspa%3Fcrid%3D1ETD973V81N4Y%26keywords%3Dtruck%26qid%3D1670361945%26sprefix%3Dtruck%252Caps%252C70%26sr%3D8-34-spons%26psc%3D1%26smid%3DA298XY3U6S0N1Y,https://m.media-amazon.com/images/I/81M7lk-4M9L._AC_UL320_.jpg
"TEMI Toddler Carrier Truck Transport Vehicles Toys - 5 in 1 Toys for 3 4 5 6 7 Year Old Boys, Kids Toy Cars for Toddlers 1-3, Friction Power Set for Kids 3-9, Christmas for 3+",$18.80,https://www.amazon.com/gp/slredirect/picassoRedirect.html/ref=pa_sp_mtf_aps_sr_pg1_1?ie=UTF8&adId=A01475731BO65D0L917O0&qualifier=1670361945&id=288400345595364&widgetName=sp_mtf&url=%2FTEMI-Carrier-Truck-Transport-Vehicles%2Fdp%2FB08937X78W%2Fref%3Dsr_1_35_sspa%3Fcrid%3D1ETD973V81N4Y%26keywords%3Dtruck%26qid%3D1670361945%26sprefix%3Dtruck%252Caps%252C70%26sr%3D8-35-spons%26psc%3D1,https://m.media-amazon.com/images/I/71aFb3jdeML._AC_UL320_.jpg
"TEMI Toddler Fire Toys for 3 4 5 6 Years Old Boys Girls - 5 in 1 Carrier Truck Transport Cars for Toddlers 1-3, Friction Power Vehicles for Kids 3-5, Christmas Birthday Gifts for Boys Girls Age 3-9",$36.99,https://www.amazon.com/gp/slredirect/picassoRedirect.html/ref=pa_sp_mtf_aps_sr_pg1_1?ie=UTF8&adId=A0850498HQEPJ2RHY552&qualifier=1670361945&id=288400345595364&widgetName=sp_mtf&url=%2FTEMI-Toddler-Fire-Years-Girls%2Fdp%2FB0B6WC76P4%2Fref%3Dsr_1_36_sspa%3Fcrid%3D1ETD973V81N4Y%26keywords%3Dtruck%26qid%3D1670361945%26sprefix%3Dtruck%252Caps%252C70%26sr%3D8-36-spons%26psc%3D1,https://m.media-amazon.com/images/I/71eNX7gAHfL._AC_UL320_.jpg
"TEMI Toddler Carrier Truck Transport Vehicles Toys - 5 in 1 Toys for 3 4 5 6 7 Year Old Boys, Kids Toy Cars for Toddlers 1-3, Friction Power Set for Kids 3-9, Christmas for 3+",$18.80,https://www.amazon.com/TEMI-Carrier-Truck-Transport-Vehicles/dp/B08937X78W/ref=sr_1_37?crid=1ETD973V81N4Y&keywords=truck&qid=1670361945&sprefix=truck%2Caps%2C70&sr=8-37,https://m.media-amazon.com/images/I/71aFb3jdeML._AC_UL320_.jpg
"Blippi Recycling Truck - Includes Character Toy Figure, Working Lever, 2 Trash Cubes, 2 Recycling Bins - Sing Along with Popular Catchphrases - Educational Toys for Kids - Amazon Exclusive",$21.34,https://www.amazon.com/Blippi-Recycling-Truck-Catchphrases-Educational/dp/B08511YS8F/ref=sr_1_38?crid=1ETD973V81N4Y&keywords=truck&qid=1670361945&sprefix=truck%2Caps%2C70&sr=8-38,https://m.media-amazon.com/images/I/819KHpvbS2L._AC_UL320_.jpg
OCATO Toy Cars for 1 Year Old Boy Gifts Monster Trucks Boys Toys for 1 2 3 Year Old Boys Girls Kids Toddler Car Toy Trucks Baby Boy Toys 12-18 Months Pull Back Cars for Toddlers 1-3 Birthday Xmas Gift,$20.99,https://www.amazon.com/OCATO-Monster-Trucks-Toddler-Toddlers/dp/B093PX3CTV/ref=sr_1_39?crid=1ETD973V81N4Y&keywords=truck&qid=1670361945&sprefix=truck%2Caps%2C70&sr=8-39,https://m.media-amazon.com/images/I/71wI7seFiPL._AC_UL320_.jpg
Tonka - The Claw Dump Truck Yellow,$12.97,https://www.amazon.com/Tonka-The-Claw-Dump-Truck/dp/B08XW2TG9G/ref=sr_1_40?crid=1ETD973V81N4Y&keywords=truck&qid=1670361945&sprefix=truck%2Caps%2C70&sr=8-40,https://m.media-amazon.com/images/I/71ZNORbJeiL._AC_UL320_.jpg
The GiggleBellies: Monster Trucks,$1.99,https://www.amazon.com/GiggleBellies-Monster-Truck-Learning/dp/B082744CNZ/ref=sr_1_43?crid=1ETD973V81N4Y&keywords=truck&qid=1670361945&sprefix=truck%2Caps%2C70&sr=8-43,https://m.media-amazon.com/images/I/817YYrEvgcL._AC_UL320_.jpg
Brain Candy TV - Educational Videos for Kids,$0.99,https://www.amazon.com/Learn-Colors-Dump-Trucks-Part/dp/B01JMQFJU8/ref=sr_1_44?crid=1ETD973V81N4Y&keywords=truck&qid=1670361945&sprefix=truck%2Caps%2C70&sr=8-44,https://m.media-amazon.com/images/I/81dr65o2VrL._AC_UL320_.jpg
"TEMI 3 Pack of Diecast City Transport Vehicles, Garbage Truck, Tanker Truck, Express Delivery Truck, 1/50 Scale Metal Collectible Model Cars, Pull Back Car Toys with Opening Doors for Boys and Girls",$28.99,https://www.amazon.com/Temi-Transport-Vehicles-Delivery-Collectible/dp/B088KB8CX1/ref=sr_1_45?crid=1ETD973V81N4Y&keywords=truck&qid=1670361945&sprefix=truck%2Caps%2C70&sr=8-45,https://m.media-amazon.com/images/I/7169va-9GiL._AC_UL320_.jpg
"Toys for Boys,25 Pcs Engineering Die-cast Construction Car Toddler Toys for 3 Year Old Boys Vehicles Gifts Kids Toys for Age 3 4 5 6 7 Year Old Boys by ALOTJOY",$29.99,https://www.amazon.com/Toddler-Engineering-Die-cast-Construction-Toddlers/dp/B083NLH8FK/ref=sr_1_46?crid=1ETD973V81N4Y&keywords=truck&qid=1670361945&sprefix=truck%2Caps%2C70&sr=8-46,https://m.media-amazon.com/images/I/81tfgzQDyFL._AC_UL320_.jpg
"Bluey Garbage Truck - 2.5"" Bluey and Bin Man poseable Figures with Playset, Multicolor",$18.43,https://www.amazon.com/Bluey-Garbage-Truck-poseable-Figures/dp/B099KV2GZ7/ref=sr_1_47?crid=1ETD973V81N4Y&keywords=truck&qid=1670361945&sprefix=truck%2Caps%2C70&sr=8-47,https://m.media-amazon.com/images/I/81gmeCEe07L._AC_UL320_.jpg
Toy Cars For 1 2 3 Year Old 3 Pack Monster truck Toy Push & Go Crocodile Car Friction Powered Bull Car Pull Back Leopard Car Big Wheel Animal Toy Car Baby Toy Gift For 12 18 Month Boys Girls Toddlers,$20.99,https://www.amazon.com/Monster-Crocodile-Friction-Powered-Toddlers/dp/B08P5KCQ5Y/ref=sr_1_48?crid=1ETD973V81N4Y&keywords=truck&qid=1670361945&sprefix=truck%2Caps%2C70&sr=8-48,https://m.media-amazon.com/images/I/71w7iDhsf1L._AC_UL320_.jpg
John Deere Sandbox Vehicle Set — Includes Dump Truck Toy and Tractor Toy with Loader — Girl and Boy Toys — Ages 18 Months and Up — 6 Inch — 2 Count,$10.99,https://www.amazon.com/John-Deere-Sandbox-Vehicle-Pack/dp/B01EYUMENC/ref=sr_1_49?crid=1ETD973V81N4Y&keywords=truck&qid=1670361945&sprefix=truck%2Caps%2C70&sr=8-49,https://m.media-amazon.com/images/I/71Nt2K5SsML._AC_UL320_.jpg
"TOYABI Toys for 3 4 5 6 7 Year Old Boys - Fire Truck Vehicles Transform Robot Kids Toys, STEM Building Toddler Toys for Kids Ages 4-8 Pull-Back Toys, 5-in-1 Trucks Gifts for Boys Girls",$24.99,https://www.amazon.com/TOYABI-Toys-Year-Old-Boys/dp/B0BJV5GFSZ/ref=sr_1_50?crid=1ETD973V81N4Y&keywords=truck&qid=1670361945&sprefix=truck%2Caps%2C70&sr=8-50,https://m.media-amazon.com/images/I/81VPg+9nU5L._AC_UL320_.jpg
"17 Metal Construction Vehicles Toys for Christmas Birthday Gifts Stocking Stuffers Cake Decorations Party Favors , Hot Small Excavator Wheels Cars Mini Construction Trucks Toys for Boys Kids Toddlers",$19.99,https://www.amazon.com/Construction-Vehicles-Christmas-Decorations-Excavator/dp/B0B11L7H5T/ref=sr_1_51?crid=1ETD973V81N4Y&keywords=truck&qid=1670361945&sprefix=truck%2Caps%2C70&sr=8-51,https://m.media-amazon.com/images/I/81kDr5SJtLL._AC_UL320_.jpg
"Tonka - Steel Classics Bulldozer, Frustration-Free Packaging (FFP)",$19.99,https://www.amazon.com/Tonka-Steel-Classics-Bulldozer-FFP/dp/B07ZS7BJKN/ref=sr_1_52?crid=1ETD973V81N4Y&keywords=truck&qid=1670361945&sprefix=truck%2Caps%2C70&sr=8-52,https://m.media-amazon.com/images/I/818f5ddD80L._AC_UL320_.jpg
"Construction Toys for 3 Years Old Boys Girls Toddlers Kids, Friction Powered Construction Truck Toys Vehicles Sand Toys Trucks with Excavator, Bulldozer, Road Roller (Colorful 4 Pack)",$11.88,https://www.amazon.com/Construction-Toddlers-Friction-Excavator-Bulldozer/dp/B09NNZSWQZ/ref=sr_1_53?crid=1ETD973V81N4Y&keywords=truck&qid=1670361945&sprefix=truck%2Caps%2C70&sr=8-53,https://m.media-amazon.com/images/I/71LD2E9Wu5L._AC_UL320_.jpg
"Benz Licensed Remote Control Dump Truck Toy 6 Channel, DOUBLE E RC Construction Toy Vehicle 2.4Ghz with LED Lights Gift for 3 4 5 6 7 8 9 Year Old Boys and Girls",$49.99,https://www.amazon.com/DOUBLE-Control-Functional-Engineer-Construction/dp/B07NY7L33H/ref=sr_1_55?crid=1ETD973V81N4Y&keywords=truck&qid=1670361945&sprefix=truck%2Caps%2C70&sr=8-55,https://m.media-amazon.com/images/I/61bLPBeLnXL._AC_UL320_.jpg
"Ford Raptor F150 RC Car 4WD 2 Motors Monster Trucks for Boys, 11 Inches Off Road Crawler Vehicle Truck Toy with Rechargeable Battery Gift for Boys Girls 6 7 8 9 10 11 12 Years-Blue",$49.99,https://www.amazon.com/Monster-Crawler-Vehicle-Rechargeable-Years-Blue/dp/B0BBLWNWMP/ref=sr_1_56?crid=1ETD973V81N4Y&keywords=truck&qid=1670361945&sprefix=truck%2Caps%2C70&sr=8-56,https://m.media-amazon.com/images/I/71Xcap7XpsL._AC_UL320_.jpg
"DINOBROS Dinosaur Toy Pull Back Cars 6 Pack Dinosaur Boy Toys Age 3,4,5,6,7 Dino T-Rex Games",$9.99,https://www.amazon.com/DINOBROS-Dinosaur-Pull-T-Rex-Games/dp/B07PCSNL3J/ref=sr_1_58?crid=1ETD973V81N4Y&keywords=truck&qid=1670361945&sprefix=truck%2Caps%2C70&sr=8-58,https://m.media-amazon.com/images/I/81H7sHiqFzS._AC_UL320_.jpg
Totally Trucks - Metal Monsters,$2.99,https://www.amazon.com/Totally-Trucks-Monsters-Haim-Silberstein/dp/B000V3NPK8/ref=sr_1_59?crid=1ETD973V81N4Y&keywords=truck&qid=1670361945&sprefix=truck%2Caps%2C70&sr=8-59,https://m.media-amazon.com/images/I/71rJN+KSTYL._AC_UL320_.jpg
Monster Truck Toy Set | 2 Dinosaur Trucks + 2 Realistic Toy Dinosaurs | Red LIGHTS & Roaring SOUNDS – MOBIUS Friction Powered Push & Go Playset Up to 30 METERS for Boys and Girls 3 4 5 6 7 8 Years Old,$31.99,https://www.amazon.com/Monster-Dinosaur-Realistic-Dinosaurs-Roaring/dp/B08GKXL6V2/ref=sr_1_60?crid=1ETD973V81N4Y&keywords=truck&qid=1670361945&sprefix=truck%2Caps%2C70&sr=8-60,https://m.media-amazon.com/images/I/81BRpPpq2yL._AC_UL320_.jpg
