item_name,price,link_to_item,link_to_item_image
"EDUP LOVE Digital Alarm Clocks, LED Mirror Electronic Clock, Snooze Mode, 12/24H, Auto Adjust Brightness, Modern Desk & Wall Clocks for Bedroom Living Room Office - Black",$18.95,https://www.amazon.com/gp/slredirect/picassoRedirect.html/ref=pa_sp_atf_aps_sr_pg1_1?ie=UTF8&adId=A05854743VGGS8IDFSC1F&qualifier=1670362099&id=4695028927061227&widgetName=sp_atf&url=%2FEDUP-LOVE-Digital-Electronic-Brightness%2Fdp%2FB0B5GS961T%2Fref%3Dsr_1_1_sspa%3Fcrid%3D1ETD973V81N4Y%26keywords%3Dclock%26qid%3D1670362099%26sprefix%3Dclock%252Caps%252C70%26sr%3D8-1-spons%26psc%3D1,https://m.media-amazon.com/images/I/618gz69dOuL._AC_UL320_.jpg
"Digital Clock Large Display, LED Electric Alarm Clocks Mirror Surface for Makeup with Diming Mode, 3 Levels Brightness, Dual USB Ports Modern Decoration for Home Bedroom Decor-White",$22.95,https://www.amazon.com/gp/slredirect/picassoRedirect.html/ref=pa_sp_atf_aps_sr_pg1_1?ie=UTF8&adId=A048137211956RR5GUVLI&qualifier=1670362099&id=4695028927061227&widgetName=sp_atf&url=%2FDigital-Electric-Brightness-Decoration-Decor-White%2Fdp%2FB07P468RFV%2Fref%3Dsr_1_2_sspa%3Fcrid%3D1ETD973V81N4Y%26keywords%3Dclock%26qid%3D1670362099%26sprefix%3Dclock%252Caps%252C70%26sr%3D8-2-spons%26psc%3D1%26smid%3DA1BHA2DAEE1NMJ,https://m.media-amazon.com/images/I/61+GtiJ4XTL._AC_UL320_.jpg
"HITO Silent Non Ticking Wall Clock 10 inch Sweep Movement Glass Cover Silver Aluminum Frame Decorative for Kitchen, Living Room, Bedroom, Office (Black)",$15.99,https://www.amazon.com/gp/slredirect/picassoRedirect.html/ref=pa_sp_atf_aps_sr_pg1_1?ie=UTF8&adId=A02624911SG97IC99OAEV&qualifier=1670362099&id=4695028927061227&widgetName=sp_atf&url=%2Fhito-Excellent-Accurate-Movement-Decorative%2Fdp%2FB071R5HBFZ%2Fref%3Dsr_1_3_sspa%3Fcrid%3D1ETD973V81N4Y%26keywords%3Dclock%26qid%3D1670362099%26sprefix%3Dclock%252Caps%252C70%26sr%3D8-3-spons%26psc%3D1,https://m.media-amazon.com/images/I/81EUcOiRNjL._AC_UL320_.jpg
Hippih Clock Black Wall Clock Silent Non Ticking Quality Quartz - 10 Inch Round Easy to Read for Home Office & School Decor Clock,$12.99,https://www.amazon.com/gp/slredirect/picassoRedirect.html/ref=pa_sp_atf_aps_sr_pg1_1?ie=UTF8&adId=A07110357QW5VR5WDSA0&qualifier=1670362099&id=4695028927061227&widgetName=sp_atf&url=%2FSilent-Ticking-Quality-Battery-Operated%2Fdp%2FB085HF9ZR4%2Fref%3Dsr_1_4_sspa%3Fcrid%3D1ETD973V81N4Y%26keywords%3Dclock%26qid%3D1670362099%26sprefix%3Dclock%252Caps%252C70%26sr%3D8-4-spons%26psc%3D1,https://m.media-amazon.com/images/I/61UeBKCryKL._AC_UL320_.jpg
"Digital Alarm Clock, [Upgraded Version] LED Clock for Bedroom, Electronic Desktop Clock with Temperature Display, Adjustable Brightness, Voice Control, 12/24H Display for Home, Bedroom, Office",$13.99,https://www.amazon.com/Upgraded-Electronic-Temperature-Adjustable-Brightness/dp/B093FJ45JJ/ref=sr_1_5?crid=1ETD973V81N4Y&keywords=clock&qid=1670362099&sprefix=clock%2Caps%2C70&sr=8-5,https://m.media-amazon.com/images/I/51llkvqS5oL._AC_UL320_.jpg
"Alarm Clock for Bedroom, 2 Alarms Loud LED Big Display Clock with USB Charging Port, Adjustable Volume, Dimmable, Snooze, Plug in Simple Basic Digital Clock for Deep Sleepers Kids Elderly Home Office",$16.99,https://www.amazon.com/Bedroom-Charging-Adjustable-Dimmable-Sleepers/dp/B087WNWL9V/ref=sr_1_6?crid=1ETD973V81N4Y&keywords=clock&qid=1670362099&sprefix=clock%2Caps%2C70&sr=8-6,https://m.media-amazon.com/images/I/71ihKcbXByL._AC_UL320_.jpg
"Wall Clock - Akcisot 10 Inch Silent Non-Ticking Modern Wall Clocks Battery Operated - Analog Small Classic Clock for Office, Home, Bathroom, Kitchen, Bedroom, School, Living Room(Black)",$13.96,https://www.amazon.com/Wall-Clock-Non-Ticking-Operated-Bathroom/dp/B09YL92XR9/ref=sr_1_7?crid=1ETD973V81N4Y&keywords=clock&qid=1670362099&sprefix=clock%2Caps%2C70&sr=8-7,https://m.media-amazon.com/images/I/61xLZHfpV0L._AC_UL320_.jpg
"Modern 3D LED Digital Desk Alarm Clock for Kitchen Bedroom Office, EDUP HOME Fashion Design 9.7"" LED White Light Nightlight Decor Wall Clock with Multi-Levels Brightness/Time /Date/Temperature Display",$19.99,https://www.amazon.com/EDUP-HOME-Nightlight-Multi-Levels-Temperature/dp/B088K613RK/ref=sr_1_8?crid=1ETD973V81N4Y&keywords=clock&qid=1670362099&sprefix=clock%2Caps%2C70&sr=8-8,https://m.media-amazon.com/images/I/61Z2sxQtSgL._AC_UL320_.jpg
Hippih Clock Black Wall Clock Silent Non Ticking Quality Quartz - 10 Inch Round Easy to Read for Home Office & School Decor Clock,$12.99,https://www.amazon.com/Silent-Ticking-Quality-Battery-Operated/dp/B085HF9ZR4/ref=sr_1_9?crid=1ETD973V81N4Y&keywords=clock&qid=1670362099&sprefix=clock%2Caps%2C70&sr=8-9,https://m.media-amazon.com/images/I/61UeBKCryKL._AC_UL320_.jpg
"Tetino Analog Alarm Clocks,Retro Backlight Cute Simple Design Small Desk Clock with Night Light,Silent Non-Ticking,Battery Powered,for Kids,Bedroom ,Travel,Kitchen,Bedside Desktop.(White)",$11.97,https://www.amazon.com/Tetino-Backlight-Non-Ticking-Battery-Desktop/dp/B0B1XLYT44/ref=sr_1_10?crid=1ETD973V81N4Y&keywords=clock&qid=1670362099&sprefix=clock%2Caps%2C70&sr=8-10,https://m.media-amazon.com/images/I/613TFRbBJqL._AC_UL320_.jpg
"Digital Alarm Clock for Bedroom,Mirror Surface LED Electronic Clocks,Adjustable Brightness, Snooze Model,Voice Control,12/24H Display,Alarm Clock for Kids,Office,Table,Nightstand",$9.99,https://www.amazon.com/Digital-Electronic-Adjustable-Brightness-Nightstand/dp/B0BBZWMD86/ref=sr_1_11?crid=1ETD973V81N4Y&keywords=clock&qid=1670362099&sprefix=clock%2Caps%2C70&sr=8-11,https://m.media-amazon.com/images/I/61tIN0h+KBL._AC_UL320_.jpg
"Digital Alarm Clock, 6.6"" Large Mirrored LED Clock with Dual USB Charger Ports | Easy Snooze Function | 3 Adjustable Brightness Suitable for Bedroom Home Office (White)",$20.99,https://www.amazon.com/Mirrored-Function-Adjustable-Brightness-Suitable/dp/B091GGLC4N/ref=sr_1_12?crid=1ETD973V81N4Y&keywords=clock&qid=1670362099&sprefix=clock%2Caps%2C70&sr=8-12,https://m.media-amazon.com/images/I/61Z2jmpIzwL._AC_UL320_.jpg
"Digital Alarm Clock, with Wooden Electronic LED Time Display, 3 Alarm Settings, Humidity & Temperature Detect, Wood Made Electric Clocks for Bedroom, Bedside… (Black)",$21.99,https://www.amazon.com/Electronic-Settings-Humidity-Temperature-Electric/dp/B07RKTVQDR/ref=sr_1_13?crid=1ETD973V81N4Y&keywords=clock&qid=1670362099&sprefix=clock%2Caps%2C70&sr=8-13,https://m.media-amazon.com/images/I/61360Kna7DS._AC_UL320_.jpg
"LINGSFIRE Digital Alarm Clock, LED Display Mirror Alarm Clock with 3 Adjustable Brightness for Bedroom Home Office, Electric Alarm Clock with Voice Control Snooze Alarm Countdown Function (White)",$9.99,https://www.amazon.com/LINGSFIRE-Adjustable-Brightness-Electric-Countdown/dp/B0BCDW6DJ3/ref=sr_1_14?crid=1ETD973V81N4Y&keywords=clock&qid=1670362099&sprefix=clock%2Caps%2C70&sr=8-14,https://m.media-amazon.com/images/I/61sELHWVMSL._AC_UL320_.jpg
Led Digital Alarm Clock 3D Wall Clock Desk Auto Dimming 12/24 Hour Date Temperature Home Decor Remote Control Silent Snooze USB Nightlight Bedroom Living Room Kitchen Office 9.7inch Cool White,$19.99,https://www.amazon.com/Digital-Adjustable-Brightness-Display-Kitchen/dp/B0989C645G/ref=sr_1_15?crid=1ETD973V81N4Y&keywords=clock&qid=1670362099&sprefix=clock%2Caps%2C70&sr=8-15,https://m.media-amazon.com/images/I/61CWFLUW4xL._AC_UL320_.jpg
"Mosewa Wall Clock Silent Non-Ticking Wall Clocks Battery Operated - 10 Inch Wood Modern Simple Clock Decorative for Kitchen, Bedroom, Bathroom, Office, Living Room (Gray)",$17.97,https://www.amazon.com/Wall-Clock-Non-Ticking-Operated-Decorative/dp/B09SG1RHWY/ref=sr_1_16?crid=1ETD973V81N4Y&keywords=clock&qid=1670362099&sprefix=clock%2Caps%2C70&sr=8-16,https://m.media-amazon.com/images/I/512j17mOJ+L._AC_UL320_.jpg
"Amazon Basics 12"" Traditional Wall Clock - Black",$15.09,https://www.amazon.com/gp/slredirect/picassoRedirect.html/ref=pa_sp_mtf_aps_sr_pg1_1?ie=UTF8&adId=A01434922TINXLYBWXF99&qualifier=1670362099&id=4695028927061227&widgetName=sp_mtf&url=%2FAmazonBasics-Traditional-Wall-Clock-Black%2Fdp%2FB07PXWTYWL%2Fref%3Dsr_1_17_sspa%3Fcrid%3D1ETD973V81N4Y%26keywords%3Dclock%26qid%3D1670362099%26sprefix%3Dclock%252Caps%252C70%26sr%3D8-17-spons%26psc%3D1,https://m.media-amazon.com/images/I/71FJL9TDRwL._AC_UL320_.jpg
"Pipishell Day Clock Premium Digital Alarm Clock with Extra Large LCD Screen ,Electronic Wall Clock & 5 Alarm Options,Perfect for Seniors",$42.99,https://www.amazon.com/gp/slredirect/picassoRedirect.html/ref=pa_sp_mtf_aps_sr_pg1_1?ie=UTF8&adId=A03262623KEJSFI3J5GKG&qualifier=1670362099&id=4695028927061227&widgetName=sp_mtf&url=%2FPremium-Digital-Electronic-Options%25EF%25BC%258CPerfect-Seniors%2Fdp%2FB07KTVBYDR%2Fref%3Dsr_1_18_sspa%3Fcrid%3D1ETD973V81N4Y%26keywords%3Dclock%26qid%3D1670362099%26sprefix%3Dclock%252Caps%252C70%26sr%3D8-18-spons%26psc%3D1%26smid%3DA1BT1WOKXVCJ2X,https://m.media-amazon.com/images/I/61ujVyUUNsL._AC_UL320_.jpg
jomparis 12 Inch Non-Ticking Wall Clock Silent Battery Operated Round Wall Clock Modern Simple Style Decor Clock for Home/Office/School/Kitchen/Bedroom/Living Room (Gray),$15.99,https://www.amazon.com/gp/slredirect/picassoRedirect.html/ref=pa_sp_mtf_aps_sr_pg1_1?ie=UTF8&adId=A01303333KNOWDQUBPNYN&qualifier=1670362099&id=4695028927061227&widgetName=sp_mtf&url=%2Fjomparis-Non-Ticking-Battery-Operated-Kitchen%2Fdp%2FB07TNK97KW%2Fref%3Dsr_1_19_sspa%3Fcrid%3D1ETD973V81N4Y%26keywords%3Dclock%26qid%3D1670362099%26sprefix%3Dclock%252Caps%252C70%26sr%3D8-19-spons%26psc%3D1,https://m.media-amazon.com/images/I/616UNtRa9NL._AC_UL320_.jpg
"Wall Clock - CHYLIN Silent Non Ticking Wall Clocks Battery Operated, Rustic Coastal Country Clock Decorative for Bathroom Kitchen Bedroom Living Room(10 Inch)",$15.99,https://www.amazon.com/gp/slredirect/picassoRedirect.html/ref=pa_sp_mtf_aps_sr_pg1_1?ie=UTF8&adId=A04817753GRM6OPTLJT0L&qualifier=1670362099&id=4695028927061227&widgetName=sp_mtf&url=%2FWall-Clock-Operated-Decorative-Bathroom%2Fdp%2FB09NKHYW43%2Fref%3Dsr_1_20_sspa%3Fcrid%3D1ETD973V81N4Y%26keywords%3Dclock%26qid%3D1670362099%26sprefix%3Dclock%252Caps%252C70%26sr%3D8-20-spons%26psc%3D1,https://m.media-amazon.com/images/I/71tiwx1QbzL._AC_UL320_.jpg
jomparis 12 Inch Non-Ticking Wall Clock Silent Battery Operated Round Wall Clock Modern Simple Style Decor Clock for Home/Office/School/Kitchen/Bedroom/Living Room (Gray),$15.99,https://www.amazon.com/jomparis-Non-Ticking-Battery-Operated-Kitchen/dp/B07TNK97KW/ref=sr_1_21?crid=1ETD973V81N4Y&keywords=clock&qid=1670362099&sprefix=clock%2Caps%2C70&sr=8-21,https://m.media-amazon.com/images/I/616UNtRa9NL._AC_UL320_.jpg
"ANJANK Wooden Digital Alarm Clock FM Radio, Fast Wireless Charger Station for iPhone/Samsung Galaxy, 5 Level Dimmer, USB Charging Port, 2 Sounds, Sleep Timer, Wood LED Clock for Bedroom, Bedside, Desk",$36.99,https://www.amazon.com/ANJANK-Digital-Wireless-Charging-Bedrooms/dp/B08DQW6S3Y/ref=sr_1_22?crid=1ETD973V81N4Y&keywords=clock&qid=1670362099&sprefix=clock%2Caps%2C70&sr=8-22,https://m.media-amazon.com/images/I/61aukLzYBBL._AC_UL320_.jpg
"Projection Alarm Clock for Bedroom,LED Digital Clock Projection on Ceiling Wall with USB Phone Charging,Battery Backup,180°Projector& Dimmer,12/24H,DST,Snooze,Dual Loud Bedside Clock for Heavy Sleeper",$23.99,https://www.amazon.com/Projection-Bedroom-Digital-Charging-180%C2%B0Projector/dp/B09KTL398H/ref=sr_1_23?crid=1ETD973V81N4Y&keywords=clock&qid=1670362099&sprefix=clock%2Caps%2C70&sr=8-23,https://m.media-amazon.com/images/I/61JwYZXjWeL._AC_UL320_.jpg
"Ankilo Digital Clock, 【𝐍𝐄𝐖 𝐕𝐄𝐑𝐒𝐈𝐎𝐍】 LED Alarm Clock for Bedroom, Electronic Desktop Clock with Temperature Display, Voice Control, 12/24H, Small Clock for Bedroom Decor (No Battery＆Adapter)",$9.99,https://www.amazon.com/Ankilo-%F0%9D%90%95%F0%9D%90%84%F0%9D%90%91%F0%9D%90%92%F0%9D%90%88%F0%9D%90%8E%F0%9D%90%8D%E3%80%91-Electronic-Temperature-Battery%EF%BC%86Adapter/dp/B0B2NRD47B/ref=sr_1_24?crid=1ETD973V81N4Y&keywords=clock&qid=1670362099&sprefix=clock%2Caps%2C70&sr=8-24,https://m.media-amazon.com/images/I/51KyuJeGJFL._AC_UL320_.jpg
SUOHUI 12 Inch Silent Wall Clock Non-Ticking Modern Style Wall Clocks Battery Operated for Home/Bedroom/Office/Classroom/School/Living Room Decor(Golden Frame Black Dial ),$15.99,https://www.amazon.com/SUOHUI-Non-Ticking-Battery-Operated-Classroom/dp/B0BB6X5BF8/ref=sr_1_25?crid=1ETD973V81N4Y&keywords=clock&qid=1670362099&sprefix=clock%2Caps%2C70&sr=8-25,https://m.media-amazon.com/images/I/61Vd+tLgTGL._AC_UL320_.jpg
"Alarm Clock for Kids Teens, Kids Night Light Alarm Clock Star Projector with Bluetooth Speaker & Remote Control, Sleep Sound Machine, 20 Projection, Best Gift for Girls Boys Children",$49.99,https://www.amazon.com/OZULER-Projector-Bluetooth-Speaker-Northern/dp/B09FXJPZ6H/ref=sr_1_26?crid=1ETD973V81N4Y&keywords=clock&qid=1670362099&sprefix=clock%2Caps%2C70&sr=8-26,https://m.media-amazon.com/images/I/71pnjn-v04L._AC_UL320_.jpg
"PresenTime & Co 10"" Farmhouse Series Wall Clock, Cottage Style, Vintage Design, Oil Rubbed Bronze",$20.99,https://www.amazon.com/PresenTime-Farmhouse-Cottage-Vintage-Antique/dp/B07YQF8TXT/ref=sr_1_27?crid=1ETD973V81N4Y&keywords=clock&qid=1670362099&sprefix=clock%2Caps%2C70&sr=8-27,https://m.media-amazon.com/images/I/71gyd0MQcNL._AC_UL320_.jpg
"Wall Clock - CHYLIN Silent Non Ticking Wall Clocks Battery Operated, Rustic Coastal Country Clock Decorative for Bathroom Kitchen Bedroom Living Room(10 Inch)",$15.99,https://www.amazon.com/Wall-Clock-Operated-Decorative-Bathroom/dp/B09NKHYW43/ref=sr_1_28?crid=1ETD973V81N4Y&keywords=clock&qid=1670362099&sprefix=clock%2Caps%2C70&sr=8-28,https://m.media-amazon.com/images/I/71tiwx1QbzL._AC_UL320_.jpg
"Yoobure 12"" Silent Quartz Decorative Wall Clock Non-Ticking Digital Plastic Battery Operated Round Easy to Read Home/Office/School Black Clock",$15.99,https://www.amazon.com/gp/slredirect/picassoRedirect.html/ref=pa_sp_mtf_aps_sr_pg1_1?ie=UTF8&adId=A06951763SGVX270NOVY7&qualifier=1670362099&id=4695028927061227&widgetName=sp_mtf&url=%2FYoobure-Decorative-Non-Ticking-Digital-Operated%2Fdp%2FB07SXJJ22T%2Fref%3Dsr_1_29_sspa%3Fcrid%3D1ETD973V81N4Y%26keywords%3Dclock%26qid%3D1670362099%26sprefix%3Dclock%252Caps%252C70%26sr%3D8-29-spons%26psc%3D1,https://m.media-amazon.com/images/I/71lBVH4fuqL._AC_UL320_.jpg
"Mosewa Wall Clock 14 Inch Wall Clocks Battery Operated Silent Non-Ticking, Simple Modern Wood Clock Decorative for Bedroom, Living Room, Kitchen, Home Office (Gray)",$27.97,https://www.amazon.com/gp/slredirect/picassoRedirect.html/ref=pa_sp_mtf_aps_sr_pg1_1?ie=UTF8&adId=A0867206ZOUNG7HW75VE&qualifier=1670362099&id=4695028927061227&widgetName=sp_mtf&url=%2FMosewa-Battery-Operated-Non-Ticking-Decorative%2Fdp%2FB0B5MLHZ2M%2Fref%3Dsr_1_30_sspa%3Fcrid%3D1ETD973V81N4Y%26keywords%3Dclock%26qid%3D1670362099%26sprefix%3Dclock%252Caps%252C70%26sr%3D8-30-spons%26psc%3D1,https://m.media-amazon.com/images/I/51ENQPrZKyL._AC_UL320_.jpg
"Alarm Clock.Mensent 4 inch Round Silent Analog Alarm Clock Non Ticking, with Night Light, Snooze, Battery Powered Super Silent Alarm Clock, Simple Design Beside/Desk Alarm Clock (White)",$12.58,https://www.amazon.com/gp/slredirect/picassoRedirect.html/ref=pa_sp_mtf_aps_sr_pg1_1?ie=UTF8&adId=A09477601HPC037PC9A7O&qualifier=1670362099&id=4695028927061227&widgetName=sp_mtf&url=%2FClock-Mensent-Silent-Ticking-Battery-Powered%2Fdp%2FB07K21WVYS%2Fref%3Dsr_1_31_sspa%3Fcrid%3D1ETD973V81N4Y%26keywords%3Dclock%26qid%3D1670362099%26sprefix%3Dclock%252Caps%252C70%26sr%3D8-31-spons%26psc%3D1,https://m.media-amazon.com/images/I/615MlXcJeIL._AC_UL320_.jpg
"Wall Clock Silent Non Ticking Quality Quartz, 10 Inch Round Easy to Read for Home Office School Clock",$12.99,https://www.amazon.com/gp/slredirect/picassoRedirect.html/ref=pa_sp_mtf_aps_sr_pg1_1?ie=UTF8&adId=A0362236NABVA8MAK6NO&qualifier=1670362099&id=4695028927061227&widgetName=sp_mtf&url=%2FHippih-Silent-Ticking-Quality-Quartz%2Fdp%2FB07MCHV976%2Fref%3Dsr_1_32_sspa%3Fcrid%3D1ETD973V81N4Y%26keywords%3Dclock%26qid%3D1670362099%26sprefix%3Dclock%252Caps%252C70%26sr%3D8-32-spons%26psc%3D1,https://m.media-amazon.com/images/I/61bbg0bxJPS._AC_UL320_.jpg
"Kids Alarm Clock, Student Digital Clock for Boys Girls, 7 Colors Changing Light Bedside Clock for Children's Bedroom, Digital Alarm Clocks with Snooze, Temperature Detect, Great Gift Idea for Kids",$9.99,https://www.amazon.com/Student-Digital-Changing-Childrens-Temperature/dp/B0BKZR327K/ref=sr_1_33?crid=1ETD973V81N4Y&keywords=clock&qid=1670362099&sprefix=clock%2Caps%2C70&sr=8-33,https://m.media-amazon.com/images/I/61ltqVPB9NL._AC_UL320_.jpg
"YouJabz Digital Alarm Clock, Alarm Clock for Bedroom with Smart Night Light, Indoor Temperature, Large LED Display, Battery Operated Desk Clock for Kids Birthday Xmas Gifts",$9.99,https://www.amazon.com/YouJabz-Clock-Temperature-Operated-Birthday/dp/B0BJPYTJ5H/ref=sr_1_34?crid=1ETD973V81N4Y&keywords=clock&qid=1670362099&sprefix=clock%2Caps%2C70&sr=8-34,https://m.media-amazon.com/images/I/516o0+8TZ6S._AC_UL320_.jpg
"Digital Clock Large Display, LED Electric Alarm Clocks Mirror Surface for Makeup with Diming Mode, 3 Levels Brightness, Dual USB Ports Modern Decoration for Home Bedroom Decor-White",$22.95,https://www.amazon.com/Digital-Electric-Brightness-Decoration-Decor-White/dp/B07P468RFV/ref=sr_1_35?crid=1ETD973V81N4Y&keywords=clock&qid=1670362099&sprefix=clock%2Caps%2C70&sr=8-35,https://m.media-amazon.com/images/I/61+GtiJ4XTL._AC_UL320_.jpg
Always Home Westminster Clock Company 8 Inch Quartz Wall Clock (Standard Clock) Ticking/Battery Operated for School Office Classroom,$9.99,https://www.amazon.com/Westminster-Clock-Company-Standard-Wall/dp/B094NZHN9N/ref=sr_1_36?crid=1ETD973V81N4Y&keywords=clock&qid=1670362099&sprefix=clock%2Caps%2C70&sr=8-36,https://m.media-amazon.com/images/I/612H1f9lSRL._AC_UL320_.jpg
"Betus Digital Travel Alarm Clock - Foldable Calendar Temperature Timer LCD Clock with Snooze Mode - Large Number Display, Battery Operated - Compact Desk Clock for All Ages (Silver, No Backlight)",$7.31,https://www.amazon.com/Betus-Digital-Travel-Alarm-Clock/dp/B07TX3GNGK/ref=sr_1_37?crid=1ETD973V81N4Y&keywords=clock&qid=1670362099&sprefix=clock%2Caps%2C70&sr=8-37,https://m.media-amazon.com/images/I/61ZFshxhN1L._AC_UL320_.jpg
"Digital Alarm Clock for Bedrooms, Netzu Bedside Alarm Clocks with 8 Color Night Light, Large LED Display, Dual Alarm, Dimmer, USB Charger Port, Clock for Kids,Teens, Seniors (Upgrade) (Black)",$19.99,https://www.amazon.com/Digital-Bedrooms-Netzu-Bedside-Display/dp/B09NVGMB9K/ref=sr_1_38?crid=1ETD973V81N4Y&keywords=clock&qid=1670362099&sprefix=clock%2Caps%2C70&sr=8-38,https://m.media-amazon.com/images/I/51r0U2K6UvL._AC_UL320_.jpg
"Digital Alarm Clock,6.5 Inch Large Display LED Mirror Electronic Clocks, with Snooze,12/24H,Dual USB Charging Ports, 3 Adjustable Brightness,for Bedroom Home Office -White",$19.99,https://www.amazon.com/Electronic-Charging-Adjustable-Brightness-Suitable/dp/B08G8PN4Y7/ref=sr_1_39?crid=1ETD973V81N4Y&keywords=clock&qid=1670362099&sprefix=clock%2Caps%2C70&sr=8-39,https://m.media-amazon.com/images/I/71AsDH3z0yL._AC_UL320_.jpg
"Digital Clock for Bedrooms, 5-Level Brightness and Large Display, Adjustable Alarm Volume and 3 Ringtones Desk Clock, 9 MINS Snooze & 12/24H Format, Easy to Use Bedside Clock for Seniors Elders Kids",$17.99,https://www.amazon.com/Digital-Ringtones-Bedroom-Brightness-Sleepers/dp/B09NVPCQP7/ref=sr_1_40?crid=1ETD973V81N4Y&keywords=clock&qid=1670362099&sprefix=clock%2Caps%2C70&sr=8-40,https://m.media-amazon.com/images/I/611CnsmEhKL._AC_UL320_.jpg
"Digital Alarm Clock,7"" LED Mirror Electronic Clocks,with 2 USB Charging Ports,Snooze Mode,Auto Adjust Brightness,Modern Desk Wall Clocks for Bedrooms Living Room Office - White",$21.95,https://www.amazon.com/Digital-Electronic-Charging-Brightness-Bedrooms/dp/B08SJ7JXN7/ref=sr_1_41?crid=1ETD973V81N4Y&keywords=clock&qid=1670362099&sprefix=clock%2Caps%2C70&sr=8-41,https://m.media-amazon.com/images/I/61P6jv2-FRL._AC_UL320_.jpg
"Wall Clock - 10 Inch Silent Non-Ticking Wooden Wall Clocks Battery Operated - Country Retro Rustic Style Decorative for Living Room, Kitchen, Home ,Bathroom, Bedroom, Laundry Room",$15.97,https://www.amazon.com/Wall-Clock-Non-Ticking-Operated-Decorative/dp/B08YJPF81Y/ref=sr_1_42?crid=1ETD973V81N4Y&keywords=clock&qid=1670362099&sprefix=clock%2Caps%2C70&sr=8-42,https://m.media-amazon.com/images/I/71Mg8vH8EqS._AC_UL320_.jpg
"Wall Clock 12 Inch Wall Clocks Battery Operated Large Wall Clock with Stereoscopic Dial, Ultra-Quiet Movement Quartz for Office Classroom School Home Living Room Bedroom Kitchen Decor by QPEUIM",$12.98,https://www.amazon.com/Operated-Stereoscopic-Ultra-Quiet-Classroom-QPEUIM/dp/B09T3C86VB/ref=sr_1_43?crid=1ETD973V81N4Y&keywords=clock&qid=1670362099&sprefix=clock%2Caps%2C70&sr=8-43,https://m.media-amazon.com/images/I/61UtAkI6qIL._AC_UL320_.jpg
"Digital Wall Clock, 11.5"" Extra Large Display Calendar Alarm Day Clock with Date and Day of Week, Temperature, USB Charger & 3 Alarms, LED Desk Clock for Office,Living Room,Bedroom,Elderly",$35.55,https://www.amazon.com/Digital-Display-Calendar-Battery-Backup/dp/B07DC4YJ5B/ref=sr_1_44?crid=1ETD973V81N4Y&keywords=clock&qid=1670362099&sprefix=clock%2Caps%2C70&sr=8-44,https://m.media-amazon.com/images/I/61HhKylPu6S._AC_UL320_.jpg
"EDUP LOVE Digital Alarm Clocks, LED Mirror Electronic Clock, Snooze Mode, 12/24H, Auto Adjust Brightness, Modern Desk & Wall Clocks for Bedroom Living Room Office - Black",$18.95,https://www.amazon.com/EDUP-LOVE-Digital-Electronic-Brightness/dp/B0B5GS961T/ref=sr_1_45?crid=1ETD973V81N4Y&keywords=clock&qid=1670362099&sprefix=clock%2Caps%2C70&sr=8-45,https://m.media-amazon.com/images/I/618gz69dOuL._AC_UL320_.jpg
"AKCISOT Wall Clock Silent Non Ticking Modern Wall Clocks Battery Operated 10 Inch, Analog Small Classic Clock Decorative for Bedroom, Kitchen, Home Office, Bathroom, School, Living Room (Black)",$10.99,https://www.amazon.com/AKCISOT-Ticking-Operated-Decorative-Bathroom/dp/B0BBVLSJYV/ref=sr_1_46?crid=1ETD973V81N4Y&keywords=clock&qid=1670362099&sprefix=clock%2Caps%2C70&sr=8-46,https://m.media-amazon.com/images/I/614eK4X3SML._AC_UL320_.jpg
"Alarm Clock, Wall Clock, Battery Operated Clock, Adjustable 3-Level Led Brightness, Dim Night Model, 12/24Hr, Cordless, Constantly 1.2'' Red Digits Display, Small Clock for Bedroom/Travel",$16.69,https://www.amazon.com/KWANWA-Digital-Battery-Operated-Constantly/dp/B01IAXYPE0/ref=sr_1_47?crid=1ETD973V81N4Y&keywords=clock&qid=1670362099&sprefix=clock%2Caps%2C70&sr=8-47,https://m.media-amazon.com/images/I/61ExpMCogXL._AC_UL320_.jpg
"USCCE Small Digital Alarm Clock with USB Port for Charging, 0-100% Dimmer, Easy to Set, Alarm Volume with 5 Alarm Sounds, 12/24Hr, Snooze, Battery Backup, Compact Alarm Clock for Bedroom(Wood Grain)",$19.99,https://www.amazon.com/Digital-Alarm-Clock-Charging-Wood/dp/B0B462MYQG/ref=sr_1_48?crid=1ETD973V81N4Y&keywords=clock&qid=1670362099&sprefix=clock%2Caps%2C70&sr=8-48,https://m.media-amazon.com/images/I/61Dt+px3gyL._AC_UL320_.jpg
"Aisuo Night Light-5 in 1 Bedside Lamp with Bluetooth Speaker, 12/24H Digital Calendar Alarm Clock, Touch Control, Support TF and SD Card, Music Player, Gift for Girls Boys Teens.",$24.53,https://www.amazon.com/Aisuo-Night-Light-Bluetooth-Calendar/dp/B074P1LBBX/ref=sr_1_49?crid=1ETD973V81N4Y&keywords=clock&qid=1670362099&sprefix=clock%2Caps%2C70&sr=8-49,https://m.media-amazon.com/images/I/51alh0fCy9L._AC_UL320_.jpg
"Digital Wall Clock Large Display, 16.2"" Large Digital Wall Clock with LED Display Remote Control, Automatic Brightness Dimmer Big Clock with Date Week Temperature（Orange）",$31.19,https://www.amazon.com/Digital-Display-Automatic-Brightness-Temperature%EF%BC%88Orange%EF%BC%89/dp/B0BJDNH2YW/ref=sr_1_50?crid=1ETD973V81N4Y&keywords=clock&qid=1670362099&sprefix=clock%2Caps%2C70&sr=8-50,https://m.media-amazon.com/images/I/51RoEUt1XPL._AC_UL320_.jpg
"Wall Clock, 12 Inch Easy to Read Silent Non-Ticking Colorful Battery Operated Clock ,for Bedroom,Living Room,Kitchen,Office,School Classroom ( Yellow )",$14.88,https://www.amazon.com/TOHOOYO-Non-Ticking-Colorful-Operated-Classroom/dp/B07HBQZQQV/ref=sr_1_51?crid=1ETD973V81N4Y&keywords=clock&qid=1670362099&sprefix=clock%2Caps%2C70&sr=8-51,https://m.media-amazon.com/images/I/610VGyKJqBL._AC_UL320_.jpg
"Vannxx Digital Alarm Clock, 3 Alarm Settings LED Time Display Electronic Clock with Adjustable Brightness Humidity & Temperature Detect Wood Design for Bedroom, Bedside, Desk, Office (Black)",$15.99,https://www.amazon.com/Vannxx-Electronic-Adjustable-Brightness-Temperature/dp/B0BN7HS1RB/ref=sr_1_52?crid=1ETD973V81N4Y&keywords=clock&qid=1670362099&sprefix=clock%2Caps%2C70&sr=8-52,https://m.media-amazon.com/images/I/71kteWPk-zS._AC_UL320_.jpg
"Digital Alarm Clock, 7.5"" LED Big Number Clock for Bedroom with 2 Alarms,USB Charging Port,Battery Backup,Dimmer,Adjustable Volume,12/24H,Simple Plug in Digital Clock for Home Bedside Desk Nightstand",$14.44,https://www.amazon.com/Digital-Display-Charger-Powered-Sleepers/dp/B087N13CLF/ref=sr_1_53?crid=1ETD973V81N4Y&keywords=clock&qid=1670362099&sprefix=clock%2Caps%2C70&sr=8-53,https://m.media-amazon.com/images/I/618b1iMo8tS._AC_UL320_.jpg
"Wall Clock Glow in The Dark / Night Light Cat Wall Clock Silent Non-Ticking Wooden Wall Clocks Battery Operated Analog Clock Decorative for Bedroom Kids Room Bathroom,12 Inch",$15.99,https://www.amazon.com/Non-Ticking-Battery-Operated-Decorative-Bathroom/dp/B0BDFPMM2C/ref=sr_1_54?crid=1ETD973V81N4Y&keywords=clock&qid=1670362099&sprefix=clock%2Caps%2C70&sr=8-54,https://m.media-amazon.com/images/I/61dcWRvO5XL._AC_UL320_.jpg
Bernhard Products Black Wall Clock Silent Non Ticking 10 Inch Quality Quartz Battery Operated Round Easy to Read Home/Office/Kitchen/Classroom/School Clock Sweep Movement,$13.97,https://www.amazon.com/Bernhard-Products-Black-Silent-Ticking/dp/B01HONVHZ2/ref=sr_1_55?crid=1ETD973V81N4Y&keywords=clock&qid=1670362099&sprefix=clock%2Caps%2C70&sr=8-55,https://m.media-amazon.com/images/I/81os6R4wnNL._AC_UL320_.jpg
Yoobure 10 Inch Silent Quartz Decorative Wall Clock Non-Ticking Classic Digital Clock Battery Operated Round Easy to Read Home/Office/School Clock,$11.99,https://www.amazon.com/Yoobure-Decorative-Non-Ticking-Classic-Operated/dp/B07NQB9FKL/ref=sr_1_56?crid=1ETD973V81N4Y&keywords=clock&qid=1670362099&sprefix=clock%2Caps%2C70&sr=8-56,https://m.media-amazon.com/images/I/619ZAMtI4EL._AC_UL320_.jpg
"HITO Silent Non Ticking Wall Clock 10 inch Sweep Movement Glass Cover Silver Aluminum Frame Decorative for Kitchen, Living Room, Bedroom, Office (Black)",$15.99,https://www.amazon.com/hito-Excellent-Accurate-Movement-Decorative/dp/B071R5HBFZ/ref=sr_1_57?crid=1ETD973V81N4Y&keywords=clock&qid=1670362099&sprefix=clock%2Caps%2C70&sr=8-57,https://m.media-amazon.com/images/I/81EUcOiRNjL._AC_UL320_.jpg
"Telling Time Teaching Clock - Learning Clock for Kids - Kids Wall Clocks for Bedrooms - Kids Wall Clock- Silent Analog Kids Clock for Teaching Time ,for School Classrooms Playrooms and Kids Bedrooms",$16.99,https://www.amazon.com/Telling-Time-Teaching-Clock-Classrooms/dp/B0B6QRPB64/ref=sr_1_58?crid=1ETD973V81N4Y&keywords=clock&qid=1670362099&sprefix=clock%2Caps%2C70&sr=8-58,https://m.media-amazon.com/images/I/71tJa9QGb8L._AC_UL320_.jpg
"SHARPER IMAGE Light Up Electronic Plug-in Word Clock, Copper Finish with LED Light Display, USB Cord and Power Adapter, Unique Contemporary Home and Office Décor, Accent Desk Clock",$26.99,https://www.amazon.com/Sharper-Image-Electronic-Display-Contemporary/dp/B07CD7S9PZ/ref=sr_1_59?crid=1ETD973V81N4Y&keywords=clock&qid=1670362099&sprefix=clock%2Caps%2C70&sr=8-59,https://m.media-amazon.com/images/I/81q8EvDktLL._AC_UL320_.jpg
"Analog Alarm Clock, 4 inch Super Silent Non Ticking Small Clock with Night Light, Battery Operated, Simply Design, for Bedroon, Bedside, Desk, (Green)",$12.99,https://www.amazon.com/Ticking-Battery-Operated-Bedroon-Bedside/dp/B085TM82JV/ref=sr_1_60?crid=1ETD973V81N4Y&keywords=clock&qid=1670362099&sprefix=clock%2Caps%2C70&sr=8-60,https://m.media-amazon.com/images/I/71O01WcsO2L._AC_UL320_.jpg
