item_name,price,link_to_item,link_to_item_image
"OSTBA Sandwich Maker, Toaster and Electric Panini Press with Non-stick plates, LED Indicator Lights, Cool Touch Handle, Black",$21.99,https://www.amazon.com/gp/slredirect/picassoRedirect.html/ref=pa_sp_atf_aps_sr_pg1_1?ie=UTF8&adId=A00751029GFNBENLWU5B&qualifier=1670362040&id=7358865897638767&widgetName=sp_atf&url=%2FOSTBA-Sandwich-Electric-Non-stick-Indicator%2Fdp%2FB085HZXPTQ%2Fref%3Dsr_1_1_sspa%3Fcrid%3D1ETD973V81N4Y%26keywords%3Dsandwich%26qid%3D1670362040%26sprefix%3Dsandwich%252Caps%252C70%26sr%3D8-1-spons%26psc%3D1,https://m.media-amazon.com/images/I/51FUkcW+D1L._AC_UL320_.jpg
PREPARED FOODS Caprese Ficelle,$4.49,https://www.amazon.com/Sandwich-Ficelle-Caprese-Fresh-Pack/dp/B07FZLSN8V/ref=sr_1_2_f3_0o_wf?crid=1ETD973V81N4Y&keywords=sandwich&qid=1670362040&sprefix=sandwich%2Caps%2C70&sr=8-2,https://m.media-amazon.com/images/I/61x9zz2hW4L._AC_UL320_.jpg
Snyder's of Hanover Pretzel Sandwiches - Cheddar Cheese - 8 oz - 2 Pack,$14.88,https://www.amazon.com/Snyders-Hanover-Pretzel-Sandwiches-Cheddar/dp/B00PZ28O2Y/ref=sr_1_3?crid=1ETD973V81N4Y&keywords=sandwich&qid=1670362040&sprefix=sandwich%2Caps%2C70&sr=8-3,https://m.media-amazon.com/images/I/71cT7d43EqL._AC_UL320_.jpg
"BerryFields Almond Butter & Grape Sandwiches, 8 OZ",$6.99,https://www.amazon.com/BerryFields-Almond-Butter-Grape-Sandwiches/dp/B0B6LZ99M3/ref=sr_1_4_f3_0o_wf?crid=1ETD973V81N4Y&keywords=sandwich&qid=1670362040&sprefix=sandwich%2Caps%2C70&sr=8-4,https://m.media-amazon.com/images/I/71w5jwe4npL._AC_UL320_.jpg
"365 by Whole Foods Market, Bread Sandwich Classic, 24 Ounce",$3.49,https://www.amazon.com/365-Everyday-Value-Sandwich-slices/dp/B074H67KW3/ref=sr_1_6_f3_0o_wf?crid=1ETD973V81N4Y&keywords=sandwich&qid=1670362040&sprefix=sandwich%2Caps%2C70&sr=8-6,https://m.media-amazon.com/images/I/714h+1CJH+L._AC_UL320_.jpg
"365 By Whole Foods Market, Organic Hot Cocoa Ice Cream Sandwiches, 21.9 Fl Oz",$3.99,https://www.amazon.com/365-WFM-Organic-Cocoa-Sandwich/dp/B08ZFS2X9H/ref=sr_1_7_f3_0o_wf?crid=1ETD973V81N4Y&keywords=sandwich&qid=1670362040&sprefix=sandwich%2Caps%2C70&sr=8-7,https://m.media-amazon.com/images/I/91T86E-Sz0L._AC_UL320_.jpg
"365 by Whole Foods Market, Bread Sandwich Whole Wheat, 24 Ounce",$3.49,https://www.amazon.com/365-Everyday-Value-Sandwich-slices/dp/B074H5B5XG/ref=sr_1_8_f3_0o_wf?crid=1ETD973V81N4Y&keywords=sandwich&qid=1670362040&sprefix=sandwich%2Caps%2C70&sr=8-8,https://m.media-amazon.com/images/I/81SGRNGHCuL._AC_UL320_.jpg
"Muscle Foods Muscle Sandwich, Peanut Butter Vanilla, 12-Count Net wt.2.0 oz",$24.99,https://www.amazon.com/Muscle-Foods-Sandwich-Vanilla-12-Count/dp/B0009XEZLI/ref=sr_1_9?crid=1ETD973V81N4Y&keywords=sandwich&qid=1670362040&sprefix=sandwich%2Caps%2C70&sr=8-9,https://m.media-amazon.com/images/I/51nXzB6S6IL._AC_UL320_.jpg
"Bumble Bee Sandwich in Seconds Tuna Salad, 2.5 oz Pouches (Pack of 12) - Ready to Eat, Spork Included - Wild Caught Tuna Pouch - 8g Protein per Serving - Gluten Free",$15.48,https://www.amazon.com/Bumble-Bee-Sandwich-Seconds-Protein/dp/B07C9JMLWL/ref=sr_1_10?crid=1ETD973V81N4Y&keywords=sandwich&qid=1670362040&rdc=1&sprefix=sandwich%2Caps%2C70&sr=8-10,https://m.media-amazon.com/images/I/61VjU5W4R8L._AC_UL320_.jpg
"Muscle Foods Muscle Sandwich Bars, Peanut Butter Graham, 2-Ounce Bars ( 12 count )",$24.99,https://www.amazon.com/Muscle-Foods-Sandwich-Peanut-2-Ounce/dp/B00166DA72/ref=sr_1_11?crid=1ETD973V81N4Y&keywords=sandwich&qid=1670362040&sprefix=sandwich%2Caps%2C70&sr=8-11,https://m.media-amazon.com/images/I/51VR1n91TuL._AC_UL320_.jpg
"So Delicious Minis, Dairy-Free Almond Vanilla Sandwiches, 8 Count (Frozen)",$6.79,https://www.amazon.com/Delicious-Sandwich-Almond-Vanilla-frozen/dp/B07895D476/ref=sr_1_12_f3_0o_wf?crid=1ETD973V81N4Y&keywords=sandwich&qid=1670362040&sprefix=sandwich%2Caps%2C70&sr=8-12,https://m.media-amazon.com/images/I/81W4rLNuFTL._AC_UL320_.jpg
"Wickles Spicy Red Sandwich Spread, 16 OZ (Pack of 2)",$18.99,https://www.amazon.com/Wickles-Spicy-Sandwich-Spread-Pack/dp/B01G5GQM5E/ref=sr_1_13?crid=1ETD973V81N4Y&keywords=sandwich&qid=1670362040&sprefix=sandwich%2Caps%2C70&sr=8-13,https://m.media-amazon.com/images/I/71EipXEHQnL._AC_UL320_.jpg
Lance Captain's Wafers Grilled Cheese Sandwich Crackers [20-Count Caddy],$9.98,https://www.amazon.com/Captains-Grilled-Sandwich-Crackers-20-Count/dp/B01KBN1HE8/ref=sr_1_14?crid=1ETD973V81N4Y&keywords=sandwich&qid=1670362040&sprefix=sandwich%2Caps%2C70&sr=8-14,https://m.media-amazon.com/images/I/41lW-hh4tdL._AC_UL320_.jpg
"Belvita Dark Chocolate Creme Breakfast Sandwich, 25 ct.",$23.00,https://www.amazon.com/Belvita-Chocolate-Creme-Breakfast-Sandwich/dp/B01N15ONE1/ref=sr_1_15?crid=1ETD973V81N4Y&keywords=sandwich&qid=1670362040&sprefix=sandwich%2Caps%2C70&sr=8-15,https://m.media-amazon.com/images/I/81sCHJCLo5L._AC_UL320_.jpg
"Wickles Pickles Spicy Red Sandwich Spread (6 Pack - 16oz Each) - Red Pepper & Jalapeno Pickle Relish - Slightly Sweet, Definitely Spicy, Wickedly Delicious",$41.75,https://www.amazon.com/Wickles-Spicy-Sandwich-Spread-Pack/dp/B07H5M8W69/ref=sr_1_16?crid=1ETD973V81N4Y&keywords=sandwich&qid=1670362040&sprefix=sandwich%2Caps%2C70&sr=8-16,https://m.media-amazon.com/images/I/81vg5pnJ75L._AC_UL320_.jpg
"RITZ Original Crackers and Easy Cheese Cheddar Snack Variety Pack, 1 Family Size Box & 2 Cans",$14.68,https://www.amazon.com/gp/slredirect/picassoRedirect.html/ref=pa_sp_mtf_aps_sr_pg1_1?ie=UTF8&adId=A008236213I8BZOQIF72Y&qualifier=1670362040&id=7358865897638767&widgetName=sp_mtf&url=%2FOriginal-Crackers-Cheese-Cheddar-Variety%2Fdp%2FB083JZW7ZW%2Fref%3Dsr_1_17_sspa%3Fcrid%3D1ETD973V81N4Y%26keywords%3Dsandwich%26qid%3D1670362040%26sprefix%3Dsandwich%252Caps%252C70%26sr%3D8-17-spons%26psc%3D1,https://m.media-amazon.com/images/I/81bdRaIQ-aL._AC_UL320_.jpg
"RITZ Cheese Sandwich Crackers, 48 Snack Packs (6 Boxes)",$19.78,https://www.amazon.com/gp/slredirect/picassoRedirect.html/ref=pa_sp_mtf_aps_sr_pg1_1?ie=UTF8&adId=A00826989KHP8H2BBH8Q&qualifier=1670362040&id=7358865897638767&widgetName=sp_mtf&url=%2FRitz-Cheese-Cracker-Sandwiches-Individual%2Fdp%2FB07K137J7J%2Fref%3Dsr_1_18_sspa%3Fcrid%3D1ETD973V81N4Y%26keywords%3Dsandwich%26qid%3D1670362040%26sprefix%3Dsandwich%252Caps%252C70%26sr%3D8-18-spons%26psc%3D1,https://m.media-amazon.com/images/I/91JMMHI-WtL._AC_UL320_.jpg
"Cracker Barrel Cheddar Havarti Oven Baked Macaroni & Cheese Dinner, Holiday Recipes (12.3 oz Bag)",$4.69,https://www.amazon.com/gp/slredirect/picassoRedirect.html/ref=pa_sp_mtf_aps_sr_pg1_1?ie=UTF8&adId=A10282512VS6NPZ35O4DM&qualifier=1670362040&id=7358865897638767&widgetName=sp_mtf&url=%2FCracker-Barrel-Macaroni-Cheddar-Havarti%2Fdp%2FB06X42QQV4%2Fref%3Dsr_1_19_sspa%3Fcrid%3D1ETD973V81N4Y%26keywords%3Dsandwich%26qid%3D1670362040%26sprefix%3Dsandwich%252Caps%252C70%26sr%3D8-19-spons%26psc%3D1,https://m.media-amazon.com/images/I/81sKPLlRKZL._AC_UL320_.jpg
"Bone-in Kansas City Strip Steaks, 12 count, 16 oz each from Kansas City Steaks",$329.95,https://www.amazon.com/gp/slredirect/picassoRedirect.html/ref=pa_sp_mtf_aps_sr_pg1_1?ie=UTF8&adId=A022048112C6ODY4BNRUR&qualifier=1670362040&id=7358865897638767&widgetName=sp_mtf&url=%2FBone-Kansas-City-Strip-Steaks%2Fdp%2FB07ZY929XM%2Fref%3Dsr_1_20_sspa%3Fcrid%3D1ETD973V81N4Y%26keywords%3Dsandwich%26qid%3D1670362040%26sprefix%3Dsandwich%252Caps%252C70%26sr%3D8-20-spons%26psc%3D1,https://m.media-amazon.com/images/I/71t079rYRDL._AC_UL320_.jpg
Sandwich: 100 Sandwich Recipes You'll Love (2nd Edition),$0.00,https://www.amazon.com/Sandwich-100-Recipes-Youll-Love-ebook/dp/B0B2RLX6MK/ref=sr_1_21?crid=1ETD973V81N4Y&keywords=sandwich&qid=1670362040&sprefix=sandwich%2Caps%2C70&sr=8-21,https://m.media-amazon.com/images/I/91YW2z8yMML._AC_UL320_.jpg
"365 by Whole Foods Market, Pickles Kosher Sandwich Slices Organic, 16 Fl Oz",$4.19,https://www.amazon.com/365-Everyday-Value-Organic-Sandwich/dp/B074H6M2VP/ref=sr_1_22_f3_0o_wf?crid=1ETD973V81N4Y&keywords=sandwich&qid=1670362040&sprefix=sandwich%2Caps%2C70&sr=8-22,https://m.media-amazon.com/images/I/71rykYdlKrL._AC_UL320_.jpg
"365 Everyday Value, Organic Ice Cream Sandwiches, 3.65 fl oz, Pack of 6, (Frozen)",$5.99,https://www.amazon.com/365-Everyday-Value-Organic-Sandwiches/dp/B074H61R9C/ref=sr_1_23_f3_0o_wf?crid=1ETD973V81N4Y&keywords=sandwich&qid=1670362040&sprefix=sandwich%2Caps%2C70&sr=8-23,https://m.media-amazon.com/images/I/61mTmK6bT4L._AC_UL320_.jpg
Sandwich and Snack Bags for On the Go Freshness,$2.00,https://www.amazon.com/Ziploc-1147-Sandwich-Bags/dp/B00OD2EAY8/ref=sr_1_24?crid=1ETD973V81N4Y&keywords=sandwich&qid=1670362040&sprefix=sandwich%2Caps%2C70&sr=8-24,https://m.media-amazon.com/images/I/61kHlJfU3yL._AC_UL320_.jpg
"Amy's Snacks, Cheese Pizza Snacks, 6.0 Ounce (Frozen)",$5.99,https://www.amazon.com/Amys-Snacks-Cheese-Pizza-Frozen/dp/B000O6IBOW/ref=sr_1_25_f3_0o_wf?crid=1ETD973V81N4Y&keywords=sandwich&qid=1670362040&sprefix=sandwich%2Caps%2C70&sr=8-25,https://m.media-amazon.com/images/I/91dhUC3XhSS._AC_UL320_.jpg
"RITZ Peanut Butter Sandwich Cracker Snacks and Cheese Sandwich Crackers, Snack Crackers Variety Pack, Christmas Crackers, 32 Snack Packs",$15.18,https://www.amazon.com/Peanut-Sandwich-Cracker-Crackers-Variety/dp/B083K1CTYK/ref=sr_1_26?crid=1ETD973V81N4Y&keywords=sandwich&qid=1670362040&sprefix=sandwich%2Caps%2C70&sr=8-26,https://m.media-amazon.com/images/I/91Ddlqt3zES._AC_UL320_.jpg
"RITZ Peanut Butter Sandwich Crackers, 48 Snack Packs (6 Boxes)",$19.78,https://www.amazon.com/Ritz-Peanut-Butter-Cracker-Sandwiches/dp/B07K236FV4/ref=sr_1_27?crid=1ETD973V81N4Y&keywords=sandwich&qid=1670362040&sprefix=sandwich%2Caps%2C70&sr=8-27,https://m.media-amazon.com/images/I/81pKG9uRRyL._AC_UL320_.jpg
"Ziploc Easy Open Tabs Sandwich Bags 580, 145 Count (Pack of 4)",$23.99,https://www.amazon.com/Ziploc-Easy-Open-Sandwich-Count/dp/B074HMLKQ3/ref=sr_1_28?crid=1ETD973V81N4Y&keywords=sandwich&qid=1670362040&sprefix=sandwich%2Caps%2C70&sr=8-28,https://m.media-amazon.com/images/I/61Nscz1cJ7L._AC_UL320_.jpg
"Kraft Original Easy Microwavable Macaroni and Cheese Cups , 2.05 oz (Pack of 8)",$7.97,https://www.amazon.com/gp/slredirect/picassoRedirect.html/ref=pa_sp_mtf_aps_sr_pg1_1?ie=UTF8&adId=A10194791NUB9GXS333JW&qualifier=1670362040&id=7358865897638767&widgetName=sp_mtf&url=%2FKraft-Macaroni-Cheese-Dinner-Original%2Fdp%2FB00WI0T4HU%2Fref%3Dsr_1_29_sspa%3Fcrid%3D1ETD973V81N4Y%26keywords%3Dsandwich%26qid%3D1670362040%26sprefix%3Dsandwich%252Caps%252C70%26sr%3D8-29-spons%26psc%3D1,https://m.media-amazon.com/images/I/8102hkDuCvL._AC_UL320_.jpg
"Ritz Bits Peanut Butter Cracker Sandwiches - Big Bag, 3 Ounce (Pack of 12)",$31.29,https://www.amazon.com/gp/slredirect/picassoRedirect.html/ref=pa_sp_mtf_aps_sr_pg1_1?ie=UTF8&adId=A00831981OQKI0EXD7T8B&qualifier=1670362040&id=7358865897638767&widgetName=sp_mtf&url=%2FRitz-Peanut-Butter-Cracker-Sandwiches%2Fdp%2FB00R7BUI3Y%2Fref%3Dsr_1_30_sspa%3Fcrid%3D1ETD973V81N4Y%26keywords%3Dsandwich%26qid%3D1670362040%26sprefix%3Dsandwich%252Caps%252C70%26sr%3D8-30-spons%26psc%3D1,https://m.media-amazon.com/images/I/81RxYD4sRcL._AC_UL320_.jpg
"Top Sirloin Sandwich Steaks, 12 count, 4 oz each from Kansas City Steaks",$99.95,https://www.amazon.com/gp/slredirect/picassoRedirect.html/ref=pa_sp_mtf_aps_sr_pg1_1?ie=UTF8&adId=A0472973R0HDIN4JAJC&qualifier=1670362040&id=7358865897638767&widgetName=sp_mtf&url=%2FSirloin-Sandwich-Steaks-Kansas-City%2Fdp%2FB07ZXMPJ1H%2Fref%3Dsr_1_31_sspa%3Fcrid%3D1ETD973V81N4Y%26keywords%3Dsandwich%26qid%3D1670362040%26sprefix%3Dsandwich%252Caps%252C70%26sr%3D8-31-spons%26psc%3D1,https://m.media-amazon.com/images/I/61EunqEc6NS._AC_UL320_.jpg
"Hamilton Beach Dual Breakfast Sandwich Maker Cookbook: 365-Day Classic and Tasty Recipes to Enjoy Mouthwatering Sandwiches, Burgers, Omelets and More | Healthy Cooking for Busy People on a Budget",$9.89,https://www.amazon.com/gp/slredirect/picassoRedirect.html/ref=pa_sp_mtf_aps_sr_pg1_1?ie=UTF8&adId=A084447034TXERWOSO87U&qualifier=1670362040&id=7358865897638767&widgetName=sp_mtf&url=%2FHamilton-Beach-Breakfast-Sandwich-Cookbook%2Fdp%2FB09BF1FHXM%2Fref%3Dsr_1_32_sspa%3Fcrid%3D1ETD973V81N4Y%26keywords%3Dsandwich%26qid%3D1670362040%26sprefix%3Dsandwich%252Caps%252C70%26sr%3D8-32-spons%26psc%3D1,https://m.media-amazon.com/images/I/71MiDQa18zL._AC_UL320_.jpg
"Keebler Sandwich Crackers, Single Serve Snack Crackers, Office and Kids Snacks, Variety Pack (45 Packs)",$16.49,https://www.amazon.com/Keebler-Sandwich-Crackers-Variety-Fructose/dp/B07TR6YVJL/ref=sr_1_33?crid=1ETD973V81N4Y&keywords=sandwich&qid=1670362040&rdc=1&sprefix=sandwich%2Caps%2C70&sr=8-33,https://m.media-amazon.com/images/I/71isIAl+lNL._AC_UL320_.jpg
NewGem Sandwich Wrap - Carrot 6 Wraps,$8.49,https://www.amazon.com/GemWraps%C2%AE-Carrot-Sandwich-Wraps-6-sheets/dp/B00KHDGX7Y/ref=sr_1_34?crid=1ETD973V81N4Y&keywords=sandwich&qid=1670362040&sprefix=sandwich%2Caps%2C70&sr=8-34,https://m.media-amazon.com/images/I/71vnP7GrqOL._AC_UL320_.jpg
"Keebler PB & J Peanut Butter and Jelly Sandwich Crackers, 1.8 oz packs (PB & J, 12 Count)",$12.20,https://www.amazon.com/Keebler-Peanut-Butter-Sandwich-Crackers/dp/B085K98Q1T/ref=sr_1_35?crid=1ETD973V81N4Y&keywords=sandwich&qid=1670362040&sprefix=sandwich%2Caps%2C70&sr=8-35,https://m.media-amazon.com/images/I/81Jzf9y3qRL._AC_UL320_.jpg
"Applegate, Natural Uncured Turkey Pepperoni, 4oz",$6.29,https://www.amazon.com/Applegate-Natural-Uncured-Turkey-Pepperoni/dp/B00I2VLPNA/ref=sr_1_36_f3_0o_wf?crid=1ETD973V81N4Y&keywords=sandwich&qid=1670362040&sprefix=sandwich%2Caps%2C70&sr=8-36,https://m.media-amazon.com/images/I/81aqikPw1IL._AC_UL320_.jpg
Arby's Famous Sandwich Sauce (Pack of 2),$22.98,https://www.amazon.com/Arbys-Famous-Sandwich-Sauce-Pack/dp/B0BK9XPMVD/ref=sr_1_37_mod_primary_new?crid=1ETD973V81N4Y&keywords=sandwich&qid=1670362040&sbo=RZvfv%2F%2FHxDF%2BO5021pAnSA%3D%3D&sprefix=sandwich%2Caps%2C70&sr=8-37,https://m.media-amazon.com/images/I/412jBd6yrKL._AC_UL320_.jpg
"If You Care Sandwich Bags, Natural , 48 Count",$9.99,https://www.amazon.com/CARE-Unbleached-Sandwich-Bags-Count/dp/B003BONV2G/ref=sr_1_38?crid=1ETD973V81N4Y&keywords=sandwich&qid=1670362040&sprefix=sandwich%2Caps%2C70&sr=8-38,https://m.media-amazon.com/images/I/7165db92WIL._AC_UL320_.jpg
"Nature Valley Biscuit Sandwiches, Peanut Butter, 1.35 oz, 10 ct",$6.54,https://www.amazon.com/Nature-Valley-Biscuits-Peanut-Butter/dp/B01N7LVABX/ref=sr_1_39?crid=1ETD973V81N4Y&keywords=sandwich&qid=1670362040&sprefix=sandwich%2Caps%2C70&sr=8-39,https://m.media-amazon.com/images/I/81-fNJBzISL._AC_UL320_.jpg
"Ziploc Sandwich and Snack Bags for On the Go Freshness, Grip 'n Seal Technology for Easier Grip, Open, and Close, 280 Count",$11.12,https://www.amazon.com/Ziploc-64262-Sandwich-Bags/dp/B00HG1GGUY/ref=sr_1_40?crid=1ETD973V81N4Y&keywords=sandwich&qid=1670362040&sprefix=sandwich%2Caps%2C70&sr=8-40,https://m.media-amazon.com/images/I/810k6EXCHbL._AC_UL320_.jpg
Belvita Breakfast Sandwich Dark Chocolate Creme 25 Packs Of 2,$23.00,https://www.amazon.com/Belvita-Breakfast-Sandwich-Chocolate-Creme/dp/B073HRV8ML/ref=sr_1_41?crid=1ETD973V81N4Y&keywords=sandwich&qid=1670362040&sprefix=sandwich%2Caps%2C70&sr=8-41,https://m.media-amazon.com/images/I/81sCHJCLo5L._AC_UL320_.jpg
"Keebler Products - Keebler - Sandwich Cracker, Club & Cheddar, 8-Cracker Snack Pack, 12 Packs/Box - Sold As 1 Box - Individually packaged. - Eight crackers per pack. -",$13.14,https://www.amazon.com/Keebler-Products-8-Cracker-Individually-packaged/dp/B004E2MXA0/ref=sr_1_42?crid=1ETD973V81N4Y&keywords=sandwich&qid=1670362040&sprefix=sandwich%2Caps%2C70&sr=8-42,https://m.media-amazon.com/images/I/51JQ+FPJlCL._AC_UL320_.jpg
Italian Tomato Sandwich Wrap,$8.49,https://www.amazon.com/NewGem-Italian-Tomato-Sandwich-Wrap/dp/B092T5HJH6/ref=sr_1_43?crid=1ETD973V81N4Y&keywords=sandwich&qid=1670362040&sprefix=sandwich%2Caps%2C70&sr=8-43,https://m.media-amazon.com/images/I/81mZ43Hi8UL._AC_UL320_.jpg
"Simple Mills Creamy Peanut Butter Sandwich Cookies - Gluten Free, Vegan, Healthy Snacks, 6.7 oz (Pack of 4)",$24.19,https://www.amazon.com/Simple-Mills-Creamy-Sandwich-Cookies/dp/B0B5M15MBZ/ref=sr_1_44?crid=1ETD973V81N4Y&keywords=sandwich&qid=1670362040&sprefix=sandwich%2Caps%2C70&sr=8-44,https://m.media-amazon.com/images/I/81rKMIs7lhL._AC_UL320_.jpg
"BerryFields Almond Butter & Strawberry Sandwiches, 8 OZ",$6.99,https://www.amazon.com/BerryFields-Almond-Butter-Strawberry-Sandwiches/dp/B0B6LX7GRC/ref=sr_1_45_f3_0o_wf?crid=1ETD973V81N4Y&keywords=sandwich&qid=1670362040&sprefix=sandwich%2Caps%2C70&sr=8-45,https://m.media-amazon.com/images/I/717x0dV4V9L._AC_UL320_.jpg
Ritz Cracker Sandwiches Made with Real Peanut Butter: 16 Packs of 1.38 Oz,$17.00,https://www.amazon.com/Ritz-Cracker-Sandwiches-Peanut-Butter/dp/B00J6DD70W/ref=sr_1_47_mod_primary_new?crid=1ETD973V81N4Y&keywords=sandwich&qid=1670362040&sbo=RZvfv%2F%2FHxDF%2BO5021pAnSA%3D%3D&sprefix=sandwich%2Caps%2C70&sr=8-47,https://m.media-amazon.com/images/I/91X6NfD5OzL._AC_UL320_.jpg
"Muscle Foods Muscle Sandwich Bars, Variety Pack | Real Ingredients, Whey Protein Isolate, High Protein Bars, 2-Ounce Bars (12 Count)",$27.99,https://www.amazon.com/Muscle-Foods-Sandwich-Variety-Ingredients/dp/B07SQH12C8/ref=sr_1_48?crid=1ETD973V81N4Y&keywords=sandwich&qid=1670362040&sprefix=sandwich%2Caps%2C70&sr=8-48,https://m.media-amazon.com/images/I/7149A8wMNcL._AC_UL320_.jpg
Sandwiches: Re-Imagine Sandwiches with Delicious Sandwich Recipes (2nd Edition),$0.00,https://www.amazon.com/Sandwiches-Re-Imagine-Delicious-Sandwich-Recipes-ebook/dp/B0837SWYW2/ref=sr_1_49?crid=1ETD973V81N4Y&keywords=sandwich&qid=1670362040&sprefix=sandwich%2Caps%2C70&sr=8-49,https://m.media-amazon.com/images/I/A1BYA9ZofEL._AC_UL320_.jpg
"MASON DIXIE BISCUIT CO Cheddar Sausage Breakfast Sandwich, 4.7 OZ",$2.69,https://www.amazon.com/MASON-DIXIE-BISCUIT-CO-Breakfast/dp/B08NDX97PN/ref=sr_1_50_f3_0o_wf?crid=1ETD973V81N4Y&keywords=sandwich&qid=1670362040&sprefix=sandwich%2Caps%2C70&sr=8-50,https://m.media-amazon.com/images/I/A1pSiLtMtjL._AC_UL320_.jpg
"belVita Chocolate Breakfast Biscuits, 6 Boxes of 5 Packs (4 Biscuits Per Pack)",$23.28,https://www.amazon.com/belVita-Chocolate-Breakfast-Biscuits-5Count/dp/B00IO2DO2W/ref=sr_1_51?crid=1ETD973V81N4Y&keywords=sandwich&qid=1670362040&sprefix=sandwich%2Caps%2C70&sr=8-51,https://m.media-amazon.com/images/I/81GuMqZl8FL._AC_UL320_.jpg
"365 by Whole Foods Market, Double Zipper Sandwich Bags, 100 Count",$3.29,https://www.amazon.com/365-Everyday-Value-Storage-Sandwich/dp/B074H76RM2/ref=sr_1_54_f3_0o_wf?crid=1ETD973V81N4Y&keywords=sandwich&qid=1670362040&sprefix=sandwich%2Caps%2C70&sr=8-54,https://m.media-amazon.com/images/I/81Di6wPas4L._AC_UL320_.jpg
Duke's Sandwich Relish 16oz Pack of (2) (2 jars),$26.44,https://www.amazon.com/Dukes-Sandwich-Relish-16oz-Pack/dp/B013PTZUSE/ref=sr_1_55?crid=1ETD973V81N4Y&keywords=sandwich&qid=1670362040&sprefix=sandwich%2Caps%2C70&sr=8-55,https://m.media-amazon.com/images/I/41nZqjULZmL._AC_UL320_.jpg
"365 by Whole Foods Market, Crackers Sandwich Cheese Mini Organic, 7.5 Ounce",$3.99,https://www.amazon.com/365-Everyday-Value-Sandwich-Crackers/dp/B07FWN33MB/ref=sr_1_56_f3_0o_wf?crid=1ETD973V81N4Y&keywords=sandwich&qid=1670362040&sprefix=sandwich%2Caps%2C70&sr=8-56,https://m.media-amazon.com/images/I/81j--u2TCOL._AC_UL320_.jpg
Cuisinart WMR-CA Round Classic Waffle Maker (Renewed),$24.99,https://www.amazon.com/Cuisinart-WMR-CA-Classic-Certified-Refurbished/dp/B000K9TZMA/ref=sr_1_57?crid=1ETD973V81N4Y&keywords=sandwich&qid=1670362040&sprefix=sandwich%2Caps%2C70&sr=8-57,https://m.media-amazon.com/images/I/41JZX70V32L._AC_UL320_.jpg
"Bone-in Kansas City Strip Steaks, 8 count, 16 oz each from Kansas City Steaks",$249.95,https://www.amazon.com/gp/slredirect/picassoRedirect.html/ref=pa_sp_btf_aps_sr_pg1_1?ie=UTF8&adId=A0213425R8YKAPMDPJOR&qualifier=1670362040&id=7358865897638767&widgetName=sp_btf&url=%2FBone-Kansas-City-Strip-Steaks%2Fdp%2FB08162JN12%2Fref%3Dsr_1_58_sspa%3Fcrid%3D1ETD973V81N4Y%26keywords%3Dsandwich%26qid%3D1670362040%26sprefix%3Dsandwich%252Caps%252C70%26sr%3D8-58-spons%26psc%3D1,https://m.media-amazon.com/images/I/81PF7b0a9iL._AC_UL320_.jpg
"Sensible Portions Sweet & Salty Straws Variety Pack, Apple Straws and Sea Salt Veggie Straws, 0.75 oz Bag (Pack of 24)",$23.99,https://www.amazon.com/gp/slredirect/picassoRedirect.html/ref=pa_sp_btf_aps_sr_pg1_1?ie=UTF8&adId=A02803421ARO8U5UM930H&qualifier=1670362040&id=7358865897638767&widgetName=sp_btf&url=%2FSensible-Portions-Straws-Variety-Veggie%2Fdp%2FB0BHD2TX2L%2Fref%3Dsr_1_59_sspa%3Fcrid%3D1ETD973V81N4Y%26keywords%3Dsandwich%26qid%3D1670362040%26sprefix%3Dsandwich%252Caps%252C70%26sr%3D8-59-spons%26psc%3D1,https://m.media-amazon.com/images/I/71evBg414QL._AC_UL320_.jpg
"Catalina Crunch Peanut Butter Keto Sandwich Cookies 2 Pack 6.8 oz Box | Keto Snacks | Low Carb, Low Sugar, Vegan Cookies, Plant Based Protein Cookies | Keto Friendly Food, Keto Dessert",$20.24,https://www.amazon.com/gp/slredirect/picassoRedirect.html/ref=pa_sp_btf_aps_sr_pg1_1?ie=UTF8&adId=A009513029SR7NZZ9JD8O&qualifier=1670362040&id=7358865897638767&widgetName=sp_btf&url=%2FCatalina-Crunch-Sandwich-Cookies-Friendly%2Fdp%2FB08SQZMSGD%2Fref%3Dsr_1_60_sspa%3Fcrid%3D1ETD973V81N4Y%26keywords%3Dsandwich%26qid%3D1670362040%26sprefix%3Dsandwich%252Caps%252C70%26sr%3D8-60-spons%26psc%3D1,https://m.media-amazon.com/images/I/71OXINU7XVL._AC_UL320_.jpg
