item_name,price,link_to_item,link_to_item_image
"Amazon Basics Multipurpose, Comfort Grip, PVD coated, Stainless Steel Office Scissors - Pack of 3",$9.10,https://www.amazon.com/gp/slredirect/picassoRedirect.html/ref=pa_sp_atf_aps_sr_pg1_1?ie=UTF8&adId=A043219126UCIT8SCXA9J&qualifier=1670362103&id=6259960279715642&widgetName=sp_atf&url=%2FAmazon-Basics-Multipurpose-Titanium-Stainless%2Fdp%2FB01BRGU8R0%2Fref%3Dsr_1_1_sspa%3Fcrid%3D1ETD973V81N4Y%26keywords%3Dscissors%26qid%3D1670362103%26sprefix%3Dscissors%252Caps%252C70%26sr%3D8-1-spons%26psc%3D1,https://m.media-amazon.com/images/I/61Kt+fEtyRL._AC_UL320_.jpg
"Westcott 8"" Titanium-Bonded Non-Stick Scissors For Office & Home, Gray/Yellow, 3 Pack (15454)",$12.63,https://www.amazon.com/gp/slredirect/picassoRedirect.html/ref=pa_sp_atf_aps_sr_pg1_1?ie=UTF8&adId=A03890563BBC35LRMBTIP&qualifier=1670362103&id=6259960279715642&widgetName=sp_atf&url=%2FWestcott-Titanium-Non-Stick-Straight-Scissors%2Fdp%2FB006TIMNL6%2Fref%3Dsr_1_2_sspa%3Fcrid%3D1ETD973V81N4Y%26keywords%3Dscissors%26qid%3D1670362103%26sprefix%3Dscissors%252Caps%252C70%26sr%3D8-2-spons%26psc%3D1,https://m.media-amazon.com/images/I/81g85fUoUIL._AC_UL320_.jpg
"Scissors, Multipurpose office Scissors ,8.5 Inch Ultra Sharp Shears, Comfort-Grip Handles Household scissors，Sturdy Sharp Craft Supplies - Pack of 5, Right/Left Hande",$9.99,https://www.amazon.com/gp/slredirect/picassoRedirect.html/ref=pa_sp_atf_aps_sr_pg1_1?ie=UTF8&adId=A07679312W2R46AFW27GO&qualifier=1670362103&id=6259960279715642&widgetName=sp_atf&url=%2FScissors-Multipurpose-Comfort-Grip-Household-scissors%25EF%25BC%258CSturdy%2Fdp%2FB098DPR27M%2Fref%3Dsr_1_3_sspa%3Fcrid%3D1ETD973V81N4Y%26keywords%3Dscissors%26qid%3D1670362103%26sprefix%3Dscissors%252Caps%252C70%26sr%3D8-3-spons%26psc%3D1,https://m.media-amazon.com/images/I/61J8dpUMVlS._AC_UL320_.jpg
LIVINGO Premium Tailor Scissors Heavy Duty Multi-Purpose Titanium Coating Forged Stainless Steel Sewing Fabric Leather Dressmaking Comfort Grip Shears Professional Crafting (9.5 INCH),$13.99,https://www.amazon.com/gp/slredirect/picassoRedirect.html/ref=pa_sp_atf_aps_sr_pg1_1?ie=UTF8&adId=A05953711ZUA244BQH57P&qualifier=1670362103&id=6259960279715642&widgetName=sp_atf&url=%2FLIVINGO-Multi-Purpose-Stainless-Dressmaking-Professional%2Fdp%2FB079L16LN6%2Fref%3Dsr_1_4_sspa%3Fcrid%3D1ETD973V81N4Y%26keywords%3Dscissors%26qid%3D1670362103%26sprefix%3Dscissors%252Caps%252C70%26sr%3D8-4-spons%26psc%3D1,https://m.media-amazon.com/images/I/61HYik3yUxS._AC_UL320_.jpg
"Fiskars 01-004761J Softgrip Scissors Straight Stainless Steel, 8 Inch,Gray",$6.48,https://www.amazon.com/Fiskars-01-004761J-Softgrip-Scissors-Stainless/dp/B002YIP97K/ref=sr_1_5?crid=1ETD973V81N4Y&keywords=scissors&qid=1670362103&sprefix=scissors%2Caps%2C70&sr=8-5,https://m.media-amazon.com/images/I/51LOf8l48VL._AC_UL320_.jpg
"Scissors, iBayam 8"" Multipurpose Scissors Bulk Ultra Sharp Shears, Comfort-Grip Sturdy Scissors for Office Home School Sewing Fabric Craft Supplies, Right/Left Handed, 3-Pack, Mint, Grey, Purple",$8.99,https://www.amazon.com/Scissors-Titanium-Multipurpose-Comfort-Grip-Handles/dp/B07H3QKN2Z/ref=sr_1_6?crid=1ETD973V81N4Y&keywords=scissors&qid=1670362103&sprefix=scissors%2Caps%2C70&sr=8-6,https://m.media-amazon.com/images/I/61eT3wcT+KL._AC_UL320_.jpg
"Asdirne Scissors Set of 4, Premium Stainless Steel Razor Blades, Ergonomic Semi-Soft Rubber Grip, Suitable for School, Office and Family Daily Use, 9.6''/8.5''/6.4""/5.4"", Blue&Gray",$8.99,https://www.amazon.com/Asdirne-Scissors-Stainless-Ergonomic-Semi-Soft/dp/B08P8S4JRR/ref=sr_1_7?crid=1ETD973V81N4Y&keywords=scissors&qid=1670362103&sprefix=scissors%2Caps%2C70&sr=8-7,https://m.media-amazon.com/images/I/515tjBuPDoL._AC_UL320_.jpg
"Amazon Basics Multipurpose, Comfort Grip, PVD coated, Stainless Steel Office Scissors - Pack of 3",$9.10,https://www.amazon.com/Amazon-Basics-Multipurpose-Titanium-Stainless/dp/B01BRGU8R0/ref=sr_1_8?crid=1ETD973V81N4Y&keywords=scissors&qid=1670362103&sprefix=scissors%2Caps%2C70&sr=8-8,https://m.media-amazon.com/images/I/61Kt+fEtyRL._AC_UL320_.jpg
"Scotch 8"" Precision Scissors, Great for Everyday Use (1448)",$5.59,https://www.amazon.com/Scotch-1448-Precision-Scissor-8-Inches/dp/B001BKHHGS/ref=sr_1_9?crid=1ETD973V81N4Y&keywords=scissors&qid=1670362103&sprefix=scissors%2Caps%2C70&sr=8-9,https://m.media-amazon.com/images/I/610nogtoo+L._AC_UL320_.jpg
"Scotch 8"" Multi-Purpose Scissors, 2-Pack, Great for Everyday Use (1428-2)",$7.89,https://www.amazon.com/Scotch-Multi-Purpose-Scissor-Inch-1428-2/dp/B004BSDLS0/ref=sr_1_10?crid=1ETD973V81N4Y&keywords=scissors&qid=1670362103&sprefix=scissors%2Caps%2C70&sr=8-10,https://m.media-amazon.com/images/I/71-KpRX8kVL._AC_UL320_.jpg
"Kitchen Shears, iBayam Kitchen Scissors Heavy Duty Meat Scissors Poultry Shears, Dishwasher Safe Food Cooking Scissors All Purpose Stainless Steel Utility Scissors, 2-Pack (Black Red, Black Gray)",$9.99,https://www.amazon.com/iBayam-Scissors-Dishwasher-Multipurpose-Stainless/dp/B08FLKHG8J/ref=sr_1_11?crid=1ETD973V81N4Y&keywords=scissors&qid=1670362103&sprefix=scissors%2Caps%2C70&sr=8-11,https://m.media-amazon.com/images/I/61NgOMdMSyS._AC_UL320_.jpg
"Scissors Set of 6-Pack, 8"" Scissors All Purpose Comfort-Grip Handles Sharp Scissors for Office Home School Craft Sewing Fabric Supplies, High/Middle School Student Teacher Scissor, Right/Left Handed",$8.47,https://www.amazon.com/Scissors-Purpose-Comfort-Grip-Handles-Supplies/dp/B09NRF48SQ/ref=sr_1_12?crid=1ETD973V81N4Y&keywords=scissors&qid=1670362103&sprefix=scissors%2Caps%2C70&sr=8-12,https://m.media-amazon.com/images/I/71w9hwN1pPL._AC_UL320_.jpg
"PYOF Scissors, 8"" Scissors All Purpose Stainless Steel Craft Scissors Sharp Fabric Scissors Comfort Grip Scissors for Office School Home Right/Left Handed 3 Packs (Green, Black, Red)",$6.99,https://www.amazon.com/gp/slredirect/picassoRedirect.html/ref=pa_sp_mtf_aps_sr_pg1_1?ie=UTF8&adId=A021626719ZFFTRNP3ERH&qualifier=1670362103&id=6259960279715642&widgetName=sp_mtf&url=%2FPYOF-Scissors-Purpose-Stainless-Comfort%2Fdp%2FB09YCD3THG%2Fref%3Dsr_1_13_sspa%3Fcrid%3D1ETD973V81N4Y%26keywords%3Dscissors%26qid%3D1670362103%26sprefix%3Dscissors%252Caps%252C70%26sr%3D8-13-spons%26psc%3D1,https://m.media-amazon.com/images/I/61JQUBEZHSL._AC_UL320_.jpg
"Scissors All Purpose, Huhuhero Premium 8.7"" Titanium Super Sharp Scissors Heavy Duty Shears, Soft Comfort-Grip Scissors for Office School Home Craft Supplies, Right/Left Handed Scissors, 3-Pack",$8.99,https://www.amazon.com/gp/slredirect/picassoRedirect.html/ref=pa_sp_mtf_aps_sr_pg1_1?ie=UTF8&adId=A00550852KFBGPSD5WAQU&qualifier=1670362103&id=6259960279715642&widgetName=sp_mtf&url=%2FScissors-Huhuhero-Titanium-Comfort-Grip-Supplies%2Fdp%2FB09NVNYJ1R%2Fref%3Dsr_1_14_sspa%3Fcrid%3D1ETD973V81N4Y%26keywords%3Dscissors%26qid%3D1670362103%26sprefix%3Dscissors%252Caps%252C70%26sr%3D8-14-spons%26psc%3D1,https://m.media-amazon.com/images/I/61NFekfpakL._AC_UL320_.jpg
"Fiskars The Original Handled Scissors, 8 Inch, Crafting, Paper Cutting, Multi Surface Use, Orange",$9.37,https://www.amazon.com/Fiskars-12-94518697WJ-Original-Handled-Scissors/dp/B00006IFN9/ref=sr_1_15?crid=1ETD973V81N4Y&keywords=scissors&qid=1670362103&sprefix=scissors%2Caps%2C70&sr=8-15,https://m.media-amazon.com/images/I/51FOaHqDCaL._AC_UL320_.jpg
"Best Titanium Scissors - 5 Pack - 8"" Blade - (Strong Titanium Steel) - Comfortable Soft Handles in a Variety of Colors - Multi-Purpose Shears - Perfect for Cutting Paper, Fabric, Photos, & More",$6.59,https://www.amazon.com/Best-Titanium-Scissors-Comfortable-Multi-Purpose/dp/B01GGUAIX6/ref=sr_1_16?crid=1ETD973V81N4Y&keywords=scissors&qid=1670362103&sprefix=scissors%2Caps%2C70&sr=8-16,https://m.media-amazon.com/images/I/71pk+1m9lRL._AC_UL320_.jpg
"NBBRO Scissors All Purpose,8.5'' Multipurpose Scissors Bulk 3-Pack,Stainless Steel Sharp Scissors for Office Home School Sewing Fabric Craft Supplies, Red",$7.99,https://www.amazon.com/NBBRO-Scissors-Multipurpose-Stainless-Supplies/dp/B0B19Q8KB2/ref=sr_1_17?crid=1ETD973V81N4Y&keywords=scissors&qid=1670362103&sprefix=scissors%2Caps%2C70&sr=8-17,https://m.media-amazon.com/images/I/61FgWY4hHBL._AC_UL320_.jpg
"Mr. Pen- Fabric Scissors, Sewing Scissors, 8 inch Premium Tailor Scissors, Heavy Duty Scissors, Sharp Scissors, Fabric Shears, Heavy Duty Scissor, Sharp Scissors, Sewing Shears, Utility Scissors",$8.99,https://www.amazon.com/Mr-Scissors-Premium-Scissor-Utility/dp/B086RV7LQ2/ref=sr_1_18?crid=1ETD973V81N4Y&keywords=scissors&qid=1670362103&sprefix=scissors%2Caps%2C70&sr=8-18,https://m.media-amazon.com/images/I/71M5gw4HLSL._AC_UL320_.jpg
"Scotch 6"" Precision Scissors, Great for Everyday Use (1446)",$4.95,https://www.amazon.com/Scotch-Precision-Scissor-6-Inches-1-pack/dp/B001KYQP22/ref=sr_1_19?crid=1ETD973V81N4Y&keywords=scissors&qid=1670362103&sprefix=scissors%2Caps%2C70&sr=8-19,https://m.media-amazon.com/images/I/71PO-6vLZNL._AC_UL320_.jpg
"Scissors, Taotree 8"" Multipurpose Scissor Bulk Pack of 5, Stainless Steel Sharp Scissors for Office Home General Use, High/Middle School Classroom Teacher Student Kids Scissors Supplies, Same Size",$8.99,https://www.amazon.com/Scissors-Taotree-Multipurpose-Comfort-Grip-Stainless/dp/B07TT1SFYL/ref=sr_1_20?crid=1ETD973V81N4Y&keywords=scissors&qid=1670362103&sprefix=scissors%2Caps%2C70&sr=8-20,https://m.media-amazon.com/images/I/61SS9v6haBL._AC_UL320_.jpg
"BURVAGY 8” Multipurpose Scissors Bulk Pack of 5, Ultra Sharp School Scissors with Comfort Grip Handle, Sturdy Sharp Scissors for Office Home School Sewing Fabric Craft Supplies, Right / Left Handed",$5.39,https://www.amazon.com/BURVAGY-Multipurpose-Scissors-Comfort-Supplies/dp/B09XXD4DHM/ref=sr_1_21?crid=1ETD973V81N4Y&keywords=scissors&qid=1670362103&sprefix=scissors%2Caps%2C70&sr=8-21,https://m.media-amazon.com/images/I/71aVBJhAaoL._AC_UL320_.jpg
"LIVINGO 2 Pack 8"" Titanium Non-Stick Scissors, Professional Stainless Steel Comfort Grip, All-Purpose, Straight Office Craft Scissors for DIY(Red/Black)",$9.59,https://www.amazon.com/LIVINGO-Non-Stick-Professional-Stainless-All-Purpose/dp/B07H4LTQ1D/ref=sr_1_22?crid=1ETD973V81N4Y&keywords=scissors&qid=1670362103&sprefix=scissors%2Caps%2C70&sr=8-22,https://m.media-amazon.com/images/I/61LLRwdCBaL._AC_UL320_.jpg
"Westcott 5"" Straight Titanium Bonded Craft Scissors with Micro-Tip (16376)",$5.53,https://www.amazon.com/gp/slredirect/picassoRedirect.html/ref=pa_sp_mtf_aps_sr_pg1_1?ie=UTF8&adId=A0448035HS54J5WMRVL7&qualifier=1670362103&id=6259960279715642&widgetName=sp_mtf&url=%2FWestcott-Straight-Titanium-Bonded-Scissors%2Fdp%2FB072RV8SC7%2Fref%3Dsr_1_23_sspa%3Fcrid%3D1ETD973V81N4Y%26keywords%3Dscissors%26qid%3D1670362103%26sprefix%3Dscissors%252Caps%252C70%26sr%3D8-23-spons%26psc%3D1,https://m.media-amazon.com/images/I/71VjGbK2-UL._AC_UL320_.jpg
"Facial Hair Small Grooming Scissors For Men Women - Eyebrow, Nose Hair, Mustache, Beard, Eyelashes, Ear Trimming Kit - Curved and Rounded Safety Tip Clippers For Hair Cutting - Stainless Steel 2PCS",$6.99,https://www.amazon.com/gp/slredirect/picassoRedirect.html/ref=pa_sp_mtf_aps_sr_pg1_1?ie=UTF8&adId=A08472622JKVG8I1PGMA2&qualifier=1670362103&id=6259960279715642&widgetName=sp_mtf&url=%2FFacial-Small-Grooming-Scissors-Women%2Fdp%2FB07SRM6MK2%2Fref%3Dsr_1_24_sspa%3Fcrid%3D1ETD973V81N4Y%26keywords%3Dscissors%26qid%3D1670362103%26sprefix%3Dscissors%252Caps%252C70%26sr%3D8-24-spons%26psc%3D1,https://m.media-amazon.com/images/I/71+Lw6IOZwL._AC_UL320_.jpg
"Plus Fit Cut Curve Scissors, Small, Blue (35050)",$5.89,https://www.amazon.com/gp/slredirect/picassoRedirect.html/ref=pa_sp_mtf_aps_sr_pg1_1?ie=UTF8&adId=A06051733KGOWPIV09GYA&qualifier=1670362103&id=6259960279715642&widgetName=sp_mtf&url=%2FPlus-Curve-Scissors-Small-35050%2Fdp%2FB00KXFTIBY%2Fref%3Dsr_1_25_sspa%3Fcrid%3D1ETD973V81N4Y%26keywords%3Dscissors%26qid%3D1670362103%26sprefix%3Dscissors%252Caps%252C70%26sr%3D8-25-spons%26psc%3D1,https://m.media-amazon.com/images/I/6179VtyItTL._AC_UL320_.jpg
"Pastel Scissors, Niutop 8"" All Purpose Scissors Heavy Duty Ergonomic Comfort Grip Shears Sharp Scissors for Office Home Household Sewing High/Middle School Students Teacher Art Craft DIY Supplies",$7.99,https://www.amazon.com/gp/slredirect/picassoRedirect.html/ref=pa_sp_mtf_aps_sr_pg1_1?ie=UTF8&adId=A0431224A82OG9OP0127&qualifier=1670362103&id=6259960279715642&widgetName=sp_mtf&url=%2FScissors-Niutop-Ergonomic-Household-Students%2Fdp%2FB08ZC597RC%2Fref%3Dsr_1_26_sspa%3Fcrid%3D1ETD973V81N4Y%26keywords%3Dscissors%26qid%3D1670362103%26sprefix%3Dscissors%252Caps%252C70%26sr%3D8-26-spons%26psc%3D1,https://m.media-amazon.com/images/I/71SfF+XtjkL._AC_UL320_.jpg
LIVINGO Premium Tailor Scissors Heavy Duty Multi-Purpose Titanium Coating Forged Stainless Steel Sewing Fabric Leather Dressmaking Comfort Grip Shears Professional Crafting (9.5 INCH),$13.99,https://www.amazon.com/LIVINGO-Multi-Purpose-Stainless-Dressmaking-Professional/dp/B079L16LN6/ref=sr_1_27?crid=1ETD973V81N4Y&keywords=scissors&qid=1670362103&sprefix=scissors%2Caps%2C70&sr=8-27,https://m.media-amazon.com/images/I/61HYik3yUxS._AC_UL320_.jpg
"Scissors, iBayam 8"" Multipurpose Scissors Bulk 3-Pack, Ultra Sharp Blade Shears, Comfort-Grip Handles, Sturdy Sharp Scissors for Office Home School Sewing Fabric Craft Supplies, Right/Left Hand",$7.99,https://www.amazon.com/Scissors-Multipurpose-Comfort-Grip-Handles-Supplies/dp/B07YDDX4JL/ref=sr_1_28?crid=1ETD973V81N4Y&keywords=scissors&qid=1670362103&sprefix=scissors%2Caps%2C70&sr=8-28,https://m.media-amazon.com/images/I/61L1TYoAUOL._AC_UL320_.jpg
"LIVINGO 10'' Multipurpose Heavy Duty Scissors, Premium Titanium Coating Forged Stainless Steel Tool Industrial Shears for Household Pruning, Gardening, Fabric",$24.99,https://www.amazon.com/LIVINGO-Multipurpose-Stainless-Industrial-Household/dp/B088B8JZ6P/ref=sr_1_29?crid=1ETD973V81N4Y&keywords=scissors&qid=1670362103&sprefix=scissors%2Caps%2C70&sr=8-29,https://m.media-amazon.com/images/I/6184we+D0SL._AC_UL320_.jpg
"Scissors All Purpose, Huhuhero Premium 8.7"" Titanium Super Sharp Scissors Heavy Duty Shears, Soft Comfort-Grip Scissors for Office School Home Craft Supplies, Right/Left Handed Scissors, 3-Pack",$8.99,https://www.amazon.com/Scissors-Huhuhero-Titanium-Comfort-Grip-Supplies/dp/B09NVNYJ1R/ref=sr_1_30?crid=1ETD973V81N4Y&keywords=scissors&qid=1670362103&sprefix=scissors%2Caps%2C70&sr=8-30,https://m.media-amazon.com/images/I/61NFekfpakL._AC_UL320_.jpg
"Scissors Bulk 6-Pack, All Purpose Scissors Stainless Steel Sharp Scissors for Office Home General Use Craft Supplies, High/Middle School Classroom Class Older Kids Scissor Set, Right / Left Handed",$5.99,https://www.amazon.com/Scissors-Purpose-Stainless-Supplies-Classroom/dp/B09J5GCNVP/ref=sr_1_31?crid=1ETD973V81N4Y&keywords=scissors&qid=1670362103&sprefix=scissors%2Caps%2C70&sr=8-31,https://m.media-amazon.com/images/I/71szdHbqgBL._AC_UL320_.jpg
"Asdirne 6.4"" Scissors, Stainless Steel Blades, Soft Grip Handle, Suitable for Households,Offices and Schools, All Purpose, Blue/Grey",$3.99,https://www.amazon.com/Asdirne-Scissors-Stainless-Suitable-Households/dp/B0B5CHHXVK/ref=sr_1_32?crid=1ETD973V81N4Y&keywords=scissors&qid=1670362103&sprefix=scissors%2Caps%2C70&sr=8-32,https://m.media-amazon.com/images/I/51a3qvMgEeL._AC_UL320_.jpg
"Scissors, Multipurpose office Scissors ,8.5 Inch Ultra Sharp Shears, Comfort-Grip Handles Household scissors，Sturdy Sharp Craft Supplies - Pack of 5, Right/Left Hande",$9.99,https://www.amazon.com/Scissors-Multipurpose-Comfort-Grip-Household-scissors%EF%BC%8CSturdy/dp/B098DPR27M/ref=sr_1_33?crid=1ETD973V81N4Y&keywords=scissors&qid=1670362103&sprefix=scissors%2Caps%2C70&sr=8-33,https://m.media-amazon.com/images/I/61J8dpUMVlS._AC_UL320_.jpg
"Scissors, WS 8"" Multipurpose Scissors Bulk 3-Pack, Razor Sharp Blade Shears, Comfort-Grip Handles,Left/Right Handed, Strong Sharp Scissors Office Home School Sewing Fabric Craft Supplies",$4.99,https://www.amazon.com/Scissors-Multipurpose-Comfort-Grip-Handles-Supplies/dp/B09HVBLX82/ref=sr_1_34?crid=1ETD973V81N4Y&keywords=scissors&qid=1670362103&sprefix=scissors%2Caps%2C70&sr=8-34,https://m.media-amazon.com/images/I/71PNCKS4k6L._AC_UL320_.jpg
"Fiskars 01-004244J Premier Softgrip Titanium Straight Adult Scissors, 8 Inch, Orange",$19.37,https://www.amazon.com/Fiskars-01-004244J-Softgrip-Titanium-Straight/dp/B0033UNIQC/ref=sr_1_35?crid=1ETD973V81N4Y&keywords=scissors&qid=1670362103&sprefix=scissors%2Caps%2C70&sr=8-35,https://m.media-amazon.com/images/I/81hKnYx8bzL._AC_UL320_.jpg
"Scissors Bulk Set of 5-Pack, Niutop 8"" Multipurpose Sharp Sewing Craft Fabric Scissors for Office Home High/Middle School Student Office Teacher Art Supplies, Soft Comfort-Grip Right/Left Handles",$9.99,https://www.amazon.com/Scissors-Niutop-Titanium-Multipurpose-Comfort-Grip/dp/B07H4N8DL9/ref=sr_1_36?crid=1ETD973V81N4Y&keywords=scissors&qid=1670362103&sprefix=scissors%2Caps%2C70&sr=8-36,https://m.media-amazon.com/images/I/61qQbncVj8L._AC_UL320_.jpg
"Westcott 8"" Straight Titanium Bonded Non-Stick Scissors with Adjustable Glide Feature 2 Pack (16550), Grey/Yellow",$8.88,https://www.amazon.com/Westcott-Straight-Titanium-Scissors-16550/dp/B074ZV18G5/ref=sr_1_37?crid=1ETD973V81N4Y&keywords=scissors&qid=1670362103&sprefix=scissors%2Caps%2C70&sr=8-37,https://m.media-amazon.com/images/I/71wRWxRYBmL._AC_UL320_.jpg
"KitchenAid All Purpose Shears with Protective Sheath, One Size, Black",$8.99,https://www.amazon.com/KitchenAid-KE351OHOBA-Purpose-Shears-Black/dp/B07PZF3QS3/ref=sr_1_38?crid=1ETD973V81N4Y&keywords=scissors&qid=1670362103&sprefix=scissors%2Caps%2C70&sr=8-38,https://m.media-amazon.com/images/I/51Byq+vTy1L._AC_UL320_.jpg
"Scotch 8 Inch Multi-Purpose Scissors, Great for Everyday Use (1428)",$6.59,https://www.amazon.com/Scotch-Multi-Purpose-Stainless-Scissor-8-Inches/dp/B001BKFTB8/ref=sr_1_39?crid=1ETD973V81N4Y&keywords=scissors&qid=1670362103&sprefix=scissors%2Caps%2C70&sr=8-39,https://m.media-amazon.com/images/I/71w2pEXj9FL._AC_UL320_.jpg
"Craft Scissors Set of 3 Pack , All Purpose Sharp Titanium Blades Shears Rubber Soft Grip Handle, Multipurpose Fabric Scissors Tool Great for Adults, Office, Sewing, School and Home Supplies, Purple",$10.98,https://www.amazon.com/Scissors-Purpose-Titanium-Multipurpose-Supplies/dp/B09CNDS733/ref=sr_1_40?crid=1ETD973V81N4Y&keywords=scissors&qid=1670362103&sprefix=scissors%2Caps%2C70&sr=8-40,https://m.media-amazon.com/images/I/61IoN19DU0L._AC_UL320_.jpg
OXO Good Grips Multi-Purpose Kitchen and Herbs Scissors,$19.95,https://www.amazon.com/OXO-Grips-Multi-Purpose-Kitchen-Scissors/dp/B000KILLXM/ref=sr_1_41?crid=1ETD973V81N4Y&keywords=scissors&qid=1670362103&sprefix=scissors%2Caps%2C70&sr=8-41,https://m.media-amazon.com/images/I/71-YhbwIOsS._AC_UL320_.jpg
"GAIFONGRE Titanium scissors,Fabric scissors Set of 3 pcs ,Sharp blades,Rubber Soft Grip Handle,all purpose scissors set for Sewing craft Office and Home Supplies, Black green",$9.99,https://www.amazon.com/GAIFONGRE-Titanium-scissors-purpose-Supplies/dp/B0B1LW5B62/ref=sr_1_42?crid=1ETD973V81N4Y&keywords=scissors&qid=1670362103&sprefix=scissors%2Caps%2C70&sr=8-42,https://m.media-amazon.com/images/I/61sbl5DnnKL._AC_UL320_.jpg
"Westcott 5"" Straight Titanium Bonded Craft Scissors with Micro-Tip (16376)",$5.53,https://www.amazon.com/Westcott-Straight-Titanium-Bonded-Scissors/dp/B072RV8SC7/ref=sr_1_43?crid=1ETD973V81N4Y&keywords=scissors&qid=1670362103&sprefix=scissors%2Caps%2C70&sr=8-43,https://m.media-amazon.com/images/I/71VjGbK2-UL._AC_UL320_.jpg
"iBayam Kids Scissors, 5"" Small Safety Student Scissors with Blunt Tip for Toddler School Classroom Children Craft Supplies, 4 Colors",$9.99,https://www.amazon.com/iBayam-Scissors-Classroom-Children-Supplies/dp/B0BBR5SP95/ref=sr_1_44?crid=1ETD973V81N4Y&keywords=scissors&qid=1670362103&sprefix=scissors%2Caps%2C70&sr=8-44,https://m.media-amazon.com/images/I/71sqRjiVTgL._AC_UL320_.jpg
"Basix 55848 4-Pack 8"" Scissors with Titanium Bonded Blades, 4 Count",$6.29,https://www.amazon.com/Basix-55847-2-Pack-Scissors-Titanium/dp/B08839LPH5/ref=sr_1_45?crid=1ETD973V81N4Y&keywords=scissors&qid=1670362103&sprefix=scissors%2Caps%2C70&sr=8-45,https://m.media-amazon.com/images/I/71J6RSRwtsL._AC_UL320_.jpg
"LIVINGO 8.5"" Scissors All Purpose, 3 Pack Ultra Sharp Blade Shears, Professional Ergonomic Comfort Grip Scissors for Office School Home Supplies Fabric Sewing DIY Cutting General Use",$11.99,https://www.amazon.com/LIVINGO-Scissors-Professional-Ergonomic-Supplies/dp/B097H42ZQR/ref=sr_1_46?crid=1ETD973V81N4Y&keywords=scissors&qid=1670362103&sprefix=scissors%2Caps%2C70&sr=8-46,https://m.media-amazon.com/images/I/61X4GN9SgtL._AC_UL320_.jpg
"PYOF Scissors, 8"" Scissors All Purpose Stainless Steel Craft Scissors Sharp Fabric Scissors Comfort Grip Scissors for Office School Home Right/Left Handed 3 Packs(Yellow, Green, Blue)",$5.99,https://www.amazon.com/PYOF-Scissors-Purpose-Stainless-Comfort/dp/B09YCP7N15/ref=sr_1_47?crid=1ETD973V81N4Y&keywords=scissors&qid=1670362103&sprefix=scissors%2Caps%2C70&sr=8-47,https://m.media-amazon.com/images/I/61SMOhi4A7L._AC_UL320_.jpg
"Utopia Care Hairdressing Scissors Hair Scissors,6.5 Inch Hair Cutting Scissor, Premium Stainless Steel Razor with Sharp Edge Blade & Salon Scissors, for Men, Women, Barber, Kids, Adults, Pets (Silver)",$5.03,https://www.amazon.com/Utopia-Care-Hairdressing-Scissors-Stainless/dp/B01C9E7MA0/ref=sr_1_48?crid=1ETD973V81N4Y&keywords=scissors&qid=1670362103&sprefix=scissors%2Caps%2C70&sr=8-48,https://m.media-amazon.com/images/I/61XOgyaOgyL._AC_UL320_.jpg
"Fiskars 8 Inch Titanium Softgrip Scissors, Grey 3 Pack",$25.99,https://www.amazon.com/Fiskars-Inch-Titanium-Softgrip-Scissors/dp/B016IAO0CY/ref=sr_1_49?crid=1ETD973V81N4Y&keywords=scissors&qid=1670362103&sprefix=scissors%2Caps%2C70&sr=8-49,https://m.media-amazon.com/images/I/71xtOsliouL._AC_UL320_.jpg
"[2-pack] Kitchen Scissors Heavy Duty, Jocule Kitchen Shears Heavy Duty Scissors Kitchen, Upgrade Poultry Shears, Kitchen Shears Dishwasher Safe, Meat, Food Scissors, kitchen sissors for general use",$7.79,https://www.amazon.com/Kitchen-Scissors-Jocule-Upgrade-Dishwasher/dp/B0B3Y64HF4/ref=sr_1_50?crid=1ETD973V81N4Y&keywords=scissors&qid=1670362103&sprefix=scissors%2Caps%2C70&sr=8-50,https://m.media-amazon.com/images/I/71ClZB9mEtL._AC_UL320_.jpg
"Asdirne Kitchen Scissors Set, Knife-Grade Stainless Steel, TPR Comfortable Handle All Purpose Scissors, Include One Poultry Shears and Four Different Sizes of Cooking Scissors, Perfect Kitchen Partner",$16.99,https://www.amazon.com/Asdirne-Knife-Grade-Stainless-Comfortable-Different/dp/B08XJSY131/ref=sr_1_51?crid=1ETD973V81N4Y&keywords=scissors&qid=1670362103&sprefix=scissors%2Caps%2C70&sr=8-51,https://m.media-amazon.com/images/I/61cn17UdHgL._AC_UL320_.jpg
"Facial Hair Small Grooming Scissors For Men Women - Eyebrow, Nose Hair, Mustache, Beard, Eyelashes, Ear Trimming Kit - Curved and Rounded Safety Tip Clippers For Hair Cutting - Stainless Steel 2PCS",$6.99,https://www.amazon.com/Facial-Small-Grooming-Scissors-Women/dp/B07SRM6MK2/ref=sr_1_52?crid=1ETD973V81N4Y&keywords=scissors&qid=1670362103&sprefix=scissors%2Caps%2C70&sr=8-52,https://m.media-amazon.com/images/I/71+Lw6IOZwL._AC_UL320_.jpg
"Scissors, Niutop 8"" All Purpose Scissors Heavy Duty Ergonomic Comfort Grip Craft Shears Sharp Scissors for Office Home Household Sewing High/Middle School Students Teacher Art Craft DIY Supplies",$7.99,https://www.amazon.com/Scissors-Niutop-Ergonomic-Household-Students/dp/B08KRL5BFC/ref=sr_1_53?crid=1ETD973V81N4Y&keywords=scissors&qid=1670362103&sprefix=scissors%2Caps%2C70&sr=8-53,https://m.media-amazon.com/images/I/718IrxlnEnL._AC_UL320_.jpg
"Plus Fit Cut Curve Scissors, Large, Pink (35061)",$7.98,https://www.amazon.com/Plus-Curve-Scissors-Large-35061/dp/B00KXFTI96/ref=sr_1_54?crid=1ETD973V81N4Y&keywords=scissors&qid=1670362103&sprefix=scissors%2Caps%2C70&sr=8-54,https://m.media-amazon.com/images/I/61PWUX3lfML._AC_UL320_.jpg
"Maped Ultimate Precision Scissors, 8.25 Inch, Right & Left Handed (697710)",$8.58,https://www.amazon.com/Maped-Ultimate-Precision-Scissors-Inches/dp/B003POJWB6/ref=sr_1_55?crid=1ETD973V81N4Y&keywords=scissors&qid=1670362103&sprefix=scissors%2Caps%2C70&sr=8-55,https://m.media-amazon.com/images/I/71AnqVwT7iL._AC_UL320_.jpg
"Scissors, QMVESS 8.5"" Scissors All Purpose 3 Pack, Ultra Sharp Multipurpose Office Scissors, Comfort-Grip Scissors for School Office Home Sewing Fabric Craft Supplies, Right / Left Handed",$5.94,https://www.amazon.com/Multipurpose-Scissors-Comfort-Supplies-Crafting/dp/B08M5DX18J/ref=sr_1_56?crid=1ETD973V81N4Y&keywords=scissors&qid=1670362103&sprefix=scissors%2Caps%2C70&sr=8-56,https://m.media-amazon.com/images/I/61NzhYBItzL._AC_UL320_.jpg
"KUNIFU Kitchen Scissors All Purpose Heavy Duty, Kitchen Shears Come Apart Dishwasher Safe, Ultra Sharp Stainless Steel Kitchen Gadgets, Cooking Cutter for Chicken, Meat, Poultry, Fish, Herbs, Grape",$16.99,https://www.amazon.com/KUNIFU-Kitchen-Scissors-Dishwasher-Stainless/dp/B09GNRNYTM/ref=sr_1_57?crid=1ETD973V81N4Y&keywords=scissors&qid=1670362103&sprefix=scissors%2Caps%2C70&sr=8-57,https://m.media-amazon.com/images/I/71oioOLCGiL._AC_UL320_.jpg
"Fiskars Crafts Purpose Titanium Softgrip Fiskars Scissors, 3 Pack, Blue/Pink/Green",$22.62,https://www.amazon.com/Fiskars-154090-1029-Titanium-Softgrip-Scissors/dp/B016IAO14G/ref=sr_1_58?crid=1ETD973V81N4Y&keywords=scissors&qid=1670362103&sprefix=scissors%2Caps%2C70&sr=8-58,https://m.media-amazon.com/images/I/718Y2bPrEuL._AC_UL320_.jpg
"BURVAGY 8” Multipurpose Scissors Bulk Pack of 5, Ultra Sharp School Scissors with Comfort Grip Handle, Sturdy Sharp Scissors for Office Home School Sewing Fabric Craft Supplies, Right / Left Handed",$5.39,https://www.amazon.com/gp/slredirect/picassoRedirect.html/ref=pa_sp_btf_aps_sr_pg1_1?ie=UTF8&adId=A0043870CL7XBJXC01NV&qualifier=1670362103&id=6259960279715642&widgetName=sp_btf&url=%2FBURVAGY-Multipurpose-Scissors-Comfort-Supplies%2Fdp%2FB09XXD4DHM%2Fref%3Dsr_1_59_sspa%3Fcrid%3D1ETD973V81N4Y%26keywords%3Dscissors%26qid%3D1670362103%26sprefix%3Dscissors%252Caps%252C70%26sr%3D8-59-spons%26psc%3D1,https://m.media-amazon.com/images/I/71aVBJhAaoL._AC_UL320_.jpg
"KUNIFU Kitchen Scissors All Purpose Heavy Duty, Kitchen Shears Come Apart Dishwasher Safe, Ultra Sharp Stainless Steel Kitchen Gadgets, Cooking Cutter for Chicken, Meat, Poultry, Fish, Herbs, Grape",$16.99,https://www.amazon.com/gp/slredirect/picassoRedirect.html/ref=pa_sp_btf_aps_sr_pg1_1?ie=UTF8&adId=A05094952R8RWZ17HLK66&qualifier=1670362103&id=6259960279715642&widgetName=sp_btf&url=%2FKUNIFU-Kitchen-Scissors-Dishwasher-Stainless%2Fdp%2FB09GNRNYTM%2Fref%3Dsr_1_60_sspa%3Fcrid%3D1ETD973V81N4Y%26keywords%3Dscissors%26qid%3D1670362103%26sprefix%3Dscissors%252Caps%252C70%26sr%3D8-60-spons%26psc%3D1,https://m.media-amazon.com/images/I/71oioOLCGiL._AC_UL320_.jpg
