item_name,price,link_to_item,link_to_item_image
"Power Wheels Jurassic Park Jeep Wrangler Kids Ride-on Car with Dinosaur Sounds and Functioning Light Bar, Seats 2",$349.99,https://www.amazon.com/gp/slredirect/picassoRedirect.html/ref=pa_sp_atf_aps_sr_pg1_1?ie=UTF8&adId=A0775970DDR1Z639F6Z2&qualifier=1670361933&id=8842572670927585&widgetName=sp_atf&url=%2FPower-Wheels-Jurassic-World-Wrangler%2Fdp%2FB0751XSNXP%2Fref%3Dsr_1_1_sspa%3Fcrid%3D1ETD973V81N4Y%26keywords%3Dcar%26qid%3D1670361933%26sprefix%3Dcar%252Caps%252C70%26sr%3D8-1-spons%26psc%3D1,https://m.media-amazon.com/images/I/71g1NaIJnEL._AC_UL320_.jpg
"Autel Home Smart Electric Vehicle (EV) Charger Upto 50Amp, 240V, Indoor/Outdoor Car Charging Station with Level 2, Wi-Fi and Bluetooth Enabled EVSE, 25-Foot Cable",$569.00,https://www.amazon.com/gp/slredirect/picassoRedirect.html/ref=pa_sp_atf_aps_sr_pg1_1?ie=UTF8&adId=A08571731D60AMTBCPDBO&qualifier=1670361933&id=8842572670927585&widgetName=sp_atf&url=%2FAutel-Electric-Vehicle-Charging-Bluetooth%2Fdp%2FB0BG5RQB21%2Fref%3Dsr_1_2_sspa%3Fcrid%3D1ETD973V81N4Y%26keywords%3Dcar%26qid%3D1670361933%26sprefix%3Dcar%252Caps%252C70%26sr%3D8-2-spons%26psc%3D1,https://m.media-amazon.com/images/I/61p5NasIG9L._AC_UL320_.jpg
"Remote Control Car, 2.4Ghz 1/18 Scale Model Racing Car Toys, RC Car for Kids and Boys with Cool Led Lights, Hobby RC Cars Toys Birthday Gifts for Age 3 4 5 6 7 8-12 Year Old Boys Girls",$11.99,https://www.amazon.com/gp/slredirect/picassoRedirect.html/ref=pa_sp_atf_aps_sr_pg1_1?ie=UTF8&adId=A0743366KB8SXW6TNCCN&qualifier=1670361933&id=8842572670927585&widgetName=sp_atf&url=%2FRemote-Control-2-4Ghz-Racing-Birthday%2Fdp%2FB0BMGRSR23%2Fref%3Dsr_1_3_sspa%3Fcrid%3D1ETD973V81N4Y%26keywords%3Dcar%26qid%3D1670361933%26sprefix%3Dcar%252Caps%252C70%26sr%3D8-3-spons%26psc%3D1,https://m.media-amazon.com/images/I/81ATM7COXUS._AC_UL320_.jpg
"Autel Level 2 Smart Electric Vehicle (EV) Charger, 32 Amp WiFi Bluetooth Enabled EVSE with in-Body Holster Indoor/Outdoor Car Charging Station, 25-Foot Premium Cable (NEMA 14-50 Plug, Dark Grey)",$539.00,https://www.amazon.com/gp/slredirect/picassoRedirect.html/ref=pa_sp_atf_aps_sr_pg1_1?ie=UTF8&adId=A0852413548LURO3PZZD&qualifier=1670361933&id=8842572670927585&widgetName=sp_atf&url=%2FAutel-Electric-Vehicle-Bluetooth-Charging%2Fdp%2FB0B3RPKQ4T%2Fref%3Dsr_1_4_sspa%3Fcrid%3D1ETD973V81N4Y%26keywords%3Dcar%26qid%3D1670361933%26sprefix%3Dcar%252Caps%252C70%26sr%3D8-4-spons%26psc%3D1,https://m.media-amazon.com/images/I/611et8HnSyL._AC_UL320_.jpg
"Cleaning Gel for Car, Car Cleaning Kit Universal Detailing Automotive Dust Car Crevice Cleaner Auto Air Vent Interior Detail Removal Putty Cleaning Keyboard Cleaner for Car Vents, PC, Laptops, Cameras",$6.99,https://www.amazon.com/Cleaning-Universal-Detailing-Automotive-Interior/dp/B081T7N948/ref=sr_1_5?crid=1ETD973V81N4Y&keywords=car&qid=1670361933&sprefix=car%2Caps%2C70&sr=8-5,https://m.media-amazon.com/images/I/71YLxhnPUxL._AC_UL320_.jpg
"Premier Car Care Kit by Armor All, Includes Car Wax & Wash Kit, Glass Cleaner, Car Air Freshener, Tire & Wheel Cleaner, 8 Pieces",$29.63,https://www.amazon.com/Armor-All-18574-Premier-Piece/dp/B0732FCCL4/ref=sr_1_6?crid=1ETD973V81N4Y&keywords=car&qid=1670361933&sprefix=car%2Caps%2C70&sr=8-6,https://m.media-amazon.com/images/I/716ObgTBZyL._AC_UL320_.jpg
Cars,$3.99,https://www.amazon.com/Cars-Owen-Wilson/dp/B0094KOSO6/ref=sr_1_7?crid=1ETD973V81N4Y&keywords=car&qid=1670361933&sprefix=car%2Caps%2C70&sr=8-7,https://m.media-amazon.com/images/I/91V8YL3RmzL._AC_UL320_.jpg
"FBB Phone Mount for Car, [ Off-Road Level Suction Cup Protection ] 3in1 Long Arm Suction Cup Holder Universal Cell Phone Holder Mount Dashboard Windshield Vent Compatible with All Smartphones",$15.99,https://www.amazon.com/FBB-Protection-Windshield-Compatible-Smartphones/dp/B09XCWWVCW/ref=sr_1_8?crid=1ETD973V81N4Y&keywords=car&qid=1670361933&sprefix=car%2Caps%2C70&sr=8-8,https://m.media-amazon.com/images/I/81dL5l3CYoL._AC_UL320_.jpg
"YEZI RC Car 1:18 Large Scale, 2.4Ghz All Terrain Waterproof Remote Control Truck with 2 Batteries,4x4 Electric Rapidly Off Road Car for, Remote Control Car for Kids Boys and Adults",$22.99,https://www.amazon.com/YEZI-Terrain-Waterproof-Control-Electric/dp/B07THXYN45/ref=sr_1_9?crid=1ETD973V81N4Y&keywords=car&qid=1670361933&sprefix=car%2Caps%2C70&sr=8-9,https://m.media-amazon.com/images/I/81iZyIuF6jL._AC_UL320_.jpg
Transport Car Carrier Truck - with 6 Stylish Metal Racing Cars - with Carrying Case,$19.99,https://www.amazon.com/Transport-Car-Carrier-Truck-Carrying/dp/B01M9IHC1W/ref=sr_1_10?crid=1ETD973V81N4Y&keywords=car&qid=1670361933&sprefix=car%2Caps%2C70&sr=8-10,https://m.media-amazon.com/images/I/819KakbAtXL._AC_UL320_.jpg
"JoyTutus Rear View Mirror, Universal 11.81 Inch Panoramic Convex Rearview Mirror, Interior Clip-on Wide Angle Rear View Mirror to Reduce Blind Spot Effectively for Car SUV Trucks -Clear",$9.97,https://www.amazon.com/JoyTutus-Panoramic-Rearview-Effectively-Universal/dp/B08SQ44CGZ/ref=sr_1_11?crid=1ETD973V81N4Y&keywords=car&qid=1670361933&sprefix=car%2Caps%2C70&sr=8-11,https://m.media-amazon.com/images/I/71T2TGj4XUL._AC_UL320_.jpg
The Car,$3.99,https://www.amazon.com/Car-James-Brolin/dp/B01E0LQ9AE/ref=sr_1_12?crid=1ETD973V81N4Y&keywords=car&qid=1670361933&sprefix=car%2Caps%2C70&sr=8-12,https://m.media-amazon.com/images/I/71qVUoVw+AL._AC_UL320_.jpg
"Danvren Dinosaur Push and Go Cars Toys for Kids, Toddler Transform Dino Vehicles Birthday for Little Boys Girls 2-5 Years (2 Pack)",$11.99,https://www.amazon.com/gp/slredirect/picassoRedirect.html/ref=pa_sp_mtf_aps_sr_pg1_1?ie=UTF8&adId=A06078782BWHVJ1EW9JYU&qualifier=1670361933&id=8842572670927585&widgetName=sp_mtf&url=%2FDanvren-Dinosaur-Transform-Vehicles-Birthday%2Fdp%2FB0BBTB7DBM%2Fref%3Dsr_1_13_sspa%3Fcrid%3D1ETD973V81N4Y%26keywords%3Dcar%26qid%3D1670361933%26sprefix%3Dcar%252Caps%252C70%26sr%3D8-13-spons%26psc%3D1,https://m.media-amazon.com/images/I/71PlxTYXKlL._AC_UL320_.jpg
"HYPER GO H16GT 1:16 4X4 GPS Fast Remote Control Car, APP Speedometer, RTR Off Road RC Trucks, Max 45kph Electric Vehicle RC Cars, RC Monster Trucks with 2 Rechargeable Batteries for Adults and Boys",$83.99,https://www.amazon.com/gp/slredirect/picassoRedirect.html/ref=pa_sp_mtf_aps_sr_pg1_1?ie=UTF8&adId=A10470391OHT50K0KZ2SY&qualifier=1670361933&id=8842572670927585&widgetName=sp_mtf&url=%2FHYPER-GO-H16GT-Speedometer-Rechargeable%2Fdp%2FB0BD1Z43MV%2Fref%3Dsr_1_14_sspa%3Fcrid%3D1ETD973V81N4Y%26keywords%3Dcar%26qid%3D1670361933%26sprefix%3Dcar%252Caps%252C70%26sr%3D8-14-spons%26psc%3D1,https://m.media-amazon.com/images/I/71FKbG1cZBL._AC_UL320_.jpg
"TEMI Toddler Truck Toys for 3 4 5 6 7 Year Old Boys - 5 Pack Carrier Truck Transport City Vehicles Toys, Kids Toys Car for Girls Boys Toddlers Friction Power Set, Push and Go Play Vehicles Toys…",$36.99,https://www.amazon.com/gp/slredirect/picassoRedirect.html/ref=pa_sp_mtf_aps_sr_pg1_1?ie=UTF8&adId=A0614250ZDGD403SKVR2&qualifier=1670361933&id=8842572670927585&widgetName=sp_mtf&url=%2FTEMI-Toddler-Truck-Toys-Year%2Fdp%2FB0B6SQWTBL%2Fref%3Dsr_1_15_sspa%3Fcrid%3D1ETD973V81N4Y%26keywords%3Dcar%26qid%3D1670361933%26sprefix%3Dcar%252Caps%252C70%26sr%3D8-15-spons%26psc%3D1,https://m.media-amazon.com/images/I/71JS2nwvzhL._AC_UL320_.jpg
"Energizer Jumper Cables for Car Battery, Heavy Duty Automotive Booster Cables for Jump Starting Dead or Weak Batteries with Carrying Bag Included (16-Feet (6-Gauge)",$19.97,https://www.amazon.com/gp/slredirect/picassoRedirect.html/ref=pa_sp_mtf_aps_sr_pg1_1?ie=UTF8&adId=A0940080E72YABKQ0K7Y&qualifier=1670361933&id=8842572670927585&widgetName=sp_mtf&url=%2FEnergizer-Automotive-Starting-Batteries-Carrying%2Fdp%2FB079LHNH8D%2Fref%3Dsr_1_16_sspa%3Fcrid%3D1ETD973V81N4Y%26keywords%3Dcar%26qid%3D1670361933%26sprefix%3Dcar%252Caps%252C70%26sr%3D8-16-spons%26psc%3D1%26smid%3DA3NZBJP047W6G0,https://m.media-amazon.com/images/I/71NQlEz63kL._AC_UL320_.jpg
"TEMI Cars Toys for 3 4 5 Year Old Boys - 4 Pack Construction Trucks Push Go Car Toddler Toys Age 1-2, Friction Powered Car Vehicle Toys for Toddlers 1-3, Halloween Toy Gifts Kids Girls 12-18 Months",$21.99,https://www.amazon.com/gp/slredirect/picassoRedirect.html/ref=pa_sp_mtf_aps_sr_pg1_1?ie=UTF8&adId=A00944531ASEJ2MEK7MHO&qualifier=1670361933&id=8842572670927585&widgetName=sp_mtf&url=%2FTEMI-Cars-Toys-Year-Boys%2Fdp%2FB09ZD965Y3%2Fref%3Dsr_1_17_sspa%3Fcrid%3D1ETD973V81N4Y%26keywords%3Dcar%26qid%3D1670361933%26sprefix%3Dcar%252Caps%252C70%26sr%3D8-17-spons%26psc%3D1,https://m.media-amazon.com/images/I/71AMtn4+AIL._AC_UL320_.jpg
"ThisWorx Car Vacuum Cleaner - Small 12V High Power Handheld Portable Car Vacuum w/Accessories, 16 Ft Cord & Bag - Car Gifts for Men Who Have Everything - Detailing Kit Essentials for Travel",$31.99,https://www.amazon.com/gp/slredirect/picassoRedirect.html/ref=pa_sp_mtf_aps_sr_pg1_1?ie=UTF8&adId=A06841672YF7PI4O8CLJX&qualifier=1670361933&id=8842572670927585&widgetName=sp_mtf&url=%2FThisWorx-Vacuum-Cleaner-TWC-01-White%2Fdp%2FB07LH5VSX4%2Fref%3Dsr_1_18_sspa%3Fcrid%3D1ETD973V81N4Y%26keywords%3Dcar%26qid%3D1670361933%26sprefix%3Dcar%252Caps%252C70%26sr%3D8-18-spons%26psc%3D1%26smid%3DA3ALWHH9BSMOXV,https://m.media-amazon.com/images/I/81LoyhA8UML._AC_UL320_.jpg
"iHaHa Dinosaur Truck Toys for Kids Boys, Dinosaur Transport Car Carrier Truck with Activity Play Mat, 43 PCS Triceratops Dinosaur Playset for 3 4 5 6 7 8 Years Old Boys Kids Toddlers",$25.49,https://www.amazon.com/gp/slredirect/picassoRedirect.html/ref=pa_sp_mtf_aps_sr_pg1_1?ie=UTF8&adId=A02742513VUCRJSJWJXEW&qualifier=1670361933&id=8842572670927585&widgetName=sp_mtf&url=%2FiHaHa-Dinosaur-Transport-Activity-Triceratops%2Fdp%2FB0B65C44V5%2Fref%3Dsr_1_19_sspa%3Fcrid%3D1ETD973V81N4Y%26keywords%3Dcar%26qid%3D1670361933%26sprefix%3Dcar%252Caps%252C70%26sr%3D8-19-spons%26psc%3D1,https://m.media-amazon.com/images/I/81KZGPbmLML._AC_UL320_.jpg
"RC Cars,1:20 Scale Remote Control Toy Car,2WD High Speed 30 Km/h All Terrains Electric Toy Off Road RC Car,with LED Headlight and Two Rechargeable Battery for Boys Kids and Adults Gift",$35.99,https://www.amazon.com/gp/slredirect/picassoRedirect.html/ref=pa_sp_mtf_aps_sr_pg1_1?ie=UTF8&adId=A08038943URV45D2DS376&qualifier=1670361933&id=8842572670927585&widgetName=sp_mtf&url=%2FRC-Cars-Terrains-Headlight-Rechargeable%2Fdp%2FB0B74QMPDS%2Fref%3Dsr_1_20_sspa%3Fcrid%3D1ETD973V81N4Y%26keywords%3Dcar%26qid%3D1670361933%26sprefix%3Dcar%252Caps%252C70%26sr%3D8-20-spons%26psc%3D1,https://m.media-amazon.com/images/I/71MmC23aZPL._AC_UL320_.jpg
LEGO Speed Champions McLaren Elva 76902 Building Kit; Top Toy Car; Cool Toy for Kids; New 2021 (263 Pieces),$15.99,https://www.amazon.com/LEGO-Champions-McLaren-Building-Pieces/dp/B08YP9P63M/ref=sr_1_21?crid=1ETD973V81N4Y&keywords=car&qid=1670361933&sprefix=car%2Caps%2C70&sr=8-21,https://m.media-amazon.com/images/I/8179FzU5DrL._AC_UL320_.jpg
Wontolf Car Trash Can Bin with Lid and 60pcs Trash Bags Small Car Garbage Can Leakproof Mini Car Accessories Trash Bin Car Dustbin Organizer Container for Car Office Home,$10.99,https://www.amazon.com/Wontolf-Leakproof-Garbage-Organizer-Container/dp/B08R9S8DWW/ref=sr_1_22?crid=1ETD973V81N4Y&keywords=car&qid=1670361933&sprefix=car%2Caps%2C70&sr=8-22,https://m.media-amazon.com/images/I/7108vOyJaoL._AC_UL320_.jpg
"26Pcs Car Detailing Brush Set, Car Detailing Kit, Auto Detailing Drill Brush Set, Car Detailing Brushes, Car Buffing Sponge Pads Kit,Car Accessories,Car Cleaning Tools Kit for Interior,Exterior,Wheels",$28.99,https://www.amazon.com/Detailing-Cleaning-Interior-Exterior-Dashboard/dp/B09WDZ94CT/ref=sr_1_23?crid=1ETD973V81N4Y&keywords=car&qid=1670361933&sprefix=car%2Caps%2C70&sr=8-23,https://m.media-amazon.com/images/I/81nSbn8eKJL._AC_UL320_.jpg
"VISELER USB C Car Charger Adapter 84W 10.8A, 4 Port Fast Car Charger, PD3.0 QC3.0 Car Phone Charger Fast Charging Compatible with iPhone 13 12 11 Pro Max, Samsung Galaxy S21 20/Note 20, Pixel, LG.",$13.98,https://www.amazon.com/VISELER-Charger-Adapter-Charging-Compatible/dp/B09PKFVM1S/ref=sr_1_24?crid=1ETD973V81N4Y&keywords=car&qid=1670361933&sprefix=car%2Caps%2C70&sr=8-24,https://m.media-amazon.com/images/I/61dfp7Ykq7L._AC_UL320_.jpg
"LEGO Speed Champions Lotus Evija 76907 Building Toy Set for Kids, Boys, and Girls Ages 8+ (247 Pieces)",$16.99,https://www.amazon.com/LEGO-Champions-Building-Hypercar-Pieces/dp/B09JKYN79N/ref=sr_1_25?crid=1ETD973V81N4Y&keywords=car&qid=1670361933&sprefix=car%2Caps%2C70&sr=8-25,https://m.media-amazon.com/images/I/81nf1CdQBoL._AC_UL320_.jpg
"Remote Control Car, Double Sided RC Car, 4WD Off-Road Stunt Car with 360° Flips, 2.4Ghz Indoor/Outdoor All Terrain Rechargeable Electric Toy Cars Gifts for Boys Kids 6 7 8 9+ Year Old (Red)",$17.96,https://www.amazon.com/Control-Off-Road-Outdoor-Rechargeable-Electric/dp/B08SVPRYWJ/ref=sr_1_26?crid=1ETD973V81N4Y&keywords=car&qid=1670361933&sprefix=car%2Caps%2C70&sr=8-26,https://m.media-amazon.com/images/I/81GBZhAPLWL._AC_UL320_.jpg
"Honey-Can-Do SFT-01166 Soft Storage Chest, Black Folding Car Trunk Organizer",$14.87,https://www.amazon.com/Honey-Can-Do-Folding-Trunk-Organizer-Black/dp/B004ZVN78C/ref=sr_1_27?crid=1ETD973V81N4Y&keywords=car&qid=1670361933&sprefix=car%2Caps%2C70&sr=8-27,https://m.media-amazon.com/images/I/919X5hQMgLL._AC_UL320_.jpg
Interior Car Lights Keepsmile Car Accessories Car Led Lights APP Control with Remote Music Sync Color Change RGB Under Dash Car Lighting with Car Charger 12V 2A LED Lights for Car (RGB),$14.99,https://www.amazon.com/Interior-Keepsmile-Accessories-Control-Lighting/dp/B097CB5WXB/ref=sr_1_29?crid=1ETD973V81N4Y&keywords=car&qid=1670361933&sprefix=car%2Caps%2C70&sr=8-29,https://m.media-amazon.com/images/I/71bCyrGXmUL._AC_UL320_.jpg
"Car Organizer, Yecaye Trunk Organizer, Large Capacity Car Trunk Organizer Storage, Sturdy Space Saver Hanging Car Accessories Interior for Wowen & Men, Fit Most Car Truck Free Up Floor Area, Dark Grey",$9.99,https://www.amazon.com/Trunk-Organizer-Storage-Gives-Space/dp/B094VLC9HL/ref=sr_1_30?crid=1ETD973V81N4Y&keywords=car&qid=1670361933&sprefix=car%2Caps%2C70&sr=8-30,https://m.media-amazon.com/images/I/81qlaV4fN3L._AC_UL320_.jpg
"2pcs Bling Car Cup Holder Coaster, 2.75 inch Anti-Slip Shockproof Universal Fashion Vehicle Car Coasters Insert Bling Crystal Rhinestone Auto Automotive Interior Accessories for Women (2 pcs, White)",$5.98,https://www.amazon.com/Anti-Slip-Shockproof-Rhinestone-Automotive-Accessories/dp/B09Q5RBFXY/ref=sr_1_31?crid=1ETD973V81N4Y&keywords=car&qid=1670361933&sprefix=car%2Caps%2C70&sr=8-31,https://m.media-amazon.com/images/I/81ABTCn09bL._AC_UL320_.jpg
"SINGARO Car Cup Coaster, 4PCS Universal Non-Slip Cup Holders Embedded in Ornaments Coaster, Car Interior Accessories, Pink",$6.99,https://www.amazon.com/SINGARO-Universal-Non-Slip-Ornaments-Accessories/dp/B09NCWMP7G/ref=sr_1_32?crid=1ETD973V81N4Y&keywords=car&qid=1670361933&sprefix=car%2Caps%2C70&sr=8-32,https://m.media-amazon.com/images/I/71NhvNfBqnL._AC_UL320_.jpg
"【2022 Upgraded】Cleaning Gel for Car, Car Cleaning Kit Car Accessories Universal Detailing Automotive Dust Car Crevice Cleaner Auto Air Vent Interior Detail Removal Putty Cleaning Keyboard Cleaner",$6.99,https://www.amazon.com/Upgraded%E3%80%91Cleaning-Car-Accessories-Universal-Automotive/dp/B0B76XWTG3/ref=sr_1_33?crid=1ETD973V81N4Y&keywords=car&qid=1670361933&sprefix=car%2Caps%2C70&sr=8-33,https://m.media-amazon.com/images/I/713im5rPwuL._AC_UL320_.jpg
"Saucemoto Dip Clip | An in-car sauce holder for ketchup and dipping sauces. As seen on Shark Tank (2 Pack, Black)",$10.95,https://www.amazon.com/Saucemoto-holder-ketchup-dipping-sauces/dp/B07D1KW3PB/ref=sr_1_34?crid=1ETD973V81N4Y&keywords=car&qid=1670361933&sprefix=car%2Caps%2C70&sr=8-34,https://m.media-amazon.com/images/I/7115AWGe76L._AC_UL320_.jpg
Car Diffuser Humidifier Aromatherapy Essential Oil Diffuser USB Cool Mist Mini Portable Diffuser for Car Home Office Bedroom (Black),$17.99,https://www.amazon.com/Diffuser-Humidifier-Aromatherapy-Essential-Portable/dp/B09P82586H/ref=sr_1_35?crid=1ETD973V81N4Y&keywords=car&qid=1670361933&sprefix=car%2Caps%2C70&sr=8-35,https://m.media-amazon.com/images/I/71DqDq56mWL._AC_UL320_.jpg
"48W Fast Car Charger Adapter QC3.0 & PD Dual Port, MUYVREN Super Mini All Metal Car Charger Fast Charging Compatible with iPhone 13 12 11 X 9 Pro Max Mini, Samsung, Motorola, OnePlus, Google(TH219)",$15.28,https://www.amazon.com/MUYVREN-Charging-Compatible-Motorola-TH219/dp/B0B2LHTFD2/ref=sr_1_36?crid=1ETD973V81N4Y&keywords=car&qid=1670361933&sprefix=car%2Caps%2C70&sr=8-36,https://m.media-amazon.com/images/I/918tb4oOh3L._AC_UL320_.jpg
"Govee Car LED Lights, Smart Car Interior Lights with App Control, RGB Inside Car Lights with DIY Mode and Music Mode, 2 Lines Design LED Lights for Cars with Car Charger, DC 12V",$16.99,https://www.amazon.com/Interior-Govee-Two-Line-Waterproof-Controller/dp/B07Q6CPQK4/ref=sr_1_37?crid=1ETD973V81N4Y&keywords=car&qid=1670361933&sprefix=car%2Caps%2C70&sr=8-37,https://m.media-amazon.com/images/I/71UcEotkdRL._AC_UL320_.jpg
"LISEN 2 Pack Magnetic Phone Holder for Car Mount 6 Military Magnets Car Phone Holder Mount Hands Free Vent Cell Phone Holder Mount for Car 6 Metal Plates Fit All iPhone 14/13/12/11,Pro,Pro Max,Android",$11.99,https://www.amazon.com/LISEN-Upgraded-Magnetic-Friendly-Smartphone/dp/B085ZXC2HS/ref=sr_1_38?crid=1ETD973V81N4Y&keywords=car&qid=1670361933&sprefix=car%2Caps%2C70&sr=8-38,https://m.media-amazon.com/images/I/716MKmg8YUL._AC_UL320_.jpg
"JUSTTOP Car Trash Can with Lid, Diamond Design Small Automatic Portable Trash Can, Easy to Clean, Used in Car Home Office (Black)",$9.99,https://www.amazon.com/JUSTTOP-Automatic-Portable-Interior-Accessories/dp/B09CM42BPF/ref=sr_1_39?crid=1ETD973V81N4Y&keywords=car&qid=1670361933&sprefix=car%2Caps%2C70&sr=8-39,https://m.media-amazon.com/images/I/517-22CtGVL._AC_UL320_.jpg
"LEGO City Great Vehicles Race Car 60322 Building Toy Set for Preschool Kids, Boys, and Girls Ages 4+ (46 Pieces)",$7.99,https://www.amazon.com/LEGO-60322-Building-Designed-Pieces/dp/B09FMWK1P6/ref=sr_1_40?crid=1ETD973V81N4Y&keywords=car&qid=1670361933&sprefix=car%2Caps%2C70&sr=8-40,https://m.media-amazon.com/images/I/81wLuRvtMFL._AC_UL320_.jpg
"Winzwon Car Led Lights, Car Accessories Gifts for Women Men, APP Control Inside Car Lihgt with USB Port, Music Sync Color Change, RGB Led Lights for Cars Interior, 4 Pcs 48 Led Strip Light",$11.99,https://www.amazon.com/Winzwon-Interior-Control-Infinite-Microphone/dp/B083GHXFTJ/ref=sr_1_41?crid=1ETD973V81N4Y&keywords=car&qid=1670361933&sprefix=car%2Caps%2C70&sr=8-41,https://m.media-amazon.com/images/I/71N5F78kEXL._AC_UL320_.jpg
"USANOOKS Microfiber Cleaning Cloth - 12Pcs (16x16 inch) High Performance - 1200 Washes, Ultra Absorbent Car Towels Traps Grime & Liquid for Streak-Free Mirror Shine, Scratch Proof - (Black)",$11.99,https://www.amazon.com/USANOOKS-Microfiber-Cleaning-Cloth-Black/dp/B08BR5CY3D/ref=sr_1_43?crid=1ETD973V81N4Y&keywords=car&qid=1670361933&sprefix=car%2Caps%2C70&sr=8-43,https://m.media-amazon.com/images/I/91LEq5OZwPS._AC_UL320_.jpg
"Car Cleaning Wipes by Armor All, Wipes for Car Interior and Car Exterior, 50 Wipes Each",$5.99,https://www.amazon.com/Armor-All-Cleaning-Wipes-count/dp/B001KYSBO2/ref=sr_1_44?crid=1ETD973V81N4Y&keywords=car&qid=1670361933&sprefix=car%2Caps%2C70&sr=8-44,https://m.media-amazon.com/images/I/71KjTpIlUXL._AC_UL320_.jpg
FFTROC Dinosaur Toys for Kids 3-5 Pull Back Cars 6 Pack - Monster Trucks Toys for 3 4 5 Year Old Boys Toys Birthday for Kids Dinosaur Toys for 3 Year Old Boy,$9.89,https://www.amazon.com/Dinosaur-Toys-Kids-Pull-Back/dp/B09MN87VHX/ref=sr_1_45?crid=1ETD973V81N4Y&keywords=car&qid=1670361933&sprefix=car%2Caps%2C70&sr=8-45,https://m.media-amazon.com/images/I/71qSTP4rgoL._AC_UL320_.jpg
"MOTOPOWER MP69033 Car OBD2 Scanner Code Reader Engine Fault Code Reader Scanner CAN Diagnostic Scan Tool for All OBD II Protocol Cars Since 1996, Yellow",$25.00,https://www.amazon.com/MOTOPOWER-MP69033-Universal-Diagnostic-Protocol/dp/B07Z3HB7DR/ref=sr_1_46?crid=1ETD973V81N4Y&keywords=car&qid=1670361933&sprefix=car%2Caps%2C70&sr=8-46,https://m.media-amazon.com/images/I/61ZmgqNhtbL._AC_UL320_.jpg
"Govee Interior Car Lights with Smart APP Control, RGB Led Lights for Car with Music Sync Mode and DIY Mode, 4 Pcs and 48 Car LED Strip Lights for Cars, Trucks, SUVs with Car Charger, DC 12V",$16.99,https://www.amazon.com/Govee-Interior-Lights-Control-Multi-Color/dp/B095C2PPYR/ref=sr_1_47?crid=1ETD973V81N4Y&keywords=car&qid=1670361933&sprefix=car%2Caps%2C70&sr=8-47,https://m.media-amazon.com/images/I/71PhG6HqQwL._AC_UL320_.jpg
"Loozix RC Racing Car, 1:20 Scale 2.4GHZ Remote Control Car 20KM/H High Speed Racing RC Truck Electric Toy Vehicle with 2 Rechargeable Batteries for Boys Kids",$17.59,https://www.amazon.com/Off-Road-Control-Electric-Rechargeable-Batteries/dp/B09GF69JCF/ref=sr_1_48?crid=1ETD973V81N4Y&keywords=car&qid=1670361933&sprefix=car%2Caps%2C70&sr=8-48,https://m.media-amazon.com/images/I/71pSh255+OL._AC_UL320_.jpg
"Barbie Off-Road Vehicle, Purple with Pink Seats and Rolling Wheels, 2 Seats, Gift for 3 to 7 Year Olds",$15.99,https://www.amazon.com/Barbie-Off-Road-Vehicle-Purple-Rolling/dp/B07XD6F2XD/ref=sr_1_49?crid=1ETD973V81N4Y&keywords=car&qid=1670361933&sprefix=car%2Caps%2C70&sr=8-49,https://m.media-amazon.com/images/I/61xDOb8kClL._AC_UL320_.jpg
"[ 2 Pack ] Magnetic Phone Mount, [ Super Strong Magnet ] [ with 4 Metal Plate ] car Magnetic Phone Holder, [ 360° Rotation ] Universal Dashboard car Mount Fits iPhone Samsung, etc Other Cell Phones",$14.99,https://www.amazon.com/Magnetic-Rotation-Universal-Dashboard-Smartphones/dp/B07PRBJTFT/ref=sr_1_50?crid=1ETD973V81N4Y&keywords=car&qid=1670361933&sprefix=car%2Caps%2C70&sr=8-50,https://m.media-amazon.com/images/I/61asd9iFEwL._AC_UL320_.jpg
TICARVE Car Cleaning Gel Car Detailing Putty Car Cleaning Putty Gel Auto Detailing Tools Car Interior Cleaner Car Cleaning Kits Cleaning Slime Keyboard Cleaner Yellow,$5.99,https://www.amazon.com/TICARVE-Cleaning-Detailing-Interior-Keyboard/dp/B0983MCN5M/ref=sr_1_51?crid=1ETD973V81N4Y&keywords=car&qid=1670361933&sprefix=car%2Caps%2C70&sr=8-51,https://m.media-amazon.com/images/I/71l1t1uyLRL._AC_UL320_.jpg
"GaHoo Remote Control Car for Kids - 1/16 Scale Electric Remote Toy Racing, with Led Lights Rechargeable High-Speed Hobby Toy Vehicle, RC Car Gifts for Age 3 4 5 6 7 8 9 Year Old Boys Girls (Blue)",$16.99,https://www.amazon.com/Remote-Control-Car-Racing-Lights/dp/B085Q7CKDT/ref=sr_1_52?crid=1ETD973V81N4Y&keywords=car&qid=1670361933&sprefix=car%2Caps%2C70&sr=8-52,https://m.media-amazon.com/images/I/712B-ghl52L._AC_UL320_.jpg
"Remote Control Car, 2.4Ghz 1/18 Scale Model Racing Car Toys, RC Car for Kids and Boys with Cool Led Lights, Hobby RC Cars Toys Birthday Gifts for Age 3 4 5 6 7 8-12 Year Old Boys Girls",$11.99,https://www.amazon.com/Remote-Control-2-4Ghz-Racing-Birthday/dp/B0BMGRSR23/ref=sr_1_53?crid=1ETD973V81N4Y&keywords=car&qid=1670361933&sprefix=car%2Caps%2C70&sr=8-53,https://m.media-amazon.com/images/I/81ATM7COXUS._AC_UL320_.jpg
Cell Phone Holder for Car Phone Mount Long Arm Dashboard Windshield Car Phone Holder Strong Suction Anti-Shake Stabilizer Phone Car Holder Compatible with All Phone Android Smartphone,$19.99,https://www.amazon.com/Windshield-Anti-Shake-Stabilizer-Compatible-Smartphone/dp/B097D7XKKZ/ref=sr_1_54?crid=1ETD973V81N4Y&keywords=car&qid=1670361933&sprefix=car%2Caps%2C70&sr=8-54,https://m.media-amazon.com/images/I/81sgKHRN7mL._AC_UL320_.jpg
"AOWIN Remote Control Car,Double Sided 2.4GHz Fast RC Stunt Car, 360°Rotating 4WD RC Cars with Bright Lights, Outdoor Rechargeable Electric Car, Fun Toy Cars Gifts for Boys Kids and Adults（Blue）",$16.99,https://www.amazon.com/AOWIN-360%C2%B0Rotating-Rechargeable-Electric-Adults%EF%BC%88Blue%EF%BC%89/dp/B0B8ZLQTKZ/ref=sr_1_55?crid=1ETD973V81N4Y&keywords=car&qid=1670361933&sprefix=car%2Caps%2C70&sr=8-55,https://m.media-amazon.com/images/I/719MXEX75dL._AC_UL320_.jpg
"LivTee Car Seat Headrest Hook, Auto Seat Hook Hangers Storage Organizer Interior Accessories for Purse Coats Umbrellas Grocery Bags Handbag, 4-Pack",$6.99,https://www.amazon.com/LivTee-Headrest-Organizer-Accessory-Umbrellas/dp/B087G1551W/ref=sr_1_56?crid=1ETD973V81N4Y&keywords=car&qid=1670361933&sprefix=car%2Caps%2C70&sr=8-56,https://m.media-amazon.com/images/I/610v5tT3kdL._AC_UL320_.jpg
"Kizeefun Remote Control Car, Dinosaur RC Stunt Car Invincible 360°Rolling Twister with Colorful Lights & Music Switch, Rechargeable RC Car for Toddlers, Kids, Boys and Girls(Green)",$17.99,https://www.amazon.com/Kizeefun-Dinosaur-Invincible-360%C2%B0Rolling-Rechargeable/dp/B0BCWKJY1W/ref=sr_1_57?crid=1ETD973V81N4Y&keywords=car&qid=1670361933&sprefix=car%2Caps%2C70&sr=8-57,https://m.media-amazon.com/images/I/71KrsGuELOL._AC_UL320_.jpg
"Aiawoxc Car Cup Holder Coasters, 2 Pack Universal Auto Anti Slip Insert Coaster, Rubber Car Coasters with A Finger Notch, Cute Car Assecories for Women Men, Cup Mat for Most Car Interior (Desert Leaf)",$6.99,https://www.amazon.com/Aiawoxc-Coasters-Universal-Assecories-Interior/dp/B09TKSCSMW/ref=sr_1_58?crid=1ETD973V81N4Y&keywords=car&qid=1670361933&sprefix=car%2Caps%2C70&sr=8-58,https://m.media-amazon.com/images/I/71On6PdWvKL._AC_UL320_.jpg
High Road TrashStash Hanging Car Trash Bag with Leakproof Lining and Spring Frame Closure,$15.49,https://www.amazon.com/High-Road-TrashStash-Hanging-Leakproof/dp/B009FREAGO/ref=sr_1_59?crid=1ETD973V81N4Y&keywords=car&qid=1670361933&sprefix=car%2Caps%2C70&sr=8-59,https://m.media-amazon.com/images/I/71H9w4h0V9L._AC_UL320_.jpg
Manicure Season 2,$0.99,https://www.amazon.com/The-Car/dp/B0B5PK3FRD/ref=sr_1_60?crid=1ETD973V81N4Y&keywords=car&qid=1670361933&sprefix=car%2Caps%2C70&sr=8-60,https://m.media-amazon.com/images/I/71oJkqvaSxL._AC_UL320_.jpg
