item_name,price,link_to_item,link_to_item_image
Adult Children's Puzzles - Winter Beautiful Bear Beginner Educational and Leisure Toys - Safe Wooden Round Corner Puzzles - Prayer Christmas Eve Collectibles Modern Home Decor Gifts,$5.99,https://www.amazon.com/gp/slredirect/picassoRedirect.html/ref=pa_sp_atf_aps_sr_pg1_1?ie=UTF8&adId=A0844061XKJXHBX2LUXU&qualifier=1670361976&id=802067779140409&widgetName=sp_atf&url=%2FAdult-Childrens-Puzzles-Educational-Collectibles%2Fdp%2FB0BN8BYNZ8%2Fref%3Dsr_1_1_sspa%3Fcrid%3D1ETD973V81N4Y%26keywords%3Dbear%26qid%3D1670361976%26sprefix%3Dbear%252Caps%252C70%26sr%3D8-1-spons%26psc%3D1,https://m.media-amazon.com/images/I/71CmiMw9L4L._AC_UL320_.jpg
3 Black Bears Canoeing Coaster Set - Absorbent Cork Lined Coasters - Rustic Canoe Lodge Cabin Decor,$19.99,https://www.amazon.com/Black-Bears-Canoeing-Coaster-Set/dp/B0BJ65FGMH/ref=sr_1_2?crid=1ETD973V81N4Y&keywords=bear&qid=1670361976&sprefix=bear%2Caps%2C70&sr=8-2,https://m.media-amazon.com/images/I/81ATiSmMFVL._AC_UL320_.jpg
Cute Mugs Bear Tea Coffee Cup Milk Couple Double Wall Glass Mugs Funny Valentine's Day Birthday Gifts for You,$9.49,https://www.amazon.com/Couple-Valentines-Creative-Romantic-Birthday/dp/B07Z8VVWN1/ref=sr_1_3?crid=1ETD973V81N4Y&keywords=bear&qid=1670361976&sprefix=bear%2Caps%2C70&sr=8-3,https://m.media-amazon.com/images/I/61qePbbeYQL._AC_UL320_.jpg
"Misscindy Giant Teddy Bear Plush Stuffed Animals for Girlfriend or Kids 47 inch, (White)",$40.99,https://www.amazon.com/Misscindy-Giant-Stuffed-Animals-Girlfriend/dp/B07BFR9GP9/ref=sr_1_4?crid=1ETD973V81N4Y&keywords=bear&qid=1670361976&sprefix=bear%2Caps%2C70&sr=8-4,https://m.media-amazon.com/images/I/71w5Z4THfgL._AC_UL320_.jpg
"KIDS PREFERRED Sustain a-mals Kai The Black Bear Stuffed Animal Plush, Made with Recycled Materials",$11.59,https://www.amazon.com/KIDS-PREFERRED-Sustain-Recycled-Materials/dp/B0B35876K6/ref=sr_1_5?crid=1ETD973V81N4Y&keywords=bear&qid=1670361976&sprefix=bear%2Caps%2C70&sr=8-5,https://m.media-amazon.com/images/I/81D0vr45tjL._AC_UL320_.jpg
Genuine Fred Oven Mitts Bear Hands,$21.91,https://www.amazon.com/Fred-BEAR-HANDS-Oven-Mitts/dp/B00I0VULXC/ref=sr_1_6?crid=1ETD973V81N4Y&keywords=bear&qid=1670361976&sprefix=bear%2Caps%2C70&sr=8-6,https://m.media-amazon.com/images/I/81PSvaK2KKL._AC_UL320_.jpg
"LotFancy 10'' Teddy Bear Stuffed Animal, Brown Baby Bear Plush Toy, Gift for Kids Boys Girls",$14.99,https://www.amazon.com/Teddy-Stuffed-Animal-Brown-Plush/dp/B08YF1HKRH/ref=sr_1_7?crid=1ETD973V81N4Y&keywords=bear&qid=1670361976&sprefix=bear%2Caps%2C70&sr=8-7,https://m.media-amazon.com/images/I/81FefTBtlvL._AC_UL320_.jpg
"Bear Strawberry Fruit Snack Minis, 3.5 OZ",$4.99,https://www.amazon.com/Bear-Strawberry-Fruit-Snack-Minis/dp/B09D4262FC/ref=sr_1_8_f3_0o_wf?crid=1ETD973V81N4Y&keywords=bear&qid=1670361976&sprefix=bear%2Caps%2C70&sr=8-8,https://m.media-amazon.com/images/I/61XOiVWWRWL._AC_UL320_.jpg
"Souriant Teddy Bears, Soft Plush Stuffed Animal with Coffee Hoodie, Miguel,Small",$18.99,https://www.amazon.com/Souriant-Stuffed-Animal-Coffee-Hoodie/dp/B08ZYV6Y3H/ref=sr_1_9?crid=1ETD973V81N4Y&keywords=bear&qid=1670361976&sprefix=bear%2Caps%2C70&sr=8-9,https://m.media-amazon.com/images/I/61wUZDeaG2L._AC_UL320_.jpg
"TeeTurtle | Plushmates | Bear | Black | Happy + Angry | The Reversible Plush That Hold Hands! , Black Bear",$10.84,https://www.amazon.com/TeeTurtle-Plushmates-Black-Happy-Reversible/dp/B093XN11RT/ref=sr_1_10?crid=1ETD973V81N4Y&keywords=bear&qid=1670361976&sprefix=bear%2Caps%2C70&sr=8-10,https://m.media-amazon.com/images/I/41zUH07ZLvL._AC_UL320_.jpg
HollyHOME Teddy Bear Plush Giant Teddy Bears Stuffed Animals Teddy Bear Love 36 inch Tan,$34.99,https://www.amazon.com/HollyHOME-Teddy-Plush-Stuffed-Animals/dp/B06Y5788SC/ref=sr_1_11?crid=1ETD973V81N4Y&keywords=bear&qid=1670361976&sprefix=bear%2Caps%2C70&sr=8-11,https://m.media-amazon.com/images/I/71qtAiNUCpL._AC_UL320_.jpg
"Aurora World - Bear - 10.5"" Coco Bear, Brown",$13.99,https://www.amazon.com/Aurora-World-Small-Coco-Plush/dp/B00LXWGWNI/ref=sr_1_12?crid=1ETD973V81N4Y&keywords=bear&qid=1670361976&sprefix=bear%2Caps%2C70&sr=8-12,https://m.media-amazon.com/images/I/A19hGHNgxIL._AC_UL320_.jpg
"Bear Coasters Set – 6 Full Size Rustic Coasters in Handmade Canoe with Adorable Black Bear Figurines | Black Bear Decor, Log Cabin Decor, Cabin Decorations, Rustic Lodge Decor for The Home",$27.99,https://www.amazon.com/Bear-Coasters-Set-Adorable-Figurines/dp/B07ZL1WNPQ/ref=sr_1_13?crid=1ETD973V81N4Y&keywords=bear&qid=1670361976&sprefix=bear%2Caps%2C70&sr=8-13,https://m.media-amazon.com/images/I/81hNWT1IRkL._AC_UL320_.jpg
Goodthreads Men's Soft Cotton Crewneck Sweater,$19.20,https://www.amazon.com/Goodthreads-Graphic-Crewneck-Sweater-X-Large/dp/B07P2JSVG2/ref=sr_1_14?crid=1ETD973V81N4Y&keywords=bear&qid=1670361976&sprefix=bear%2Caps%2C70&sr=8-14,https://m.media-amazon.com/images/I/910nLn4Ii5L._AC_UL320_.jpg
"GUND Toothpick Cable, Teddy Bear Stuffed Animal for Ages 1 and Up, Cream/Offwhite, 15”",$16.15,https://www.amazon.com/GUND-Toothpick-Stuffed-Animal-Offwhite/dp/B0B5GHBP81/ref=sr_1_16?crid=1ETD973V81N4Y&keywords=bear&qid=1670361976&sprefix=bear%2Caps%2C70&sr=8-16,https://m.media-amazon.com/images/I/71hfbRjg4VL._AC_UL320_.jpg
CooGoo 13inch Teddy Bear Plush Toy Cuddly Stuffed Animals Teddy Bear Doll Kids Gift for Valentines Girlfriend (Brown w. Red Shirt),$14.99,https://www.amazon.com/gp/slredirect/picassoRedirect.html/ref=pa_sp_mtf_aps_sr_pg1_1?ie=UTF8&adId=A073892414VAPPGL3JVGY&qualifier=1670361976&id=802067779140409&widgetName=sp_mtf&url=%2FCuddly-Stuffed-Animals-Valentines-Girlfriend%2Fdp%2FB093B6V5MN%2Fref%3Dsr_1_17_sspa%3Fcrid%3D1ETD973V81N4Y%26keywords%3Dbear%26qid%3D1670361976%26sprefix%3Dbear%252Caps%252C70%26sr%3D8-17-spons%26psc%3D1,https://m.media-amazon.com/images/I/71ZtPUwvTzS._AC_UL320_.jpg
"Build A Bear Workshop Online Exclusive Cuddly Brown Bear Plush, 16 in.",$19.50,https://www.amazon.com/gp/slredirect/picassoRedirect.html/ref=pa_sp_mtf_aps_sr_pg1_1?ie=UTF8&adId=A0091805FINUJ6RF64NF&qualifier=1670361976&id=802067779140409&widgetName=sp_mtf&url=%2FBuild-Bear-Workshop-Online-Exclusive%2Fdp%2FB08541F29C%2Fref%3Dsr_1_18_sspa%3Fcrid%3D1ETD973V81N4Y%26keywords%3Dbear%26qid%3D1670361976%26sprefix%3Dbear%252Caps%252C70%26sr%3D8-18-spons%26psc%3D1,https://m.media-amazon.com/images/I/61ao3bylUuL._AC_UL320_.jpg
"LotFancy 10'' Teddy Bear Stuffed Animal, Brown Baby Bear Plush Toy, Gift for Kids Boys Girls",$14.99,https://www.amazon.com/gp/slredirect/picassoRedirect.html/ref=pa_sp_mtf_aps_sr_pg1_1?ie=UTF8&adId=A0954915M6MNRM3DM7I8&qualifier=1670361976&id=802067779140409&widgetName=sp_mtf&url=%2FTeddy-Stuffed-Animal-Brown-Plush%2Fdp%2FB08YF1HKRH%2Fref%3Dsr_1_19_sspa%3Fcrid%3D1ETD973V81N4Y%26keywords%3Dbear%26qid%3D1670361976%26sprefix%3Dbear%252Caps%252C70%26sr%3D8-19-spons%26psc%3D1,https://m.media-amazon.com/images/I/81FefTBtlvL._AC_UL320_.jpg
"Giftgarden Floating Shelves for Wall with Unique Adorable Bears Cutouts, Rustic Wooden Iron Wall Shelf Bear Decor for Bathroom Cabin Lodge Bedroom Kitchen Living Room Nursery, Black, Set of 2",$28.99,https://www.amazon.com/gp/slredirect/picassoRedirect.html/ref=pa_sp_mtf_aps_sr_pg1_1?ie=UTF8&adId=A07410493RBDN6PVNFEOO&qualifier=1670361976&id=802067779140409&widgetName=sp_mtf&url=%2FGiftgarden-Floating-Shelves-Adorable-Bathroom%2Fdp%2FB087RFZPG6%2Fref%3Dsr_1_20_sspa%3Fcrid%3D1ETD973V81N4Y%26keywords%3Dbear%26qid%3D1670361976%26sprefix%3Dbear%252Caps%252C70%26sr%3D8-20-spons%26psc%3D1,https://m.media-amazon.com/images/I/71IuKBIyvYL._AC_UL320_.jpg
"Bearington Lil' Honey Brown Plush Stuffed Animal Teddy Bear, 12 inches",$19.99,https://www.amazon.com/Bearington-Honey-Stuffed-Animal-inches/dp/B07PBZN2RX/ref=sr_1_21?crid=1ETD973V81N4Y&keywords=bear&qid=1670361976&sprefix=bear%2Caps%2C70&sr=8-21,https://m.media-amazon.com/images/I/61ws+hQj7xL._AC_UL320_.jpg
"Toys Studio 36 inch Big Teddy Bear Cute Giant Stuffed Animals Soft Plush Bear for Girlfriend Kids, Beige",$37.99,https://www.amazon.com/Toys-Studio-Stuffed-Animals-Girlfriend/dp/B07T288V4V/ref=sr_1_22?crid=1ETD973V81N4Y&keywords=bear&qid=1670361976&sprefix=bear%2Caps%2C70&sr=8-22,https://m.media-amazon.com/images/I/91iAEHKwRRL._AC_UL320_.jpg
"LotFancy 20 inch Teddy Bear Stuffed Animals, Soft Cuddly Stuffed Plush Bear, Cute Stuffed Animals Toy with Footprints, Gifts for Kids Baby Toddlers on Baby Shower, Birthday, Easter, Tan Color",$26.80,https://www.amazon.com/LotFancy-Stuffed-Animal-Birthday-inches/dp/B079BG1425/ref=sr_1_23?crid=1ETD973V81N4Y&keywords=bear&qid=1670361976&sprefix=bear%2Caps%2C70&sr=8-23,https://m.media-amazon.com/images/I/91gbfULvW0L._AC_UL320_.jpg
LEGO Valentine’s Brown Bear 40462 Building Kit (245 Pieces),$14.99,https://www.amazon.com/LEGO-Valentines-Brown-Building-Pieces/dp/B09LFJGXW9/ref=sr_1_24?crid=1ETD973V81N4Y&keywords=bear&qid=1670361976&sprefix=bear%2Caps%2C70&sr=8-24,https://m.media-amazon.com/images/I/71mYb9NlFAL._AC_UL320_.jpg
Bear,$2.99,https://www.amazon.com/Bear-Brendan-M-Coughlin/dp/B07RT6VHJY/ref=sr_1_25?crid=1ETD973V81N4Y&keywords=bear&qid=1670361976&sprefix=bear%2Caps%2C70&sr=8-25,https://m.media-amazon.com/images/I/81qYTnU2gLL._AC_UL320_.jpg
"Bearington Lil' Grizby Small Plush Stuffed Animal Brown Grizzly Bear, 7 inches",$16.99,https://www.amazon.com/Bearington-Grizby-Stuffed-Animal-Grizzly/dp/B07PGWJDX2/ref=sr_1_26?crid=1ETD973V81N4Y&keywords=bear&qid=1670361976&sprefix=bear%2Caps%2C70&sr=8-26,https://m.media-amazon.com/images/I/61XkHgA5QtL._AC_UL320_.jpg
"DOLDOA Giant Teddy Bear Soft Stuffed Animals Plush Big Bear Toy for Kids, Girlfriend 35.4 inch(Beige)",$37.99,https://www.amazon.com/DOLDOA-Giant-Stuffed-Animals-Girlfriend/dp/B07YJJ9LPR/ref=sr_1_27?crid=1ETD973V81N4Y&keywords=bear&qid=1670361976&sprefix=bear%2Caps%2C70&sr=8-27,https://m.media-amazon.com/images/I/71rqdQg0TiL._AC_UL320_.jpg
"Bed Buddy Microwavable Weighted Stuffed Animal Teddy Bear and Plush - Calming Bear for Adults and Kids, 2 Pounds, Good for All Ages",$10.99,https://www.amazon.com/Bed-Buddy-Warm-Therapy-Pound/dp/B004Z9GBXC/ref=sr_1_28?crid=1ETD973V81N4Y&keywords=bear&qid=1670361976&sprefix=bear%2Caps%2C70&sr=8-28,https://m.media-amazon.com/images/I/811b89EoKIL._AC_UL320_.jpg
"9.8'' Teddy Bear with Rose, Soft Plush Bear Doll Stuffed Animal Toys Valentines Day Decor Gifts for Her / Girlfriend Lover Mom Kids (White)",$14.36,https://www.amazon.com/gp/slredirect/picassoRedirect.html/ref=pa_sp_mtf_aps_sr_pg1_1?ie=UTF8&adId=A06077732H04ZXEN0LF10&qualifier=1670361976&id=802067779140409&widgetName=sp_mtf&url=%2FTeddy-Stuffed-Animal-Valentines-Girlfriend%2Fdp%2FB09P9WGX26%2Fref%3Dsr_1_29_sspa%3Fcrid%3D1ETD973V81N4Y%26keywords%3Dbear%26qid%3D1670361976%26sprefix%3Dbear%252Caps%252C70%26sr%3D8-29-spons%26psc%3D1,https://m.media-amazon.com/images/I/51MYP3u1C7L._AC_UL320_.jpg
"Cute Plush Sleepy Brown Bear Animal Toy, Soft Hugging Pillow for Kids",$16.99,https://www.amazon.com/gp/slredirect/picassoRedirect.html/ref=pa_sp_mtf_aps_sr_pg1_1?ie=UTF8&adId=A08494093S0IB49OPMGTV&qualifier=1670361976&id=802067779140409&widgetName=sp_mtf&url=%2FPlush-Sleepy-Animal-Hugging-Pillow%2Fdp%2FB09STFPNM6%2Fref%3Dsr_1_30_sspa%3Fcrid%3D1ETD973V81N4Y%26keywords%3Dbear%26qid%3D1670361976%26sprefix%3Dbear%252Caps%252C70%26sr%3D8-30-spons%26psc%3D1,https://m.media-amazon.com/images/I/61qco3xn1fL._AC_UL320_.jpg
"Plushible Plush Reindeer Stuffed Animal - Holiday Deer Characters with Antlers Toy for Girl, Boy, Baby, and Toddler - Christmas Decor Animals - Little Plushie Toys - 8 Inch - Randall",$17.99,https://www.amazon.com/gp/slredirect/picassoRedirect.html/ref=pa_sp_mtf_aps_sr_pg1_1?ie=UTF8&adId=A08914332I43CDK4ACSBT&qualifier=1670361976&id=802067779140409&widgetName=sp_mtf&url=%2FPlushible-Randall-Reindeer-Christmas-Holiday%2Fdp%2FB09JPDT7TK%2Fref%3Dsr_1_31_sspa%3Fcrid%3D1ETD973V81N4Y%26keywords%3Dbear%26qid%3D1670361976%26sprefix%3Dbear%252Caps%252C70%26sr%3D8-31-spons%26psc%3D1%26smid%3DA9Q4AMZRJGYPJ,https://m.media-amazon.com/images/I/71Bzmhen2AL._AC_UL320_.jpg
"Tezituor Teddy Bear Stuffed Animals 18inch, Small Teddy Bear Cute Plush Bear for Kid Girl Boy (Tan)",$19.99,https://www.amazon.com/gp/slredirect/picassoRedirect.html/ref=pa_sp_mtf_aps_sr_pg1_1?ie=UTF8&adId=A0165165QGM5RAALRTZN&qualifier=1670361976&id=802067779140409&widgetName=sp_mtf&url=%2FTezituor-Teddy-Stuffed-Animals-18inch%2Fdp%2FB096JSJ63Y%2Fref%3Dsr_1_32_sspa%3Fcrid%3D1ETD973V81N4Y%26keywords%3Dbear%26qid%3D1670361976%26sprefix%3Dbear%252Caps%252C70%26sr%3D8-32-spons%26psc%3D1,https://m.media-amazon.com/images/I/61NqfDyH-wS._AC_UL320_.jpg
DOLDOA Big Teddy Bear Stuffed Animals with Footprints Plush Toy for Girlfriend 51 inch (Brown),$65.99,https://www.amazon.com/DOLDOA-Stuffed-Animals-Footprints-Girlfriend/dp/B06XRR8LN9/ref=sr_1_33?crid=1ETD973V81N4Y&keywords=bear&qid=1670361976&sprefix=bear%2Caps%2C70&sr=8-33,https://m.media-amazon.com/images/I/61iFb0YDIfL._AC_UL320_.jpg
"IKASA Giant Teddy Bear Plush Toy Stuffed Animals (Brown, 47 inches)",$41.99,https://www.amazon.com/IKASA-Giant-Stuffed-Animals-inches/dp/B08W28Q3CK/ref=sr_1_34?crid=1ETD973V81N4Y&keywords=bear&qid=1670361976&sprefix=bear%2Caps%2C70&sr=8-34,https://m.media-amazon.com/images/I/81zniJTQQAL._AC_UL320_.jpg
The Bear,$1.99,https://www.amazon.com/Bear-Bart/dp/B07DW65HW8/ref=sr_1_35?crid=1ETD973V81N4Y&keywords=bear&qid=1670361976&sprefix=bear%2Caps%2C70&sr=8-35,https://m.media-amazon.com/images/I/81pTkyA5+GL._AC_UL320_.jpg
"Care Bears 9"" Bean Plush (Glitter Belly) - Good Luck Bear - Soft Huggable Material!",$7.99,https://www.amazon.com/Care-Bears-Plush-Glitter-Belly/dp/B09P4BRXWX/ref=sr_1_36?crid=1ETD973V81N4Y&keywords=bear&qid=1670361976&sprefix=bear%2Caps%2C70&sr=8-36,https://m.media-amazon.com/images/I/61UX60tPTrL._AC_UL320_.jpg
"Bearington Woody Plush Black Bear Stuffed Animal, 10.5 Inch",$22.99,https://www.amazon.com/Bearington-Woody-Plush-Stuffed-Animal/dp/B09V1PH4RT/ref=sr_1_37?crid=1ETD973V81N4Y&keywords=bear&qid=1670361976&sprefix=bear%2Caps%2C70&sr=8-37,https://m.media-amazon.com/images/I/719QB6PIhYL._AC_UL320_.jpg
Bear: The Life and Times of Augustus Owsley Stanley III,$17.99,https://www.amazon.com/Bear-Times-Augustus-Owsley-Stanley/dp/125013918X/ref=sr_1_38?crid=1ETD973V81N4Y&keywords=bear&qid=1670361976&sprefix=bear%2Caps%2C70&sr=8-38,https://m.media-amazon.com/images/I/91wUt3BuodL._AC_UL320_.jpg
"36 Pcs Mini Plush Bears Christmas Little Pocket Bears Sympathy Gift for Kids Family Grieving Memorial Comfort Keepsake Inspirational Bear Hug Gift Card White Organza Bags (Blush Bear, 12 x 7 cm)",$21.99,https://www.amazon.com/Christmas-Sympathy-Grieving-Memorial-Inspirational/dp/B0B5RH8W42/ref=sr_1_39?crid=1ETD973V81N4Y&keywords=bear&qid=1670361976&sprefix=bear%2Caps%2C70&sr=8-39,https://m.media-amazon.com/images/I/81LALPBZarL._AC_UL320_.jpg
"Elcoho 24 Pieces 4 Inch Mini Plush Teddy Bears Toys Stuffed Animals Tiny Bear Soft Bear Doll Present Box Stuffers for Wedding, Festival Gift, Birthday Party Favors, Brown, Apricot",$22.99,https://www.amazon.com/Stuffed-Animals-Stuffers-Festival-Birthday/dp/B0B2JR97RP/ref=sr_1_40?crid=1ETD973V81N4Y&keywords=bear&qid=1670361976&sprefix=bear%2Caps%2C70&sr=8-40,https://m.media-amazon.com/images/I/81Wy56FBbCL._AC_UL320_.jpg
"GUND Philbin Classic Teddy Bear, Premium Stuffed Animal for Ages 1 and Up, Chocolate Brown, 18”",$28.69,https://www.amazon.com/GUND-Philbin-Stuffed-Animal-Chocolate/dp/B003S7J26U/ref=sr_1_41?crid=1ETD973V81N4Y&keywords=bear&qid=1670361976&sprefix=bear%2Caps%2C70&sr=8-41,https://m.media-amazon.com/images/I/81yboGeGHGL._AC_UL320_.jpg
"GUND Toothpick, Classic Teddy Bear Stuffed Animal for Ages 1 and Up, Beige, 15”",$23.99,https://www.amazon.com/GUND-Toothpick-Teddy-Stuffed-Animal/dp/B00HV3XI5I/ref=sr_1_42_mod_primary_new?crid=1ETD973V81N4Y&keywords=bear&qid=1670361976&sbo=RZvfv%2F%2FHxDF%2BO5021pAnSA%3D%3D&sprefix=bear%2Caps%2C70&sr=8-42,https://m.media-amazon.com/images/I/81NmnshwK9L._AC_UL320_.jpg
Bears,$5.99,https://www.amazon.com/Bears-Olga-Merediz/dp/B08KYN1Q35/ref=sr_1_43?crid=1ETD973V81N4Y&keywords=bear&qid=1670361976&sprefix=bear%2Caps%2C70&sr=8-43,https://m.media-amazon.com/images/I/71PAqN55ubL._AC_UL320_.jpg
"Bear Raspberry Blueberry Fruit Snack Minis, 3.5 OZ",$4.99,https://www.amazon.com/Raspberry-Blueberry-Fruit-Snack-Minis/dp/B09YL73HYM/ref=sr_1_44_f3_0o_wf?crid=1ETD973V81N4Y&keywords=bear&qid=1670361976&sprefix=bear%2Caps%2C70&sr=8-44,https://m.media-amazon.com/images/I/31CWhc0KOGL._AC_UL320_.jpg
Amazon Essentials Girls and Toddlers' Raglan Sweater Dress,$12.60,https://www.amazon.com/Amazon-Essentials-Raglan-Sweater-X-Small/dp/B08TXY7YH7/ref=sr_1_45?crid=1ETD973V81N4Y&keywords=bear&qid=1670361976&sprefix=bear%2Caps%2C70&sr=8-45,https://m.media-amazon.com/images/I/81Gflb2r6OL._MCnd_AC_UL320_.jpg
Gloveleya I Love You Stuffed Teddy Bear with Heart Plush Toy Gift 6 Inches with Box,$9.99,https://www.amazon.com/Gloveleya-Plush-Teddy-Heart-YouLovers/dp/B01MT5X7RI/ref=sr_1_46?crid=1ETD973V81N4Y&keywords=bear&qid=1670361976&sprefix=bear%2Caps%2C70&sr=8-46,https://m.media-amazon.com/images/I/711-Y1n9eUL._AC_UL320_.jpg
Arctic Paw Womens Winter Hat Cable Knit Beanie for Women Faux Fur Pompom Ears,$16.99,https://www.amazon.com/Womens-Knitted-Beanie-Bouble-Pompom/dp/B071RDNCV7/ref=sr_1_47?crid=1ETD973V81N4Y&keywords=bear&qid=1670361976&sprefix=bear%2Caps%2C70&sr=8-47,https://m.media-amazon.com/images/I/71l7capy4FL._AC_UL320_.jpg
"Fahlo Polar Bear Tracking Bracelet, Elastic, supports Polar Bears International, one size fits most for Men and Women",$19.99,https://www.amazon.com/Fahlo-Tracking-Bracelet-supports-International/dp/B09ZP86LT3/ref=sr_1_48?crid=1ETD973V81N4Y&keywords=bear&qid=1670361976&sprefix=bear%2Caps%2C70&sr=8-48,https://m.media-amazon.com/images/I/61bnU6KjjyL._AC_UL320_.jpg
"Tezituor Small Teddy Bear Stuffed Animals 18inch, Cute Little Teddy Bear Plush Toys for Kid Girl Boy (Brown)",$19.99,https://www.amazon.com/Tezituor-Stuffed-Animals-Classic-Girlfriend/dp/B08MQ3JRY9/ref=sr_1_49?crid=1ETD973V81N4Y&keywords=bear&qid=1670361976&sprefix=bear%2Caps%2C70&sr=8-49,https://m.media-amazon.com/images/I/61QRdElDEgL._AC_UL320_.jpg
"GenSwin Flameless Flickering Led Candles with Hemp Rope and 6H Timer, Battery Operated Set of 3 Real Wax Pillar Rustic Candles Warm Light with Deer, Moose, Bear Decals Decor Christmas Home(D3 x H6)",$27.99,https://www.amazon.com/GenSwin-Flameless-Flickering-Operated-Christmas/dp/B07XCZ36XW/ref=sr_1_50?crid=1ETD973V81N4Y&keywords=bear&qid=1670361976&sprefix=bear%2Caps%2C70&sr=8-50,https://m.media-amazon.com/images/I/61NhouKlfkL._AC_UL320_.jpg
Christmas Stuffed Animals 10 Inches Christmas Santa Bear Animal Plush Cute Santa Claus Snowman Elk Stuffed Plush Toys Desktop Decoration for Kids Girls Boys Holiday Birthday Gift,$18.99,https://www.amazon.com/Christmas-Stuffed-Animals-Decoration-Birthday/dp/B0B7MMXBM1/ref=sr_1_52?crid=1ETD973V81N4Y&keywords=bear&qid=1670361976&sprefix=bear%2Caps%2C70&sr=8-52,https://m.media-amazon.com/images/I/81w9bsQk2hL._AC_UL320_.jpg
"Tezituor Big Teddy Bear,52'' Giant Stuffed Animal Plush,Soft Gifts for Valentine, Christmas, Birthday.",$52.99,https://www.amazon.com/Tezituor-Stuffed-Valentine-Christmas-Birthday%EF%BC%8C52inches/dp/B08H1VGLBN/ref=sr_1_53?crid=1ETD973V81N4Y&keywords=bear&qid=1670361976&sprefix=bear%2Caps%2C70&sr=8-53,https://m.media-amazon.com/images/I/71vKGYzvzOL._AC_UL320_.jpg
"Oits-cute Big Baby Teddy Bear with Cloth Cute Stuffed Animal Soft Plush Toy 25"" (Pink&Brown)",$36.88,https://www.amazon.com/Oitscute-Teddy-Cloth-Stuffed-Animal/dp/B08F7CLH98/ref=sr_1_54?crid=1ETD973V81N4Y&keywords=bear&qid=1670361976&sprefix=bear%2Caps%2C70&sr=8-54,https://m.media-amazon.com/images/I/815QLYa6i1L._AC_UL320_.jpg
"MorisMos Giant Teddy Bear Mommy and Baby Bear Soft Plush Bear Stuffed Animal for Mom and Child,Tan,39 Inches",$38.99,https://www.amazon.com/MorisMos-Giant-Stuffed-Animal-Inches/dp/B07TPRSVD1/ref=sr_1_55?crid=1ETD973V81N4Y&keywords=bear&qid=1670361976&sprefix=bear%2Caps%2C70&sr=8-55,https://m.media-amazon.com/images/I/615jV0URNrL._AC_UL320_.jpg
"HyDren 9 Pcs Mini Bear Toy Soft Stuffed Tiny Bear 8 Inch Bear Keychain Plush Cute Stuffed Animals Small Bear Party Favors for Birthday Wedding Party Decorations (Beige, Light Brown, Brown)",$24.99,https://www.amazon.com/HyDren-Stuffed-Keychain-Birthday-Decorations/dp/B0B3M1S158/ref=sr_1_56?crid=1ETD973V81N4Y&keywords=bear&qid=1670361976&sprefix=bear%2Caps%2C70&sr=8-56,https://m.media-amazon.com/images/I/816fZHf6MaL._AC_UL320_.jpg
The Bear,$3.99,https://www.amazon.com/Bear-Bart/dp/B015XMJVIQ/ref=sr_1_57?crid=1ETD973V81N4Y&keywords=bear&qid=1670361976&sprefix=bear%2Caps%2C70&sr=8-57,https://m.media-amazon.com/images/I/91uvjKMzFzL._AC_UL320_.jpg
Giant Teddy 7 Foot Life Size Bear Cuddles - The Biggest Teddy Bear! (Cotton Candy Pink),$269.99,https://www.amazon.com/gp/slredirect/picassoRedirect.html/ref=pa_sp_btf_aps_sr_pg1_1?ie=UTF8&adId=A1027487KMJUZZHXXDH2&qualifier=1670361976&id=802067779140409&widgetName=sp_btf&url=%2FGiant-Teddy-Foot-Life-Cuddles%2Fdp%2FB082DLGP7L%2Fref%3Dsr_1_58_sspa%3Fcrid%3D1ETD973V81N4Y%26keywords%3Dbear%26qid%3D1670361976%26sprefix%3Dbear%252Caps%252C70%26sr%3D8-58-spons%26psc%3D1,https://m.media-amazon.com/images/I/81iJwwvxY0L._AC_UL320_.jpg
"Rose Bear Gifts for Her, Over 250+ Flower Bear Rose Teddy Bear with Box Lights, Daughter Mom Romantic Gifts for Valentines Day, Mothers Day, Wedding and Anniversary",$24.49,https://www.amazon.com/gp/slredirect/picassoRedirect.html/ref=pa_sp_btf_aps_sr_pg1_1?ie=UTF8&adId=A036180529YAOWQGY4OIX&qualifier=1670361976&id=802067779140409&widgetName=sp_btf&url=%2FDaughter-Romantic-Valentines-Mothers-Anniversary%2Fdp%2FB081XWD2ZB%2Fref%3Dsr_1_59_sspa%3Fcrid%3D1ETD973V81N4Y%26keywords%3Dbear%26qid%3D1670361976%26sprefix%3Dbear%252Caps%252C70%26sr%3D8-59-spons%26psc%3D1,https://m.media-amazon.com/images/I/71CdzNQgSAL._AC_UL320_.jpg
"Tezituor Big Teddy Bear,52'' Giant Stuffed Animal Plush,Soft Gifts for Valentine, Christmas, Birthday.",$52.99,https://www.amazon.com/gp/slredirect/picassoRedirect.html/ref=pa_sp_btf_aps_sr_pg1_1?ie=UTF8&adId=A03158452K20JFQW66HDZ&qualifier=1670361976&id=802067779140409&widgetName=sp_btf&url=%2FTezituor-Stuffed-Valentine-Christmas-Birthday%25EF%25BC%258C52inches%2Fdp%2FB08H1VGLBN%2Fref%3Dsr_1_60_sspa%3Fcrid%3D1ETD973V81N4Y%26keywords%3Dbear%26qid%3D1670361976%26sprefix%3Dbear%252Caps%252C70%26sr%3D8-60-spons%26psc%3D1,https://m.media-amazon.com/images/I/71vKGYzvzOL._AC_UL320_.jpg
