item_name,price,link_to_item,link_to_item_image
"IRIS USA Air Fryer Convection Toaster Oven, 24QT, Countertop, 3-Shelve 7-in-1 Combo Air-Fryer Drip Tray Basket and Drip Tray, 1500W, Black",$79.99,https://www.amazon.com/gp/slredirect/picassoRedirect.html/ref=pa_sp_atf_aps_sr_pg1_1?ie=UTF8&adId=A0621690A33C87AZOBKU&qualifier=1670362089&id=3152671416440805&widgetName=sp_atf&url=%2FIRIS-USA-Convection-Air-Fryer-594330%2Fdp%2FB08Z62JGCR%2Fref%3Dsr_1_1_sspa%3Fcrid%3D1ETD973V81N4Y%26keywords%3Doven%26qid%3D1670362089%26sprefix%3Doven%252Caps%252C70%26sr%3D8-1-spons%26psc%3D1,https://m.media-amazon.com/images/I/81xHfbkd-hL._AC_UY218_.jpg
"ROCCBOX by Gozney Portable Outdoor Pizza Oven - Gas Fired, Fire & Stone Outdoor Pizza Oven, Includes Professional Grade Pizza Peel",$499.00,https://www.amazon.com/gp/slredirect/picassoRedirect.html/ref=pa_sp_atf_aps_sr_pg1_1?ie=UTF8&adId=A102411523XTH1S398539&qualifier=1670362089&id=3152671416440805&widgetName=sp_atf&url=%2FROCCBOX-Portable-Outdoor-Pizza-Oven%2Fdp%2FB07TJ81FSC%2Fref%3Dsr_1_2_sspa%3Fcrid%3D1ETD973V81N4Y%26keywords%3Doven%26qid%3D1670362089%26sprefix%3Doven%252Caps%252C70%26sr%3D8-2-spons%26psc%3D1%26smid%3DA2039VV8ZLH7F2,https://m.media-amazon.com/images/I/71TNaTLK6GL._AC_UY218_.jpg
"COMFEE' 4 Slice Small Toaster Oven Countertop, 12L with 30-Minute Timer, 3-In-One, Bake, Broil, Toast, 1100 Watts, Dual heating element, Stainless Steel(CFO-BG12(SS))",$49.49,https://www.amazon.com/Countertop-30-Minute-Stainless-CFO-BG12-SS/dp/B08B4LJV36/ref=sr_1_3?crid=1ETD973V81N4Y&keywords=oven&qid=1670362089&sprefix=oven%2Caps%2C70&sr=8-3,https://m.media-amazon.com/images/I/61B8RPgMItL._AC_UY218_.jpg
"Elite Gourmet ETO-4510M French Door 47.5Qt, 18-Slice Convection Oven 4-Control Knobs, Bake Broil Toast Rotisserie Keep Warm, Includes 2 x 14"" Pizza Racks, Stainless Steel",$140.19,https://www.amazon.com/Elite-Gourmet-ETO4510BMDouble-Countertop-Convection/dp/B07XMJMCS3/ref=sr_1_4?crid=1ETD973V81N4Y&keywords=oven&qid=1670362089&sprefix=oven%2Caps%2C70&sr=8-4,https://m.media-amazon.com/images/I/71oJ2JXHRNL._AC_UY218_.jpg
"Elite Gourmet ERO-2008NFFP Countertop XL Toaster Oven Rotisserie, Bake, Grill, Broil, Roast, Toast, Keep Warm and Steam, 23L capacity fits a 12” pizza, 6-Slice, Black",$55.10,https://www.amazon.com/Elite-Gourmet-Counter-Toaster-Rotisserie/dp/B07S38K5RF/ref=sr_1_5?crid=1ETD973V81N4Y&keywords=oven&qid=1670362089&sprefix=oven%2Caps%2C70&sr=8-5,https://m.media-amazon.com/images/I/81-92uTQfYL._AC_UY218_.jpg
"COSORI Air Fryer Toaster Oven, 12-in-1 Convection Ovens Countertop Combo, 6-Slice Toast, 12-inch Pizza, Basket, Tray, Recipes &3 Accessories, 26.4QT, Wifi, CS100-AO",$149.99,https://www.amazon.com/COSORI-Air-Fryer-Toaster-Oven/dp/B08K8T3W2V/ref=sr_1_6?crid=1ETD973V81N4Y&keywords=oven&qid=1670362089&sprefix=oven%2Caps%2C70&sr=8-6,https://m.media-amazon.com/images/I/81Bi0p5lXiL._AC_UY218_.jpg
Amazon Basics 1500 Watt Large Capacity Air Oven With Accessories,$149.00,https://www.amazon.com/gp/slredirect/picassoRedirect.html/ref=pa_sp_mtf_aps_sr_pg1_1?ie=UTF8&adId=A009549678GU94UZC695&qualifier=1670362089&id=3152671416440805&widgetName=sp_mtf&url=%2FAmazonBasics-1500-Large-Capacity-Accessories%2Fdp%2FB07VYMS78Q%2Fref%3Dsr_1_7_sspa%3Fcrid%3D1ETD973V81N4Y%26keywords%3Doven%26qid%3D1670362089%26sprefix%3Doven%252Caps%252C70%26sr%3D8-7-spons%26psc%3D1,https://m.media-amazon.com/images/I/71L08j1yhSL._AC_UY218_.jpg
"Breville Smart Oven Air Fryer Pro, Brushed Stainless Steel, BOV900BSS",$390.99,https://www.amazon.com/Breville-BOV900BSS-Convection-Brushed-Stainless/dp/B01N5UPTZS/ref=sr_1_8_mod_primary_new?crid=1ETD973V81N4Y&keywords=oven&qid=1670362089&sbo=RZvfv%2F%2FHxDF%2BO5021pAnSA%3D%3D&sprefix=oven%2Caps%2C70&sr=8-8,https://m.media-amazon.com/images/I/81+Qw7sZ6AL._AC_UY218_.jpg
"BLACK+DECKER 4-Slice Toaster Oven with Natural Convection, Stainless Steel, TO1760SS",$54.79,https://www.amazon.com/BLACK-DECKER-Convection-Stainless-TO1760SS/dp/B0721CGB5F/ref=sr_1_9?crid=1ETD973V81N4Y&keywords=oven&qid=1670362089&sprefix=oven%2Caps%2C70&sr=8-9,https://m.media-amazon.com/images/I/811iZDsQOkL._AC_UY218_.jpg
"Instant Omni Air Fryer Toaster Oven Combo 19 QT/18L, From the Makers of Instant Pot, 7-in-1 Functions, Fits a 12"" Pizza Oven, 6 Slices of Bread, App with Over 100 Recipes, Black Finish",$129.95,https://www.amazon.com/Instant-Pot-140-4003-01-Omni-Toaster/dp/B09F7XG6W9/ref=sr_1_10?crid=1ETD973V81N4Y&keywords=oven&qid=1670362089&sprefix=oven%2Caps%2C70&sr=8-10,https://m.media-amazon.com/images/I/817iJotdbtL._AC_UY218_.jpg
"LUBY Large Toaster Oven Countertop, French Door Designed, 55L, 18 Slices, 14'' pizza, 20lb Turkey, Silver",$149.99,https://www.amazon.com/LUBY-Large-Toaster-Countertop-Designed/dp/B07DR5QRY8/ref=sr_1_11?crid=1ETD973V81N4Y&keywords=oven&qid=1670362089&sprefix=oven%2Caps%2C70&sr=8-11,https://m.media-amazon.com/images/I/81xXh6P2RDL._AC_UY218_.jpg
NUWAVE BRAVO XL 30-Quart Convection Oven with Flavor Infusion Technology with Integrated Digital Temperature Probe; 12 Presets; 3 Fan Speeds; 5-Quartz Heating Elements,$159.99,https://www.amazon.com/gp/slredirect/picassoRedirect.html/ref=pa_sp_mtf_aps_sr_pg1_1?ie=UTF8&adId=A09183092ZEFJ42WHKSIQ&qualifier=1670362089&id=3152671416440805&widgetName=sp_mtf&url=%2F30-Quart-Convection-Temperature-Programmed-Precision%2Fdp%2FB00IXBN636%2Fref%3Dsr_1_12_sspa%3Fcrid%3D1ETD973V81N4Y%26keywords%3Doven%26qid%3D1670362089%26sprefix%3Doven%252Caps%252C70%26sr%3D8-12-spons%26psc%3D1,https://m.media-amazon.com/images/I/71PalVatt9L._AC_UY218_.jpg
"TOSHIBA AC25CEW-BS Large 6-Slice Convection Toaster Oven Countertop, 10-In-One with Toast, Pizza and Rotisserie, 1500W, Black Stainless Steel, Includes 6 Accessories",$111.49,https://www.amazon.com/Toshiba-AC25CEW-BS-Convection-Function-Stainless/dp/B071JB7YT4/ref=sr_1_13?crid=1ETD973V81N4Y&keywords=oven&qid=1670362089&sprefix=oven%2Caps%2C70&sr=8-13,https://m.media-amazon.com/images/I/71g8rTK-8rL._AC_UY218_.jpg
"Hamilton Beach Countertop Toaster Oven & Pizza Maker Large 4-Slice Capacity, Stainless Steel (31401)",$69.99,https://www.amazon.com/Hamilton-Beach-31401-Stainless-Toaster/dp/B015YUDYVM/ref=sr_1_14?crid=1ETD973V81N4Y&keywords=oven&qid=1670362089&sprefix=oven%2Caps%2C70&sr=8-14,https://m.media-amazon.com/images/I/71Hddpi1-wL._AC_UY218_.jpg
"Ninja DT201 Foodi 10-in-1 XL Pro Air Fry Digital Countertop Convection Toaster Oven with Dehydrate and Reheat, 1800 Watts, Stainless Steel Finish",$229.99,https://www.amazon.com/Ninja-DT201-Countertop-Convection-Dehydrate/dp/B08BXX69K4/ref=sr_1_15?crid=1ETD973V81N4Y&keywords=oven&qid=1670362089&sprefix=oven%2Caps%2C70&sr=8-15,https://m.media-amazon.com/images/I/81-iH5uQj5L._AC_UY218_.jpg
"Elite Gourmet ETO236 Personal 2 Slice Countertop Toaster Oven with 15 Minute Timer Includes Pan and Wire Rack, Bake, Broil, Toast, Black",$29.99,https://www.amazon.com/Elite-Gourmet-ETO236-Personal-Countertop/dp/B09XWG4LW5/ref=sr_1_16?crid=1ETD973V81N4Y&keywords=oven&qid=1670362089&sprefix=oven%2Caps%2C70&sr=8-16,https://m.media-amazon.com/images/I/61y9NwR0hwL._AC_UY218_.jpg
"10-in-1 Air Fryer Oven, 20 Quart Airfryer Toaster Oven , 1800W Toaster Oven Air Fryer Combo, Large Air Fryers Accessories, ETL Certification",$159.99,https://www.amazon.com/gp/slredirect/picassoRedirect.html/ref=pa_sp_mtf_aps_sr_pg1_1?ie=UTF8&adId=A0410192JGAC3TNZ20I6&qualifier=1670362089&id=3152671416440805&widgetName=sp_mtf&url=%2FAirfryer-Toaster-Fryers-Accessories-Certification%2Fdp%2FB09FPK2W2J%2Fref%3Dsr_1_17_sspa%3Fcrid%3D1ETD973V81N4Y%26keywords%3Doven%26qid%3D1670362089%26sprefix%3Doven%252Caps%252C70%26sr%3D8-17-spons%26psc%3D1,https://m.media-amazon.com/images/I/71Umuts8ZLL._AC_UY218_.jpg
"Instant Vortex Pro Air Fryer, 10 Quart, 9-in-1 Rotisserie and Convection Oven, From the Makers of Instant Pot with EvenCrisp Technology, App With Over 100 Recipes, 1500W, Stainless Steel",$109.95,https://www.amazon.com/Instant-Pot-Vortex-Pro-10/dp/B07VM1HQ87/ref=sr_1_18?crid=1ETD973V81N4Y&keywords=oven&qid=1670362089&sprefix=oven%2Caps%2C70&sr=8-18,https://m.media-amazon.com/images/I/81oSbQ6TqkL._AC_UY218_.jpg
"Cuisinart TOB-40N Custom Classic Toaster Oven Broiler, 17 Inch, Black",$99.95,https://www.amazon.com/Cuisinart-TOB-40N-Classic-Toaster-Broiler/dp/B004JMZGM2/ref=sr_1_19?crid=1ETD973V81N4Y&keywords=oven&qid=1670362089&sprefix=oven%2Caps%2C70&sr=8-19,https://m.media-amazon.com/images/I/51DiIjwkG1L._AC_UY218_.jpg
"COSORI Air Fryer Toaster Oven, 12-in-1 Convection Oven Countertop with Rotisserie, Stainless Steel 32QT/32L, 6-Slice Toast, 13-inch Pizza,100 Recipes, Basket, Tray(6 Accessories)Included, CO130-AO",$193.22,https://www.amazon.com/COSORI-Convection-Dehydrator-Rotisserie-Accessories/dp/B07W67NQMN/ref=sr_1_20?crid=1ETD973V81N4Y&keywords=oven&qid=1670362089&sprefix=oven%2Caps%2C70&sr=8-20,https://m.media-amazon.com/images/I/71+RwLB5WuL._AC_UY218_.jpg
"Hamilton Beach Sure-Crisp Air Fryer Countertop Toaster Oven, Fits 9” Pizza, 4 Slice Capacity, Powerful Circulation, Auto Shutoff, Stainless Steel (31403)",$69.99,https://www.amazon.com/Hamilton-Beach-31403-Sure-Crisp-Circulation/dp/B08CW95ZFR/ref=sr_1_21?crid=1ETD973V81N4Y&keywords=oven&qid=1670362089&sprefix=oven%2Caps%2C70&sr=8-21,https://m.media-amazon.com/images/I/71GR2HOhf-L._AC_UY218_.jpg
Kalamera 24QT Air Fryer Toaster Oven Preset Menu Program S/S Cavity 1700W,$109.00,https://www.amazon.com/gp/slredirect/picassoRedirect.html/ref=pa_sp_btf_aps_sr_pg1_1?ie=UTF8&adId=A07458791H9600CN9E4YO&qualifier=1670362089&id=3152671416440805&widgetName=sp_btf&url=%2FKalamera-Toaster-Preset-Program-Cavity%2Fdp%2FB09XJXSJ2K%2Fref%3Dsr_1_22_sspa%3Fcrid%3D1ETD973V81N4Y%26keywords%3Doven%26qid%3D1670362089%26sprefix%3Doven%252Caps%252C70%26sr%3D8-22-spons%26psc%3D1,https://m.media-amazon.com/images/I/71nfBKnHBDL._AC_UY218_.jpg
