item_name,price,link_to_item,link_to_item_image
"Set of 24 Sports 2.5"" Stress Balls - Includes Soccer Ball, Basketball, Football, Baseball Squeeze Balls for Stress Relief, Party Favors, Ball Games and Prizes, Stocking Stuffers - Bulk 2 Dozen Balls",$23.99,https://www.amazon.com/gp/slredirect/picassoRedirect.html/ref=pa_sp_atf_aps_sr_pg1_1?ie=UTF8&adId=A0232647ANYXHXRNVPTE&qualifier=1670362003&id=2435802487684076&widgetName=sp_atf&url=%2FSet-Sports-2-5-Stress-Balls%2Fdp%2FB01MYPNEJI%2Fref%3Dsr_1_1_sspa%3Fcrid%3D1ETD973V81N4Y%26keywords%3Dsports%2Bball%26qid%3D1670362003%26sprefix%3Dsports%2Bball%252Caps%252C70%26sr%3D8-1-spons%26psc%3D1%26smid%3DA2YO0F8XYPIITK,https://m.media-amazon.com/images/I/71E3jWeERpL._AC_UL320_.jpg
Nerf Pro Grip Football -- Classic Foam Ball -- Easy to Catch and Throw -- Great for Indoor and Outdoor Play -- Blue,$11.27,https://www.amazon.com/Football-Classic-Catch-Indoor-Outdoor/dp/B08P286Q26/ref=sr_1_2?crid=1ETD973V81N4Y&keywords=sports+ball&qid=1670362003&sprefix=sports+ball%2Caps%2C70&sr=8-2,https://m.media-amazon.com/images/I/813S8ofhO8L._AC_UL320_.jpg
"AppleRound Pack of 4 Sports Balls with 1 Pump: 1 Each of 5"" Soccer Ball, 5"" Basketball, 5"" Playground Ball, and 6.5"" Football (4 Balls and 1 Pump)",$13.75,https://www.amazon.com/AppleRound-Sports-Basketball-Playground-Football/dp/B00Y8EGGXE/ref=sr_1_3?crid=1ETD973V81N4Y&keywords=sports+ball&qid=1670362003&sprefix=sports+ball%2Caps%2C70&sr=8-3,https://m.media-amazon.com/images/I/81S+7h513XL._AC_UL320_.jpg
"Toysmith Get Outside GO! Pro-Ball Set, Pack of 3 (5-inch soccer ball,6.5-inch football and 5-inch basketball) (2709)",$13.99,https://www.amazon.com/Toysmith-Pro-Ball-6-5-inch-football-basketball/dp/B000PXP3DQ/ref=sr_1_4?crid=1ETD973V81N4Y&keywords=sports+ball&qid=1670362003&sprefix=sports+ball%2Caps%2C70&sr=8-4,https://m.media-amazon.com/images/I/81eml8YyhjL._AC_UL320_.jpg
"AppleRound 8.5 Inch Playground Ball with Air Pump, Pack of 1 Ball with 1 Pump, Official Size for Dodge Ball, Handball, Camps and Schools",$8.90,https://www.amazon.com/AppleRound-Playground-Official-Handball-Schools/dp/B0928LBM8C/ref=sr_1_5?crid=1ETD973V81N4Y&keywords=sports+ball&qid=1670362003&sprefix=sports+ball%2Caps%2C70&sr=8-5,https://m.media-amazon.com/images/I/813ND6wxPkL._AC_UL320_.jpg
Franklin Sports Junior Football - Grip-Rite 100,$8.79,https://www.amazon.com/Franklin-Sports-Grip-Rite-Rubber-Football/dp/B07HSH7MVL/ref=sr_1_6?crid=1ETD973V81N4Y&keywords=sports+ball&qid=1670362003&sprefix=sports+ball%2Caps%2C70&sr=8-6,https://m.media-amazon.com/images/I/91c3Ca9UdiS._AC_UL320_.jpg
"NERF Mini Foam Sports Ball Set - Foam Football, Soccer Ball + Basketball Set - NERF Soft Foam Sports Set for Kids - Multicolor",$19.99,https://www.amazon.com/NERF-Mini-Foam-Sports-Ball/dp/B09GNQD678/ref=sr_1_7?crid=1ETD973V81N4Y&keywords=sports+ball&qid=1670362003&sprefix=sports+ball%2Caps%2C70&sr=8-7,https://m.media-amazon.com/images/I/91wZ5MtyS7L._AC_UL320_.jpg
WAHU Phlat Ball Jr Green / Blue by Goliath Sports,$12.99,https://www.amazon.com/Goliath-Sports-Phlat-Ball-Green/dp/B085B3WWMQ/ref=sr_1_8?crid=1ETD973V81N4Y&keywords=sports+ball&qid=1670362003&sprefix=sports+ball%2Caps%2C70&sr=8-8,https://m.media-amazon.com/images/I/91sVj7afqWL._AC_UL320_.jpg
WILSON Traditional Soccer Ball,$19.65,https://www.amazon.com/Wilson-Traditional-Soccer-Ball-3/dp/B001C3O8O8/ref=sr_1_9?crid=1ETD973V81N4Y&keywords=sports+ball&qid=1670362003&sprefix=sports+ball%2Caps%2C70&sr=8-9,https://m.media-amazon.com/images/I/61jU4o9laBL._AC_UL320_.jpg
"Bag of Balls – Basketball, Soccer Ball, Football, Volleyball, Playground Ball with Sports Equipment Bag and Pump",$71.49,https://www.amazon.com/Bag-Balls-Basketball-Volleyball-Playground/dp/B08FX9GJFL/ref=sr_1_10?crid=1ETD973V81N4Y&keywords=sports+ball&qid=1670362003&sprefix=sports+ball%2Caps%2C70&sr=8-10,https://m.media-amazon.com/images/I/819qrnPBkjL._AC_UL320_.jpg
Champion Sports Rhino Playground Balls,$29.16,https://www.amazon.com/Champion-Sports-PGSET-Playground-Ball/dp/B000KIBRVI/ref=sr_1_11?crid=1ETD973V81N4Y&keywords=sports+ball&qid=1670362003&sprefix=sports+ball%2Caps%2C70&sr=8-11,https://m.media-amazon.com/images/I/71atNrb5hxL._AC_UL320_.jpg
Franklin Sports Foam Soccer Ball - Perfect for Practice and Backyard Play - Best for First-Time Play and Small Kids - 6.5 inches,$12.44,https://www.amazon.com/Franklin-Sports-Foam-Soccer-Ball/dp/B07XMMMTK5/ref=sr_1_12?crid=1ETD973V81N4Y&keywords=sports+ball&qid=1670362003&sprefix=sports+ball%2Caps%2C70&sr=8-12,https://m.media-amazon.com/images/I/81tUI50sggL._AC_UL320_.jpg
Vizari National Team Soccer Balls | Eight National Team Countryballs to Choose from,$21.99,https://www.amazon.com/Vizari-National-Soccer-Countryballs-Choose/dp/B0BGMKPHKG/ref=sr_1_13?crid=1ETD973V81N4Y&keywords=sports+ball&qid=1670362003&sprefix=sports+ball%2Caps%2C70&sr=8-13,https://m.media-amazon.com/images/I/718KnDD8knL._AC_UL320_.jpg
Super Z Outlet Mini Foam Sports Balls 24 Pack Balls for Kids Adults Mini Baseball Football Basketball Soccer Stress Ball Bulk Toy Little Big Game Party Decoration Balls Small Foam Relaxable Balls,$15.99,https://www.amazon.com/Super-Outlet-Squeeze-Anxiety-Relaxation/dp/B07GBHZN41/ref=sr_1_14?crid=1ETD973V81N4Y&keywords=sports+ball&qid=1670362003&sprefix=sports+ball%2Caps%2C70&sr=8-14,https://m.media-amazon.com/images/I/71y-Q6sRuWL._AC_UL320_.jpg
"Aerobie Sonic Fin Football, Aerodynamic Russel Wilson Football Toy, Now with Softer Foam & Fins, Outdoor Games for Kids and Adults Aged 8 and Up",$16.98,https://www.amazon.com/Aerobie-Aerodynamic-Performance-Outdoor-Football/dp/B08VLGDFY8/ref=sr_1_15?crid=1ETD973V81N4Y&keywords=sports+ball&qid=1670362003&sprefix=sports+ball%2Caps%2C70&sr=8-15,https://m.media-amazon.com/images/I/71DOQOer5fL._AC_UL320_.jpg
"beetoy Balls for Toddlers 1-3, Toddler Balls Sports Balls - Soccer Ball, Playground Balls, Basketball, Volleyball, Baseball, Rugby - Ball Set for Toddlers 1-3 Outdoor Inflatable with Pump, 6 PCS",$16.99,https://www.amazon.com/beetoy-Inflatable-Football-Basketball-Volleyball/dp/B08NSQWP27/ref=sr_1_16?crid=1ETD973V81N4Y&keywords=sports+ball&qid=1670362003&sprefix=sports+ball%2Caps%2C70&sr=8-16,https://m.media-amazon.com/images/I/614OspAcpgL._AC_UL320_.jpg
"Cipton Glow in The Dark Soccer Ball, LED Light Up Soccer Ball for Ultimate Nighttime Games, 2 LED Bright Lights, Premium Rubber Official Size 5 Soccer Ball, Replacement Batteries & Pump Included",$29.99,https://www.amazon.com/gp/slredirect/picassoRedirect.html/ref=pa_sp_mtf_aps_sr_pg1_1?ie=UTF8&adId=A01268612JBOID2QYSZG0&qualifier=1670362003&id=2435802487684076&widgetName=sp_mtf&url=%2FCipton-Soccerball-Ultimate-Replacement-Batteries%2Fdp%2FB08QTLFT93%2Fref%3Dsr_1_17_sspa%3Fcrid%3D1ETD973V81N4Y%26keywords%3Dsports%2Bball%26qid%3D1670362003%26sprefix%3Dsports%2Bball%252Caps%252C70%26sr%3D8-17-spons%26psc%3D1,https://m.media-amazon.com/images/I/71nCly0AscL._AC_UL320_.jpg
"Full Set 6 Sports Balls with 1 Pump - 5"" Soccer, 5"" Basketball, 5"" Volleyball, 5"" Playground, 5"" Knobby Ball, and 6.5"" Football - Best Toys Gift for Kids",$14.10,https://www.amazon.com/gp/slredirect/picassoRedirect.html/ref=pa_sp_mtf_aps_sr_pg1_1?ie=UTF8&adId=A05608262INVTTS5K5FA1&qualifier=1670362003&id=2435802487684076&widgetName=sp_mtf&url=%2FFull-Set-Sports-Balls-Pump%2Fdp%2FB09CLNZ3Q3%2Fref%3Dsr_1_18_sspa%3Fcrid%3D1ETD973V81N4Y%26keywords%3Dsports%2Bball%26qid%3D1670362003%26sprefix%3Dsports%2Bball%252Caps%252C70%26sr%3D8-18-spons%26psc%3D1,https://m.media-amazon.com/images/I/7137qWmrerL._AC_UL320_.jpg
"ToysOpoly Premium Playground Balls 8.5 inch, Best Kickball Dodgeball for Kids and Adults - Official Size for Dodge Ball, Handball, Square Game, Camps, Picnic, Church & School + Free Pump & Mesh Bag",$23.20,https://www.amazon.com/gp/slredirect/picassoRedirect.html/ref=pa_sp_mtf_aps_sr_pg1_1?ie=UTF8&adId=A09425576LLLGGIB8LVA&qualifier=1670362003&id=2435802487684076&widgetName=sp_mtf&url=%2FToysOpoly-Playground-Dodgeball-Kickball-Adults%2Fdp%2FB07571THRT%2Fref%3Dsr_1_19_sspa%3Fcrid%3D1ETD973V81N4Y%26keywords%3Dsports%2Bball%26qid%3D1670362003%26sprefix%3Dsports%2Bball%252Caps%252C70%26sr%3D8-19-spons%26psc%3D1,https://m.media-amazon.com/images/I/A1MBvbmat+L._AC_UL320_.jpg
"TEMI Kids Baseball Tee, T Ball Set for Kids and Toddlers, Includes 6 Balls, Teeball Batting Tee ,Pitching Machine , Outdoor Sport Toy Games for Boys & Girls , Kids Ages 3 -12 Years",$23.99,https://www.amazon.com/gp/slredirect/picassoRedirect.html/ref=pa_sp_mtf_aps_sr_pg1_1?ie=UTF8&adId=A09705849OX7Z85KU5DM&qualifier=1670362003&id=2435802487684076&widgetName=sp_mtf&url=%2FTEMI-Baseball-Toddlers-Teeball-Pitching%2Fdp%2FB09VBWS6P6%2Fref%3Dsr_1_20_sspa%3Fcrid%3D1ETD973V81N4Y%26keywords%3Dsports%2Bball%26qid%3D1670362003%26sprefix%3Dsports%2Bball%252Caps%252C70%26sr%3D8-20-spons%26psc%3D1,https://m.media-amazon.com/images/I/61AIVrV9E3L._AC_UL320_.jpg
"Rainbow Sports Balls - 6 Inch (Pack of 4) Inflatable Vinyl Balls for Kids and Toddlers with Added Hand Air Pump, Neon Basketball, Soccer Ball, and Volleyball for Playground, Indoor and Outdoor Use",$11.89,https://www.amazon.com/Rainbow-Sports-Balls-Inflatable-Basketball/dp/B08FDZDP91/ref=sr_1_21?crid=1ETD973V81N4Y&keywords=sports+ball&qid=1670362003&sprefix=sports+ball%2Caps%2C70&sr=8-21,https://m.media-amazon.com/images/I/81JnAt90CvS._AC_UL320_.jpg
"Full Set 6 Sports Balls with 1 Pump - 5"" Soccer, 5"" Basketball, 5"" Volleyball, 5"" Playground, 5"" Knobby Ball, and 6.5"" Football - Best Toys Gift for Kids",$14.10,https://www.amazon.com/Full-Set-Sports-Balls-Pump/dp/B09CLNZ3Q3/ref=sr_1_22?crid=1ETD973V81N4Y&keywords=sports+ball&qid=1670362003&sprefix=sports+ball%2Caps%2C70&sr=8-22,https://m.media-amazon.com/images/I/7137qWmrerL._AC_UL320_.jpg
"Wicked Big Sports Amazon Exclusive Updated Volleyball-Supersized Soccer Ball Outdoor Sport Tailgate Backyard Beach Game Fun for All , Red",$10.38,https://www.amazon.com/Wicked-Big-Sports-Exclusive-Volleyball-Supersized/dp/B09R6MSR12/ref=sr_1_23?crid=1ETD973V81N4Y&keywords=sports+ball&qid=1670362003&sprefix=sports+ball%2Caps%2C70&sr=8-23,https://m.media-amazon.com/images/I/81ETcB-0Z7L._AC_UL320_.jpg
"6 Pack Rainbow Sports Balls,6 Inch and 5 Inch Inflatable Vinyl Balls,Sports Playground Ball with Pump,Kickball Dodgeball for Kids and Adults,Indoor & Outdoor Games",$13.99,https://www.amazon.com/Rainbow-Inflatable-Playground-Kickball-Dodgeball/dp/B0BGH81LR2/ref=sr_1_24?crid=1ETD973V81N4Y&keywords=sports+ball&qid=1670362003&sprefix=sports+ball%2Caps%2C70&sr=8-24,https://m.media-amazon.com/images/I/71eY7FUzw4L._AC_UL320_.jpg
Franklin Sports MLB Replacement Foam Balls 2 pk No. 14941,$9.99,https://www.amazon.com/Franklin-Sports-Replacement-Balls-14941/dp/B0027J3E82/ref=sr_1_25?crid=1ETD973V81N4Y&keywords=sports+ball&qid=1670362003&sprefix=sports+ball%2Caps%2C70&sr=8-25,https://m.media-amazon.com/images/I/81-cwHtR6fL._AC_UL320_.jpg
"Yonge & Finch Kids Sports Balls,Outdoor Toys for Toddlers 1-3,6 Pack Foam Balls Set+Free Stand Display Case,Adult Stress Ball,Soft Mini Ball for Baby,Boys Birthday Soccer Party Favor",$14.99,https://www.amazon.com/Yonge-Finch-Outdoor-Toddlers-Birthday/dp/B0BJP6BCPK/ref=sr_1_26?crid=1ETD973V81N4Y&keywords=sports+ball&qid=1670362003&sprefix=sports+ball%2Caps%2C70&sr=8-26,https://m.media-amazon.com/images/I/61EZYHgEJ-L._AC_UL320_.jpg
"PLKOW Sports Equipment Storage for Garage, Indoor/Outdoor Sports Rack for Garage, Ball Storage Garage Organizer with Basket and Hooks,Toy/Sports Gear Storage",$79.99,https://www.amazon.com/PLKOW-Equipment-Storage-Outdoor-Organizer/dp/B091F7R8X7/ref=sr_1_28?crid=1ETD973V81N4Y&keywords=sports+ball&qid=1670362003&sprefix=sports+ball%2Caps%2C70&sr=8-28,https://m.media-amazon.com/images/I/81fXxHKwYXL._AC_UL320_.jpg
Teloon Pressure Training Tennis Balls-12 or 18 Count-Mesh Carry Bag，4 Colors Available，Pressureless Training Exercise Tennis Balls for Beginners.,$23.89,https://www.amazon.com/gp/slredirect/picassoRedirect.html/ref=pa_sp_mtf_aps_sr_pg1_1?ie=UTF8&adId=A0075007JBVLADYXKX7L&qualifier=1670362003&id=2435802487684076&widgetName=sp_mtf&url=%2FTeloon-Tennis-Balls-Regular-color-12pcs%2Fdp%2FB092D5XQ57%2Fref%3Dsr_1_29_sspa%3Fcrid%3D1ETD973V81N4Y%26keywords%3Dsports%2Bball%26qid%3D1670362003%26sprefix%3Dsports%2Bball%252Caps%252C70%26sr%3D8-29-spons%26psc%3D1,https://m.media-amazon.com/images/I/81WpDYlF-CS._AC_UL320_.jpg
"Barocity Soccer Ball - Premium Boy and Girl Official Match Ball with Cool Reflective Rainbow Hex Pattern, Durable, Indoor, Outdoor, Training, Practice, Playtime and Games - Iridescent",$17.97,https://www.amazon.com/gp/slredirect/picassoRedirect.html/ref=pa_sp_mtf_aps_sr_pg1_1?ie=UTF8&adId=A0701423Y0FM7X5EMN2O&qualifier=1670362003&id=2435802487684076&widgetName=sp_mtf&url=%2FBarocity-Soccer-Ball-Reflective-Iridescent%2Fdp%2FB091V3DGVZ%2Fref%3Dsr_1_30_sspa%3Fcrid%3D1ETD973V81N4Y%26keywords%3Dsports%2Bball%26qid%3D1670362003%26sprefix%3Dsports%2Bball%252Caps%252C70%26sr%3D8-30-spons%26psc%3D1,https://m.media-amazon.com/images/I/91h5bQd7wNL._AC_UL320_.jpg
"Rechargeable Hover Soccer Ball, Upgraded Air Soccer with Colorful LED Light Indoor Fun Kids Toys Christmas Stocking Stuffers Birthday Gifts for Boys Girl Toddlers Age 3-12 Years Old",$20.99,https://www.amazon.com/gp/slredirect/picassoRedirect.html/ref=pa_sp_mtf_aps_sr_pg1_1?ie=UTF8&adId=A0358554U4HKOM61VIMP&qualifier=1670362003&id=2435802487684076&widgetName=sp_mtf&url=%2FRechargeable-Upgraded-Colorful-Christmas-Stocking%2Fdp%2FB08P4WXGMQ%2Fref%3Dsr_1_31_sspa%3Fcrid%3D1ETD973V81N4Y%26keywords%3Dsports%2Bball%26qid%3D1670362003%26sprefix%3Dsports%2Bball%252Caps%252C70%26sr%3D8-31-spons%26psc%3D1,https://m.media-amazon.com/images/I/71jX2m0Y2cL._AC_UL320_.jpg
WAHU Phlat Ball Jr Green / Blue by Goliath Sports,$12.99,https://www.amazon.com/gp/slredirect/picassoRedirect.html/ref=pa_sp_mtf_aps_sr_pg1_1?ie=UTF8&adId=A0435091XS7MBC1WW19Y&qualifier=1670362003&id=2435802487684076&widgetName=sp_mtf&url=%2FGoliath-Sports-Phlat-Ball-Green%2Fdp%2FB085B3WWMQ%2Fref%3Dsr_1_32_sspa%3Fcrid%3D1ETD973V81N4Y%26keywords%3Dsports%2Bball%26qid%3D1670362003%26sprefix%3Dsports%2Bball%252Caps%252C70%26sr%3D8-32-spons%26psc%3D1,https://m.media-amazon.com/images/I/91sVj7afqWL._AC_UL320_.jpg
"Qrooper Kids Toys Toss and Catch Game Set, Ball Sports Games with 4 Paddles 4 Balls and 1 Storage Bag, Classic Outdoor Games, Beach Games, Yard Games Suitable for Kids Gift Ideal (Blue)",$24.99,https://www.amazon.com/Qrooper-Self-Stick-Appliance-Interactive-Suitable/dp/B07RKZ6P2N/ref=sr_1_33?crid=1ETD973V81N4Y&keywords=sports+ball&qid=1670362003&sprefix=sports+ball%2Caps%2C70&sr=8-33,https://m.media-amazon.com/images/I/81E3Zin1ERL._AC_UL320_.jpg
"Champion Sports Skip Ball Ankle Toy for Kids, Pack of 6, Assorted Colors - Durable Hopper / Swingball Set with 18-Inch Cord, 5.5-Inch Diameter Ankle Ring - Fun Jumper and Exercise Equipment",$17.59,https://www.amazon.com/Champion-Sports-Swing-Assorted-Colors/dp/B0013OIHMU/ref=sr_1_34?crid=1ETD973V81N4Y&keywords=sports+ball&qid=1670362003&sprefix=sports+ball%2Caps%2C70&sr=8-34,https://m.media-amazon.com/images/I/61Mmb2wKHFL._AC_UL320_.jpg
"KIMOBER Outdoor Indoor Game Activities,Pop Pass Catch Ball Game with 4 Catch Launcher Baskets and 14 Balls for Yard Beach Sport Toys",$11.99,https://www.amazon.com/KIMOBER-Outdoor-Activities-Launcher-Baskets/dp/B0BF8SJTQ6/ref=sr_1_35?crid=1ETD973V81N4Y&keywords=sports+ball&qid=1670362003&sprefix=sports+ball%2Caps%2C70&sr=8-35,https://m.media-amazon.com/images/I/71x3gLOyf2L._AC_UL320_.jpg
"SPORTBIT Ball Pump with 3 Needles, Nozzle, Extension Hose, Pouch - Great Ball Pump for Sports Balls - Basketball Pump, Volleyball, Football & Soccer Ball Air Pump, Swim Inflatables",$12.99,https://www.amazon.com/SPORTBIT-Needles-Nozzle-Extension-Pouch/dp/B0B973G4K8/ref=sr_1_36?crid=1ETD973V81N4Y&keywords=sports+ball&qid=1670362003&sprefix=sports+ball%2Caps%2C70&sr=8-36,https://m.media-amazon.com/images/I/71CgZ82NCnL._AC_UL320_.jpg
"Pumteck MY01 Electric Ball Pump with Inflation & Deflation, Accurate Pressure Gauge and 4 Preset Modes, Automatic Ball Pump for Basketball, Soccer, Football, Volleyball and Rugby Ball (Max 15 PSI)",$28.79,https://www.amazon.com/Pumteck-MY01-Inflation-Basketball-Volleyball/dp/B0B71MN9RH/ref=sr_1_37?crid=1ETD973V81N4Y&keywords=sports+ball&qid=1670362003&sprefix=sports+ball%2Caps%2C70&sr=8-37,https://m.media-amazon.com/images/I/61QA59J0vnL._AC_UL320_.jpg
"Arbootjin Ball Pump Portable Air Pump Basketball Pump Balloon Pump with 7 Needles,1 Nozzles and 1 Flexible Hose for Soccer Volleyball Water Polo Rugby Exercise Sports Ball Swim Inflatables",$6.59,https://www.amazon.com/Arbootjin-Portable-Basketball-Volleyball-Inflatables/dp/B0BDFLS7DK/ref=sr_1_38?crid=1ETD973V81N4Y&keywords=sports+ball&qid=1670362003&sprefix=sports+ball%2Caps%2C70&sr=8-38,https://m.media-amazon.com/images/I/61g7sOjAfvL._AC_UL320_.jpg
"WEEFEESTAR Electric Ball Pump, Smart Basketball Pump with LCD Display, Air Pump for Volleyball, Soccer, and Other Sports Balls with 12 Needles & 2 Nozzles",$18.99,https://www.amazon.com/WEEFEESTAR-Electric-Basketball-Display-Volleyball/dp/B0B87RL79F/ref=sr_1_39?crid=1ETD973V81N4Y&keywords=sports+ball&qid=1670362003&sprefix=sports+ball%2Caps%2C70&sr=8-39,https://m.media-amazon.com/images/I/61paXCArsAL._AC_UL320_.jpg
"80 Pcs Soccer Cones for Drills with 2 Holders Disc Cones Multi Color Sports Cones Agility Training Equipment Field Markers for Kids Youth Football Basketball Playing Field Ball Game Practice, 8 Colors",$23.99,https://www.amazon.com/Training-Equipment-Football-Basketball-Practice/dp/B0BHZ13HJJ/ref=sr_1_40?crid=1ETD973V81N4Y&keywords=sports+ball&qid=1670362003&sprefix=sports+ball%2Caps%2C70&sr=8-40,https://m.media-amazon.com/images/I/71voFxKd6pL._AC_UL320_.jpg
"BROTOU Extra Large Sports Ball Bag Mesh, Basketball Bags Team Balls, Adjustable Shoulder Strap, Team Work Ball Bags for Holding Soccer, Football, Volleyball, Swimming Gear (30” x 40”)",$12.99,https://www.amazon.com/BROTOU-Basketball-Adjustable-Shoulder-Volleyball/dp/B09G9XQGWY/ref=sr_1_41?crid=1ETD973V81N4Y&keywords=sports+ball&qid=1670362003&sprefix=sports+ball%2Caps%2C70&sr=8-41,https://m.media-amazon.com/images/I/81K6aSrEesL._AC_UL320_.jpg
"HDNNC Pro Sports Ball Tool, Ball Pump Air Pump with Inflation Needle Nozzles and Rubber Hose - Accurate Inflation - Basketball - Football - Swim Ring - Balloon",$5.09,https://www.amazon.com/HDNNC-Sports-Inflation-Needle-Nozzles/dp/B0BBKKJ912/ref=sr_1_42?crid=1ETD973V81N4Y&keywords=sports+ball&qid=1670362003&sprefix=sports+ball%2Caps%2C70&sr=8-42,https://m.media-amazon.com/images/I/51Pnjjxch9L._AC_UL320_.jpg
Exercise Bike Assembly,$89.00,https://www.amazon.com/Exercise-Bike-Assembly/dp/B00TSTR2QE/ref=sr_1_43?crid=1ETD973V81N4Y&keywords=sports+ball&qid=1670362003&sprefix=sports+ball%2Caps%2C70&sr=8-43,https://m.media-amazon.com/images/I/51FnDygW0gL._AC_UL320_.jpg
"JibInfo Light Up Basketball, Size 7 LED Basketball with Pump and Batteries, Glow in The Dark Basketball, Official Size Night Ball for Indoor and Outdoor, Waterproof Glow Basketball with 2 LEDs",$39.99,https://www.amazon.com/JibInfo-Basketball-Batteries-Official-Waterproof/dp/B0BFHYY923/ref=sr_1_44?crid=1ETD973V81N4Y&keywords=sports+ball&qid=1670362003&sprefix=sports+ball%2Caps%2C70&sr=8-44,https://m.media-amazon.com/images/I/61SNMsaA4sL._AC_UL320_.jpg
Kids Toys Toss and Catch Game Set 12 Paddles 6 Balls Beach Game Outdoor Ball Sports Games Toss and Catch Ball Set with Paddles Ball Nylon Catch Toys for Kids Adults Playground,$27.99,https://www.amazon.com/Catch-Paddles-Outdoor-Sports-Adults/dp/B0BJPZLJFQ/ref=sr_1_45?crid=1ETD973V81N4Y&keywords=sports+ball&qid=1670362003&sprefix=sports+ball%2Caps%2C70&sr=8-45,https://m.media-amazon.com/images/I/81LyVIedlGL._AC_UL320_.jpg
"Champion Sports Official Lacrosse Balls - Multiple Colors in Packs of 1, 2, 3, 6, and 12",$5.99,https://www.amazon.com/Champion-Sports-Lacrosse-Ball-Certified/dp/B006JANLL0/ref=sr_1_46?crid=1ETD973V81N4Y&keywords=sports+ball&qid=1670362003&sprefix=sports+ball%2Caps%2C70&sr=8-46,https://m.media-amazon.com/images/I/61b-ed6CEUL._AC_UL320_.jpg
"3-in-1 Hover Hockey Soccer Bowling Set USB Rechargeable Battery Hockey Floating Air Electric Soccer Ball with Led Light & Foam Bumper, Indoor Outdoor Games Sport for Boys & Girls Aged 3 4 5 6 7 8",$38.74,https://www.amazon.com/Bowling-Rechargeable-Battery-Floating-Electric/dp/B0B93TSYY7/ref=sr_1_47?crid=1ETD973V81N4Y&keywords=sports+ball&qid=1670362003&sprefix=sports+ball%2Caps%2C70&sr=8-47,https://m.media-amazon.com/images/I/71VTkurlvTL._AC_UL320_.jpg
"12 Pcs Sports Balls Outdoor Balls for Kids Boys Including 5"" Soccer Ball 5.5"" Basketball 8.5"" Football and 8.5"" Bouncy Playground Ball with Pump for Playground Backyard Garden Beach Pool Fun",$28.99,https://www.amazon.com/Including-Basketball-Football-Playground-Backyard/dp/B0BFGTVYQ5/ref=sr_1_48?crid=1ETD973V81N4Y&keywords=sports+ball&qid=1670362003&sprefix=sports+ball%2Caps%2C70&sr=8-48,https://m.media-amazon.com/images/I/81VG6jMGVtL._AC_UL320_.jpg
"NERF Micro Foam Sports Ball Set - Kids Foam Micro Football, Soccer Ball + Basketball Set Soft Stress Relief Foam Sports Set for Kids - Multicolor",$9.99,https://www.amazon.com/NERF-Micro-Foam-Sports-Ball/dp/B0BHFBCRS1/ref=sr_1_49?crid=1ETD973V81N4Y&keywords=sports+ball&qid=1670362003&sprefix=sports+ball%2Caps%2C70&sr=8-49,https://m.media-amazon.com/images/I/81iI5vSRZ9L._AC_UL320_.jpg
Deekin Hockey Puck Street Hockey Puck Roller Hockey Puck Multifunctional Hockey Balls Novelty Indoor Hockey Set for Indoor and Outdoor Sport Training Activities Teenagers Women Men,$24.99,https://www.amazon.com/Deekin-Multifunctional-Training-Activities-Teenagers/dp/B0BMV6KCSZ/ref=sr_1_50?crid=1ETD973V81N4Y&keywords=sports+ball&qid=1670362003&sprefix=sports+ball%2Caps%2C70&sr=8-50,https://m.media-amazon.com/images/I/813FQObtNRL._AC_UL320_.jpg
"Set of 12 Squeeze Foam 2.5"" Soccer Balls, Perfect for Stress Relieving, Sports Playsets Add On",$8.93,https://www.amazon.com/Squeeze-Soccer-Perfect-Relieving-Playsets/dp/B00L5RF6J2/ref=sr_1_51_mod_primary_new?crid=1ETD973V81N4Y&keywords=sports+ball&qid=1670362003&sbo=RZvfv%2F%2FHxDF%2BO5021pAnSA%3D%3D&sprefix=sports+ball%2Caps%2C70&sr=8-51,https://m.media-amazon.com/images/I/61PamVoCiUL._AC_UL320_.jpg
"Slow Rising Squishy Sports Balls - Set of 4 Basketball, Football, Soccer, & Baseball Soft & Slow Rise Squishies for Kids - Squeezable Stress Balls Gift for Boys and Girls",$14.99,https://www.amazon.com/Slow-Rising-Squishy-Sports-Balls/dp/B0BGFFQRFF/ref=sr_1_52?crid=1ETD973V81N4Y&keywords=sports+ball&qid=1670362003&sprefix=sports+ball%2Caps%2C70&sr=8-52,https://m.media-amazon.com/images/I/81DVs9VTY1L._AC_UL320_.jpg
"10 Pcs Ball Pump Air Pump for Inflatable Football Pump with Needle Nozzle and Extension Hose Pump for Ball Portable Hand Pump Inflator Kit for Sport Balls Basketball Soccer Volleyball Balloon, Blue",$17.99,https://www.amazon.com/Inflatable-Extension-Portable-Basketball-Volleyball/dp/B0BGLGBRQN/ref=sr_1_53?crid=1ETD973V81N4Y&keywords=sports+ball&qid=1670362003&sprefix=sports+ball%2Caps%2C70&sr=8-53,https://m.media-amazon.com/images/I/71I8hCCCRiL._AC_UL320_.jpg
KELZ KIDZ Sports Stress Squishy Balls for Fun and Therapeutic Hand Exercise - Great Sport Lovers Gift Idea and Toy Party Favor! (Sports Stress Balls (4 Pack)),$14.99,https://www.amazon.com/Sports-Stress-Squishy-Therapeutic-Exercise/dp/B097NFPFNF/ref=sr_1_54?crid=1ETD973V81N4Y&keywords=sports+ball&qid=1670362003&sprefix=sports+ball%2Caps%2C70&sr=8-54,https://m.media-amazon.com/images/I/61lGhl-NilL._AC_UL320_.jpg
"We Ball Sports Football Leg Sleeves Calf Compression for Men, Athletic Shin Splint Support - One Pair",$18.99,https://www.amazon.com/We-Ball-Sports-Football-Compression/dp/B0BHZX8CXQ/ref=sr_1_55?crid=1ETD973V81N4Y&keywords=sports+ball&qid=1670362003&sprefix=sports+ball%2Caps%2C70&sr=8-55,https://m.media-amazon.com/images/I/716omrAwgbL._AC_UL320_.jpg
"ONG NAMO Electric Ball Pump Portable Ball Pump for Sports Balls, Air Pump for Basketball Soccer Volleyball, Rugby Pump",$19.99,https://www.amazon.com/ONG-NAMO-Electric-Basketball-Volleyball/dp/B0B8Z6P7X3/ref=sr_1_56?crid=1ETD973V81N4Y&keywords=sports+ball&qid=1670362003&sprefix=sports+ball%2Caps%2C70&sr=8-56,https://m.media-amazon.com/images/I/61ZPhRxNKCL._AC_UL320_.jpg
"Mini Sports Balls for Kids Party Favor Toy - 28 Pack 1.57in Mini Soccer Ball, Basketball, Football, Baseball Foam Balls for Stress Anxiety Relief Relaxation School Carnival Reward",$14.99,https://www.amazon.com/Basketball-Football-Baseball-Relaxation-Carnival/dp/B0BGPDTSVC/ref=sr_1_57?crid=1ETD973V81N4Y&keywords=sports+ball&qid=1670362003&sprefix=sports+ball%2Caps%2C70&sr=8-57,https://m.media-amazon.com/images/I/71beFk6vWNL._AC_UL320_.jpg
"beetoy Balls for Toddlers 1-3, Toddler Balls Sports Balls - Soccer Ball, Playground Balls, Basketball, Volleyball, Baseball, Rugby - Ball Set for Toddlers 1-3 Outdoor Inflatable with Pump, 6 PCS",$16.99,https://www.amazon.com/gp/slredirect/picassoRedirect.html/ref=pa_sp_btf_aps_sr_pg1_1?ie=UTF8&adId=A0950672LR2DWICQEWEU&qualifier=1670362003&id=2435802487684076&widgetName=sp_btf&url=%2Fbeetoy-Inflatable-Football-Basketball-Volleyball%2Fdp%2FB08NSQWP27%2Fref%3Dsr_1_58_sspa%3Fcrid%3D1ETD973V81N4Y%26keywords%3Dsports%2Bball%26qid%3D1670362003%26sprefix%3Dsports%2Bball%252Caps%252C70%26sr%3D8-58-spons%26psc%3D1,https://m.media-amazon.com/images/I/614OspAcpgL._AC_UL320_.jpg
Pack of 2 Soccer Balls-PAOKOO Size 2 Kids Soccer Balls-Toddler Balls with Pump-Backyard Lawn Outdoor Toys for Boys and Girls Gift,$23.99,https://www.amazon.com/gp/slredirect/picassoRedirect.html/ref=pa_sp_btf_aps_sr_pg1_1?ie=UTF8&adId=A01931402VMY9UKIYSG2W&qualifier=1670362003&id=2435802487684076&widgetName=sp_btf&url=%2FSoccer-Balls-PAOKOO-Balls-Toddler-Pump-Backyard-Outdoor%2Fdp%2FB0B2QV6D99%2Fref%3Dsr_1_59_sspa%3Fcrid%3D1ETD973V81N4Y%26keywords%3Dsports%2Bball%26qid%3D1670362003%26sprefix%3Dsports%2Bball%252Caps%252C70%26sr%3D8-59-spons%26psc%3D1,https://m.media-amazon.com/images/I/71WRrKczMvL._AC_UL320_.jpg
Soccer Ball-EVERICH TOY Size 3 Soccer Balls for Kids-Sport Ball for Toddlers-Backyard Lawn Sand Outdoor Toys for Boys and Girls,$18.99,https://www.amazon.com/gp/slredirect/picassoRedirect.html/ref=pa_sp_btf_aps_sr_pg1_1?ie=UTF8&adId=A101542336IKNE464PC5Y&qualifier=1670362003&id=2435802487684076&widgetName=sp_btf&url=%2FBall-EVERICH-TOY-Kids-Sport-Toddlers-Backyard-Including%2Fdp%2FB09LHKXCXX%2Fref%3Dsr_1_60_sspa%3Fcrid%3D1ETD973V81N4Y%26keywords%3Dsports%2Bball%26qid%3D1670362003%26sprefix%3Dsports%2Bball%252Caps%252C70%26sr%3D8-60-spons%26psc%3D1,https://m.media-amazon.com/images/I/71+eC4mQedL._AC_UL320_.jpg
