item_name,price,link_to_item,link_to_item_image
"Amazon Basics 2 Slice, Extra-Wide Slot Toaster with 6 Shade Settings, Black",$28.77,https://www.amazon.com/gp/slredirect/picassoRedirect.html/ref=pa_sp_atf_aps_sr_pg1_1?ie=UTF8&adId=A0574373W665U25GRAF7&qualifier=1670362091&id=4816585904153127&widgetName=sp_atf&url=%2FAmazon-Basics-Extra-Wide-Toaster-Settings%2Fdp%2FB072P11H8L%2Fref%3Dsr_1_1_sspa%3Fcrid%3D1ETD973V81N4Y%26keywords%3Dtoaster%26qid%3D1670362091%26sprefix%3Dtoaster%252Caps%252C70%26sr%3D8-1-spons%26psc%3D1,https://m.media-amazon.com/images/I/81smEEgnhfL._AC_UY218_.jpg
"Hamilton Beach 2 Slice Extra Wide Slot Toaster with Bagel & Defrost Settings, Shade Selector, Toast Boost, Auto Shutoff, Black & Stainless Steel (22633)",$24.99,https://www.amazon.com/gp/slredirect/picassoRedirect.html/ref=pa_sp_atf_aps_sr_pg1_1?ie=UTF8&adId=A00347143I089CIJQ73MC&qualifier=1670362091&id=4816585904153127&widgetName=sp_atf&url=%2FHamilton-Beach-Extra-Wide-Toaster-22633%2Fdp%2FB01KZ729F6%2Fref%3Dsr_1_2_sspa%3Fcrid%3D1ETD973V81N4Y%26keywords%3Dtoaster%26qid%3D1670362091%26sprefix%3Dtoaster%252Caps%252C70%26sr%3D8-2-spons%26psc%3D1,https://m.media-amazon.com/images/I/61SeGoRfPnL._AC_UY218_.jpg
"Elite Gourmet ECT4829B# Long Slot 4 Slice Toaster, Reheat 6 Toast Settings, Defrost, Cancel Functions, Built-in Warming Rack, Extra Wide Slots for Bagels Waffles, Black",$25.50,https://www.amazon.com/Elite-Gourmet-ECT4829B-Settings-Functions/dp/B09DFF5XV9/ref=sr_1_3?crid=1ETD973V81N4Y&keywords=toaster&qid=1670362091&sprefix=toaster%2Caps%2C70&sr=8-3,https://m.media-amazon.com/images/I/71JB+fJLzJL._AC_UY218_.jpg
"Cuisinart CPT-122BK 2-Slice Compact Plastic Toaster, Black",$29.95,https://www.amazon.com/Cuisinart-Compact-2-Slice-Toaster-CPT-122/dp/B00K0ZT1BO/ref=sr_1_4?crid=1ETD973V81N4Y&keywords=toaster&qid=1670362091&sprefix=toaster%2Caps%2C70&sr=8-4,https://m.media-amazon.com/images/I/51M86MNbB1L._AC_UY218_.jpg
"Oster 2-Slice Toaster with Advanced Toast Technology, Stainless Steel",$34.99,https://www.amazon.com/Oster-2-Slice-Advanced-Technology-Stainless/dp/B08FBLRGNS/ref=sr_1_5?crid=1ETD973V81N4Y&keywords=toaster&qid=1670362091&sprefix=toaster%2Caps%2C70&sr=8-5,https://m.media-amazon.com/images/I/81ZP258ISCL._AC_UY218_.jpg
"Mueller Retro Toaster 2 Slice with 7 Browning Levels and 3 Functions: Reheat, Defrost & Cancel, Stainless Steel Features, Removable Crumb Tray, Under Base Cord Storage, Black",$29.99,https://www.amazon.com/Mueller-Toaster-Browning-Levels-Functions/dp/B0BFG5HBHR/ref=sr_1_6?crid=1ETD973V81N4Y&keywords=toaster&qid=1670362091&sprefix=toaster%2Caps%2C70&sr=8-6,https://m.media-amazon.com/images/I/81Z4PciACyL._AC_UY218_.jpg
"Toaster 2 slice whall Stainless Steel Toasters with Bagel,Cancel,Defrost Function,Removable Crumb Tray,1.5in Wide Slot,6 Bread Shade Settings,for Various Bread Types (850W)",$49.99,https://www.amazon.com/gp/slredirect/picassoRedirect.html/ref=pa_sp_mtf_aps_sr_pg1_1?ie=UTF8&adId=A094453213EN81FO0JXSQ&qualifier=1670362091&id=4816585904153127&widgetName=sp_mtf&url=%2Fwhall-Stainless-Toasters-Function-Removable%2Fdp%2FB0B7JBX9YH%2Fref%3Dsr_1_7_sspa%3Fcrid%3D1ETD973V81N4Y%26keywords%3Dtoaster%26qid%3D1670362091%26sprefix%3Dtoaster%252Caps%252C70%26sr%3D8-7-spons%26psc%3D1,https://m.media-amazon.com/images/I/71n-oeNV6BL._AC_UY218_.jpg
"BELLA 2 Slice Toaster, Quick & Even Results Every Time, Wide Slots Fit Any Size Bread Like Bagels or Texas Toast, Drop-Down Crumb Tray for Easy Clean Up, Stainless Steel",$22.99,https://www.amazon.com/BELLA-Toaster-Results-Drop-Down-Stainless/dp/B08NHTDSKJ/ref=sr_1_8?crid=1ETD973V81N4Y&keywords=toaster&qid=1670362091&sprefix=toaster%2Caps%2C70&sr=8-8,https://m.media-amazon.com/images/I/71PJxdk1M8S._AC_UY218_.jpg
"Mueller UltraToast Full Stainless Steel Toaster 2 Slice, Long Extra-Wide Slots with Removable Tray, Cancel/Defrost/Reheat Functions, 6 Browning Levels with LED Display",$34.99,https://www.amazon.com/Mueller-UltraToast-Stainless-Extra-Wide-Removable/dp/B0BF7RF9YJ/ref=sr_1_9?crid=1ETD973V81N4Y&keywords=toaster&qid=1670362091&sprefix=toaster%2Caps%2C70&sr=8-9,https://m.media-amazon.com/images/I/816dd-NefLL._AC_UY218_.jpg
"Toaster 2 Slice Wide Slot Best Rated Prime Black Toasters the Best 2 Slice Wide for Bagel Bread Waffle Two Slice Toaster with 7 Bread Shade Settings and Bagel, Defrost, Cancel Function Tosterster 2 Slices with Removable Crumb Tray",$23.99,https://www.amazon.com/Toasters-Settings-Function-Tosterster-Removable/dp/B09W2G36RF/ref=sr_1_10?crid=1ETD973V81N4Y&keywords=toaster&qid=1670362091&sprefix=toaster%2Caps%2C70&sr=8-10,https://m.media-amazon.com/images/I/71fq5Hfoj3L._AC_UY218_.jpg
"Ovente Electric 2-Slice Toaster Machine, 700W with 6-Shade Toast Setting, Removable Crumb Tray, Compact and Easy to Use, Perfect on Kitchen Countertop for Toasting Bread, Bagel & Waffle, Black TP2210B",$17.99,https://www.amazon.com/Electric-Removable-Countertop-Toasting-TP2210B/dp/B0B4Y2H138/ref=sr_1_11?crid=1ETD973V81N4Y&keywords=toaster&qid=1670362091&sprefix=toaster%2Caps%2C70&sr=8-11,https://m.media-amazon.com/images/I/618RILdhhvL._AC_UY218_.jpg
"SEEDEEM Toaster 2 Slice, Stainless Steel Bread Toaster with Colorful LCD Display, 7 Bread Shade Settings, 1.4'' Wide Slots Toaster with Bagel/Defrost/Reheat Functions, Removable Crumb Tray, 900W, Silver Metallic",$37.99,https://www.amazon.com/gp/slredirect/picassoRedirect.html/ref=pa_sp_mtf_aps_sr_pg1_1?ie=UTF8&adId=A054806236HL2Q4YUHR70&qualifier=1670362091&id=4816585904153127&widgetName=sp_mtf&url=%2FSEEDEEM-Stainless-Colorful-Functions-Removable%2Fdp%2FB09HMW5DHV%2Fref%3Dsr_1_12_sspa%3Fcrid%3D1ETD973V81N4Y%26keywords%3Dtoaster%26qid%3D1670362091%26sprefix%3Dtoaster%252Caps%252C70%26sr%3D8-12-spons%26psc%3D1,https://m.media-amazon.com/images/I/71AjCvwVpNL._AC_UY218_.jpg
Toaster 2 Slice Best Prime Toasters Stainless Steel Black Bagel Toaster Evenly and Quickly with 2 Wide Slots 7 Shade Settings and Removable Crumb Tray for Bread Waffles,$22.95,https://www.amazon.com/Toaster-Toasters-Stainless-Settings-Removable/dp/B088Z25SK6/ref=sr_1_13?crid=1ETD973V81N4Y&keywords=toaster&qid=1670362091&sprefix=toaster%2Caps%2C70&sr=8-13,https://m.media-amazon.com/images/I/61pv2mH3hLL._AC_UY218_.jpg
"Amazon Basics 2 Slice, Extra-Wide Slot Toaster with 6 Shade Settings, Black",$28.77,https://www.amazon.com/Amazon-Basics-Extra-Wide-Toaster-Settings/dp/B072P11H8L/ref=sr_1_14?crid=1ETD973V81N4Y&keywords=toaster&qid=1670362091&sprefix=toaster%2Caps%2C70&sr=8-14,https://m.media-amazon.com/images/I/81smEEgnhfL._AC_UY218_.jpg
"GE Stainless Steel Toaster | 2 Slice | Extra Wide Slots for Toasting Bagels, Breads, Waffles & More | 7 Shade Options for the Entire Household to Enjoy | Countertop Kitchen Essentials | 850 Watts",$38.99,https://www.amazon.com/GE-slice-Toaster-Medium-Stainless/dp/B08NWGNQPS/ref=sr_1_15?crid=1ETD973V81N4Y&keywords=toaster&qid=1670362091&sprefix=toaster%2Caps%2C70&sr=8-15,https://m.media-amazon.com/images/I/71Q0vIS1fiS._AC_UY218_.jpg
"2 Slice Toaster CUSINAID Black Wide Slot Toaster 2 Slice Best Rated Prime with Pop Up Reheat Defrost Functions, 6-Shade Control, Removable Crumb Tray",$25.99,https://www.amazon.com/Toaster-CUSINAID-Defrost-Functions-Removable/dp/B07RT8LLSP/ref=sr_1_16?crid=1ETD973V81N4Y&keywords=toaster&qid=1670362091&sprefix=toaster%2Caps%2C70&sr=8-16,https://m.media-amazon.com/images/I/81sJYtdGmlL._AC_UY218_.jpg
Commercial Toaster Conveyor 150slices/h Restaurant Toaster for Bun Bagel Bread Heavy Duty Stainless Steel Conveyor Toaster,$305.99,https://www.amazon.com/gp/slredirect/picassoRedirect.html/ref=pa_sp_mtf_aps_sr_pg1_1?ie=UTF8&adId=A10190313SWXLKBH2W7DH&qualifier=1670362091&id=4816585904153127&widgetName=sp_mtf&url=%2FCommercial-Restaurant-Industrial-Efficient-Restaurants%2Fdp%2FB097923CNZ%2Fref%3Dsr_1_17_sspa%3Fcrid%3D1ETD973V81N4Y%26keywords%3Dtoaster%26qid%3D1670362091%26sprefix%3Dtoaster%252Caps%252C70%26sr%3D8-17-spons%26psc%3D1,https://m.media-amazon.com/images/I/617cLelCACL._AC_UY218_.jpg
"Cuisinart CPT-180P1 Metal Classic 4-Slice Toaster, Brushed Stainless",$69.95,https://www.amazon.com/Cuisinart-CPT-180-Classic-4-Slice-Stainless/dp/B0000A1ZN1/ref=sr_1_18?crid=1ETD973V81N4Y&keywords=toaster&qid=1670362091&sprefix=toaster%2Caps%2C70&sr=8-18,https://m.media-amazon.com/images/I/61vcC6UMDwL._AC_UY218_.jpg
"Toaster 2 slice whall Stainless Steel Toasters with Bagel,Cancel,Defrost Function,Removable Crumb Tray,1.5in Wide Slot,6 Bread Shade Settings,for Various Bread Types (850W)",$49.99,https://www.amazon.com/whall-Stainless-Toasters-Function-Removable/dp/B0B7JBX9YH/ref=sr_1_19?crid=1ETD973V81N4Y&keywords=toaster&qid=1670362091&sprefix=toaster%2Caps%2C70&sr=8-19,https://m.media-amazon.com/images/I/71n-oeNV6BL._AC_UY218_.jpg
"REDMOND Toaster 2 Slice, 1.5"" Extra Wide Slots Black Toaster with Reheat, Bagel, Defrost, Cancel Function, 6-Shade Settings, Removable Crumb Tray and High Lift Lever Classic Bread Toaster, 900W",$29.99,https://www.amazon.com/REDMOND-Toaster-Function-Settings-Removable/dp/B0B218XGDV/ref=sr_1_20?crid=1ETD973V81N4Y&keywords=toaster&qid=1670362091&sprefix=toaster%2Caps%2C70&sr=8-20,https://m.media-amazon.com/images/I/81-83wuyqpL._AC_UY218_.jpg
"4 Slice Toaster,whall Stainless Steel Toaster 6 Bread Shade Settings,Bagel/Defrost/Cancel Function with Dual Control Panels,Extra Wide Slots,Removable Crumb Tray,for Various Bread Types 1500W",$69.99,https://www.amazon.com/whall-Stainless-Toaster-6-Settings-Removable/dp/B09ZKPM7XV/ref=sr_1_21?crid=1ETD973V81N4Y&keywords=toaster&qid=1670362091&sprefix=toaster%2Caps%2C70&sr=8-21,https://m.media-amazon.com/images/I/71nKbdRwItL._AC_UY218_.jpg
"SEEDEEM 4 Slice Toaster, Stainless Steel Bread Toaster with Colorful LCD Display, 7 Bread Shade Settings, 1.5'' Wide Slots Toaster with Bagel/Defrost/Reheat Functions, Removable Crumb Tray, 1800W, Silver Metallic",$56.99,https://www.amazon.com/gp/slredirect/picassoRedirect.html/ref=pa_sp_btf_aps_sr_pg1_1?ie=UTF8&adId=A0123733249YBAGU8OZ2G&qualifier=1670362091&id=4816585904153127&widgetName=sp_btf&url=%2FSEEDEEM-Stainless-Colorful-Functions-Removable%2Fdp%2FB09HMPWDZF%2Fref%3Dsr_1_22_sspa%3Fcrid%3D1ETD973V81N4Y%26keywords%3Dtoaster%26qid%3D1670362091%26sprefix%3Dtoaster%252Caps%252C70%26sr%3D8-22-spons%26psc%3D1,https://m.media-amazon.com/images/I/81-FhaiQqgL._AC_UY218_.jpg
