item_name,price,link_to_item,link_to_item_image
"The Original Donut Shop Regular Keurig Single-Serve K-Cup Pods, Medium Roast Coffee, 48 Count",$26.72,https://www.amazon.com/gp/slredirect/picassoRedirect.html/ref=pa_sp_atf_aps_sr_pg1_1?ie=UTF8&adId=A02561553QCVN4WIWR4C8&qualifier=1670362024&id=8580738574018136&widgetName=sp_atf&url=%2FOriginal-Donut-Shop-Regular-Keurig%2Fdp%2FB00NA794MK%2Fref%3Dsr_1_1_sspa%3Fcrid%3D1ETD973V81N4Y%26keywords%3Dcup%26qid%3D1670362024%26sprefix%3Dcup%252Caps%252C70%26sr%3D8-1-spons%26psc%3D1,https://m.media-amazon.com/images/I/81i8s31MRzL._AC_UL320_.jpg
"Simple Modern Insulated Tumbler with Straw Lid and Flip Lid | Travel Coffee Mug Reusable Cup | Gifts For Men, Women, Mom, Dad | Classic Collection | 24oz | Cream Leopard",$26.99,https://www.amazon.com/Simple-Modern-Insulated-Tumbler-Straw/dp/B09PGRFR2G/ref=sr_1_2?crid=1ETD973V81N4Y&keywords=cup&qid=1670362024&sprefix=cup%2Caps%2C70&sr=8-2,https://m.media-amazon.com/images/I/61a80QNZ3sL._AC_UL320_.jpg
tronco 20oz Glass Tumbler Glass Water Bottle Straw Silicone Protective Sleeve Bamboo Lid - BPA Free （White）,$12.79,https://www.amazon.com/Tronco-Tumbler-Silicone-Protective-Sleeve/dp/B07H3SNFQN/ref=sr_1_3?crid=1ETD973V81N4Y&keywords=cup&qid=1670362024&sprefix=cup%2Caps%2C70&sr=8-3,https://m.media-amazon.com/images/I/41c-JcqcNrL._AC_UL320_.jpg
"30 oz Tumbler with Lids and Straws,18/8 Stainless Steel Vacuum Insulated Coffee Tumbler,Insulated Travel Mug Water Cup with Leak-Proof Straw Lid & Flip Lid,3 Metal Straws,1 Cleaning Brush & Gift Box",$17.99,https://www.amazon.com/Tumbler-Stainless-Insulated-Leak-Proof-Cleaning/dp/B099PSMRGG/ref=sr_1_4?crid=1ETD973V81N4Y&keywords=cup&qid=1670362024&sprefix=cup%2Caps%2C70&sr=8-4,https://m.media-amazon.com/images/I/717+km3DEfL._AC_UL320_.jpg
"SUNWILL Coffee Mug with Handle, 14oz Insulated Stainless Steel Coffee Travel Mug, Double Wall Vacuum Reusable Coffee Cup with Lid, Rose Gold",$12.99,https://www.amazon.com/SUNWILL-Insulated-Camping-Stainless-Tumbler/dp/B07ZGMX2MS/ref=sr_1_5?crid=1ETD973V81N4Y&keywords=cup&qid=1670362024&sprefix=cup%2Caps%2C70&sr=8-5,https://m.media-amazon.com/images/I/816aGuLimnL._AC_UL320_.jpg
"Glass Cups with Lids and Straws 4pcs Set-DWTS DANWEITESI 16oz Iced Coffee Cups,Glass Coffee Cups with Lids and Straw,Beer Can Glass with Lids and Straw",$19.99,https://www.amazon.com/Glass-Straws-Set-DWTS-DANWEITESI-Coffee/dp/B0B7WL9375/ref=sr_1_6?crid=1ETD973V81N4Y&keywords=cup&qid=1670362024&sprefix=cup%2Caps%2C70&sr=8-6,https://m.media-amazon.com/images/I/51NUOmqV2nL._AC_UL320_.jpg
"CIVAGO 20oz Tumbler with Lid and Straw, Stainless Steel Vacuum Insulated Water Coffee Tumbler Cup, Double Wall Powder Coated Spill-Proof Travel Mug Thermal Cup for Hot and Cold Drinks(White, 1 Pack)",$12.99,https://www.amazon.com/Civago-Tumbler-Stainless-Coffee-Insulated/dp/B07TRLNGKH/ref=sr_1_7?crid=1ETD973V81N4Y&keywords=cup&qid=1670362024&sprefix=cup%2Caps%2C70&sr=8-7,https://m.media-amazon.com/images/I/61ErIjnPyUL._AC_UL320_.jpg
"30 oz Tumbler with Lids and Straws,18/8 Stainless Steel Vacuum Insulated Coffee Tumbler,Insulated Travel Mug Water Cup with Leak-Proof Straw Lid & Flip Lid,3 Metal Straws,1 Cleaning Brush & Gift Box",$14.99,https://www.amazon.com/Tumbler-Stainless-Insulated-Leak-Proof-Cleaning/dp/B099PRDMPK/ref=sr_1_8?crid=1ETD973V81N4Y&keywords=cup&qid=1670362024&sprefix=cup%2Caps%2C70&sr=8-8,https://m.media-amazon.com/images/I/71DOrsygspL._AC_UL320_.jpg
"Bear Mug Cute Mugs Glass Double Wall Insulated Glass Espresso Cup, Kawaii Cup, Coffee Cup, Tea Cup, Milk Cup, Best Gift for Women Office and Personal Birthday Christmas (Bear)",$9.49,https://www.amazon.com/Glasses-Insulated-Espresso-Personal-Birthday/dp/B07ZFC7K3F/ref=sr_1_9?crid=1ETD973V81N4Y&keywords=cup&qid=1670362024&sprefix=cup%2Caps%2C70&sr=8-9,https://m.media-amazon.com/images/I/61hPICAowML._AC_UL320_.jpg
"[ 8pcs Set ] Drinking Glasses with Bamboo Lids and Glass Straw - 16oz Can Shaped Glass Cups, Beer Glasses, Iced Coffee Glasses, Cute Tumbler Cup, Ideal for Cocktail, Whiskey, Gift - 2 Cleaning Brushes",$28.99,https://www.amazon.com/Drinking-Glasses-Bamboo-Glass-Straw/dp/B0B215HRKG/ref=sr_1_10?crid=1ETD973V81N4Y&keywords=cup&qid=1670362024&sprefix=cup%2Caps%2C70&sr=8-10,https://m.media-amazon.com/images/I/7164z-RUifL._AC_UL320_.jpg
"Kodrine 20oz Glass Water Tumble with Straw and Lid,Bamboo Lids Water Bottle, Iced Coffee Cup Reusable, Wide Mouth Smoothie Cups, Straw Silicone Protective Sleeve BPA FREE-Amber",$18.99,https://www.amazon.com/Kodrine-Reusable-Smoothie-Protective-FREE-Amber/dp/B08ZXZJY59/ref=sr_1_11?crid=1ETD973V81N4Y&keywords=cup&qid=1670362024&sprefix=cup%2Caps%2C70&sr=8-11,https://m.media-amazon.com/images/I/51V+ce-GUOS._AC_UL320_.jpg
"Ello Devon Glass Tumbler with Protective No Sweat Silicone Sleeve and Splash Proof Wooden Detail Lid with Straw, 18 oz",$12.99,https://www.amazon.com/Ello-Devon-Glass-Tumbler-Straw/dp/B06WLKSR8P/ref=sr_1_12?crid=1ETD973V81N4Y&keywords=cup&qid=1670362024&sprefix=cup%2Caps%2C70&sr=8-12,https://m.media-amazon.com/images/I/81zcDSTyKHL._AC_UL320_.jpg
"20 OZ Glass Cups with Bamboo Lids and Straws - Beer Can Shaped Drinking Glasses with Silicone Protective Sleeve Set, Iced Coffee Glasses, Cute Tumbler Cup for Water, Smoothie, Boba Tea, Gift - 2 Pack",$14.99,https://www.amazon.com/Glass-Cups-Bamboo-Lids-Straws/dp/B0BC93NRXR/ref=sr_1_13?crid=1ETD973V81N4Y&keywords=cup&qid=1670362024&sprefix=cup%2Caps%2C70&sr=8-13,https://m.media-amazon.com/images/I/716u2MrbBlL._AC_UL320_.jpg
JoyJolt Savor Double Wall Insulated Glasses Espresso Mugs (Set of 2) - 5.4-Ounces,$16.95,https://www.amazon.com/JoyJolt-Insulated-glasses-Espresso-5-4-Ounces/dp/B01N07HRYP/ref=sr_1_14?crid=1ETD973V81N4Y&keywords=cup&qid=1670362024&sprefix=cup%2Caps%2C70&sr=8-14,https://m.media-amazon.com/images/I/71ZZ0EqfzrL._AC_UL320_.jpg
"[ 6pcs Set ] Glass Cups with Bamboo Lids and Glass Straw - Beer Can Shaped Drinking Glasses, 16 oz Iced Coffee Glasses, Cute Tumbler Cup for Smoothie, Boba Tea, Whiskey, Water - 2 Cleaning Brushes",$22.99,https://www.amazon.com/6pcs-Glass-Cups-Bamboo-Straw/dp/B09W294ZF3/ref=sr_1_15?crid=1ETD973V81N4Y&keywords=cup&qid=1670362024&sprefix=cup%2Caps%2C70&sr=8-15,https://m.media-amazon.com/images/I/81yrXHeQZeL._AC_UL320_.jpg
"ALOUFEA 30oz Stainless Steel Tumbler, Insulated Coffee Tumbler Cup with Lid and Straw, Double Walled Travel Coffee Mug for Hot & Cold Drinks (Mint, 1 Pack)",$14.99,https://www.amazon.com/ALOUFEA-Stainless-Tumbler-Insulated-Coffee/dp/B08D3JPKFV/ref=sr_1_16?crid=1ETD973V81N4Y&keywords=cup&qid=1670362024&sprefix=cup%2Caps%2C70&sr=8-16,https://m.media-amazon.com/images/I/71uDXxA4O4L._AC_UL320_.jpg
"Adjustable Two-Pack Car Cup Holder Extender with Phone Holder with Offset Adjustable Base,Compatible with Large 32/40 Ounce Bottles and Coffee Mugs,Other 3.4"" - 4"" Large Bottle Water Cups",$29.99,https://www.amazon.com/gp/slredirect/picassoRedirect.html/ref=pa_sp_mtf_aps_sr_pg1_1?ie=UTF8&adId=A07851911MCDB6OUYA99Z&qualifier=1670362024&id=8580738574018136&widgetName=sp_mtf&url=%2FAdjustable-Two-Pack-Extender-Compatible-Bottles%2Fdp%2FB0BJ73WWRY%2Fref%3Dsr_1_17_sspa%3Fcrid%3D1ETD973V81N4Y%26keywords%3Dcup%26qid%3D1670362024%26sprefix%3Dcup%252Caps%252C70%26sr%3D8-17-spons%26psc%3D1,https://m.media-amazon.com/images/I/61P38dUqgPL._AC_UL320_.jpg
[24 oz. - 100 Pack] EDI Crystal Clear Disposable PET Plastic Cups,$19.99,https://www.amazon.com/gp/slredirect/picassoRedirect.html/ref=pa_sp_mtf_aps_sr_pg1_1?ie=UTF8&adId=A050684638BTWDJV6NZLB&qualifier=1670362024&id=8580738574018136&widgetName=sp_mtf&url=%2FEDI-Disposable-Plastic-Party-Crystal%2Fdp%2FB07P729Q6L%2Fref%3Dsr_1_18_sspa%3Fcrid%3D1ETD973V81N4Y%26keywords%3Dcup%26qid%3D1670362024%26sprefix%3Dcup%252Caps%252C70%26sr%3D8-18-spons%26psc%3D1,https://m.media-amazon.com/images/I/71WV2ow8O6L._AC_UL320_.jpg
"Kraft Original Easy Microwavable Macaroni and Cheese Cups , 2.05 oz (Pack of 8)",$7.97,https://www.amazon.com/gp/slredirect/picassoRedirect.html/ref=pa_sp_mtf_aps_sr_pg1_1?ie=UTF8&adId=A10194791NUB9GXS333JW&qualifier=1670362024&id=8580738574018136&widgetName=sp_mtf&url=%2FKraft-Macaroni-Cheese-Dinner-Original%2Fdp%2FB00WI0T4HU%2Fref%3Dsr_1_19_sspa%3Fcrid%3D1ETD973V81N4Y%26keywords%3Dcup%26qid%3D1670362024%26sprefix%3Dcup%252Caps%252C70%26sr%3D8-19-spons%26psc%3D1,https://m.media-amazon.com/images/I/8102hkDuCvL._AC_UL320_.jpg
"SHANGSHANGXI [300 Pack] 8 oz Paper Cups, Paper Cups 8 oz, Disposable Coffee Cups, Disposable Paper Cup, 8 oz Coffee Cups, Kraft Paper Cup, Espresso Cups, Paper Coffee Cup 8 oz, Hot or Cold Beverage",$29.79,https://www.amazon.com/gp/slredirect/picassoRedirect.html/ref=pa_sp_mtf_aps_sr_pg1_1?ie=UTF8&adId=A0961148N80BQKH4K7VP&qualifier=1670362024&id=8580738574018136&widgetName=sp_mtf&url=%2FSHANGSHANGXI-Disposable-Coffee-Espresso-Beverage%2Fdp%2FB0B4DDD8YZ%2Fref%3Dsr_1_20_sspa%3Fcrid%3D1ETD973V81N4Y%26keywords%3Dcup%26qid%3D1670362024%26sprefix%3Dcup%252Caps%252C70%26sr%3D8-20-spons%26psc%3D1,https://m.media-amazon.com/images/I/710Ud8wLHBL._AC_UL320_.jpg
Zulay 20oz Stainless Steel Tumbler With Lid and Straw - Sweat-Free Travel Coffee Mug Tumbler Cups - Double Walled Insulated Travel Mug For Hot and Cold Drinks (White),$13.99,https://www.amazon.com/Zulay-Tumbler-Straw-Stainless-Steel/dp/B08TW46T12/ref=sr_1_21?crid=1ETD973V81N4Y&keywords=cup&qid=1670362024&sprefix=cup%2Caps%2C70&sr=8-21,https://m.media-amazon.com/images/I/81y+fo25bnL._AC_UL320_.jpg
"[ 4 Pack ] Glass Cups Set - 24oz Mason Jar Drinking Glasses w Bamboo Lids & Straws & 2 Airtight Lids - Cute Reusable Boba Bottle, Iced Coffee Glasses, Travel Tumbler for Bubble Tea, smoothie, Juice",$25.99,https://www.amazon.com/Pack-Glass-Cups-Set-Drinking/dp/B09QKV561Y/ref=sr_1_22?crid=1ETD973V81N4Y&keywords=cup&qid=1670362024&sprefix=cup%2Caps%2C70&sr=8-22,https://m.media-amazon.com/images/I/71qb6tGLB1L._AC_UL320_.jpg
Hydro Flask All Around Tumbler - Stainless Steel Reusable Insulated Travel Drinking Cup Water Bottle with Lid,$32.95,https://www.amazon.com/Hydro-Flask-All-Around-Tumbler/dp/B09D8VX1LW/ref=sr_1_23?crid=1ETD973V81N4Y&keywords=cup&qid=1670362024&sprefix=cup%2Caps%2C70&sr=8-23,https://m.media-amazon.com/images/I/61uvj-Fo2GL._AC_UL320_.jpg
"Homestockplus 【Set of 8】 20 Oz Tumbler Cups,Unbreakable Drinking Cups Microwave and Dishwasher Safe BPA Free E-Co Friendly Reusable Cup For Smoothies,Water",$17.97,https://www.amazon.com/Homestockplus-Unbreakable-Microwave-Dishwasher-Smoothies/dp/B0B6THL4VW/ref=sr_1_24?crid=1ETD973V81N4Y&keywords=cup&qid=1670362024&sprefix=cup%2Caps%2C70&sr=8-24,https://m.media-amazon.com/images/I/61q21nAUZqL._AC_UL320_.jpg
Hydro Flask Wide Mouth Bottle with Flex Sip Lid - Insulated Water Bottle Travel Cup Coffee Mug,$27.73,https://www.amazon.com/Hydro-Flask-Travel-Coffee-Flex/dp/B07G3P9SJM/ref=sr_1_25?crid=1ETD973V81N4Y&keywords=cup&qid=1670362024&sprefix=cup%2Caps%2C70&sr=8-25,https://m.media-amazon.com/images/I/615U2hIvuZL._AC_UL320_.jpg
"365 by Whole Foods Market, Cups Plastic 16 Ounce, 20 Count",$10.13,https://www.amazon.com/365-Plastic-Cups-473ml-20ct/dp/B074H6VQJV/ref=sr_1_26?crid=1ETD973V81N4Y&keywords=cup&qid=1670362024&sprefix=cup%2Caps%2C70&sr=8-26,https://m.media-amazon.com/images/I/717PozMDb+L._AC_UL320_.jpg
"Meoky Plastic Cups with Lids and Straws - 6 Pack 24 oz Color Changing Cups with Lids and Straws Bulk, Reusable Cups with Lids and Straws for Adults Kid Women Party, Cute Cold Cups for Iced Coffee",$17.49,https://www.amazon.com/Meoky-Plastic-Cups-Lids-Straws/dp/B09QMF7MHZ/ref=sr_1_27?crid=1ETD973V81N4Y&keywords=cup&qid=1670362024&sprefix=cup%2Caps%2C70&sr=8-27,https://m.media-amazon.com/images/I/61+0B7C3ZgL._AC_UL320_.jpg
"Zenbo Mug Tumbler 40 oz–Stainless Steel Vacuum Insulated Mug with Handle,Lid and Straw,Keeps Drinks Cold up to 34 Hours – Sweat-Proof Body, Dishwasher Safe",$29.95,https://www.amazon.com/Zenbo-Tumbler-oz-Stainless-Vacuum-Insulated/dp/B09WM9R7NP/ref=sr_1_28?crid=1ETD973V81N4Y&keywords=cup&qid=1670362024&sprefix=cup%2Caps%2C70&sr=8-28,https://m.media-amazon.com/images/I/41UgxInoynL._AC_UL320_.jpg
"Tronco 26oz Glass Tumbler with Bamboo Lid and Straw, Glass Cup For Boba,Iced Coffee,Smoothie, Spill Proof Glass Water Bottle With Silicone Protective Sleeve, Dishwasher Safe,BPA Free",$19.99,https://www.amazon.com/gp/slredirect/picassoRedirect.html/ref=pa_sp_mtf_aps_sr_pg1_1?ie=UTF8&adId=A04499681YVWZNVFIDYIQ&qualifier=1670362024&id=8580738574018136&widgetName=sp_mtf&url=%2FTumbler-Smoothie-Silicone-Protective-Dishwasher%2Fdp%2FB09XKD4JBH%2Fref%3Dsr_1_29_sspa%3Fcrid%3D1ETD973V81N4Y%26keywords%3Dcup%26qid%3D1670362024%26sprefix%3Dcup%252Caps%252C70%26sr%3D8-29-spons%26psc%3D1,https://m.media-amazon.com/images/I/51+L0m2Q8kL._AC_UL320_.jpg
"Gold Foil Party Paper Cups (9oz, 50 Pack)",$12.99,https://www.amazon.com/gp/slredirect/picassoRedirect.html/ref=pa_sp_mtf_aps_sr_pg1_1?ie=UTF8&adId=A05027543PRSMKZMKF09M&qualifier=1670362024&id=8580738574018136&widgetName=sp_mtf&url=%2FSparkle-Bash-Gold-Party-Paper%2Fdp%2FB07VC6GL72%2Fref%3Dsr_1_30_sspa%3Fcrid%3D1ETD973V81N4Y%26keywords%3Dcup%26qid%3D1670362024%26sprefix%3Dcup%252Caps%252C70%26sr%3D8-30-spons%26psc%3D1,https://m.media-amazon.com/images/I/71E9a3CfDBL._AC_UL320_.jpg
"[12 oz 500 pack] Paper Coffee Cups,Paper Cups 12oz, Hot Cups, Ideal for Hot Drinks, Coffee(white)",$68.99,https://www.amazon.com/gp/slredirect/picassoRedirect.html/ref=pa_sp_mtf_aps_sr_pg1_1?ie=UTF8&adId=A0182412ZVVX09XIMX5F&qualifier=1670362024&id=8580738574018136&widgetName=sp_mtf&url=%2FPaper-Coffee-Disposable-Improved-white%2Fdp%2FB09DNZM22Y%2Fref%3Dsr_1_31_sspa%3Fcrid%3D1ETD973V81N4Y%26keywords%3Dcup%26qid%3D1670362024%26sprefix%3Dcup%252Caps%252C70%26sr%3D8-31-spons%26psc%3D1%26smid%3DA1EPQ3W76BWAS3,https://m.media-amazon.com/images/I/61ZFS8BkBZL._AC_UL320_.jpg
"CozyUp French Roast, Single-Serve Coffee Pods for Keurig K-Cup Brewers, Dark Roast Coffee, 100 Count",$33.97,https://www.amazon.com/gp/slredirect/picassoRedirect.html/ref=pa_sp_mtf_aps_sr_pg1_1?ie=UTF8&adId=A04069232FY88WH9F45O4&qualifier=1670362024&id=8580738574018136&widgetName=sp_mtf&url=%2FCozyUp-100-Count-French-Coffee-Brewers%2Fdp%2FB08D2DVYBG%2Fref%3Dsr_1_32_sspa%3Fcrid%3D1ETD973V81N4Y%26keywords%3Dcup%26qid%3D1670362024%26sprefix%3Dcup%252Caps%252C70%26sr%3D8-32-spons%26psc%3D1,https://m.media-amazon.com/images/I/71OE3VBuuYL._AC_UL320_.jpg
"Hefty Party On Disposable Plastic Cups, Assorted, 16 Ounce, 100 Count",$10.68,https://www.amazon.com/Hefty-Party-Plastic-Assorted-Colors/dp/B00OCGUG02/ref=sr_1_33?crid=1ETD973V81N4Y&keywords=cup&qid=1670362024&sprefix=cup%2Caps%2C70&sr=8-33,https://m.media-amazon.com/images/I/81EBkctbRVL._AC_UL320_.jpg
"Dixie PerfecTouch 12 Oz Insulated Paper Hot Coffee Cup by GP PRO (Georgia-Pacific), Coffee Haze, 5342DX, 500 Count (25 Cups Per Sleeve, 20 Sleeves Per Case)",$65.83,https://www.amazon.com/Dixie-PerfecTouch-5342DX-WiseSize-Insulated/dp/B00F2PCKQK/ref=sr_1_34?crid=1ETD973V81N4Y&keywords=cup&qid=1670362024&sprefix=cup%2Caps%2C70&sr=8-34,https://m.media-amazon.com/images/I/81G3I5BhuFL._AC_UL320_.jpg
"US Acrylic Newport 20 ounce Unbreakable Plastic Stackable Water Tumblers in Blue Sky | Set of 12 Drinking Cups | Reusable, BPA-free, Made in the USA, Top-rack Dishwasher and Microwave Safe",$14.99,https://www.amazon.com/US-Acrylic-Unbreakable-Stackable-Dishwasher/dp/B095XGRRVZ/ref=sr_1_35?crid=1ETD973V81N4Y&keywords=cup&qid=1670362024&sprefix=cup%2Caps%2C70&sr=8-35,https://m.media-amazon.com/images/I/51fnwn-oSTS._AC_UL320_.jpg
"DART - 8J8CT 8-Ounce Foam Cup (Case of 1000), White",$19.00,https://www.amazon.com/DART-8J8CT-8-Ounce-Foam-White/dp/B004NG8B9Y/ref=sr_1_36?crid=1ETD973V81N4Y&keywords=cup&qid=1670362024&sprefix=cup%2Caps%2C70&sr=8-36,https://m.media-amazon.com/images/I/41RnrfdPN+L._AC_UL320_.jpg
"LITOPAK 240 Pack 12 oz Disposable Paper Coffee Cup, Hot/Cold Beverage Drinking Cups for Water, Paper Coffee Cups , White Paper Hot Coffee Cups, Suitable for Party, Picnic, Travel, and Events.",$32.99,https://www.amazon.com/Disposable-Beverage-Drinking-Suitable-Events/dp/B09CKPH2GL/ref=sr_1_37?crid=1ETD973V81N4Y&keywords=cup&qid=1670362024&sprefix=cup%2Caps%2C70&sr=8-37,https://m.media-amazon.com/images/I/61MJ4xxHckL._AC_UL320_.jpg
"[100 Pack] 24 oz Clear Plastic Cups With Flat Slotted Lids for Iced Cold Drinks Coffee Tea Smoothie Bubble Boba, Disposable, Extra Large Size",$28.95,https://www.amazon.com/Clear-Plastic-Slotted-Drinks-Disposable/dp/B071G6JW5Q/ref=sr_1_38?crid=1ETD973V81N4Y&keywords=cup&qid=1670362024&sprefix=cup%2Caps%2C70&sr=8-38,https://m.media-amazon.com/images/I/81TXFpKfD2L._AC_UL320_.jpg
"2000 Pack 9 OZ Clear Plastic Cups, Disposable Plastic Cups, 9 Ounce Cold Party Drinking Cups for Wedding Thanksgiving Christmas Party",$79.99,https://www.amazon.com/Plastic-Disposable-Drinking-Thanksgiving-Christmas/dp/B09SFS53TS/ref=sr_1_39?crid=1ETD973V81N4Y&keywords=cup&qid=1670362024&sprefix=cup%2Caps%2C70&sr=8-39,https://m.media-amazon.com/images/I/710YpakZAjL._AC_UL320_.jpg
"US Acrylic Splash 18 ounce Plastic Stackable Water Tumblers in 4 Coastal Colors | Value Set of 16 Drinking Cups | Reusable, BPA-free, Made in the USA, Top-rack Dishwasher Safe",$21.99,https://www.amazon.com/US-Acrylic-Stackable-Tumblers-Dishwasher/dp/B08B8XM6R9/ref=sr_1_40?crid=1ETD973V81N4Y&keywords=cup&qid=1670362024&sprefix=cup%2Caps%2C70&sr=8-40,https://m.media-amazon.com/images/I/71Xb38N8xuL._AC_UL320_.jpg
"Drinking Glasses with Glass Straw 4pcs Set - 16oz Can Shaped Glass Cups, Beer Glasses, Iced Coffee Glasses, Cute Tumbler Cup, Ideal for Whiskey, Soda, Tea, Water, Gift - 2 Cleaning Brushes",$15.18,https://www.amazon.com/Drinking-Glasses-Glass-Straw-4pcs/dp/B09CGPKVT2/ref=sr_1_41?crid=1ETD973V81N4Y&keywords=cup&qid=1670362024&sprefix=cup%2Caps%2C70&sr=8-41,https://m.media-amazon.com/images/I/71Gg7kaWiWL._AC_UL320_.jpg
"Brimley 20 oz Iced Coffee Glass Tumbler, Reusable Smoothie Cup, Boba Bubble Tea Jar, Wide Mouth Mason Jar with Wooden Lid and Stainless Steel Straws (1 Pack - Bamboo Lid)",$13.99,https://www.amazon.com/Brimley-Tumbler-Reusable-Smoothie-Stainless/dp/B08R1TF4P3/ref=sr_1_42?crid=1ETD973V81N4Y&keywords=cup&qid=1670362024&sprefix=cup%2Caps%2C70&sr=8-42,https://m.media-amazon.com/images/I/513hZlHVSmL._AC_UL320_.jpg
"Turbo Bee 600 Pack 9 oz Clear Plastic Cups, Disposable Cups Reusable Plastic Cups Tumblers,Crystal Clear PET Plastic Cups for Wedding, Thanksgiving, Halloween, Christmas Party",$48.99,https://www.amazon.com/Disposable-Reusable-Thanksgiving-Halloween-Christmas/dp/B09XDTKZ8J/ref=sr_1_43?crid=1ETD973V81N4Y&keywords=cup&qid=1670362024&sprefix=cup%2Caps%2C70&sr=8-43,https://m.media-amazon.com/images/I/81KleHyRzdL._AC_UL320_.jpg
[500 Pack - 9 oz.] Clear Disposable Plastic Cups - Cold Party Drinking Cups,$26.99,https://www.amazon.com/500-Pack-Disposable-Plastic-Drinking/dp/B087HK9XWJ/ref=sr_1_44?crid=1ETD973V81N4Y&keywords=cup&qid=1670362024&sprefix=cup%2Caps%2C70&sr=8-44,https://m.media-amazon.com/images/I/61hiXP0A7VL._AC_UL320_.jpg
"Hefty Party On Disposable Plastic Cups, Red, 18 Ounce, 30 Count",$5.23,https://www.amazon.com/Hefty-Plastic-Party-Ounce-Count/dp/B0013HUIG0/ref=sr_1_45?crid=1ETD973V81N4Y&keywords=cup&qid=1670362024&sprefix=cup%2Caps%2C70&sr=8-45,https://m.media-amazon.com/images/I/81kn1TzOsmL._AC_UL320_.jpg
"Stanley Big Grip Travel Quencher Cream, 1 EA",$72.95,https://www.amazon.com/Stanley-Grip-Travel-Quencher-Cream/dp/B09LRPT658/ref=sr_1_46?crid=1ETD973V81N4Y&keywords=cup&qid=1670362024&sprefix=cup%2Caps%2C70&sr=8-46,https://m.media-amazon.com/images/I/51jupL6WWJL._AC_UL320_.jpg
"[100 Pack] 12 oz Paper Coffee Cups, Disposable Coffee Cups with Lids, and Stirrers, Drinking Cups for Water, Coffee or Tea, To Go Coffee Cups Suitable for Home,Shops and Cafes",$26.99,https://www.amazon.com/Coffee-Disposable-Stirrers-Drinking-Suitable/dp/B09V58RPXQ/ref=sr_1_47?crid=1ETD973V81N4Y&keywords=cup&qid=1670362024&sprefix=cup%2Caps%2C70&sr=8-47,https://m.media-amazon.com/images/I/71FUC24jjML._AC_UL320_.jpg
"JOLLY PARTY Disposable Coffee Cups with Lids -16 oz (100 Set) To Go Coffee Cups , Paper Coffee Cups for Beverages Espresso Tea ,Suitable for Cafes,Offices and Home",$29.99,https://www.amazon.com/Disposable-Beverages-Espresso-Suitable-Offices/dp/B09MFPNNMT/ref=sr_1_48?crid=1ETD973V81N4Y&keywords=cup&qid=1670362024&sprefix=cup%2Caps%2C70&sr=8-48,https://m.media-amazon.com/images/I/71U+GEgTkxL._AC_UL320_.jpg
"US Acrylic Classic 8 piece Premium Quality Plastic Cups in Clear | 4 each: 12 ounce Rocks and 16 ounce Water Drinking Glasses | Reusable, BPA-free, Made in the USA, Top-rack Dishwasher Safe",$22.99,https://www.amazon.com/Classic-8-piece-Premium-Quality-Tumblers/dp/B00L8751XK/ref=sr_1_49?crid=1ETD973V81N4Y&keywords=cup&qid=1670362024&sprefix=cup%2Caps%2C70&sr=8-49,https://m.media-amazon.com/images/I/717Y4zj+YUL._AC_UL320_.jpg
"Tumbler with Straw and Lid,Water Bottle Iced Coffee Travel Mug Cup,Reusable Plastic Cups,Perfect for Parties,Birthdays,24oz-5 Pack (Rainbow Glitter(24oz)",$13.99,https://www.amazon.com/Tumbler-Reusable-Plastic-Perfect-Birthdays/dp/B08V4YB6XZ/ref=sr_1_50?crid=1ETD973V81N4Y&keywords=cup&qid=1670362024&sprefix=cup%2Caps%2C70&sr=8-50,https://m.media-amazon.com/images/I/71hZycdleXS._AC_UL320_.jpg
"ECOLipak 240 Pack Compostable Paper Cups, 12 oz Biodegradable Paper Coffee Cups with PLA Lined, Disposable Eco-friendly Hot Paper Cups for Party, Picnic, Travel, and Events",$33.99,https://www.amazon.com/ECOLipak-Compostable-Biodegradable-Disposable-Eco-friendly/dp/B0B9R6PGTJ/ref=sr_1_51?crid=1ETD973V81N4Y&keywords=cup&qid=1670362024&sprefix=cup%2Caps%2C70&sr=8-51,https://m.media-amazon.com/images/I/71hLQqI+lWL._AC_UL320_.jpg
"Turbo Bee 300Pack 8oz Disposable Paper Cups, White Paper Coffee Cup，Espresso Cups ,Hot/Cold Beverage Drinking Cup for Party,Travel and Event",$33.99,https://www.amazon.com/300Pack-Disposable-Cup%EF%BC%8CEspresso-Beverage-Drinking/dp/B09MTB34VP/ref=sr_1_52?crid=1ETD973V81N4Y&keywords=cup&qid=1670362024&sprefix=cup%2Caps%2C70&sr=8-52,https://m.media-amazon.com/images/I/61J6B1YPz8L._AC_UL320_.jpg
TashiBox White Hot Drink 120 Count - 12 Oz Disposable Paper Coffee Cups,$18.99,https://www.amazon.com/TashiBox-White-Hot-Drink-Count/dp/B0745HFZLV/ref=sr_1_53?crid=1ETD973V81N4Y&keywords=cup&qid=1670362024&sprefix=cup%2Caps%2C70&sr=8-53,https://m.media-amazon.com/images/I/510NbiFfnnL._AC_UL320_.jpg
"Dixie PerfecTouch 10 oz. Insulated Paper Hot Coffee Cup by GP PRO (Georgia-Pacific), Coffee Haze, 5310DX, 500 Count (25 Cups Per Sleeve, 20 Sleeves Per Case)",$92.53,https://www.amazon.com/Dixie-PerfecTouch-5310DX-WiseSize-Insulated/dp/B00F2PD92O/ref=sr_1_54?crid=1ETD973V81N4Y&keywords=cup&qid=1670362024&sprefix=cup%2Caps%2C70&sr=8-54,https://m.media-amazon.com/images/I/81VuT1mDTsL._AC_UL320_.jpg
"TV TOPVALUE 600pack 5oz Paper Cups, Bathroom Cups, Small Mouthwash Cups，Hot/Cold Drinking Cups For Party, Picnic,Travel,and Events",$29.99,https://www.amazon.com/600pack-Bathroom-Mouthwash-Cups%EF%BC%8CHot-Drinking/dp/B09V2BFSCZ/ref=sr_1_55?crid=1ETD973V81N4Y&keywords=cup&qid=1670362024&sprefix=cup%2Caps%2C70&sr=8-55,https://m.media-amazon.com/images/I/713keKF6k7L._AC_UL320_.jpg
"Nextmug - Temperature-Controlled, Self-Heating Coffee Mug (Black - 14 oz.)",$99.95,https://www.amazon.com/Nextmug-Temperature-Controlled-Self-Heating-Coffee-Mug-Black/dp/B0B6JTX6NB/ref=sr_1_56?crid=1ETD973V81N4Y&keywords=cup&qid=1670362024&sprefix=cup%2Caps%2C70&sr=8-56,https://m.media-amazon.com/images/I/71D51fALypL._AC_UL320_.jpg
"Amazing Abby - Iceberg - 24-Ounce Plastic Tumblers (Set of 8), Plastic Drinking Glasses, All-Clear High-Balls, Reusable Plastic Cups, Stackable, BPA-Free, Shatter-Proof, Dishwasher-Safe",$23.99,https://www.amazon.com/Amazing-Abby-Iceberg-Shatter-Proof-All-Transparent/dp/B089G5GZRQ/ref=sr_1_57?crid=1ETD973V81N4Y&keywords=cup&qid=1670362024&sprefix=cup%2Caps%2C70&sr=8-57,https://m.media-amazon.com/images/I/81BaRb9WRkL._AC_UL320_.jpg
Starbucks K-Cup Coffee Pods—Medium Roast Coffee—Pike Place Roast for Keurig Brewers—100% Arabica—4 boxes (96 pods total),$49.32,https://www.amazon.com/gp/slredirect/picassoRedirect.html/ref=pa_sp_btf_aps_sr_pg1_1?ie=UTF8&adId=A0724871RDE7MY2OUY8M&qualifier=1670362024&id=8580738574018136&widgetName=sp_btf&url=%2FStarbucks-Pike-Place-Roast-96-Count%2Fdp%2FB009GDBNF8%2Fref%3Dsr_1_58_sspa%3Fcrid%3D1ETD973V81N4Y%26keywords%3Dcup%26qid%3D1670362024%26sprefix%3Dcup%252Caps%252C70%26sr%3D8-58-spons%26psc%3D1,https://m.media-amazon.com/images/I/81wlrYF6RBL._AC_UL320_.jpg
Tronco 24oz Glass Tumbler Glass Water Bottle Straw Silicone Protective Sleeve Bamboo Lid - BPA Free,$17.99,https://www.amazon.com/gp/slredirect/picassoRedirect.html/ref=pa_sp_btf_aps_sr_pg1_1?ie=UTF8&adId=A07305202UQPMX7JQ39PD&qualifier=1670362024&id=8580738574018136&widgetName=sp_btf&url=%2FTronco-Tumbler-Bottle-Silicone-Protective%2Fdp%2FB08CKJ2YDG%2Fref%3Dsr_1_59_sspa%3Fcrid%3D1ETD973V81N4Y%26keywords%3Dcup%26qid%3D1670362024%26sprefix%3Dcup%252Caps%252C70%26sr%3D8-59-spons%26psc%3D1,https://m.media-amazon.com/images/I/61dXi0Nj3qL._AC_UL320_.jpg
"Brita Small 6 Cup Pitcher with 1 Standard Filter, Metro and Turquoise Standard Water Filter, 2 Ct",$37.48,https://www.amazon.com/gp/slredirect/picassoRedirect.html/ref=pa_sp_btf_aps_sr_pg1_1?ie=UTF8&adId=A01365761BR9G44KIOL62&qualifier=1670362024&id=8580738574018136&widgetName=sp_btf&url=%2FBrita-Pitcher-Standard-Filter-Turquoise%2Fdp%2FB0BCKLJRYX%2Fref%3Dsr_1_60_sspa%3Fcrid%3D1ETD973V81N4Y%26keywords%3Dcup%26qid%3D1670362024%26sprefix%3Dcup%252Caps%252C70%26sr%3D8-60-spons%26psc%3D1,https://m.media-amazon.com/images/I/71NPHUWKW4L._AC_UL320_.jpg
