item_name,price,link_to_item,link_to_item_image
RC280 Replacement Remote Applicable for TCL Roku TV 55UP120 32S4610R 50FS3750 32FS3700 32FS4610R 32S800 32S850 32S3850 48FS3700 55FS3700 65S405 43S405 49S405 40S3800 50S431 55S431 43S435 50S435 43S525,$6.95,https://www.amazon.com/Replacement-Applicable-32S4610R-50FS3750-32FS4610R/dp/B078T633Q9/ref=sr_1_1?crid=1ETD973V81N4Y&keywords=remote&qid=1670362080&sprefix=remote%2Caps%2C70&sr=8-1,https://m.media-amazon.com/images/I/51Tb8DmztKL._AC_UY218_.jpg
"【Pack of 2】 New Universal Remote for All Samsung TV Remote, Replacement Compatible for All Samsung Smart TV, LED, LCD, HDTV, 3D, Series TV",$13.97,https://www.amazon.com/Universal-Remote-Samsung-Replacement-Compatible/dp/B0B7B6KLH3/ref=sr_1_2?crid=1ETD973V81N4Y&keywords=remote&qid=1670362080&sprefix=remote%2Caps%2C70&sr=8-2,https://m.media-amazon.com/images/I/712Qq7saTlL._AC_UY218_.jpg
Goukano BN59-01315J Replaced Remote Control fit for All Samsung Smart TV Remote Control with Netflix Prime Video and Samsung TV Plus Buttons (with Case and Batteries),$5.95,https://www.amazon.com/Goukano-BN59-01315J-Replaced-Control-Batteries/dp/B0B74RMLYQ/ref=sr_1_3?crid=1ETD973V81N4Y&keywords=remote&qid=1670362080&sprefix=remote%2Caps%2C70&sr=8-3,https://m.media-amazon.com/images/I/41pW6pkzlxL._AC_UY218_.jpg
AKB75095307 Remote Control Replacement fit for LG LED LCD TV 43UJ6500 43UJ6560 49UJ6500 49UJ6560 55UJ6520 55UJ6540 55UJ6580 60UJ6540 24lm520d 24LM520S 28lm520s,$6.50,https://www.amazon.com/AKB75095307-Replacement-43UJ6500-43UJ6560-49UJ6500/dp/B077J2YG19/ref=sr_1_4?crid=1ETD973V81N4Y&keywords=remote&qid=1670362080&sprefix=remote%2Caps%2C70&sr=8-4,https://m.media-amazon.com/images/I/61Xb212vQAL._AC_UY218_.jpg
"Introducing Alexa Voice Remote Pro, includes remote finder, TV controls, backlit buttons, requires compatible Fire TV device",$34.99,https://www.amazon.com/Introducing-alexa-voice-remote-pro/dp/B09RX4HKTD/ref=sr_1_5?crid=1ETD973V81N4Y&keywords=remote&qid=1670362080&sprefix=remote%2Caps%2C70&sr=8-5,https://m.media-amazon.com/images/I/41Nb4jo66PL._AC_UY218_.jpg
BN59-01259E Replaced Remote Compatible with Samsung TV UN40KU6290 UN65KU6290 UN40KU6290F UN55KU6290F UN60KU6290F UN70KU6290F UN50KU6290 UN55KU6290 UN60KU6290 UN43KU7000D UN49KU7000 UN70KU6290,$6.45,https://www.amazon.com/BN59-01259E-UN40KU6290F-UN55KU6290F-UN60KU6290F-UN70KU6290F/dp/B07GKT53H5/ref=sr_1_6?crid=1ETD973V81N4Y&keywords=remote&qid=1670362080&sprefix=remote%2Caps%2C70&sr=8-6,https://m.media-amazon.com/images/I/61EBwwUQX-L._AC_UY218_.jpg
"Alexa Voice Remote (3rd Gen) with TV controls, Requires compatible Fire TV device, 2021 release",$29.99,https://www.amazon.com/alexa-voice-remote-with-power-and-volume-controls/dp/B08D6WJYD9/ref=sr_1_7?crid=1ETD973V81N4Y&keywords=remote&qid=1670362080&sprefix=remote%2Caps%2C70&sr=8-7,https://m.media-amazon.com/images/I/51HDKUuMZFL._AC_UY218_.jpg
"Philips Universal Remote Control Replacement for Samsung, Vizio, LG, Sony, Sharp, Roku, Apple TV, RCA, Panasonic, Smart TVs, Streaming Players, Blu-ray, DVD, Simple Setup, 3 Device, Black, SRP9232D/27",$9.59,https://www.amazon.com/3-Device-Universal-Preprogrammed-SRP9232D-27/dp/B07B4P1DK9/ref=sr_1_8?crid=1ETD973V81N4Y&keywords=remote&qid=1670362080&sprefix=remote%2Caps%2C70&sr=8-8,https://m.media-amazon.com/images/I/A1wSxqwqQvL._AC_UY218_.jpg
Universal Remote Control for Samsung TV Replacement for LCD LED HDTV 3D Smart Samsung TVs Remote,$9.99,https://www.amazon.com/Newest-Universal-Control-Samsung-Replacement/dp/B07ZQK4GF4/ref=sr_1_9?crid=1ETD973V81N4Y&keywords=remote&qid=1670362080&sprefix=remote%2Caps%2C70&sr=8-9,https://m.media-amazon.com/images/I/512oqq--kYS._AC_UY218_.jpg
"Universal Remote Control, XRT136 for VIZIO All LED LCD HD 4K UHD HDR Smart TVs",$12.99,https://www.amazon.com/Universal-Remote-Control-XRT136-VIZIO/dp/B08PK7TBFD/ref=sr_1_10?crid=1ETD973V81N4Y&keywords=remote&qid=1670362080&sprefix=remote%2Caps%2C70&sr=8-10,https://m.media-amazon.com/images/I/61jgBGX01TL._AC_UY218_.jpg
New Replaced Remote fit for Philips Smart TV NH500U NH500UW NH503UP 43PFL4902 65PFL5602 55PFL5602 50PFL5602 43PFL5602 75PFL6601 32PFL4902 40PFL4901 43PFL4901 43PFL4902 50PFL4901 50PFL5601 50PFL5602/F7,$6.98,https://www.amazon.com/NH500UW-NH503UP-43PFL4902-65PFL5602-55PFL5602/dp/B07JQJTZCF/ref=sr_1_11?crid=1ETD973V81N4Y&keywords=remote&qid=1670362080&sprefix=remote%2Caps%2C70&sr=8-11,https://m.media-amazon.com/images/I/71dB-L5AiOL._AC_UY218_.jpg
EWO'S XRT140 Universal Remote Control for VIZIO Smart TV Remote Replacement XRT136 Smartcast D-Series E-Series M-Series P/PX-Series V-Series,$13.98,https://www.amazon.com/EWOS-XRT140-Universal-Control-Replacement/dp/B093SY5RRT/ref=sr_1_12?crid=1ETD973V81N4Y&keywords=remote&qid=1670362080&sprefix=remote%2Caps%2C70&sr=8-12,https://m.media-amazon.com/images/I/61CQHnUx+aS._AC_UY218_.jpg
New BN59-01241A Replaced Remote fit for Samsung TV UN49KS8000F UN49KS8000FXZA UN49KS8500F UN65KS8000FXZA UN65KS8500F UN65KS8500FXZA UN65KS9000F UN65KS9000FXZA UN65KS9500F UN65KS9500FXZA UN75KS9000F,$6.25,https://www.amazon.com/BN59-01241A-UN49KS8000FXZA-UN65KS8000FXZA-UN65KS8500FXZA-UN65KS9000FXZA/dp/B07JVG2QZK/ref=sr_1_13?crid=1ETD973V81N4Y&keywords=remote&qid=1670362080&sprefix=remote%2Caps%2C70&sr=8-13,https://m.media-amazon.com/images/I/61n2WlAyS0L._AC_UY218_.jpg
"Replacement Remote for All Toshiba Fire TVs and Insignia Fire/Smart TVs with 6 Shortcut Buttons Netflix, Prime Video, ImdbTV, Hulu and More.",$12.72,https://www.amazon.com/Replacement-Toshiba-Insignia-Shortcut-Buttons/dp/B09S5YPC2M/ref=sr_1_14?crid=1ETD973V81N4Y&keywords=remote&qid=1670362080&sprefix=remote%2Caps%2C70&sr=8-14,https://m.media-amazon.com/images/I/519f9JnCD0L._AC_UY218_.jpg
"Universal Remote-Control for Samsung Smart-TV, Remote-Replacement of HDTV 4K UHD Curved QLED and More TVs, with Netflix Prime-Video Buttons",$11.75,https://www.amazon.com/Universal-Remote-Control-Smart-TV-Remote-Replacement-Prime-Video/dp/B093WB5VPT/ref=sr_1_15?crid=1ETD973V81N4Y&keywords=remote&qid=1670362080&sprefix=remote%2Caps%2C70&sr=8-15,https://m.media-amazon.com/images/I/51iM6OWIVMS._AC_UY218_.jpg
XRT136 Replace Remote Control fit for VIZIO Smart TV D50x-G9 D65x-G4 D55x-G1 D40f-G9 D43f-F1 D70-F3 V505-G9 D32h-F1 D24h-G9 E70-F3 D43-F1 V705-G3 P75-F1 D55x-G1 V405-G9 E75-F2 D32f-F1 D24f-F1,$6.87,https://www.amazon.com/Control-D50x-G9-D65x-G4-D55x-G1-D43fx-F4/dp/B07VHCN3WJ/ref=sr_1_16?crid=1ETD973V81N4Y&keywords=remote&qid=1670362080&sprefix=remote%2Caps%2C70&sr=8-16,https://m.media-amazon.com/images/I/61mYIrRRk7L._AC_UY218_.jpg
