item_name,price,link_to_item,link_to_item_image
"BBMi AC85-265V(4 inch) Traffic Light, Red Yellow Green Traffic Signal Light, PC Housing Stop and Go Light, Outdoor Waterproof IP65 Industrial LED Traffic Lamp .",$210.99,https://www.amazon.com/gp/slredirect/picassoRedirect.html/ref=pa_sp_atf_aps_sr_pg1_1?ie=UTF8&adId=A06518891HVF48JXF42AL&qualifier=1670361950&id=3932926389468642&widgetName=sp_atf&url=%2FBBMi-AC85-265V-Traffic-Waterproof-Industrial%2Fdp%2FB09FDV5VXB%2Fref%3Dsr_1_1_sspa%3Fcrid%3D1ETD973V81N4Y%26keywords%3Dtraffic%2Blight%26qid%3D1670361949%26sprefix%3Dtraffic%2Blight%252Caps%252C70%26sr%3D8-1-spons%26psc%3D1,https://m.media-amazon.com/images/I/61XCrJ9hpvL._AC_UL320_.jpg
"BBMi AC85-265V 200mm(8inch) Traffic Light, Red/Green Stop and Go Light, Led Traffic Signal Light, PC Housing Waterproof IP65 Industrial LED Traffic Stop Light, Dock Bay Indicator Warning Light",$219.99,https://www.amazon.com/gp/slredirect/picassoRedirect.html/ref=pa_sp_atf_aps_sr_pg1_1?ie=UTF8&adId=A09551853B60NMOHUA5UK&qualifier=1670361950&id=3932926389468642&widgetName=sp_atf&url=%2FTraffic-AC85-265V-Waterproof-Industrial-Indicator%2Fdp%2FB087CW4J4C%2Fref%3Dsr_1_2_sspa%3Fcrid%3D1ETD973V81N4Y%26keywords%3Dtraffic%2Blight%26qid%3D1670361949%26sprefix%3Dtraffic%2Blight%252Caps%252C70%26sr%3D8-2-spons%26psc%3D1,https://m.media-amazon.com/images/I/714aRDhvBUL._AC_UL320_.jpg
"BBMi 100mm(4inch) Traffic Light, AC85-265V Red/Green Stop and Go Light, Led Traffic Signal Light, PC Housing Waterproof IP65 Industrial LED Traffic Stop Light, Indicator Warning Light .",$159.99,https://www.amazon.com/gp/slredirect/picassoRedirect.html/ref=pa_sp_atf_aps_sr_pg1_1?ie=UTF8&adId=A04698771NNSEDTX3YZHS&qualifier=1670361950&id=3932926389468642&widgetName=sp_atf&url=%2FTraffic-AC85-265V-Waterproof-Industrial-Indicator%2Fdp%2FB087CS3P79%2Fref%3Dsr_1_3_sspa%3Fcrid%3D1ETD973V81N4Y%26keywords%3Dtraffic%2Blight%26qid%3D1670361949%26sprefix%3Dtraffic%2Blight%252Caps%252C70%26sr%3D8-3-spons%26psc%3D1,https://m.media-amazon.com/images/I/61ayAri9auL._AC_UL320_.jpg
"Signaworks Traffic Stop Light LED 12 Inch 3 Light Red/Yellow/Green, and Industrial Loading Dock Bay Light, Indoor/Outdoor, 168 LEDs per Color, Plastic Housing",$459.00,https://www.amazon.com/gp/slredirect/picassoRedirect.html/ref=pa_sp_atf_aps_sr_pg1_1?ie=UTF8&adId=A096678711HWJS8FE6NQ2&qualifier=1670361950&id=3932926389468642&widgetName=sp_atf&url=%2FSignaworks-Traffic-Industrial-Loading-Outdoor%2Fdp%2FB07NBWW5TD%2Fref%3Dsr_1_4_sspa%3Fcrid%3D1ETD973V81N4Y%26keywords%3Dtraffic%2Blight%26qid%3D1670361949%26sprefix%3Dtraffic%2Blight%252Caps%252C70%26sr%3D8-4-spons%26psc%3D1,https://m.media-amazon.com/images/I/71Z-MqN28VL._AC_UL320_.jpg
"Kicko Traffic Light Lamp with Base - Mini Stop Light Lamp, Blinking - Decoration for Kids’ Bedrooms or Themed Parties - Toy for Pretend Play (11 Inch)",$23.49,https://www.amazon.com/Kicko-Traffic-Light-Lamp-Base/dp/B08BB6WKJQ/ref=sr_1_5?crid=1ETD973V81N4Y&keywords=traffic+light&qid=1670361949&sprefix=traffic+light%2Caps%2C70&sr=8-5,https://m.media-amazon.com/images/I/61XMJP9yOwL._AC_UL320_.jpg
"Kicko Halloween Traffic Light Lamp - Plug-in, Blinking Triple Sided Beside Lamp, 12.25 Inch - for Kids Bedrooms, Halloween Decorations, Parties, Celebrations, Props",$43.99,https://www.amazon.com/Kicko-Traffic-Light-Lamp-Plug/dp/B01CDLJ9WI/ref=sr_1_6?crid=1ETD973V81N4Y&keywords=traffic+light&qid=1670361949&sprefix=traffic+light%2Caps%2C70&sr=8-6,https://m.media-amazon.com/images/I/71XjvLQc5EL._AC_UL320_.jpg
"ANKBOY Kids Bedrooms Remote Control Wall Light with Switch and U.S. Plug, Traffic Light Adjustable Light Color LED Wall Lamp Office Bar Fun Room Decor Lights Retro Industrial Traffic Lamp 5W x 3",$88.99,https://www.amazon.com/Bedrooms-Dimmable-Industrial-Blinking-Indicator/dp/B09DSTZFVP/ref=sr_1_7?crid=1ETD973V81N4Y&keywords=traffic+light&qid=1670361949&sprefix=traffic+light%2Caps%2C70&sr=8-7,https://m.media-amazon.com/images/I/617BGJMHvIL._AC_UL320_.jpg
Kiddie Play Traffic Light Toys for Kids with 5 Street Signs,$49.89,https://www.amazon.com/Kiddie-Play-Traffic-Light-Street/dp/B08L42YJ64/ref=sr_1_8?crid=1ETD973V81N4Y&keywords=traffic+light&qid=1670361949&sprefix=traffic+light%2Caps%2C70&sr=8-8,https://m.media-amazon.com/images/I/711YNw6+Z0L._AC_UL320_.jpg
"12.25"" Stop Light LAMP",$32.19,https://www.amazon.com/Rhode-Island-Novelty-ELSTOLI-12-25/dp/B003BWCR0K/ref=sr_1_9?crid=1ETD973V81N4Y&keywords=traffic+light&qid=1670361949&sprefix=traffic+light%2Caps%2C70&sr=8-9,https://m.media-amazon.com/images/I/61sU4aKnZfL._AC_UL320_.jpg
"NUOBESTY Kids Traffic Light Toy Traffic Signal Light Model Toys Early Education Playset for Kids Toddler, Pack of 2( Random Size)",$9.99,https://www.amazon.com/NUOBESTY-Traffic-Education-Playset-Toddler/dp/B08QMGLS57/ref=sr_1_10?crid=1ETD973V81N4Y&keywords=traffic+light&qid=1670361949&sprefix=traffic+light%2Caps%2C70&sr=8-10,https://m.media-amazon.com/images/I/51e4igiCMvL._AC_UL320_.jpg
"HOMIER Traffic Light Lamp Wall Decoration Retro Style Traffic Lamp Fun Room Decor Lights LED Wall Lamp for Kids Bedroom, Living Room, Bar, Pub, Club with Remote Control",$86.99,https://www.amazon.com/HOMIER-Traffic-Decoration-Bedroom-Control/dp/B09SG23BDS/ref=sr_1_11?crid=1ETD973V81N4Y&keywords=traffic+light&qid=1670361949&sprefix=traffic+light%2Caps%2C70&sr=8-11,https://m.media-amazon.com/images/I/61r0iQyH84L._AC_UL320_.jpg
Nikkycozie Traffic Flashing Light Wall Decor Distressed Metal Base Fun Room New,$89.99,https://www.amazon.com/Nikkycozie-Traffic-Flashing-Light-Distressed/dp/B0727NQ6ZD/ref=sr_1_12?crid=1ETD973V81N4Y&keywords=traffic+light&qid=1670361949&sprefix=traffic+light%2Caps%2C70&sr=8-12,https://m.media-amazon.com/images/I/41VX80CrJ9L._AC_UL320_.jpg
ARTFILIF Simulation Traffic Light Toys Traffic Signal Model Children Traffic Light Toys Children's Educational Toys (A),$45.98,https://www.amazon.com/ARTFILIF-Simulation-Children-Childrens-Educational/dp/B09N8XFRFB/ref=sr_1_13?crid=1ETD973V81N4Y&keywords=traffic+light&qid=1670361949&sprefix=traffic+light%2Caps%2C70&sr=8-13,https://m.media-amazon.com/images/I/51aX07+yZML._AC_UL320_.jpg
"Colaxi LED Traffic Light Toy, Safety Traffic Indicator, Simulation Stop Light Model, Montessori Sound Teaching Early Car Road Signs for Kids Education, 99cm",$24.89,https://www.amazon.com/Colaxi-Indicator-Simulation-Montessori-Education/dp/B0B7BW77ZB/ref=sr_1_14?crid=1ETD973V81N4Y&keywords=traffic+light&qid=1670361949&sprefix=traffic+light%2Caps%2C70&sr=8-14,https://m.media-amazon.com/images/I/41azyP9FbML._AC_UL320_.jpg
Rhode Island Novelty Eltrali 8 Inch Traffic Light Table Lamp,$18.36,https://www.amazon.com/Rhode-Island-Novelty-Eltrali-Traffic/dp/B0763JJ38W/ref=sr_1_15?crid=1ETD973V81N4Y&keywords=traffic+light&qid=1670361949&sprefix=traffic+light%2Caps%2C70&sr=8-15,https://m.media-amazon.com/images/I/81r8KBJJ+PL._AC_UL320_.jpg
"BBMi DC9-36V(4 inch) Traffic Light, Red Yellow Green Traffic Signal Light, PC Housing Stop and Go Light, Outdoor Waterproof IP65 Industrial LED Traffic Lamp Light .",$205.99,https://www.amazon.com/BBMi-DC9-36V-Traffic-Waterproof-Industrial/dp/B09FDMX4LV/ref=sr_1_16?crid=1ETD973V81N4Y&keywords=traffic+light&qid=1670361949&sprefix=traffic+light%2Caps%2C70&sr=8-16,https://m.media-amazon.com/images/I/61XCrJ9hpvL._AC_UL320_.jpg
"HOMIER Traffic Light Lamp Wall Decoration Retro Style Traffic Lamp Fun Room Decor Lights LED Wall Lamp for Kids Bedroom, Living Room, Bar, Pub, Club with Remote Control",$86.99,https://www.amazon.com/gp/slredirect/picassoRedirect.html/ref=pa_sp_mtf_aps_sr_pg1_1?ie=UTF8&adId=A0636381L0O4KRT21YJ9&qualifier=1670361950&id=3932926389468642&widgetName=sp_mtf&url=%2FHOMIER-Traffic-Decoration-Bedroom-Control%2Fdp%2FB09SG23BDS%2Fref%3Dsr_1_17_sspa%3Fcrid%3D1ETD973V81N4Y%26keywords%3Dtraffic%2Blight%26qid%3D1670361949%26sprefix%3Dtraffic%2Blight%252Caps%252C70%26sr%3D8-17-spons%26psc%3D1,https://m.media-amazon.com/images/I/61r0iQyH84L._AC_UL320_.jpg
Signaworks Wireless Red & Green 4 Inch Diameter Lens LED Stop Light with Keyfob for Social Distancing Restaurant Carryout or Retail - Traffic Light with Wireless Keyfob),$249.00,https://www.amazon.com/gp/slredirect/picassoRedirect.html/ref=pa_sp_mtf_aps_sr_pg1_1?ie=UTF8&adId=A0632116EFU9D1MJ8AZU&qualifier=1670361950&id=3932926389468642&widgetName=sp_mtf&url=%2FDiameter-Wireless-Switched-Restaurant-Distancing%2Fdp%2FB088KV1K1R%2Fref%3Dsr_1_18_sspa%3Fcrid%3D1ETD973V81N4Y%26keywords%3Dtraffic%2Blight%26qid%3D1670361949%26sprefix%3Dtraffic%2Blight%252Caps%252C70%26sr%3D8-18-spons%26psc%3D1%26smid%3DA1G1UOEZBWQW82,https://m.media-amazon.com/images/I/81X8XbvmGoL._AC_UL320_.jpg
"Kicko Halloween Traffic Light Lamp - Plug-in, Blinking Triple Sided Beside Lamp, 12.25 Inch - for Kids Bedrooms, Halloween Decorations, Parties, Celebrations, Props",$43.99,https://www.amazon.com/gp/slredirect/picassoRedirect.html/ref=pa_sp_mtf_aps_sr_pg1_1?ie=UTF8&adId=A06617002HUF81BJQBHEC&qualifier=1670361950&id=3932926389468642&widgetName=sp_mtf&url=%2FKicko-Traffic-Light-Lamp-Plug%2Fdp%2FB01CDLJ9WI%2Fref%3Dsr_1_19_sspa%3Fcrid%3D1ETD973V81N4Y%26keywords%3Dtraffic%2Blight%26qid%3D1670361949%26sprefix%3Dtraffic%2Blight%252Caps%252C70%26sr%3D8-19-spons%26psc%3D1,https://m.media-amazon.com/images/I/71XjvLQc5EL._AC_UL320_.jpg
"ASPL 29.5"" 54 LED Strobe Light Bar Double Side Flashing High Intensity Emergency Warning Flash Strobe Light with Magnetic Base for Safety Construction Vehicles Tow Trucks Pickup (Amber)",$89.99,https://www.amazon.com/gp/slredirect/picassoRedirect.html/ref=pa_sp_mtf_aps_sr_pg1_1?ie=UTF8&adId=A02358672OG0AOUGJZJV6&qualifier=1670361950&id=3932926389468642&widgetName=sp_mtf&url=%2FASPL-Flashing-Intensity-Emergency-Construction%2Fdp%2FB08HV21VX6%2Fref%3Dsr_1_20_sspa%3Fcrid%3D1ETD973V81N4Y%26keywords%3Dtraffic%2Blight%26qid%3D1670361949%26sprefix%3Dtraffic%2Blight%252Caps%252C70%26sr%3D8-20-spons%26psc%3D1,https://m.media-amazon.com/images/I/71B4UWGEtRL._AC_UL320_.jpg
"RoadHero 4 Pack Traffic Wand, 21Inch Led Traffic Control Baton, Safety Light Wands with 2 Flashing Modes, Air Marshaling Signal Wand with Side Clip for Airport, Parking, Car Directing",$27.90,https://www.amazon.com/RoadHero-Traffic-Flashing-Marshaling-Directing/dp/B0B2NW58VS/ref=sr_1_21?crid=1ETD973V81N4Y&keywords=traffic+light&qid=1670361949&sprefix=traffic+light%2Caps%2C70&sr=8-21,https://m.media-amazon.com/images/I/71rMTSOgehL._AC_UL320_.jpg
TOYANDONA Traffic Light Signs Toy Multicoloured Simulation Road Light Safety Traffic Maker Crosswalk Signal Model Toy for Kids Birthday Education Gifts,$12.59,https://www.amazon.com/TOYANDONA-Multicoloured-Simulation-Crosswalk-Education/dp/B08SM96CHK/ref=sr_1_22?crid=1ETD973V81N4Y&keywords=traffic+light&qid=1670361949&sprefix=traffic+light%2Caps%2C70&sr=8-22,https://m.media-amazon.com/images/I/61tXzfn13AL._AC_UL320_.jpg
Signaworks Wireless Red & Green 4 Inch Diameter Lens LED Stop Light with Keyfob for Social Distancing Restaurant Carryout or Retail - Traffic Light with Wireless Keyfob),$249.00,https://www.amazon.com/Diameter-Wireless-Switched-Restaurant-Distancing/dp/B088KV1K1R/ref=sr_1_23_mod_primary_new?crid=1ETD973V81N4Y&keywords=traffic+light&qid=1670361949&sbo=RZvfv%2F%2FHxDF%2BO5021pAnSA%3D%3D&sprefix=traffic+light%2Caps%2C70&sr=8-23,https://m.media-amazon.com/images/I/81X8XbvmGoL._AC_UL320_.jpg
"16 inch Traffic Wand Small Orange LED Safety Signal Wand Work Light Flashlight with Cone Flashing Modes,Wrist Strap Lanyard,Using 3 AAA Batteries(Not Included) A200 (2 Packs)",$19.99,https://www.amazon.com/Traffic-Flashlight-Flashing-Batteries-Included/dp/B07C2NWNTH/ref=sr_1_24?crid=1ETD973V81N4Y&keywords=traffic+light&qid=1670361949&sprefix=traffic+light%2Caps%2C70&sr=8-24,https://m.media-amazon.com/images/I/61dkfjAgZhL._AC_UL320_.jpg
"BBMi Remote Control Traffic Light, Red Yellow Green LED Wall Lamp, Aluminum Style Traffic Lamp, DC9-12V(with Plug).",$129.99,https://www.amazon.com/Remote-Control-Traffic-Aluminum-DC9-12V/dp/B0BG75QMPD/ref=sr_1_25?crid=1ETD973V81N4Y&keywords=traffic+light&qid=1670361949&sprefix=traffic+light%2Caps%2C70&sr=8-25,https://m.media-amazon.com/images/I/41J1dhm2rPL._AC_UL320_.jpg
Traffic Light Stress Toy,$11.99,https://www.amazon.com/Ariel-Premium-Supply-Inc-Traffic/dp/B005GWWWQ2/ref=sr_1_26?crid=1ETD973V81N4Y&keywords=traffic+light&qid=1670361949&sprefix=traffic+light%2Caps%2C70&sr=8-26,https://m.media-amazon.com/images/I/51G+X99sq8L._AC_UL320_.jpg
"NUOBESTY Traffic Light Toy, Toy Traffic Lights Model Traffic Lamps Kids Early Educational Playset, Pack of 10",$13.99,https://www.amazon.com/NUOBESTY-Traffic-Lights-Educational-Playset/dp/B09MB261ZX/ref=sr_1_27?crid=1ETD973V81N4Y&keywords=traffic+light&qid=1670361949&sprefix=traffic+light%2Caps%2C70&sr=8-27,https://m.media-amazon.com/images/I/61aiW6o+YVL._AC_UL320_.jpg
Traffic Light Season 1,$1.99,https://www.amazon.com/Pilot/dp/B004MXRUVI/ref=sr_1_28?crid=1ETD973V81N4Y&keywords=traffic+light&qid=1670361949&sprefix=traffic+light%2Caps%2C70&sr=8-28,https://m.media-amazon.com/images/I/81oTzGpb+bL._AC_UL320_.jpg
"Signaworks LED Traffic Stop Light 3 Light Red, Yellow, Green 8 Inch Diameter Lens, Industrial Loading Dock Bay Light, Indicator Light 85-265 VAC (Power Cord and Controls NOT Included)",$389.00,https://www.amazon.com/gp/slredirect/picassoRedirect.html/ref=pa_sp_mtf_aps_sr_pg1_1?ie=UTF8&adId=A096731117W961MA5PCN0&qualifier=1670361950&id=3932926389468642&widgetName=sp_mtf&url=%2FSignaworks-Traffic-Industrial-Loading-Indicator%2Fdp%2FB07NBVPQRW%2Fref%3Dsr_1_29_sspa%3Fcrid%3D1ETD973V81N4Y%26keywords%3Dtraffic%2Blight%26qid%3D1670361949%26sprefix%3Dtraffic%2Blight%252Caps%252C70%26sr%3D8-29-spons%26psc%3D1,https://m.media-amazon.com/images/I/61wEQKJ+0TL._AC_UL320_.jpg
"YIYIBYUS Vintage Style Traffic Light LED Wall Lighting Sconce with Remote Control,Country Style Nostalgic Creative Traffic Light Design Club Bar Atmosphere Lamp Light(with Plug)",$79.90,https://www.amazon.com/gp/slredirect/picassoRedirect.html/ref=pa_sp_mtf_aps_sr_pg1_1?ie=UTF8&adId=A09153971J2ZGLTIHDR86&qualifier=1670361950&id=3932926389468642&widgetName=sp_mtf&url=%2FYIYIBYUS-Lighting-Nostalgic-Creative-Atmosphere%2Fdp%2FB092ZPSFQ8%2Fref%3Dsr_1_30_sspa%3Fcrid%3D1ETD973V81N4Y%26keywords%3Dtraffic%2Blight%26qid%3D1670361949%26sprefix%3Dtraffic%2Blight%252Caps%252C70%26sr%3D8-30-spons%26psc%3D1%26smid%3DA3D33EIEJWJTX7,https://m.media-amazon.com/images/I/51sTZ8lYshL._AC_UL320_.jpg
"TOPKU LED lights Emergency Strobe Light Magnetic Flashing Warning,8 color Led Magnetic Warning Beacon, Truck Car Vehicle Emergency Hazard High Power Beacon Caution Warning…",$34.99,https://www.amazon.com/gp/slredirect/picassoRedirect.html/ref=pa_sp_mtf_aps_sr_pg1_1?ie=UTF8&adId=A00658341XU81CEAITDCW&qualifier=1670361950&id=3932926389468642&widgetName=sp_mtf&url=%2FFlypc-Wireless-Emergency-Magnetic-Flashing%2Fdp%2FB07JRHCCBH%2Fref%3Dsr_1_31_sspa%3Fcrid%3D1ETD973V81N4Y%26keywords%3Dtraffic%2Blight%26qid%3D1670361949%26sprefix%3Dtraffic%2Blight%252Caps%252C70%26sr%3D8-31-spons%26psc%3D1%26smid%3DA25KNGFHBLOMFX,https://m.media-amazon.com/images/I/71r-XXrumZL._AC_UL320_.jpg
"Flydem Traffic Light Toy, Traffic Signal Light Toy，Simulation Traffic Lights,Traffic Signal Light Model Toy, Child Educational Toy,Traffic Signal Light",$12.99,https://www.amazon.com/gp/slredirect/picassoRedirect.html/ref=pa_sp_mtf_aps_sr_pg1_1?ie=UTF8&adId=A01117921QUD0A746FX97&qualifier=1670361950&id=3932926389468642&widgetName=sp_mtf&url=%2FFlydem-Traffic-Signal-Toy%25EF%25BC%258CSimulation-Educational%2Fdp%2FB08RX53YZ4%2Fref%3Dsr_1_32_sspa%3Fcrid%3D1ETD973V81N4Y%26keywords%3Dtraffic%2Blight%26qid%3D1670361949%26sprefix%3Dtraffic%2Blight%252Caps%252C70%26sr%3D8-32-spons%26psc%3D1%26smid%3DA3GBMG65CAV6YJ,https://m.media-amazon.com/images/I/410YcRx6TsL._AC_UL320_.jpg
"Signaworks Traffic Stop Light LED 12 Inch 3 Light Red/Yellow/Green, and Industrial Loading Dock Bay Light, Indoor/Outdoor, 168 LEDs per Color, Plastic Housing",$359.00,https://www.amazon.com/Signaworks-Traffic-Industrial-Loading-Outdoor/dp/B07NBWW5TD/ref=sr_1_33?crid=1ETD973V81N4Y&keywords=traffic+light&qid=1670361949&sprefix=traffic+light%2Caps%2C70&sr=8-33,https://m.media-amazon.com/images/I/71Z-MqN28VL._AC_UL320_.jpg
"Signaworks LED Traffic Stop Light 3 Light Red, Yellow, Green 8 Inch Diameter Lens, Industrial Loading Dock Bay Light, Indicator Light 85-265 VAC (Power Cord and Controls NOT Included)",$259.00,https://www.amazon.com/Signaworks-Traffic-Industrial-Loading-Indicator/dp/B07NBVPQRW/ref=sr_1_34?crid=1ETD973V81N4Y&keywords=traffic+light&qid=1670361949&sprefix=traffic+light%2Caps%2C70&sr=8-34,https://m.media-amazon.com/images/I/61wEQKJ+0TL._AC_UL320_.jpg
NIUYAO Remote Control Traffic Light Wall Light Retro Industrial Wall Lamp with Remote Control 3 Light 19'' H 5W Energy-Saving LED Wall Lamp in Black Finish Bulb Included (3 Light 19'' H) 424383,$99.88,https://www.amazon.com/NIUYAO-Control-Industrial-Energy-Saving-Included/dp/B07P6PV4W8/ref=sr_1_35?crid=1ETD973V81N4Y&keywords=traffic+light&qid=1670361949&sprefix=traffic+light%2Caps%2C70&sr=8-35,https://m.media-amazon.com/images/I/514WWjFpv1L._AC_UL320_.jpg
ASPL 2x16.8 inch Emergency Flashing LED Traffic Advisor Strobe Light Bar 32LED 26 Flash Patterns Interior Safety Warning Lights (Amber/White),$48.99,https://www.amazon.com/ASPL-2x16-8-inch-Light-Bar/dp/B08CMMPTGT/ref=sr_1_36?crid=1ETD973V81N4Y&keywords=traffic+light&qid=1670361949&sprefix=traffic+light%2Caps%2C70&sr=8-36,https://m.media-amazon.com/images/I/71l5Vs2wf4L._AC_UL320_.jpg
"YIYIBYUS Vintage Style Traffic Light LED Wall Lighting Sconce with Remote Control,Country Style Nostalgic Creative Traffic Light Design Club Bar Atmosphere Lamp Light(with Plug)",$79.90,https://www.amazon.com/YIYIBYUS-Lighting-Nostalgic-Creative-Atmosphere/dp/B092ZPSFQ8/ref=sr_1_37?crid=1ETD973V81N4Y&keywords=traffic+light&qid=1670361949&sprefix=traffic+light%2Caps%2C70&sr=8-37,https://m.media-amazon.com/images/I/51sTZ8lYshL._AC_UL320_.jpg
"Roadsafe Traffic Systems Y2K LED Barricade Warning Light, High Performance, Heavy Duty",$37.99,https://www.amazon.com/Roadsafe-Traffic-Systems-Barricade-Performance/dp/B07ZRX1YJX/ref=sr_1_38?crid=1ETD973V81N4Y&keywords=traffic+light&qid=1670361949&sprefix=traffic+light%2Caps%2C70&sr=8-38,https://m.media-amazon.com/images/I/81j+s2GFSAL._AC_UL320_.jpg
"ArtCreativity Traffic Light Table Lamp for Kids, 1 PC, Bedside Lamp with Color Changing LEDs, Cool Nightlight for Girls and Boys, Decorative Lamp for Living Room, Bedroom, or Playroom, 10.25 Inches",$24.97,https://www.amazon.com/ArtCreativity-Changing-Nightlight-Decorative-Playroom/dp/B095X9TZTT/ref=sr_1_39?crid=1ETD973V81N4Y&keywords=traffic+light&qid=1670361949&sprefix=traffic+light%2Caps%2C70&sr=8-39,https://m.media-amazon.com/images/I/51RurwIcUtS._AC_UL320_.jpg
"ARTFILIF Children Traffic Light Kids Traffic Lamp Toy Stoplight Traffic & Crosswalk Signal with Light & Sound - 4 Sided, Over 2 Feet Tall (A)",$45.98,https://www.amazon.com/ARTFILIF-Children-Traffic-Stoplight-Crosswalk/dp/B09MBXPV28/ref=sr_1_40?crid=1ETD973V81N4Y&keywords=traffic+light&qid=1670361949&sprefix=traffic+light%2Caps%2C70&sr=8-40,https://m.media-amazon.com/images/I/71tbnM0fQqL._AC_UL320_.jpg
Novelty Place LED Puck Light with Remote Control - Under Cabinet Lighting - Battery Operated Dimmable Tap Lights -12 Color Changing Adhesive Sticky Night Light with Timer (3 Pack),$11.95,https://www.amazon.com/Novelty-Place-Lights-Remote-Control/dp/B08FHQJPWY/ref=sr_1_41?crid=1ETD973V81N4Y&keywords=traffic+light&qid=1670361949&sprefix=traffic+light%2Caps%2C70&sr=8-41,https://m.media-amazon.com/images/I/61IPMMvFGXL._AC_UL320_.jpg
"Traffic Light Controller Sequencer 85VAC-265VAC, Create Your Own Sequence, Millions of Possible Combinations, Simple to Setup, Includes 37 Presets Traffic and Chaser Patterns - Made in The USA",$24.99,https://www.amazon.com/Galak-Electronics-Traffic-Controller-Sequencer/dp/B00LM5RM6M/ref=sr_1_42?crid=1ETD973V81N4Y&keywords=traffic+light&qid=1670361949&sprefix=traffic+light%2Caps%2C70&sr=8-42,https://m.media-amazon.com/images/I/71h5eJQasRL._AC_UL320_.jpg
ENDMAN Traffic Light Controller Sequencer with 39+ Sequences 3 Channel 80VAC-260VAC Complete Accessories LED Display,$21.01,https://www.amazon.com/ENDMAN-Controller-Sequencer-80VAC-260VAC-Accessories/dp/B09VLJ5779/ref=sr_1_43?crid=1ETD973V81N4Y&keywords=traffic+light&qid=1670361949&sprefix=traffic+light%2Caps%2C70&sr=8-43,https://m.media-amazon.com/images/I/81sa4e0v9HL._AC_UL320_.jpg
"Cadrim Puck Lights, LED Color Changing Puck Lightings and Dimmable Under Cabinet Lights Battery Powered Under Counter Lights with Wireless Remote Controls for Kitchen(1 Pack)",$9.99,https://www.amazon.com/Cadrim-Changing-Lightings-Dimmable-Wireless/dp/B093BDTJVD/ref=sr_1_44?crid=1ETD973V81N4Y&keywords=traffic+light&qid=1670361949&sprefix=traffic+light%2Caps%2C70&sr=8-44,https://m.media-amazon.com/images/I/61Y1+i44LiL._AC_UL320_.jpg
"Miniature Traffic Light Model Railroad Train Signals Traffic Signal 3-Lights Block Signal 3V Green-Yellow-Red Traffic Lights for Train Layout, Pack of 4 (Set C)",$10.99,https://www.amazon.com/Miniature-Traffic-Railroad-3-Lights-Green-Yellow-Red/dp/B09VT1JKG8/ref=sr_1_45?crid=1ETD973V81N4Y&keywords=traffic+light&qid=1670361949&sprefix=traffic+light%2Caps%2C70&sr=8-45,https://m.media-amazon.com/images/I/41-5PLSGLZL._AC_UL320_.jpg
Partsam 2 in 1 Red Blue LED Dash Emergency Strobe Lights 2x7.2 Inch 16LED Interior Front/Rear Windshield Police Traffic Light Bar Flashing Warning Cop Lights w/Suction Cups For Vehicles(Red/Blue),$35.99,https://www.amazon.com/Partsam-Emergency-Strobe-Lights-Windshield/dp/B0BFLFDXSQ/ref=sr_1_47?crid=1ETD973V81N4Y&keywords=traffic+light&qid=1670361949&sprefix=traffic+light%2Caps%2C70&sr=8-47,https://m.media-amazon.com/images/I/71sDR8epddL._AC_UL320_.jpg
Traffic Light Controller 37+ Modes Sequencer Board 3 Channel AC Voltage 100-240VAC 50HZ 60HZ RED Green Yellow RYG AC Light Control NO Coding Required Has Display for Easy Programming,$39.99,https://www.amazon.com/Traffic-Light-Controller-Sequencer-100-240VAC/dp/B083PPD44L/ref=sr_1_48?crid=1ETD973V81N4Y&keywords=traffic+light&qid=1670361949&sprefix=traffic+light%2Caps%2C70&sr=8-48,https://m.media-amazon.com/images/I/81f-ViyBk2L._AC_UL320_.jpg
6 Pcs Collapsible Traffic Safety Cone with LED Light 28 Inch Orange Parking Cone with Warning Light Construction Cone Barrier Cone with Reflective Collars for Parking Driving Training Road Barrier,$69.99,https://www.amazon.com/Collapsible-Traffic-Construction-Reflective-Training/dp/B0BFW7NZQ1/ref=sr_1_49?crid=1ETD973V81N4Y&keywords=traffic+light&qid=1670361949&sprefix=traffic+light%2Caps%2C70&sr=8-49,https://m.media-amazon.com/images/I/61-DLHMs6EL._AC_UL320_.jpg
"UltraFire 2pc 11-Inch Signal Traffic Wand Safty LED Flashlight 250 Lumen, Red Flashing Mode, Wrist Strap Lanyard, Side Clip, Orange Finish for Kids Outdoor Camping",$19.99,https://www.amazon.com/UltraFire-11-Inch-Traffic-Flashlight-Flashing/dp/B01MDUCO6H/ref=sr_1_50?crid=1ETD973V81N4Y&keywords=traffic+light&qid=1670361949&sprefix=traffic+light%2Caps%2C70&sr=8-50,https://m.media-amazon.com/images/I/61YwJseNC3L._AC_UL320_.jpg
XRIDONSEN 35 inch Traffic Advisor Light Bar 144 LED Amber White Emergency Warning Flashing Safety Interior Windshield strobe lights w/ Directional Arrow for Construction Vehicles Snow plow Trucks,$66.99,https://www.amazon.com/XRIDONSEN-Emergency-Windshield-Directional-Construction/dp/B0BBLPNNV3/ref=sr_1_51?crid=1ETD973V81N4Y&keywords=traffic+light&qid=1670361949&sprefix=traffic+light%2Caps%2C70&sr=8-51,https://m.media-amazon.com/images/I/71ZIf-OtTJL._AC_UL320_.jpg
Brick Loot LED Stop Light - Traffic Light - Compatible with Lego (Made with Original and Brick Loot Parts),$17.88,https://www.amazon.com/Brick-Loot-Light-Street-Lamp/dp/B01LDI9HJM/ref=sr_1_52?crid=1ETD973V81N4Y&keywords=traffic+light&qid=1670361949&sprefix=traffic+light%2Caps%2C70&sr=8-52,https://m.media-amazon.com/images/I/41wq-JPwMsL._AC_UL320_.jpg
"GIFTEXPRESS Stop and Go Traffic Light Sign - Light Up Handheld Fun Learning and Playing Stop and Go Sign. Great for Kid’s Construction Birthday Themed Parties and Decorations, Perfect for Daycare, Pre",$9.99,https://www.amazon.com/GIFTEXPRESS-Stop-Traffic-Light-Sign/dp/B07LC2HPBN/ref=sr_1_53?crid=1ETD973V81N4Y&keywords=traffic+light&qid=1670361949&sprefix=traffic+light%2Caps%2C70&sr=8-53,https://m.media-amazon.com/images/I/61tbJRkyGWL._AC_UL320_.jpg
"BBMi Remote Control Traffic Light, Red Green LED Wall Lamp, DC9-12V Traffic Lamp, (with Plug).",$99.99,https://www.amazon.com/Remote-Control-Traffic-Light-DC9-12V/dp/B0BG78PBJS/ref=sr_1_54?crid=1ETD973V81N4Y&keywords=traffic+light&qid=1670361949&sprefix=traffic+light%2Caps%2C70&sr=8-54,https://m.media-amazon.com/images/I/41pKDMI5irL._AC_UL320_.jpg
"BBMi 100mm(4inch) Traffic Light, DC9-36V Red/Green Stop and Go Light, Traffic Signal Light, PC Housing Waterproof IP65 Industrial LED Traffic Stop Light , Cobweb Lens Indicator Warning Light .",$155.99,https://www.amazon.com/Traffic-DC9-30V-Waterproof-Industrial-Indicator/dp/B0875WTY7T/ref=sr_1_55?crid=1ETD973V81N4Y&keywords=traffic+light&qid=1670361949&sprefix=traffic+light%2Caps%2C70&sr=8-55,https://m.media-amazon.com/images/I/61ayAri9auL._AC_UL320_.jpg
"2 Pieces 21 inch Traffic Wand Safety Light Wands | High Visibility, Durable, Portable | Flagging Baton with 2 Flashing Modes for Parking, Aircraft, Night Traffic Directing",$17.99,https://www.amazon.com/Eriding-Multifunction-Flashing-batteries-included/dp/B07ZYX4F3K/ref=sr_1_56?crid=1ETD973V81N4Y&keywords=traffic+light&qid=1670361949&sprefix=traffic+light%2Caps%2C70&sr=8-56,https://m.media-amazon.com/images/I/61QIU74X2UL._AC_UL320_.jpg
"BeeZee Kids Stoplight Golight Traffic Light for Kids - Visual Timer with Audio Cues - Stop Light Ready to Wake - Sleep Training for Kids, Teacher Stop Light - App Included",$34.99,https://www.amazon.com/BeeZee-Kids-Stoplight-Golight-Traffic/dp/B00CB9G7ZU/ref=sr_1_57?crid=1ETD973V81N4Y&keywords=traffic+light&qid=1670361949&sprefix=traffic+light%2Caps%2C70&sr=8-57,https://m.media-amazon.com/images/I/71dh2c6mopL._AC_UL320_.jpg
"Cordless Light Filtering Mini Blind - 24 Inch Length, 64 Inch Height, 1"" Slat Size - Black - Cordless GII Morningstar Horizontal Windows Blinds for Interior by Achim Home Decor",$15.75,https://www.amazon.com/Cordless-Light-Filtering-Mini-Window-Blind/dp/B07JP22KF3/ref=sr_1_58?crid=1ETD973V81N4Y&keywords=traffic+light&qid=1670361949&sprefix=traffic+light%2Caps%2C70&sr=8-58,https://m.media-amazon.com/images/I/71vbaihHjvL._AC_UL320_.jpg
Aolyty Solar Strobe Warning Light LED Warning Lamp 4-Pack Super Bright IP54 Waterproof Light Control Flashing Beacon Barricade Construction Safety Road Signs Flash Traffic Lights (Yellow),$27.99,https://www.amazon.com/Aolyty-Waterproof-Flashing-Barricade-Construction/dp/B09X53NWM7/ref=sr_1_59?crid=1ETD973V81N4Y&keywords=traffic+light&qid=1670361949&sprefix=traffic+light%2Caps%2C70&sr=8-59,https://m.media-amazon.com/images/I/61g9ApuRRaL._AC_UL320_.jpg
Kisangel 2pcs Traffic Signals Lamp Toy Traffic Lights with Sound Light Early Education Toy for Kindergarten Kids Toddler Baby Kids Christmas Party Favor(Random Color and Size),$16.99,https://www.amazon.com/Kisangel-Traffic-Education-Kindergarten-Christmas/dp/B08NYLQ77J/ref=sr_1_60?crid=1ETD973V81N4Y&keywords=traffic+light&qid=1670361949&sprefix=traffic+light%2Caps%2C70&sr=8-60,https://m.media-amazon.com/images/I/51+yo2DPKAL._AC_UL320_.jpg
