item_name,price,link_to_item,link_to_item_image
"Amazon Basics Stainless Steel Dinner Spoons with Round Edge, Pack of 12",$10.79,https://www.amazon.com/gp/slredirect/picassoRedirect.html/ref=pa_sp_atf_aps_sr_pg1_1?ie=UTF8&adId=A04169152FKJHEB7NZUWO&qualifier=1670362031&id=8223211321322791&widgetName=sp_atf&url=%2FAmazonBasics-Stainless-Steel-Dinner-Spoons%2Fdp%2FB0736THH7G%2Fref%3Dsr_1_1_sspa%3Fcrid%3D1ETD973V81N4Y%26keywords%3Dspoon%26qid%3D1670362031%26sprefix%3Dspoon%252Caps%252C70%26sr%3D8-1-spons%26psc%3D1,https://m.media-amazon.com/images/I/61Y-85Ei4-L._AC_UL320_.jpg
100% Compostable Spoons - 140 Large Disposable Utensils (6.5 in.) Eco Friendly Durable and Heat Resistant Alternative to Plastic Spoons with Convenient Tray by Ecovita,$26.05,https://www.amazon.com/gp/slredirect/picassoRedirect.html/ref=pa_sp_atf_aps_sr_pg1_1?ie=UTF8&adId=A07544681R6K3TLSGEDXZ&qualifier=1670362031&id=8223211321322791&widgetName=sp_atf&url=%2F100-Compostable-Spoons-Disposable-Alternative%2Fdp%2FB075CYPG1T%2Fref%3Dsr_1_2_sspa%3Fcrid%3D1ETD973V81N4Y%26keywords%3Dspoon%26qid%3D1670362031%26sprefix%3Dspoon%252Caps%252C70%26sr%3D8-2-spons%26psc%3D1,https://m.media-amazon.com/images/I/71qGrkhFn5L._AC_UL320_.jpg
Plasticpro Cutlery Plastic Teaspoons Medium Weight Disposable Silverware White (1000 Count),$19.99,https://www.amazon.com/gp/slredirect/picassoRedirect.html/ref=pa_sp_atf_aps_sr_pg1_1?ie=UTF8&adId=A0883805TR1HRAEPRS0E&qualifier=1670362031&id=8223211321322791&widgetName=sp_atf&url=%2FPlasticpro-Cutlery-Teaspoons-Disposable-Silverware%2Fdp%2FB07KF51S8V%2Fref%3Dsr_1_3_sspa%3Fcrid%3D1ETD973V81N4Y%26keywords%3Dspoon%26qid%3D1670362031%26sprefix%3Dspoon%252Caps%252C70%26sr%3D8-3-spons%26psc%3D1%26smid%3DA2XLYFTR3D5480,https://m.media-amazon.com/images/I/71VFX1epz-L._AC_UL320_.jpg
300 Clear Plastic Spoons | Heavy Duty Plastic Silverware | Disposable Spoons | Fancy Plastic Cutlery | Clear Plastic Silverware Bulk | Nice Disposable Flatware,$24.99,https://www.amazon.com/gp/slredirect/picassoRedirect.html/ref=pa_sp_atf_aps_sr_pg1_1?ie=UTF8&adId=A02423681PR2EFDN098SY&qualifier=1670362031&id=8223211321322791&widgetName=sp_atf&url=%2FPlastic-Silverware-Disposable-Flatware-Utensils%2Fdp%2FB07X4ZHMG6%2Fref%3Dsr_1_4_sspa%3Fcrid%3D1ETD973V81N4Y%26keywords%3Dspoon%26qid%3D1670362031%26sprefix%3Dspoon%252Caps%252C70%26sr%3D8-4-spons%26psc%3D1,https://m.media-amazon.com/images/I/51O7cgHkVkL._AC_UL320_.jpg
"Spoons, 8 Pieces Stainless Steel Korean Spoons,8.5 Inch Soup Spoons, Korean Spoon with Long Handles, Rice Spoon, Asian Soup Spoon for Home, Kitchen, or Restaurant",$11.99,https://www.amazon.com/Spoons-pieces-Stainless-Kitchen-Restaurant/dp/B07ZRJX46K/ref=sr_1_5?crid=1ETD973V81N4Y&keywords=spoon&qid=1670362031&sprefix=spoon%2Caps%2C70&sr=8-5,https://m.media-amazon.com/images/I/61-9Jy27B+L._AC_UL320_.jpg
"Amazon Basics Stainless Steel Dinner Spoons with Round Edge, Pack of 12",$10.79,https://www.amazon.com/AmazonBasics-Stainless-Steel-Dinner-Spoons/dp/B0736THH7G/ref=sr_1_6?crid=1ETD973V81N4Y&keywords=spoon&qid=1670362031&sprefix=spoon%2Caps%2C70&sr=8-6,https://m.media-amazon.com/images/I/61Y-85Ei4-L._AC_UL320_.jpg
"Hiware 12-Piece Dinner Spoons Set, Food Grade Stainless Steel Spoons Silverware for Home, Kitchen or Restaurant - Mirror Polished, Dishwasher Safe, 7.3 Inch",$11.99,https://www.amazon.com/Hiware-12-piece-Extra-Fine-Stainless-Restaurant/dp/B01KEV935W/ref=sr_1_7?crid=1ETD973V81N4Y&keywords=spoon&qid=1670362031&sprefix=spoon%2Caps%2C70&sr=8-7,https://m.media-amazon.com/images/I/51aAu04384L._AC_UL320_.jpg
"Hampton Forge Ginger 4 Pc Dinner Spoons, 0.35 LB, Metallic",$2.79,https://www.amazon.com/Hampton-Forge-Ginger-Dinner-Metallic/dp/B09RQ1X9W9/ref=sr_1_8?crid=1ETD973V81N4Y&keywords=spoon&qid=1670362031&sprefix=spoon%2Caps%2C70&sr=8-8,https://m.media-amazon.com/images/I/81dDY4M-5uL._AC_UL320_.jpg
"HIWARE Thick Heavy-weight Soup Spoons, High Grade Stainless Steel Soup Spoons, Table Spoons, Set of 6",$8.99,https://www.amazon.com/Hiware-Thick-Heavy-weight-Spoons-Stainless/dp/B01FFBAYDG/ref=sr_1_9?crid=1ETD973V81N4Y&keywords=spoon&qid=1670362031&sprefix=spoon%2Caps%2C70&sr=8-9,https://m.media-amazon.com/images/I/61dZ2MnGJwS._AC_UL320_.jpg
"DecorRack Dinner Spoons, Stainless Steel Table Spoons, Flatware (Set of 12)",$7.99,https://www.amazon.com/DecorRack-Dinner-Spoons-Stainless-Flatware/dp/B072KHHQ8K/ref=sr_1_10?crid=1ETD973V81N4Y&keywords=spoon&qid=1670362031&sprefix=spoon%2Caps%2C70&sr=8-10,https://m.media-amazon.com/images/I/71YoyRkR9SL._AC_UL320_.jpg
"HANSGO Dinner Spoon Set of 6, Large Teaspoons 6.7 inches Stainless Steel Metal Spoons Dessert Spoons Use for Home, Kitchen or Restaurant",$7.99,https://www.amazon.com/HANSGO-Stainless-Spoons-Tablespoons-7-Inches/dp/B07YBVVYV3/ref=sr_1_11?crid=1ETD973V81N4Y&keywords=spoon&qid=1670362031&sprefix=spoon%2Caps%2C70&sr=8-11,https://m.media-amazon.com/images/I/61596ki4QiL._AC_UL320_.jpg
"HIWARE 12-Piece Good Stainless Steel Teaspoons, Spoons Silverware Set, Dishwasher Safe - 6.7 Inches",$11.99,https://www.amazon.com/HIWARE-Stainless-Teaspoons-Silverware-Dishwasher/dp/B01D9OS5KA/ref=sr_1_12?crid=1ETD973V81N4Y&keywords=spoon&qid=1670362031&sprefix=spoon%2Caps%2C70&sr=8-12,https://m.media-amazon.com/images/I/61uiNIXBq7L._AC_UL320_.jpg
"Gold Coffee Spoons Set of 6, Kyraton Stainless Steel 5.1"" Titainium Plating Demitasse Spoons, Tiny Espresso Spoons, Small Mini Coffee Spoons, Dishwasher Safe",$8.99,https://www.amazon.com/gp/slredirect/picassoRedirect.html/ref=pa_sp_mtf_aps_sr_pg1_1?ie=UTF8&adId=A0002363102IN5NRE5PKW&qualifier=1670362031&id=8223211321322791&widgetName=sp_mtf&url=%2FKyraton-Stainless-Titainium-Demitasse-Dishwasher%2Fdp%2FB08Y88CYX1%2Fref%3Dsr_1_13_sspa%3Fcrid%3D1ETD973V81N4Y%26keywords%3Dspoon%26qid%3D1670362031%26sprefix%3Dspoon%252Caps%252C70%26sr%3D8-13-spons%26psc%3D1,https://m.media-amazon.com/images/I/61q1OB4eQVS._AC_UL320_.jpg
"24 -Pieces Dinner Spoons, Pleafind 8 inch Spoons Silverware, Stainless Steel Spoons Set, Silver Spoons, Silverware Spoons Use for Home, Kitchen, Restaurant,Dishwasher Safe, Mirror Polished",$15.99,https://www.amazon.com/gp/slredirect/picassoRedirect.html/ref=pa_sp_mtf_aps_sr_pg1_1?ie=UTF8&adId=A029037937E2HN9NOJ2E1&qualifier=1670362031&id=8223211321322791&widgetName=sp_mtf&url=%2FPleafind-Silverware-Stainless-Restaurant-Dishwasher%2Fdp%2FB09TX8353S%2Fref%3Dsr_1_14_sspa%3Fcrid%3D1ETD973V81N4Y%26keywords%3Dspoon%26qid%3D1670362031%26sprefix%3Dspoon%252Caps%252C70%26sr%3D8-14-spons%26psc%3D1,https://m.media-amazon.com/images/I/71VckiWjg1L._AC_UL320_.jpg
"Wooden Spoons, 6 Pieces 9 Inch Wood Soup Spoons for Eating Mixing Stirring, Long Handle Spoon with Japanese Style Kitchen Utensil, ADLORYEA Eco Friendly Table Spoon",$10.98,https://www.amazon.com/Stirring-Cooking-Japanese-ADLORYEA-friendly/dp/B07CXNKTD4/ref=sr_1_15?crid=1ETD973V81N4Y&keywords=spoon&qid=1670362031&sprefix=spoon%2Caps%2C70&sr=8-15,https://m.media-amazon.com/images/I/613pI+JIN8L._AC_UL320_.jpg
"POSATE Heavyweight Plastic Spoons, Clear, 100 Count",$13.80,https://www.amazon.com/Heavyweight-Plastic-Spoons-Clear-Count/dp/B085SWM4D7/ref=sr_1_16?crid=1ETD973V81N4Y&keywords=spoon&qid=1670362031&sprefix=spoon%2Caps%2C70&sr=8-16,https://m.media-amazon.com/images/I/612qazCBzkL._AC_UL320_.jpg
"4 PCS 6.7 Inches Coffee Spoons, Stirring Spoons, Tea Spoons Long Handle, Gold Teaspoons, Gold Spoons, Ice Tea Spoons, Long Spoons for Stirring, Gold Espresso Spoons Stainless Steel",$7.98,https://www.amazon.com/Inches-Stirring-Teaspoons-Espresso-Stainless/dp/B091CHRKVH/ref=sr_1_17?crid=1ETD973V81N4Y&keywords=spoon&qid=1670362031&sprefix=spoon%2Caps%2C70&sr=8-17,https://m.media-amazon.com/images/I/51Ev1-Oe6cS._AC_UL320_.jpg
"AXIAOLU Thick Heavy-weight Soup Spoons, Stainless Steel Table Spoon,High Quality Soup Spoonsfor Cereal Ramen Soup Dips Curry Sauces Stews, Set of 2 (2Pcs-silver)",$3.99,https://www.amazon.com/AXIAOLU-Heavy-weight-Stainless-Spoonsfor-2Pcs-silver/dp/B09XB6KW8P/ref=sr_1_18?crid=1ETD973V81N4Y&keywords=spoon&qid=1670362031&sprefix=spoon%2Caps%2C70&sr=8-18,https://m.media-amazon.com/images/I/411zHngbBKL._AC_UL320_.jpg
"6 Piece Spoons Set, 18/10 Stainless Steel Korean Spoons Silverware, Long Handle Spoons Use for Iced Tea, Ice Cream, Dessert, Rice, Colorful Soup Spoons for Stirring, Dishwasher Safe, 8.07 inch",$12.99,https://www.amazon.com/Stainless-Silverware-Colorful-Stirring-Dishwasher/dp/B0BFDP4B5M/ref=sr_1_19?crid=1ETD973V81N4Y&keywords=spoon&qid=1670362031&sprefix=spoon%2Caps%2C70&sr=8-19,https://m.media-amazon.com/images/I/61XgyXyDWsL._AC_UL320_.jpg
8-Piece Soup Bouillon Cereal Spoon: TUPMFG Stainless Steel Silverware Dinner Bouillon Round Spoon Mixed Color,$15.55,https://www.amazon.com/8-Piece-Soup-Bouillon-Cereal-Spoon/dp/B09JLHYBD8/ref=sr_1_20?crid=1ETD973V81N4Y&keywords=spoon&qid=1670362031&sprefix=spoon%2Caps%2C70&sr=8-20,https://m.media-amazon.com/images/I/61J-j9AH6DL._AC_UL320_.jpg
"KEAWELL Sunflower Soup Spoon, Set of 4, 18/10 Stainless Steel, Silver Visions Bouillon Spoon, Dishwasher Safe, Fine Mirror Polished…",$14.99,https://www.amazon.com/KEAWELL-Sunflower-Stainless-Silver-Dishwasher/dp/B09KZXNLLK/ref=sr_1_21?crid=1ETD973V81N4Y&keywords=spoon&qid=1670362031&sprefix=spoon%2Caps%2C70&sr=8-21,https://m.media-amazon.com/images/I/71n8myPEl4L._AC_UL320_.jpg
"36 Pieces Dinner Spoons Set (8 inch), Pleafind Spoons Silverware, Stainless Steel Spoon, Silver Spoons, Mirror Polished Tablespoon, Silverware Spoons for Home, Kitchen, Restaurant, Dishwasher Safe",$22.99,https://www.amazon.com/gp/slredirect/picassoRedirect.html/ref=pa_sp_mtf_aps_sr_pg1_1?ie=UTF8&adId=A03354902WF7J7VNCVVWX&qualifier=1670362031&id=8223211321322791&widgetName=sp_mtf&url=%2FPleafind-Silverware-Tablespoon-Restaurant-Dishwasher%2Fdp%2FB0B456SXZK%2Fref%3Dsr_1_23_sspa%3Fcrid%3D1ETD973V81N4Y%26keywords%3Dspoon%26qid%3D1670362031%26sprefix%3Dspoon%252Caps%252C70%26sr%3D8-23-spons%26psc%3D1,https://m.media-amazon.com/images/I/71JlkUmN+QL._AC_UL320_.jpg
"16 Pcs Dinner Spoons,7.3"" Spoons Silverware,1.5"" Wide Tablespoons,Food Grade Stainless Steel Spoons Set for Eating Soup,Cereal - Mirror Polished Dishwasher Safe,Metal Spoons for Everyday Use",$12.99,https://www.amazon.com/gp/slredirect/picassoRedirect.html/ref=pa_sp_mtf_aps_sr_pg1_1?ie=UTF8&adId=A080493119QQ2BCDC7O7S&qualifier=1670362031&id=8223211321322791&widgetName=sp_mtf&url=%2FDinner-Spoons-Silverware-Tablespoons-Stainless%2Fdp%2FB09NH2C6CD%2Fref%3Dsr_1_24_sspa%3Fcrid%3D1ETD973V81N4Y%26keywords%3Dspoon%26qid%3D1670362031%26sprefix%3Dspoon%252Caps%252C70%26sr%3D8-24-spons%26psc%3D1,https://m.media-amazon.com/images/I/41juvdh36iL._AC_UL320_.jpg
"MAGWARE Magnetic Camping Utensil Set - Metal Travel Silverware Set with Case, Portable Silverware and Kids Lunch Box Utensils Set, Outdoor Backpacking Cutlery Set, Reusable Knife, Fork & Spoon (3 PCS)",$34.99,https://www.amazon.com/gp/slredirect/picassoRedirect.html/ref=pa_sp_mtf_aps_sr_pg1_1?ie=UTF8&adId=A06224821JHRREEG017P7&qualifier=1670362031&id=8223211321322791&widgetName=sp_mtf&url=%2FMAGWARE-Magnetic-Camping-Utensils-Set%2Fdp%2FB09GT6MNY7%2Fref%3Dsr_1_25_sspa%3Fcrid%3D1ETD973V81N4Y%26keywords%3Dspoon%26qid%3D1670362031%26sprefix%3Dspoon%252Caps%252C70%26sr%3D8-25-spons%26psc%3D1,https://m.media-amazon.com/images/I/71Nu27O37gL._AC_UL320_.jpg
"PAMI Medium-Weight Disposable Plastic Teaspoons [400-Pack] - Bulk White Plastic Silverware For Parties, Weddings, Catering Food Stands, Takeaway Orders & More- Sturdy Single-Use Partyware Spoons",$11.99,https://www.amazon.com/gp/slredirect/picassoRedirect.html/ref=pa_sp_mtf_aps_sr_pg1_1?ie=UTF8&adId=A08624651UXZDUBICYFM8&qualifier=1670362031&id=8223211321322791&widgetName=sp_mtf&url=%2FPAMI-Medium-Weight-Disposable-Teaspoons-400-Pack%2Fdp%2FB0B786W7MR%2Fref%3Dsr_1_26_sspa%3Fcrid%3D1ETD973V81N4Y%26keywords%3Dspoon%26qid%3D1670362031%26sprefix%3Dspoon%252Caps%252C70%26sr%3D8-26-spons%26psc%3D1,https://m.media-amazon.com/images/I/71zpNsBolQL._AC_UL320_.jpg
"Soup Spoons, AmoVee Wholesale Stainless Steel Alpha Round Spoons, Set of 8",$10.99,https://www.amazon.com/AmoVee-Spoons-Wholesale-Stainless-Steel/dp/B00G0JRS1O/ref=sr_1_27?crid=1ETD973V81N4Y&keywords=spoon&qid=1670362031&sprefix=spoon%2Caps%2C70&sr=8-27,https://m.media-amazon.com/images/I/61c4VMZ3R5L._AC_UL320_.jpg
"Long Handle Spoons,7.6-inch Ice Tea Spoon, Coffee Stirrers,Ice Cream Spoon, AXIAOLU Premium Stainless Steel Coffee Spoons, Cocktail Stirring Spoons, Set of 4（Silver）",$4.99,https://www.amazon.com/7-6-inch-Stirrers-AXIAOLU-Stainless-4%EF%BC%88Silver%EF%BC%89/dp/B0BC1SXKN2/ref=sr_1_28?crid=1ETD973V81N4Y&keywords=spoon&qid=1670362031&sprefix=spoon%2Caps%2C70&sr=8-28,https://m.media-amazon.com/images/I/41O9+KiaWKL._AC_UL320_.jpg
"16 Pcs Dinner Spoons,7.3"" Spoons Silverware,1.5"" Wide Tablespoons,Food Grade Stainless Steel Spoons Set for Eating Soup,Cereal - Mirror Polished Dishwasher Safe,Metal Spoons for Everyday Use",$12.99,https://www.amazon.com/Dinner-Spoons-Silverware-Tablespoons-Stainless/dp/B09NH2C6CD/ref=sr_1_29?crid=1ETD973V81N4Y&keywords=spoon&qid=1670362031&sprefix=spoon%2Caps%2C70&sr=8-29,https://m.media-amazon.com/images/I/41juvdh36iL._AC_UL320_.jpg
"12 Inches Bar Spoon Stainless Steel Mixing Spoon Spiral Pattern Bar Spoon Cocktail Mixing Spoon Cocktail Stirrers Spoons with Long Handle for Layering, Blending, Stirring (Set of 2)",$4.99,https://www.amazon.com/Stainless-Cocktail-Stirrers-Layering-Blending/dp/B0B41DLZ3Z/ref=sr_1_30?crid=1ETD973V81N4Y&keywords=spoon&qid=1670362031&sprefix=spoon%2Caps%2C70&sr=8-30,https://m.media-amazon.com/images/I/613W46FYfAL._AC_UL320_.jpg
"Long Handle Spoon, Coffee Stirrers, 9-inch Ice Tea Spoon, AOOSY Premium 18/10 Stainless Steel Iced Teaspoon for Mothers Milks Tea Mixing Cocktail Stirring Coffee Milkshake Cold Drink, Set of 6",$7.99,https://www.amazon.com/AOOSY-Stainless-Teaspoon-Cocktail-Milkshake/dp/B018VFUKXM/ref=sr_1_31?crid=1ETD973V81N4Y&keywords=spoon&qid=1670362031&sprefix=spoon%2Caps%2C70&sr=8-31,https://m.media-amazon.com/images/I/51Ukrlvg-8L._AC_UL320_.jpg
"Caviar Spoons - EvaGO Mother of Pearl MOP Caviar Spoon W Round Handle 3.55 inch, 2 pack",$10.49,https://www.amazon.com/Caviar-Spoons-EvaGO-Mother-Handle/dp/B078NTCMN5/ref=sr_1_32?crid=1ETD973V81N4Y&keywords=spoon&qid=1670362031&sprefix=spoon%2Caps%2C70&sr=8-32,https://m.media-amazon.com/images/I/61uWz7cLbYL._AC_UL320_.jpg
"Hiware 12-piece Asian Soup Spoons, Rice Spoons, Chinese Won Ton Soup Spoon - Notch and Hook Style, Black",$13.99,https://www.amazon.com/Hiware-12-piece-Asian-Spoons-Chinese/dp/B083S6G369/ref=sr_1_33?crid=1ETD973V81N4Y&keywords=spoon&qid=1670362031&sprefix=spoon%2Caps%2C70&sr=8-33,https://m.media-amazon.com/images/I/61A4bNXb4VL._AC_UL320_.jpg
"24 Pieces Dinner Spoons, Bestdin Food Grade Stainless Steel Spoons Silverware, Mirror Polished Spoon Set, Tablespoon Use for Home Kitchen Restaurant, Kitchen Essential Dinner Spoons, Dishwasher Safe",$15.99,https://www.amazon.com/Bestdin-Silverware-Tablespoon-Restaurant-Dishwasher/dp/B0B3RC6JKV/ref=sr_1_34?crid=1ETD973V81N4Y&keywords=spoon&qid=1670362031&sprefix=spoon%2Caps%2C70&sr=8-34,https://m.media-amazon.com/images/I/61Kfp1DYHYL._AC_UL320_.jpg
"Silicone Rice Paddle Spoon- Non Stick Rice Paddle Spoon Rice Scoop High Temperature Resistant Works for Rice,mashed Potato",$5.58,https://www.amazon.com/Temperature-Resistant-Silicone-Spatula-Paddle/dp/B08K2MGXQW/ref=sr_1_35?crid=1ETD973V81N4Y&keywords=spoon&qid=1670362031&sprefix=spoon%2Caps%2C70&sr=8-35,https://m.media-amazon.com/images/I/51YVhIDfjYL._AC_UL320_.jpg
"36-Piece Dinner Spoons Set, Funnydin 6.7"" Inches Stainless Steel Table Spoons Silverware, Durable Dinner Spoons Set, Use for Home, Kitchen and Restaurant - Mirror Polished, Dishwasher Safe",$19.99,https://www.amazon.com/36-Piece-Funnydin-Stainless-Silverware-Restaurant/dp/B0B6CJH7LZ/ref=sr_1_36?crid=1ETD973V81N4Y&keywords=spoon&qid=1670362031&sprefix=spoon%2Caps%2C70&sr=8-36,https://m.media-amazon.com/images/I/61fs6zsFulL._AC_UL320_.jpg
"Pack of 8, Gold Plated Stainless Steel Espresso Spoons, findTop Mini Teaspoons Set for Coffee Sugar Dessert Cake Ice Cream Soup Antipasto Cappuccino, 5.3 Inch",$14.99,https://www.amazon.com/Stainless-findTop-Teaspoons-Antipasto-Cappuccino/dp/B07TTR9GLT/ref=sr_1_37?crid=1ETD973V81N4Y&keywords=spoon&qid=1670362031&sprefix=spoon%2Caps%2C70&sr=8-37,https://m.media-amazon.com/images/I/51h9ruBchLL._AC_UL320_.jpg
300 Clear Plastic Spoons | Heavy Duty Plastic Silverware | Disposable Spoons | Fancy Plastic Cutlery | Clear Plastic Silverware Bulk | Nice Disposable Flatware,$24.99,https://www.amazon.com/Plastic-Silverware-Disposable-Flatware-Utensils/dp/B07X4ZHMG6/ref=sr_1_38?crid=1ETD973V81N4Y&keywords=spoon&qid=1670362031&sprefix=spoon%2Caps%2C70&sr=8-38,https://m.media-amazon.com/images/I/51O7cgHkVkL._AC_UL320_.jpg
"24-piece Forks and Spoons Silverware Set, Food Grade Stainless Steel Flatware Cutlery Set for Home, Kitchen and Restaurant, Mirror Polished, Dishwasher Safe",$19.99,https://www.amazon.com/24-piece-Silverware-Stainless-Restaurant-Dishwasher/dp/B093PQWG87/ref=sr_1_39?crid=1ETD973V81N4Y&keywords=spoon&qid=1670362031&sprefix=spoon%2Caps%2C70&sr=8-39,https://m.media-amazon.com/images/I/718OY16srRS._AC_UL320_.jpg
"8 Pieces Flower Spoon Coffee Teaspoon Set Stainless Steel Tableware Creative Sugar Spoon Tea Spoon Stir Bar Spoon Stirring Spoon, 8 Different Patterns (Silver)",$8.52,https://www.amazon.com/Chengu-Stainless-Tableware-Creative-Different/dp/B07LGL7ST9/ref=sr_1_40?crid=1ETD973V81N4Y&keywords=spoon&qid=1670362031&sprefix=spoon%2Caps%2C70&sr=8-40,https://m.media-amazon.com/images/I/71pwV-gQmQL._AC_UL320_.jpg
"Kitware 12 Pices Fork and Spoons Silverware Set for 6, Stainless Steel Flatware Cutlery, Mirror Polished Kitchen Utensil for Home, Outdoor, Hiking, BBQ",$6.79,https://www.amazon.com/Kitware-Silverware-Stainless-Flatware-Polished/dp/B09W5TWFT6/ref=sr_1_41?crid=1ETD973V81N4Y&keywords=spoon&qid=1670362031&sprefix=spoon%2Caps%2C70&sr=8-41,https://m.media-amazon.com/images/I/71xDfL6S-3L._AC_UL320_.jpg
"Marco Almond® Rainbow Titanium Long Handle Spoons, Colorful Plated Latte Spoon, Stainless Steel Ice Cream Spoon, Iced Tea Spoon,Cocktail Stirring,Tea, Coffee, Milkshake Dessert Spoons, Pack of 8",$11.99,https://www.amazon.com/Marco-Almond-Titanium-Stainless-Milkshake/dp/B08M5C45YF/ref=sr_1_42?crid=1ETD973V81N4Y&keywords=spoon&qid=1670362031&sprefix=spoon%2Caps%2C70&sr=8-42,https://m.media-amazon.com/images/I/81I6yKaYH2L._AC_UL320_.jpg
"Spoons, Wooden Spoons for Eating, 6 Pieces Japanese Natural Plant Ellipse Wooden Ladle Spoon Set for Cooking Mixing Stirring Honey Tea Soda Dessert Coconut Bowl Nonstick Pots Kitchen",$7.99,https://www.amazon.com/Friendly-Japanese-Tableware-Stirring-Demitasse/dp/B01E8TQA4S/ref=sr_1_43?crid=1ETD973V81N4Y&keywords=spoon&qid=1670362031&sprefix=spoon%2Caps%2C70&sr=8-43,https://m.media-amazon.com/images/I/61fii9Tc-mL._AC_UL320_.jpg
Plasticpro Cutlery Plastic Soup Spoons Medium Weight Disposable Silverware White (1000 Count),$18.99,https://www.amazon.com/Plasticpro-Cutlery-Plastic-Disposable-Silverware/dp/B07KF46D5B/ref=sr_1_44?crid=1ETD973V81N4Y&keywords=spoon&qid=1670362031&sprefix=spoon%2Caps%2C70&sr=8-44,https://m.media-amazon.com/images/I/71BxVQPeyBL._AC_UL320_.jpg
"PZJIEAN My Peanut Butter Spoon Funny Engraved Stainless Steel Spoon, Best Peanut Butter Spoon Dessert Spoon Gifts for Dad Mom Grandpa Grandma Birthday Valentine Christmas Gift",$12.99,https://www.amazon.com/PZJIEAN-Engraved-Stainless-Valentine-Christmas/dp/B0B9HRMN8D/ref=sr_1_45?crid=1ETD973V81N4Y&keywords=spoon&qid=1670362031&sprefix=spoon%2Caps%2C70&sr=8-45,https://m.media-amazon.com/images/I/61HAJx+YDHL._AC_UL320_.jpg
"24-Piece Dinner Spoons Set (6.7 inch), Unokit Stainless Steel Spoons silverware, Dessert Spoon, Tablespoon, Silverware Spoons Only for Home, Kitchen or Restaurant - Mirror Polished, Dishwasher Safe",$14.99,https://www.amazon.com/Unokit-silverware-Tablespoon-Silverware-Restaurant/dp/B09V2VZWXC/ref=sr_1_46?crid=1ETD973V81N4Y&keywords=spoon&qid=1670362031&sprefix=spoon%2Caps%2C70&sr=8-46,https://m.media-amazon.com/images/I/51wbeWhjg0L._AC_UL320_.jpg
[1000 Pack] Plastic Tea Spoons Lightweight - White,$18.99,https://www.amazon.com/Plastic-Tea-Spoons-Medium-Weight/dp/B076MDGW42/ref=sr_1_47?crid=1ETD973V81N4Y&keywords=spoon&qid=1670362031&sprefix=spoon%2Caps%2C70&sr=8-47,https://m.media-amazon.com/images/I/612qokf5nJL._AC_UL320_.jpg
"PAMI Medium Weight Disposable Plastic Teaspoons [1000-Pack] - Bulk White Plastic Silverware For Parties, Weddings, Catering Food Stands, Takeaway Orders & More- Sturdy Single-Use Partyware Teaspoons",$19.37,https://www.amazon.com/PAMI-Disposable-Plastic-Teaspoons-1000-Pack/dp/B0B46VML1M/ref=sr_1_48?crid=1ETD973V81N4Y&keywords=spoon&qid=1670362031&sprefix=spoon%2Caps%2C70&sr=8-48,https://m.media-amazon.com/images/I/71pJI-zhxnL._AC_UL320_.jpg
"PZJIEAN My Nutella Spoon Funny Engraved Stainless Steel Spoon, Best Coffee Spoon Ice Cream Nutella Spoon Gifts for Women, Men, Nutella Lovers, Birthday Christmas Valentine Gifts",$12.99,https://www.amazon.com/PZJIEAN-Engraved-Stainless-Christmas-Valentine/dp/B0BJ219WYD/ref=sr_1_49?crid=1ETD973V81N4Y&keywords=spoon&qid=1670362031&sprefix=spoon%2Caps%2C70&sr=8-49,https://m.media-amazon.com/images/I/61jtX+Eg1hL._AC_UL320_.jpg
Asian Soup Spoon Ceramic Ramen Spoons Korean Spoons Porcelain Japanese Soup Spoon for Ramen Noodles Pho Miso Dumpling 4pcs (Style 1),$15.99,https://www.amazon.com/Ceramic-Porcelain-Japanese-Noodles-Dumpling/dp/B09XQQQYQM/ref=sr_1_50?crid=1ETD973V81N4Y&keywords=spoon&qid=1670362031&sprefix=spoon%2Caps%2C70&sr=8-50,https://m.media-amazon.com/images/I/61cLmsg1SiL._AC_UL320_.jpg
"SANTUO Stainless Steel Dinner Spoons Set,12 Piece 7.3"" Spoons Silverware,Table Soup Spoons Set,Mirror Finish & Dishwasher Safe",$11.99,https://www.amazon.com/SANTUO-12-piece-Stainless-Spoons%EF%BC%88Silver-Inches%EF%BC%89/dp/B094FZ94X2/ref=sr_1_51?crid=1ETD973V81N4Y&keywords=spoon&qid=1670362031&sprefix=spoon%2Caps%2C70&sr=8-51,https://m.media-amazon.com/images/I/61qazM0tiqL._AC_UL320_.jpg
Seyal® You are My Person Spoon Gift for Stocking Gift,$9.99,https://www.amazon.com/Seyal-You-Person-Spoon-Gift/dp/B07LG7YMNP/ref=sr_1_52?crid=1ETD973V81N4Y&keywords=spoon&qid=1670362031&sprefix=spoon%2Caps%2C70&sr=8-52,https://m.media-amazon.com/images/I/71lOuR0VXNL._AC_UL320_.jpg
Oneida Camlynn Set of 4 Teaspoons,$10.99,https://www.amazon.com/Oneida-Camlynn-Set-4-Teaspoons/dp/B003RD5JY4/ref=sr_1_53?crid=1ETD973V81N4Y&keywords=spoon&qid=1670362031&sprefix=spoon%2Caps%2C70&sr=8-53,https://m.media-amazon.com/images/I/51PXuYGEFPS._AC_UL320_.jpg
"SOLO Cup Company Heavyweight Plastic Cutlery, Spoons, White, 6 in, 500/Carton",$30.49,https://www.amazon.com/SOLO-Company-Heavyweight-Plastic-Cutlery/dp/B075NRM77L/ref=sr_1_54?crid=1ETD973V81N4Y&keywords=spoon&qid=1670362031&sprefix=spoon%2Caps%2C70&sr=8-54,https://m.media-amazon.com/images/I/41TBw0ZxMOL._AC_UL320_.jpg
"Coffee Spoons ,4-Piece GLAMFIELDS Teaspoons with a Long Handle, 6.1""Demitasse Espresso Spoons Set Food Grade Stainless Steel Small Serving Spoons for Dessert",$9.99,https://www.amazon.com/GLAMFIELDS-Teaspoons-Demitasse-Espresso-Stainless/dp/B0986PSGH2/ref=sr_1_55?crid=1ETD973V81N4Y&keywords=spoon&qid=1670362031&sprefix=spoon%2Caps%2C70&sr=8-55,https://m.media-amazon.com/images/I/616bXn-lxSL._AC_UL320_.jpg
"KEAWELL Premium 4-Piece 7"" Louise Soup Spoons, 18/10 Stainless Steel, Dishwasher Safe",$13.99,https://www.amazon.com/KEAWELL-Premium-4-Piece-Stainless-Dishwasher/dp/B0B6R2SJ6G/ref=sr_1_57?crid=1ETD973V81N4Y&keywords=spoon&qid=1670362031&sprefix=spoon%2Caps%2C70&sr=8-57,https://m.media-amazon.com/images/I/715p+CFasoL._AC_UL320_.jpg
Liacere 360 Pieces Clear Plastic Spoons - Heavyweight Disposable Spoons-6.7inch Heavy Duty clear Cutlery - Plastic Utensils - Perfect for Parties and Restaurants,$24.49,https://www.amazon.com/Liacere-Pieces-Clear-Plastic-Spoons/dp/B08CMPZ3WH/ref=sr_1_58?crid=1ETD973V81N4Y&keywords=spoon&qid=1670362031&sprefix=spoon%2Caps%2C70&sr=8-58,https://m.media-amazon.com/images/I/718NSKTqIOL._AC_UL320_.jpg
"Copper Long Handle Spoon, Coffee Stirrers, Premium Stainless Steel Coffee Spoons, Ice Tea Spoons, Ice Cream Spoon, Cocktail Stirring Spoons, Tea Spoons, Set of 6 (Rose Gold)",$9.98,https://www.amazon.com/gp/slredirect/picassoRedirect.html/ref=pa_sp_btf_aps_sr_pg1_1?ie=UTF8&adId=A061872133WG2K6CEHD1Z&qualifier=1670362031&id=8223211321322791&widgetName=sp_btf&url=%2FStirrers-Premium-Stainless-Cocktail-Stirring%2Fdp%2FB099KCHK24%2Fref%3Dsr_1_59_sspa%3Fcrid%3D1ETD973V81N4Y%26keywords%3Dspoon%26qid%3D1670362031%26sprefix%3Dspoon%252Caps%252C70%26sr%3D8-59-spons%26psc%3D1,https://m.media-amazon.com/images/I/61-E1G8TPSL._AC_UL320_.jpg
"24 Pieces Dinner Spoons, Bestdin Food Grade Stainless Steel Spoons Silverware, Mirror Polished Spoon Set, Tablespoon Use for Home Kitchen Restaurant, Kitchen Essential Dinner Spoons, Dishwasher Safe",$15.99,https://www.amazon.com/gp/slredirect/picassoRedirect.html/ref=pa_sp_btf_aps_sr_pg1_1?ie=UTF8&adId=A059433024GI8LJ3S856E&qualifier=1670362031&id=8223211321322791&widgetName=sp_btf&url=%2FBestdin-Silverware-Tablespoon-Restaurant-Dishwasher%2Fdp%2FB0B3RC6JKV%2Fref%3Dsr_1_60_sspa%3Fcrid%3D1ETD973V81N4Y%26keywords%3Dspoon%26qid%3D1670362031%26sprefix%3Dspoon%252Caps%252C70%26sr%3D8-60-spons%26psc%3D1,https://m.media-amazon.com/images/I/61Kfp1DYHYL._AC_UL320_.jpg
