item_name,price,link_to_item,link_to_item_image
Eat the Change Cosmic Carrot Chews - Chewy Kids Snacks Made From Carrots - Just 60 Calories Per Serving (Sour Cherry Blast Off),$14.99,https://www.amazon.com/gp/slredirect/picassoRedirect.html/ref=pa_sp_atf_aps_sr_pg1_1?ie=UTF8&adId=A104411937FJCVPJRFJMQ&qualifier=1670362047&id=8588410869735679&widgetName=sp_atf&url=%2FEat-Change-Cosmic-Carrot-Chews%2Fdp%2FB0B1L1Z42P%2Fref%3Dsr_1_1_sspa%3Fcrid%3D1ETD973V81N4Y%26keywords%3Dcarrot%26qid%3D1670362047%26sprefix%3Dcarrot%252Caps%252C70%26sr%3D8-1-spons%26psc%3D1,https://m.media-amazon.com/images/I/815fiIgPiDL._AC_UL320_.jpg
Carrot Organic,$1.49,https://www.amazon.com/Carrot-Loose-Organic-1-Each/dp/B0787W8T3R/ref=sr_1_2_f3_0o_wf?crid=1ETD973V81N4Y&keywords=carrot&qid=1670362047&sprefix=carrot%2Caps%2C70&sr=8-2,https://m.media-amazon.com/images/I/81mNjtcGUhL._AC_UL320_.jpg
"365 by Whole Foods Market, Organic Carrots, 1 lb Bag",$1.49,https://www.amazon.com/produce-aisle-203892-Organic-Carrots/dp/B00E3JELZ4/ref=sr_1_3_f3_0o_wf?crid=1ETD973V81N4Y&keywords=carrot&qid=1670362047&sprefix=carrot%2Caps%2C70&sr=8-3,https://m.media-amazon.com/images/I/61ZqBRK00YL._AC_UL320_.jpg
"Organic Carrots, 1 Bunch",$2.29,https://www.amazon.com/Produce-Carrot-Organic-1-Bunch/dp/B07FZFGF16/ref=sr_1_4_f3_0o_wf?crid=1ETD973V81N4Y&keywords=carrot&qid=1670362047&sprefix=carrot%2Caps%2C70&sr=8-4,https://m.media-amazon.com/images/I/41ZInO1t2VL._AC_UL320_.jpg
"365 by Whole Foods Market, Organic Carrots Bag, 80 Ounce",$4.99,https://www.amazon.com/365-Everyday-Value-Organic-Carrots/dp/B07FYC7YW7/ref=sr_1_5_f3_0o_wf?crid=1ETD973V81N4Y&keywords=carrot&qid=1670362047&sprefix=carrot%2Caps%2C70&sr=8-5,https://m.media-amazon.com/images/I/71kyFrMvU9L._AC_UL320_.jpg
"365 by Whole Foods Market, Peeled Baby Carrots, 16 Ounce",$0.99,https://www.amazon.com/365-Whole-Foods-Market-Produce/dp/B00AR0KKLM/ref=sr_1_6_f3_0o_wf?crid=1ETD973V81N4Y&keywords=carrot&qid=1670362047&sprefix=carrot%2Caps%2C70&sr=8-6,https://m.media-amazon.com/images/I/81JYp2lKGkL._AC_UL320_.jpg
"365 by Whole Foods Market, Carrot Sticks Organic, 12 Ounce",$2.49,https://www.amazon.com/365-WFM-Organic-Carrot-Sticks/dp/B08B4D3C8N/ref=sr_1_7_f3_0o_wf?crid=1ETD973V81N4Y&keywords=carrot&qid=1670362047&sprefix=carrot%2Caps%2C70&sr=8-7,https://m.media-amazon.com/images/I/81LD1fhhjIL._AC_UL320_.jpg
"365 by Whole Foods Market, Carrot Petite Peeled Organic, 12 Ounce",$2.79,https://www.amazon.com/365-Everyday-Value-Organic-Carrots/dp/B078J13FYQ/ref=sr_1_8_f3_0o_wf?crid=1ETD973V81N4Y&keywords=carrot&qid=1670362047&sprefix=carrot%2Caps%2C70&sr=8-8,https://m.media-amazon.com/images/I/811nxvvBMfL._AC_UL320_.jpg
"365 by Whole Foods Market, Organic Baby Carrots, 2 lb",$3.29,https://www.amazon.com/Organic-Baby-Carrots-2-lb/dp/B000RGWJX8/ref=sr_1_9_f3_0o_wf?crid=1ETD973V81N4Y&keywords=carrot&qid=1670362047&sprefix=carrot%2Caps%2C70&sr=8-9,https://m.media-amazon.com/images/I/616RfZlkniL._AC_UL320_.jpg
"Carrot Bag Organic, 32 Ounce",$2.69,https://www.amazon.com/Carrot-Bag-Organic-32-Ounce/dp/B07813YJL1/ref=sr_1_10_f3_0o_wf?crid=1ETD973V81N4Y&keywords=carrot&qid=1670362047&sprefix=carrot%2Caps%2C70&sr=8-10,https://m.media-amazon.com/images/I/715De2e6UzL._AC_UL320_.jpg
"365 by Whole Foods Market, Organic Rainbow Peeled Baby Carrots, 12 Ounce",$2.49,https://www.amazon.com/365-Everyday-Value-Organic-Rainbow/dp/B078J16GXW/ref=sr_1_11_f3_0o_wf?crid=1ETD973V81N4Y&keywords=carrot&qid=1670362047&sprefix=carrot%2Caps%2C70&sr=8-11,https://m.media-amazon.com/images/I/81g1hAb64tL._AC_UL320_.jpg
"365 by Whole Foods Market, Organic Shredded Carrots, 10 Ounce",$2.79,https://www.amazon.com/365-Everyday-Value-Organic-Carrots/dp/B078J1FS9V/ref=sr_1_12_f3_0o_wf?crid=1ETD973V81N4Y&keywords=carrot&qid=1670362047&sprefix=carrot%2Caps%2C70&sr=8-12,https://m.media-amazon.com/images/I/71oEGnYDQeL._AC_UL320_.jpg
"Carrot Baby Peeled Bag Organic, 16 Ounce",$1.69,https://www.amazon.com/Carrot-Baby-Peeled-Organic-Ounce/dp/B077ZWJN23/ref=sr_1_13_f3_0o_wf?crid=1ETD973V81N4Y&keywords=carrot&qid=1670362047&sprefix=carrot%2Caps%2C70&sr=8-13,https://m.media-amazon.com/images/I/812Kxkzo6kL._AC_UL320_.jpg
"365 by Whole Foods Market, Peas And Carrots Organic, 16 Ounce",$2.99,https://www.amazon.com/365-Everyday-Value-Organic-Carrots/dp/B074H64BPW/ref=sr_1_14_f3_0o_wf?crid=1ETD973V81N4Y&keywords=carrot&qid=1670362047&sprefix=carrot%2Caps%2C70&sr=8-14,https://m.media-amazon.com/images/I/819GSnGNvAL._AC_UL320_.jpg
"Organic Carrot & Celery Sticks, 15 oz",$5.99,https://www.amazon.com/Whole-Foods-Market-Organic-Carrot/dp/B07CBNLKCH/ref=sr_1_15_f3_0o_wf?crid=1ETD973V81N4Y&keywords=carrot&qid=1670362047&sprefix=carrot%2Caps%2C70&sr=8-15,https://m.media-amazon.com/images/I/71ib-xNV1uL._AC_UL320_.jpg
"Cascadian Farm Organic Frozen Mirepoix (Onions, Celery, Carrots), 10 oz",$4.59,https://www.amazon.com/Cascadian-Farm-Mirepoix-Organically-Vegetables/dp/B077THJ2KK/ref=sr_1_16_f3_0o_wf?crid=1ETD973V81N4Y&keywords=carrot&qid=1670362047&sprefix=carrot%2Caps%2C70&sr=8-16,https://m.media-amazon.com/images/I/910D2pP2goL._AC_UL320_.jpg
"Dr. Cowan's Garden Threefold Blend (Slightly Sweet) Organic Vegetable Powder Refill Pouch, organic carrots, organic beets, organic Swiss chard, organic kale, and organic winter squash. USA grown, 50 Servings",$39.99,https://www.amazon.com/gp/slredirect/picassoRedirect.html/ref=pa_sp_mtf_aps_sr_pg1_1?ie=UTF8&adId=A088258037VOGSV0I6M53&qualifier=1670362047&id=8588410869735679&widgetName=sp_mtf&url=%2FDr-Cowans-Garden-Threefold-Vegetable%2Fdp%2FB07PWK5PKY%2Fref%3Dsr_1_17_sspa%3Fcrid%3D1ETD973V81N4Y%26keywords%3Dcarrot%26qid%3D1670362047%26sprefix%3Dcarrot%252Caps%252C70%26sr%3D8-17-spons%26psc%3D1,https://m.media-amazon.com/images/I/61GsS7BwHQL._AC_UL320_.jpg
"VEGIFY Purple Carrot Veggie Crumbles | 9.25 oz | 3 Pack | A Serving of Vegetables | Veggie Crumbs | Healthy Ingredients | Replace Croutons, Bread Crumbs & Bacon Bits | Vegan, Gluten Free, High Fiber",$34.99,https://www.amazon.com/gp/slredirect/picassoRedirect.html/ref=pa_sp_mtf_aps_sr_pg1_1?ie=UTF8&adId=A08953172EZVCRLETFFJY&qualifier=1670362047&id=8588410869735679&widgetName=sp_mtf&url=%2FCrumbles-serving-veggies-Replace-croutons%2Fdp%2FB08B8Y2LNL%2Fref%3Dsr_1_18_sspa%3Fcrid%3D1ETD973V81N4Y%26keywords%3Dcarrot%26qid%3D1670362047%26sprefix%3Dcarrot%252Caps%252C70%26sr%3D8-18-spons%26psc%3D1,https://m.media-amazon.com/images/I/81nf9sgV7NL._AC_UL320_.jpg
Carrots: A Paranormal Women's Fiction Novel (Shelby Nichols Adventure Book 1),$0.00,https://www.amazon.com/gp/slredirect/picassoRedirect.html/ref=pa_sp_mtf_aps_sr_pg1_1?ie=UTF8&adId=A10120133DGQ93PIW4MFT&qualifier=1670362047&id=8588410869735679&widgetName=sp_mtf&url=%2FCarrots-Nichols-Adventure-Colleen-Helme-ebook%2Fdp%2FB004PYDGBM%2Fref%3Dsr_1_19_sspa%3Fcrid%3D1ETD973V81N4Y%26keywords%3Dcarrot%26qid%3D1670362047%26sprefix%3Dcarrot%252Caps%252C70%26sr%3D8-19-spons%26psc%3D1,https://m.media-amazon.com/images/I/81YK6HX2ZnL._AC_UL320_.jpg
"Stahlbush Island Farms Tri Color Carrots, 10 oz",$3.99,https://www.amazon.com/Stahlbush-Island-Farms-Color-Carrots/dp/B078K5LBLM/ref=sr_1_20_f3_0o_wf?crid=1ETD973V81N4Y&keywords=carrot&qid=1670362047&sprefix=carrot%2Caps%2C70&sr=8-20,https://m.media-amazon.com/images/I/91HvCNZ7yOL._AC_UL320_.jpg
"Whole Foods Market, Vegetable Cut Carrots Diced Organic, 10 Ounce",$3.99,https://www.amazon.com/Whole-Market-Vegetable-Carrots-Organic/dp/B07811RBGM/ref=sr_1_21_f3_0o_wf?crid=1ETD973V81N4Y&keywords=carrot&qid=1670362047&sprefix=carrot%2Caps%2C70&sr=8-21,https://m.media-amazon.com/images/I/91sA+ta-QYL._AC_UL320_.jpg
"Rhythm Superfoods Carrot Sticks, Salted, Organic & Non-GMO, 1.4 Oz, Vegan/Gluten-Free Vegetable Superfood Snacks",$5.71,https://www.amazon.com/Rhythm-Superfoods-Organic-Carrot-Sticks/dp/B07DWW7Y4F/ref=sr_1_22?crid=1ETD973V81N4Y&keywords=carrot&qid=1670362047&sprefix=carrot%2Caps%2C70&sr=8-22,https://m.media-amazon.com/images/I/81hii09tZSL._AC_UL320_.jpg
"Carrot Powder 16oz (1 lb), Pure Dried Carrot Juice Powder, Smoothie Booster, Natural Orange Carrot Food Coloring | non-GMO, Gluten-free",$12.99,https://www.amazon.com/Smoothie-Booster-Natural-Coloring-Gluten-free/dp/B082WMMXNH/ref=sr_1_23?crid=1ETD973V81N4Y&keywords=carrot&qid=1670362047&sprefix=carrot%2Caps%2C70&sr=8-23,https://m.media-amazon.com/images/I/712ImE75kyL._AC_UL320_.jpg
"365 by Whole Foods Market, Celery Sticks Organic, 8 Ounce",$2.99,https://www.amazon.com/365-WFM-Organic-Celery-Sticks/dp/B08B4B7RH5/ref=sr_1_24_f3_0o_wf?crid=1ETD973V81N4Y&keywords=carrot&qid=1670362047&sprefix=carrot%2Caps%2C70&sr=8-24,https://m.media-amazon.com/images/I/81Xrdp8LpIL._AC_UL320_.jpg
"365 by Whole Foods Market, Organic Broccoli Slaw, 12 Ounce",$3.49,https://www.amazon.com/365-Everyday-Value-Organic-Broccoli/dp/B077L4X8T9/ref=sr_1_25_f3_0o_wf?crid=1ETD973V81N4Y&keywords=carrot&qid=1670362047&sprefix=carrot%2Caps%2C70&sr=8-25,https://m.media-amazon.com/images/I/81h1Pq7-F+L._AC_UL320_.jpg
"365 by Whole Foods Market, California Style Blend Organic, 16 Ounce",$3.19,https://www.amazon.com/365-Everyday-Value-Organic-California/dp/B074H55FS5/ref=sr_1_26_f3_0o_wf?crid=1ETD973V81N4Y&keywords=carrot&qid=1670362047&sprefix=carrot%2Caps%2C70&sr=8-26,https://m.media-amazon.com/images/I/81AeSEf2EWL._AC_UL320_.jpg
"365 by Whole Foods Market, Vegetables Mixed Organic, 16 Ounce",$3.39,https://www.amazon.com/365-Everyday-Value-Organic-Vegetables/dp/B074H7KL3S/ref=sr_1_27_f3_0o_wf?crid=1ETD973V81N4Y&keywords=carrot&qid=1670362047&sprefix=carrot%2Caps%2C70&sr=8-27,https://m.media-amazon.com/images/I/71vsdj+JGBL._AC_UL320_.jpg
"Carrot Powder By Unpretentious Baker, 3lb, Beta-Carotene, Bulk Size, Cooking and Baking",$23.99,https://www.amazon.com/gp/slredirect/picassoRedirect.html/ref=pa_sp_mtf_aps_sr_pg1_1?ie=UTF8&adId=A01614131C6AWT24YEVFK&qualifier=1670362047&id=8588410869735679&widgetName=sp_mtf&url=%2FCarrot-Powder-Unpretentious-Beta-Carotene-Cooking%2Fdp%2FB0B5VM95Y1%2Fref%3Dsr_1_28_sspa%3Fcrid%3D1ETD973V81N4Y%26keywords%3Dcarrot%26qid%3D1670362047%26sprefix%3Dcarrot%252Caps%252C70%26sr%3D8-28-spons%26psc%3D1,https://m.media-amazon.com/images/I/71KCKb2eMvL._AC_UL320_.jpg
"Kraft Gluten Free Original Macaroni & Cheese Dinner (12 ct Pack, 6 oz Boxes)",$47.88,https://www.amazon.com/gp/slredirect/picassoRedirect.html/ref=pa_sp_mtf_aps_sr_pg1_1?ie=UTF8&adId=A00125781AYS5D2TDF9K5&qualifier=1670362047&id=8588410869735679&widgetName=sp_mtf&url=%2FKraft-Gluten-Original-Flavor-Macaroni%2Fdp%2FB088LBPVTF%2Fref%3Dsr_1_29_sspa%3Fcrid%3D1ETD973V81N4Y%26keywords%3Dcarrot%26qid%3D1670362047%26sprefix%3Dcarrot%252Caps%252C70%26sr%3D8-29-spons%26psc%3D1,https://m.media-amazon.com/images/I/81lKLab9xwL._AC_UL320_.jpg
Libby's Sliced Carrots | Appealingly Tender & Deliciously Sweet | Vibrant Orange Slices | Farm Fresh Goodness | No Preservatives | 14.5 ounce cans (Pack of 12),$28.85,https://www.amazon.com/gp/slredirect/picassoRedirect.html/ref=pa_sp_mtf_aps_sr_pg1_1?ie=UTF8&adId=A07840302300CPAKHYPFP&qualifier=1670362047&id=8588410869735679&widgetName=sp_mtf&url=%2FLibbys-Sliced-Carrots-Cans-Ounce%2Fdp%2FB01FJJP68W%2Fref%3Dsr_1_30_sspa%3Fcrid%3D1ETD973V81N4Y%26keywords%3Dcarrot%26qid%3D1670362047%26sprefix%3Dcarrot%252Caps%252C70%26sr%3D8-30-spons%26psc%3D1,https://m.media-amazon.com/images/I/81v73UrVXfL._AC_UL320_.jpg
"Organic Carrot Powder, 8 Pounds - Non-GMO, Ground Raw Dried Roots, Vegan, Bulk, Great for Baking, Juices, Smoothies, Shakes, and Drinks. Good Source of Dietary Fiber, Potassium, and Vitamin A",$48.49,https://www.amazon.com/gp/slredirect/picassoRedirect.html/ref=pa_sp_mtf_aps_sr_pg1_1?ie=UTF8&adId=A06204091EK304WY16L4O&qualifier=1670362047&id=8588410869735679&widgetName=sp_mtf&url=%2FOrganic-Carrot-Powder-Pounds-Smoothies%2Fdp%2FB0933RQNBH%2Fref%3Dsr_1_31_sspa%3Fcrid%3D1ETD973V81N4Y%26keywords%3Dcarrot%26qid%3D1670362047%26sprefix%3Dcarrot%252Caps%252C70%26sr%3D8-31-spons%26psc%3D1%26smid%3DA6NL9JOZSRI4P,https://m.media-amazon.com/images/I/81SEZD4GohL._AC_UL320_.jpg
"365 by Whole Foods Market, Organic Coleslaw Mix, 12 Ounce",$3.49,https://www.amazon.com/365-Everyday-Value-Organic-Coleslaw/dp/B07FWN3244/ref=sr_1_32_f3_0o_wf?crid=1ETD973V81N4Y&keywords=carrot&qid=1670362047&sprefix=carrot%2Caps%2C70&sr=8-32,https://m.media-amazon.com/images/I/81pLw4gAJbL._AC_UL320_.jpg
"365 by WFM Organic 365 Fingerling Potatoes, 24 OZ - 4323813",$4.99,https://www.amazon.com/PRODUCE-Organic-Fingerling-Potatoes-Mix/dp/B078B5C1F6/ref=sr_1_33_f3_0o_wf?crid=1ETD973V81N4Y&keywords=carrot&qid=1670362047&sprefix=carrot%2Caps%2C70&sr=8-33,https://m.media-amazon.com/images/I/81tQij7GE+L._AC_UL320_.jpg
"Bowery Spring Mix, 4 oz | Locally Grown, Sweet and Zesty, Zero Pesticides, Leafy Greens, No Need to Wash, Non-GMO, Sustainably Grown",$3.49,https://www.amazon.com/Bowery-Farming-Pesticide-Free-Lettuce-Locally/dp/B07GL6B652/ref=sr_1_34_f3_0o_wf?crid=1ETD973V81N4Y&keywords=carrot&qid=1670362047&sprefix=carrot%2Caps%2C70&sr=8-34,https://m.media-amazon.com/images/I/81wSjrYXtqL._AC_UL320_.jpg
Organic Yellow Onion,$1.32,https://www.amazon.com/Onion-Yellow-Organic-1-Each/dp/B07QV6B5WV/ref=sr_1_35_f3_0o_wf?crid=1ETD973V81N4Y&keywords=carrot&qid=1670362047&sprefix=carrot%2Caps%2C70&sr=8-35,https://m.media-amazon.com/images/I/71kS+n85KkL._AC_UL320_.jpg
Organic Green Onion,$1.59,https://www.amazon.com/Green-Onion-Scallions-Organic-Bunch/dp/B07883LXVL/ref=sr_1_36_f3_0o_wf?crid=1ETD973V81N4Y&keywords=carrot&qid=1670362047&sprefix=carrot%2Caps%2C70&sr=8-36,https://m.media-amazon.com/images/I/711gm2pLXdL._AC_UL320_.jpg
Organic Celery,$2.99,https://www.amazon.com/produce-aisle-mburring-Organic-Celery/dp/B000P6H21O/ref=sr_1_37_f3_0o_wf?crid=1ETD973V81N4Y&keywords=carrot&qid=1670362047&sprefix=carrot%2Caps%2C70&sr=8-37,https://m.media-amazon.com/images/I/71ls9H3aDvL._AC_UL320_.jpg
"Cascadian Farm Organic Root Vegetable Hash Browns, 12oz Bag (Frozen) Yukon Gold Potatoes, Carrots and Sweet Potatoes, Organically Farmed Frozen Vegetables, Non-GMO",$5.79,https://www.amazon.com/Cascadian-Farm-Vegetable-Organically-Vegetables/dp/B077THJ5SB/ref=sr_1_38_f3_0o_wf?crid=1ETD973V81N4Y&keywords=carrot&qid=1670362047&sprefix=carrot%2Caps%2C70&sr=8-38,https://m.media-amazon.com/images/I/91Csvh90uqL._AC_UL320_.jpg
"365 by Whole Foods Market, Hummus, Original, 8 Ounce",$2.69,https://www.amazon.com/Whole-Foods-Market-Hummus-Original/dp/B07FWJ8CQM/ref=sr_1_39_f3_0o_wf?crid=1ETD973V81N4Y&keywords=carrot&qid=1670362047&sprefix=carrot%2Caps%2C70&sr=8-39,https://m.media-amazon.com/images/I/810iffxGr5L._AC_UL320_.jpg
"Wonderful Pistachios , No Shell Nuts, Variety Pack (4 bags of Roasted & Salted, 3 bags of Chili Roasted, and 2 bags of Honey Roasted), 9 Count",$6.94,https://www.amazon.com/Wonderful-Pistachios-Shell-Nuts-Variety/dp/B08DX4JCKQ/ref=sr_1_40?crid=1ETD973V81N4Y&keywords=carrot&qid=1670362047&sprefix=carrot%2Caps%2C70&sr=8-40,https://m.media-amazon.com/images/I/81CqSB1+2FL._AC_UL320_.jpg
"Amazon Brand - Happy Belly Sliced Carrots, 15 Ounce",$0.99,https://www.amazon.com/Amazon-Brand-Happy-Sliced-Carrots/dp/B07VHCSCFZ/ref=sr_1_41?crid=1ETD973V81N4Y&keywords=carrot&qid=1670362047&sprefix=carrot%2Caps%2C70&sr=8-41,https://m.media-amazon.com/images/I/71v2UtYC4oL._AC_UL320_.jpg
"Once Upon a Farm, Frozen, Organic Baby Food Mango, Carrot, Navy Bean & Coconut Butter with Turmeric Plant-Rich Meal, 3.5 Ounce",$4.99,https://www.amazon.com/Once-Upon-Farm-Turmeric-Plant-Rich/dp/B09QFFTF1Y/ref=sr_1_42_f3_0o_wf?crid=1ETD973V81N4Y&keywords=carrot&qid=1670362047&sprefix=carrot%2Caps%2C70&sr=8-42,https://m.media-amazon.com/images/I/71VbQVLYohL._AC_UL320_.jpg
"PRODUCE Bagged Yellow Onions, 32 OZ",$2.49,https://www.amazon.com/PRODUCE-Yellow-Onions-2lb-Bag/dp/B0054M06OO/ref=sr_1_43_f3_0o_wf?crid=1ETD973V81N4Y&keywords=carrot&qid=1670362047&sprefix=carrot%2Caps%2C70&sr=8-43,https://m.media-amazon.com/images/I/51ijXRVYl4L._AC_UL320_.jpg
"Produce, Mushroom Baby Bella, 8 Ounce",$2.79,https://www.amazon.com/Mushroom-Baby-Bella-8-Ounce/dp/B08LLCB9FC/ref=sr_1_44_f3_0o_wf?crid=1ETD973V81N4Y&keywords=carrot&qid=1670362047&sprefix=carrot%2Caps%2C70&sr=8-44,https://m.media-amazon.com/images/I/81kPv4GeqCL._AC_UL320_.jpg
Naturevibe Botanicals Carrot Powder (8oz),$6.99,https://www.amazon.com/Naturevibe-Botanicals-Skincare-Supports-Anti-ageing/dp/B07KKLG15W/ref=sr_1_45?crid=1ETD973V81N4Y&keywords=carrot&qid=1670362047&sprefix=carrot%2Caps%2C70&sr=8-45,https://m.media-amazon.com/images/I/71i0mQsX8MS._AC_UL320_.jpg
"Rainbow Carrots, Locally Grown, 2 Bunches",$9.99,https://www.amazon.com/Rainbow-Carrots-Locally-Grown-Bunches/dp/B0742HQS55/ref=sr_1_46?crid=1ETD973V81N4Y&keywords=carrot&qid=1670362047&sprefix=carrot%2Caps%2C70&sr=8-46,https://m.media-amazon.com/images/I/816IkYQ5fXL._AC_UL320_.jpg
"Whole Foods Market, Vegetable Cut Carrot Sticks Organic, 15 Ounce",$6.99,https://www.amazon.com/Whole-Foods-Market-Vegetable-Organic/dp/B07FY7H4X1/ref=sr_1_48_f3_0o_wf?crid=1ETD973V81N4Y&keywords=carrot&qid=1670362047&sprefix=carrot%2Caps%2C70&sr=8-48,https://m.media-amazon.com/images/I/51xoYsNAArL._AC_UL320_.jpg
"HAPPY BABY Organic Stage 2 Carrots & Peas Baby Food, 4 OZ",$0.90,https://www.amazon.com/Happy-Baby-Stage-Carrots-Organic/dp/B07VBBHTZG/ref=sr_1_49_f3_0o_wf?crid=1ETD973V81N4Y&keywords=carrot&qid=1670362047&sprefix=carrot%2Caps%2C70&sr=8-49,https://m.media-amazon.com/images/I/71t7ehj0uML._AC_UL320_.jpg
"MAYA KAIMAL Organic Kidney Beans, Carrots & Tamarind Everyday Dal, 10 OZ",$4.79,https://www.amazon.com/KAIMAL-Organic-Carrots-Tamarind-Everyday/dp/B07JQ1YF9Q/ref=sr_1_50_f3_0o_wf?crid=1ETD973V81N4Y&keywords=carrot&qid=1670362047&sprefix=carrot%2Caps%2C70&sr=8-50,https://m.media-amazon.com/images/I/81N3SNAW6kL._AC_UL320_.jpg
"FARMERS MARKET FOODS Organic Pumpkin Puree, 15 OZ",$3.29,https://www.amazon.com/Farmers-Market-Foods-Pumpkin-Organic/dp/B000OZA67S/ref=sr_1_51_f3_0o_wf?crid=1ETD973V81N4Y&keywords=carrot&qid=1670362047&sprefix=carrot%2Caps%2C70&sr=8-51,https://m.media-amazon.com/images/I/81rctbHkO8L._AC_UL320_.jpg
"Sprout Organic Baby Food, Stage 4 Toddler Snacks, Apple Carrot Cinnamon Wafflez, Single Serve Waffles 5 Count(Pack of 1)",$4.79,https://www.amazon.com/Sprout-Organic-Wafflez-Cinnamon-Individually/dp/B07N4Q844V/ref=sr_1_52?crid=1ETD973V81N4Y&keywords=carrot&qid=1670362047&sprefix=carrot%2Caps%2C70&sr=8-52,https://m.media-amazon.com/images/I/81JclH97CtL._AC_UL320_.jpg
"Sunset Wild Wonders Tomatoes, 12oz",$3.99,https://www.amazon.com/Sunset-Greenhouse-Wild-Wonders-Tomatoes/dp/B00E3JLSWI/ref=sr_1_53_f3_0o_wf?crid=1ETD973V81N4Y&keywords=carrot&qid=1670362047&sprefix=carrot%2Caps%2C70&sr=8-53,https://m.media-amazon.com/images/I/81duT82YoRL._AC_UL320_.jpg
"365 by Whole Foods Market, Cauliflower Riced Fried Rice Style, 12 Ounce",$3.19,https://www.amazon.com/365-Everyday-Value-Cauliflower-Riced/dp/B07Q77T4RG/ref=sr_1_54_f3_0o_wf?crid=1ETD973V81N4Y&keywords=carrot&qid=1670362047&sprefix=carrot%2Caps%2C70&sr=8-54,https://m.media-amazon.com/images/I/61M6mI2EzXL._AC_UL320_.jpg
"Whole Foods Market, Vegetable Cut Celery Sticks Organic, 15 Ounce",$6.99,https://www.amazon.com/Whole-Foods-Market-Vegetable-Organic/dp/B07FY5G3T4/ref=sr_1_55_f3_0o_wf?crid=1ETD973V81N4Y&keywords=carrot&qid=1670362047&sprefix=carrot%2Caps%2C70&sr=8-55,https://m.media-amazon.com/images/I/812AWOFMcbL._AC_UL320_.jpg
"S&B, Golden Curry Japanese curry Mix, Medium Hot, 3.2 oz",$2.48,https://www.amazon.com/Golden-Curry-Sauce-Mix-Medium/dp/B0099IJBDQ/ref=sr_1_56?crid=1ETD973V81N4Y&keywords=carrot&qid=1670362047&sprefix=carrot%2Caps%2C70&sr=8-56,https://m.media-amazon.com/images/I/81AtYNRZapL._AC_UL320_.jpg
"Reese Peruvian Veggie Harvest Bowl | Cauliflower, Artichokes, Corn, Carrots | High Fiber & Low Calorie (Pack of 8)",$25.87,https://www.amazon.com/gp/slredirect/picassoRedirect.html/ref=pa_sp_btf_aps_sr_pg1_1?ie=UTF8&adId=A09047315APX0HESBV7F&qualifier=1670362047&id=8588410869735679&widgetName=sp_btf&url=%2FReese-Peruvian-Cauliflower-Bowl-Pack%2Fdp%2FB086ZLXZ1X%2Fref%3Dsr_1_57_sspa%3Fcrid%3D1ETD973V81N4Y%26keywords%3Dcarrot%26qid%3D1670362047%26sprefix%3Dcarrot%252Caps%252C70%26sr%3D8-57-spons%26psc%3D1%26smid%3DA1FJY32TL14TYF,https://m.media-amazon.com/images/I/A1SzHeqGOsL._AC_UL320_.jpg
Hamptons Brine Raw Probiotic Sauerkraut Brine - Carrots. Rich in Probiotics. 100% Certified Organic. Fermented. Prebiotic. Unpasteurized. Flavorful. Best Tasting Kraut Brine,$12.99,https://www.amazon.com/gp/slredirect/picassoRedirect.html/ref=pa_sp_btf_aps_sr_pg1_1?ie=UTF8&adId=A00901862BASIFJQ790YF&qualifier=1670362047&id=8588410869735679&widgetName=sp_btf&url=%2FHamptons-Brine-Sauerkraut-Classic-Kvass%2Fdp%2FB01EMAKXFU%2Fref%3Dsr_1_58_sspa%3Fcrid%3D1ETD973V81N4Y%26keywords%3Dcarrot%26qid%3D1670362047%26sprefix%3Dcarrot%252Caps%252C70%26sr%3D8-58-spons%26psc%3D1%26smid%3DA270JJ6VH2DR1Z,https://m.media-amazon.com/images/I/41Df3zKxPaL._AC_UL320_.jpg
"True Made Foods Carolina Red BBQ Sauce, Authentic Pitmaster Barbecue Recipe, No Sugar Added, Keto, Whole30, Paleo, Vegan, Gluten Free (18oz, 2Pack)",$18.99,https://www.amazon.com/gp/slredirect/picassoRedirect.html/ref=pa_sp_btf_aps_sr_pg1_1?ie=UTF8&adId=A0080718QDN027E3OO2F&qualifier=1670362047&id=8588410869735679&widgetName=sp_btf&url=%2FTrue-Made-Foods-Authentic-Pitmaster%2Fdp%2FB09RQ7W1P4%2Fref%3Dsr_1_59_sspa%3Fcrid%3D1ETD973V81N4Y%26keywords%3Dcarrot%26qid%3D1670362047%26sprefix%3Dcarrot%252Caps%252C70%26sr%3D8-59-spons%26psc%3D1,https://m.media-amazon.com/images/I/61Q6Av8ENbL._AC_UL320_.jpg
"XPRS Nutra 100% Natural Carrot Juice Powder - Pure Carrot Powder from The USA - Ideal for Juice and Smoothie - High in Vitamin A, Phytonutrients and Antioxidants - Non-GMO (8 oz)",$13.99,https://www.amazon.com/gp/slredirect/picassoRedirect.html/ref=pa_sp_btf_aps_sr_pg1_1?ie=UTF8&adId=A03762663TNUI2LQWCCRB&qualifier=1670362047&id=8588410869735679&widgetName=sp_btf&url=%2FXPRS-Nutra-Organic-Carrot-Powder%2Fdp%2FB08WC8H72Q%2Fref%3Dsr_1_60_sspa%3Fcrid%3D1ETD973V81N4Y%26keywords%3Dcarrot%26qid%3D1670362047%26sprefix%3Dcarrot%252Caps%252C70%26sr%3D8-60-spons%26psc%3D1,https://m.media-amazon.com/images/I/81FyqDzrJOL._AC_UL320_.jpg
