item_name,price,link_to_item,link_to_item_image
Whole Foods Market Berry Chantilly Cake 6In,$27.00,https://www.amazon.com/Whole-Foods-Market-Berry-Chantilly/dp/B09H74PJ6V/ref=sr_1_1_f3_0o_wf?crid=1ETD973V81N4Y&keywords=cake&qid=1670362056&sprefix=cake%2Caps%2C70&sr=8-1,https://m.media-amazon.com/images/I/71O6Qq75OhL._AC_UL320_.jpg
"Whole Foods Market Tiramisu Cake, 7in",$21.00,https://www.amazon.com/Whole-Foods-Market-Tiramisu-Ounce/dp/B089WJZ363/ref=sr_1_2_f3_0o_wf?crid=1ETD973V81N4Y&keywords=cake&qid=1670362056&sprefix=cake%2Caps%2C70&sr=8-2,https://m.media-amazon.com/images/I/51YZFx2K+RL._AC_UL320_.jpg
Whole Foods Market Tuxedo Mousse Cake Small,$16.00,https://www.amazon.com/Whole-Foods-Market-Tuxedo-Mousse/dp/B07FZJ8F4H/ref=sr_1_3_f3_0o_wf?crid=1ETD973V81N4Y&keywords=cake&qid=1670362056&sprefix=cake%2Caps%2C70&sr=8-3,https://m.media-amazon.com/images/I/81UOWEF+GQL._AC_UL320_.jpg
Whole Foods Market Berry Chantilly Cake 8In,$37.00,https://www.amazon.com/Whole-Foods-Market-Berry-Chantilly/dp/B09H74PJ8W/ref=sr_1_4_f3_0o_wf?crid=1ETD973V81N4Y&keywords=cake&qid=1670362056&sprefix=cake%2Caps%2C70&sr=8-4,https://m.media-amazon.com/images/I/71O6Qq75OhL._AC_UL320_.jpg
"Whole Foods Market Lemoncello Mascarpone Cake, 7in",$21.00,https://www.amazon.com/Whole-Foods-Market-Lemoncello-Mascarpone/dp/B089WHLY85/ref=sr_1_5_f3_0o_wf?crid=1ETD973V81N4Y&keywords=cake&qid=1670362056&sprefix=cake%2Caps%2C70&sr=8-5,https://m.media-amazon.com/images/I/71fGpK8yLtL._AC_UL320_.jpg
Little Debbie Christmas Tree Cakes (Vanilla),$9.09,https://www.amazon.com/Little-Debbie-Christmas-Cakes-Vanilla/dp/B00R56UUDY/ref=sr_1_6?crid=1ETD973V81N4Y&keywords=cake&qid=1670362056&sprefix=cake%2Caps%2C70&sr=8-6,https://m.media-amazon.com/images/I/81QadvGunuL._AC_UL320_.jpg
Whole Foods Market Cake Dream Chocolate 8 Inch,$37.00,https://www.amazon.com/Whole-Foods-Market-Dream-Chocolate/dp/B09HHXZMY1/ref=sr_1_7_f3_0o_wf?crid=1ETD973V81N4Y&keywords=cake&qid=1670362056&sprefix=cake%2Caps%2C70&sr=8-7,https://m.media-amazon.com/images/I/71GS8tXt5JL._AC_UL320_.jpg
Whole Foods Market Vanilla Buttercream Cake 6in,$27.00,https://www.amazon.com/Whole-Foods-Market-Vanilla-Buttercream/dp/B09HHXX138/ref=sr_1_8_f3_0o_wf?crid=1ETD973V81N4Y&keywords=cake&qid=1670362056&sprefix=cake%2Caps%2C70&sr=8-8,https://m.media-amazon.com/images/I/71xxmw+kjpL._AC_UL320_.jpg
My Grandma's Cinnamon Walnut Coffee Cake,$31.47,https://www.amazon.com/My-Grandmas-Cinnamon-Walnut-Coffee/dp/B0002MRUVI/ref=sr_1_9?crid=1ETD973V81N4Y&keywords=cake&qid=1670362056&sprefix=cake%2Caps%2C70&sr=8-9,https://m.media-amazon.com/images/I/91mPFyvXvaL._AC_UL320_.jpg
"Great Spirits Baking Jack Daniels Vanilla Liquor Cake - 10 oz - Deliver a Gourmet Buttery Pound Cake for Gift Baskets, Birthdays, or Parties!",$14.99,https://www.amazon.com/Jack-Daniels-Whiskey-Cake-Vanilla/dp/B01N63L7HA/ref=sr_1_10?crid=1ETD973V81N4Y&keywords=cake&qid=1670362056&sprefix=cake%2Caps%2C70&sr=8-10,https://m.media-amazon.com/images/I/812a2iDoUqL._AC_UL320_.jpg
"Drizzilicious S'mores 4oz 6-Pack | | Mini Snack Chocolatey Rice Cakes | Vegan Air Popped Chia, Quinoa, Flax Smore Snacks",$29.50,https://www.amazon.com/Drizzilicious-Smores-4oz-6-Pack/dp/B076HFF15F/ref=sr_1_11?crid=1ETD973V81N4Y&keywords=cake&qid=1670362056&sprefix=cake%2Caps%2C70&sr=8-11,https://m.media-amazon.com/images/I/71aP2k+b1OL._AC_UL320_.jpg
2lb Gourmet Fruit Cake mix candied fruit with Festive Cake Tin – Delicious British Food & English Holiday Cakes for Delivery Direct to Your Door – Moist Fruitcake Perfect for Christmas Gifts – by Crave Island,$44.95,https://www.amazon.com/Gourmet-Fruit-candied-fruit-Festive/dp/B09K4KGG2N/ref=sr_1_12?crid=1ETD973V81N4Y&keywords=cake&qid=1670362056&sprefix=cake%2Caps%2C70&sr=8-12,https://m.media-amazon.com/images/I/81SCLOfm7oL._AC_UL320_.jpg
Schlunder Liqueur Cake - Orange Liqueur (14 ounce),$9.00,https://www.amazon.com/Schlunder-Liqueur-Cake-Orange-ounce/dp/B0000TU77W/ref=sr_1_13_mod_primary_new?crid=1ETD973V81N4Y&keywords=cake&qid=1670362056&sbo=RZvfv%2F%2FHxDF%2BO5021pAnSA%3D%3D&sprefix=cake%2Caps%2C70&sr=8-13,https://m.media-amazon.com/images/I/61LaYToi-QL._AC_UL320_.jpg
"Dewey's Bakery Moravian Sugar Cake | Coffee Cake Baked with Cinnamon & Pure Cane Sugar | Bakery Gifts, Holiday Treat | Pack of 3 (14 oz)",$39.99,https://www.amazon.com/Deweys-Bakery-Moravian-Sugar-Cake/dp/B07D42Z4S5/ref=sr_1_14?crid=1ETD973V81N4Y&keywords=cake&qid=1670362056&sprefix=cake%2Caps%2C70&sr=8-14,https://m.media-amazon.com/images/I/812Ge4oYRkL._AC_UL320_.jpg
"Betty Crocker Super Moist Party Rainbow Chip Cake Mix, 15.25 oz. (Pack of 12)",$21.48,https://www.amazon.com/Betty-Crocker-Baking-Super-Rainbow/dp/B07CMJ8YF3/ref=sr_1_15?crid=1ETD973V81N4Y&keywords=cake&qid=1670362056&sprefix=cake%2Caps%2C70&sr=8-15,https://m.media-amazon.com/images/I/91AX2myG8gL._AC_UL320_.jpg
Trappist Abbey Monastery Fruitcake 1 lb.,$20.08,https://www.amazon.com/Trappist-Abbey-Monastery-Fruitcake-lb/dp/B002UZW4LG/ref=sr_1_16?crid=1ETD973V81N4Y&keywords=cake&qid=1670362056&sprefix=cake%2Caps%2C70&sr=8-16,https://m.media-amazon.com/images/I/611WzibCeOL._AC_UL320_.jpg
"OREO Cakesters Soft Snack Cakes, 3 â€“ 5 Count Packs (15 Total Snack Packs) + Bonus OREO Mini Cookie Snack Pack,5 Count (Pack of 3)",$17.88,https://www.amazon.com/OREO-Cakesters-Soft-Snack-Cakes/dp/B09NL8GRTJ/ref=sr_1_17?crid=1ETD973V81N4Y&keywords=cake&qid=1670362056&sprefix=cake%2Caps%2C70&sr=8-17,https://m.media-amazon.com/images/I/81YnnPNBfuL._AC_UL320_.jpg
The Original Cakebites Hot Cocoa Cakebites,$7.99,https://www.amazon.com/Original-Cakebites-Hot-Cocoa/dp/B09LBD5HSG/ref=sr_1_18?crid=1ETD973V81N4Y&keywords=cake&qid=1670362056&sprefix=cake%2Caps%2C70&sr=8-18,https://m.media-amazon.com/images/I/61PjUaeI+pL._AC_UL320_.jpg
Happy Birthday Cupcakes Large Gift Basket Rainbow Sprinkle Chocolate Sprinkle | 7 INDIVIDUALLY WRAPPED Fresh Cupcakes | Party Food Gift,$22.99,https://www.amazon.com/Birthday-Cupcakes-Sprinkle-Chocolate-INDIVIDUALLY/dp/B09WBWW942/ref=sr_1_19?crid=1ETD973V81N4Y&keywords=cake&qid=1670362056&sprefix=cake%2Caps%2C70&sr=8-19,https://m.media-amazon.com/images/I/71AieCT6jFL._AC_UL320_.jpg
Whole Foods Market Chocolate Mousse Cake,$16.00,https://www.amazon.com/Whole-Foods-Market-Mousse-Chocolate/dp/B07QMJ2MF5/ref=sr_1_20_f3_0o_wf?crid=1ETD973V81N4Y&keywords=cake&qid=1670362056&sprefix=cake%2Caps%2C70&sr=8-20,https://m.media-amazon.com/images/I/61p5WhwarIL._AC_UL320_.jpg
"TORTUGA Caribbean Taste of Florida Coconut Rum Cake - 16 oz Rum Cake - The Perfect Premium Gourmet Gift for Gift Baskets, Parties, Holidays, Birthdays and make an Excellent Christmas Gift",$22.19,https://www.amazon.com/Tortuga-Taste-Florida-Coconut-16-Ounce/dp/B001QY2QP6/ref=sr_1_21?crid=1ETD973V81N4Y&keywords=cake&qid=1670362056&sprefix=cake%2Caps%2C70&sr=8-21,https://m.media-amazon.com/images/I/71jNBrA-Z4L._AC_UL320_.jpg
CUILINE Lava Cake Kit + Free Video Master Class – Make Homemade Lava Cakes with Premium Ingredients & Ramekins – Best Gift for Chocolate Lovers – Lava Cake Kit Serves 6,$39.95,https://www.amazon.com/CUILINE-Lava-Video-Master-Class/dp/B0BG7TGTS1/ref=sr_1_22?crid=1ETD973V81N4Y&keywords=cake&qid=1670362056&sprefix=cake%2Caps%2C70&sr=8-22,https://m.media-amazon.com/images/I/7179oZrbQUL._AC_UL320_.jpg
"Walkers Shortbread Rich Holiday Fruit Pudding, 16 Ounce Box",$14.99,https://www.amazon.com/Walkers-Shortbread-Fruit-Pudding-16-Ounce/dp/B0040WE8QQ/ref=sr_1_23?crid=1ETD973V81N4Y&keywords=cake&qid=1670362056&sprefix=cake%2Caps%2C70&sr=8-23,https://m.media-amazon.com/images/I/91Iq820PGEL._AC_UL320_.jpg
"Pistachio Panettone Italian Cake from Italy, with Pistachio Filling (26.4 Oz) Pasticceria Fraccaro 1932 - Italian Christmas Cake, Dark Chocolate Glaze and Pistachio Granella on Top, Naturally Leavened",$45.50,https://www.amazon.com/Pistachio-Panettone-Pasticceria-Fraccaro-1932/dp/B0BFJJYKXB/ref=sr_1_24?crid=1ETD973V81N4Y&keywords=cake&qid=1670362056&sprefix=cake%2Caps%2C70&sr=8-24,https://m.media-amazon.com/images/I/81oNVftNhLL._AC_UL320_.jpg
Whole Foods Market Toasted Almond Cake Slice,$12.00,https://www.amazon.com/Taste-Cake-Toasted-Almond-Slice/dp/B0787XS25C/ref=sr_1_25_f3_0o_wf?crid=1ETD973V81N4Y&keywords=cake&qid=1670362056&sprefix=cake%2Caps%2C70&sr=8-25,https://m.media-amazon.com/images/I/81XIDdlEXRL._AC_UL320_.jpg
Birthday Gift Basket - Happy Birthday Cookies - Chocolate Covered Cookies - Chocolate Gift Box - Gourmet Food Gifts (Large Box),$24.99,https://www.amazon.com/Hazel-Creme-Happy-Birthday-Cookie/dp/B07ZSGFPMN/ref=sr_1_26?crid=1ETD973V81N4Y&keywords=cake&qid=1670362056&sprefix=cake%2Caps%2C70&sr=8-26,https://m.media-amazon.com/images/I/71380BwUSrL._AC_UL320_.jpg
The Original Cakebites Classic Italian Rainbow Cake - Family Pack 4 - 2oz Cakebites,$7.99,https://www.amazon.com/Original-Cakebites-Classic-Italian-Rainbow/dp/B074HFZ9ZP/ref=sr_1_27?crid=1ETD973V81N4Y&keywords=cake&qid=1670362056&sprefix=cake%2Caps%2C70&sr=8-27,https://m.media-amazon.com/images/I/51fuQ+BmzrL._AC_UL320_.jpg
"Archway Cookies, Wedding Cake Cookies, Holiday Limited Edition, 6 Ounce",$10.39,https://www.amazon.com/Archway-Cookies-Wedding-Cake-Ounce/dp/B00DVXRP6U/ref=sr_1_28?crid=1ETD973V81N4Y&keywords=cake&qid=1670362056&sprefix=cake%2Caps%2C70&sr=8-28,https://m.media-amazon.com/images/I/81qqyniAUkL._AC_UL320_.jpg
"Walkers Shortbread Glenfiddich Highland Holiday Whisky Cake, 14.1 Ounce Box",$17.70,https://www.amazon.com/Shortbread-Glenfiddich-Highland-Traditional-Scottish/dp/B0040WCQB0/ref=sr_1_29?crid=1ETD973V81N4Y&keywords=cake&qid=1670362056&sprefix=cake%2Caps%2C70&sr=8-29,https://m.media-amazon.com/images/I/71Auv8y-JYS._AC_UL320_.jpg
"Claxton Fruit Cake Regular-Dark Sampler-Packed in New, Claxton Gift Carton",$19.95,https://www.amazon.com/Claxton-Fruit-Cake-Regular-Dark-Sampler/dp/B017V6ENVM/ref=sr_1_30?crid=1ETD973V81N4Y&keywords=cake&qid=1670362056&sprefix=cake%2Caps%2C70&sr=8-30,https://m.media-amazon.com/images/I/713Hqs4lieS._AC_UL320_.jpg
Birthday Gift Basket Chocolate Brownies Food Gift For Men Women Package | Nut Free | Kosher,$14.99,https://www.amazon.com/Birthday-Basket-Chocolate-Brownies-Package/dp/B09R61VL4R/ref=sr_1_31?crid=1ETD973V81N4Y&keywords=cake&qid=1670362056&sprefix=cake%2Caps%2C70&sr=8-31,https://m.media-amazon.com/images/I/71t-4DQ8wYL._AC_UL320_.jpg
1 Pack Snowflake Oh Baby Cake Topper Glitter Baby Shower Snowflake Cake Pick Decorations for Winter Snowflake Theme Baby Shower Kids Birthday Party Supplies Silver,$5.99,https://www.amazon.com/Snowflake-Glitter-Decorations-Birthday-Supplies/dp/B09KHD7CSN/ref=sr_1_32?crid=1ETD973V81N4Y&keywords=cake&qid=1670362056&sprefix=cake%2Caps%2C70&sr=8-32,https://m.media-amazon.com/images/I/712oZXBagmL._AC_UL320_.jpg
Blue Edible Butterflies for Cake Decorating 24x Birthday Wedding,$5.99,https://www.amazon.com/Edible-Butterflies-Decorating-Birthday-Wedding/dp/B08YD67362/ref=sr_1_34?crid=1ETD973V81N4Y&keywords=cake&qid=1670362056&sprefix=cake%2Caps%2C70&sr=8-34,https://m.media-amazon.com/images/I/61tv9-TdgjS._AC_UL320_.jpg
"Drizzilicious S'mores 4oz Single Pack | Mini Snack Chocolatey Rice Cakes | Vegan Air Popped Chia, Quinoa, Flax Smore Snacks",$6.99,https://www.amazon.com/Drizzilicious-Single-Bag-Smores/dp/B01N1WWS1S/ref=sr_1_35?crid=1ETD973V81N4Y&keywords=cake&qid=1670362056&sprefix=cake%2Caps%2C70&sr=8-35,https://m.media-amazon.com/images/I/71aP2k+b1OL._AC_UL320_.jpg
"The Original Cakebites by Cookies United, Grab-and-Go Bite-Sized Snack, Italian Rainbow, 3 Count (Pack of 12)",$16.99,https://www.amazon.com/Original-Cakebites-Classic-Italian-Rainbow/dp/B074KW4ZWS/ref=sr_1_36?crid=1ETD973V81N4Y&keywords=cake&qid=1670362056&sprefix=cake%2Caps%2C70&sr=8-36,https://m.media-amazon.com/images/I/71Ncg3nIlLL._AC_UL320_.jpg
"Disney Frozen II Elsa & Ana Cake Topper Round 8""",$5.95,https://www.amazon.com/Disney-Frozen-Elsa-Topper-Round/dp/B07ZVX5NDV/ref=sr_1_37?crid=1ETD973V81N4Y&keywords=cake&qid=1670362056&sprefix=cake%2Caps%2C70&sr=8-37,https://m.media-amazon.com/images/I/51wrnydTtBL._AC_UL320_.jpg
Walkers Glenfiddich Whisky Fruit Cakes-14.1 oz,$20.99,https://www.amazon.com/Walkers-Glenfiddich-Whisky-Fruit-Cakes-14-1/dp/B00FM0NQOU/ref=sr_1_39?crid=1ETD973V81N4Y&keywords=cake&qid=1670362056&sprefix=cake%2Caps%2C70&sr=8-39,https://m.media-amazon.com/images/I/51dxm6KiZdL._AC_UL320_.jpg
"Little Debbie Christmas Tree Cakes, Boxes, 30 Individually Wrapped Snack, Vanilla, 6 Count",$33.93,https://www.amazon.com/Little-Debbie-Christmas-Individually-Wrapped/dp/B08KSF8M3P/ref=sr_1_40_mod_primary_new?crid=1ETD973V81N4Y&keywords=cake&qid=1670362056&sbo=RZvfv%2F%2FHxDF%2BO5021pAnSA%3D%3D&sprefix=cake%2Caps%2C70&sr=8-40,https://m.media-amazon.com/images/I/51fbvphW6RL._AC_UL320_.jpg
"Drake's Variety Pack Yodels, Ring Dings, Devil Dogs, Funny Bones, and Coffee Cakes, Chocolate",$30.61,https://www.amazon.com/Drakes-Variety-Pack-Yodels-Coffee/dp/B08H8RCZWP/ref=sr_1_41?crid=1ETD973V81N4Y&keywords=cake&qid=1670362056&sprefix=cake%2Caps%2C70&sr=8-41,https://m.media-amazon.com/images/I/71wjGGCmOxL._AC_UL320_.jpg
"Fiasconaro Panettone Traditional Italian Christmas Cake, 35.27 - The Best Tasting Authentic Italian Panettone in Amazon",$32.60,https://www.amazon.com/Fiasconaro-Panettone-Traditional-Italian-Christmas/dp/B000YHZ0U4/ref=sr_1_42?crid=1ETD973V81N4Y&keywords=cake&qid=1670362056&sprefix=cake%2Caps%2C70&sr=8-42,https://m.media-amazon.com/images/I/51o1wnCETRL._AC_UL320_.jpg
Cake [Blu-ray],$11.98,https://www.amazon.com/Cake-Blu-ray-Dhd-Sam-Worthington/dp/B00TY6CKQ8/ref=sr_1_43?crid=1ETD973V81N4Y&keywords=cake&qid=1670362056&sprefix=cake%2Caps%2C70&sr=8-43,https://m.media-amazon.com/images/I/91inDEwuKdL._AC_UL320_.jpg
"Kuchenmeister Marzipan Stollen in Gift Box, 17.5 Ounce",$14.97,https://www.amazon.com/Kuchenmeister-Marzipan-Stollen-Gift-Ounce/dp/B005XQGV1S/ref=sr_1_44_mod_primary_new?crid=1ETD973V81N4Y&keywords=cake&qid=1670362056&sbo=RZvfv%2F%2FHxDF%2BO5021pAnSA%3D%3D&sprefix=cake%2Caps%2C70&sr=8-44,https://m.media-amazon.com/images/I/81Mw1JttHJL._AC_UL320_.jpg
Fiasconaro Traditional Panettone 750 Gram Red Bow Wrapped,$29.24,https://www.amazon.com/Fiasconaro-Traditional-Panettone-Gram-Wrapped/dp/B004ROD4VM/ref=sr_1_45_mod_primary_new?crid=1ETD973V81N4Y&keywords=cake&qid=1670362056&sbo=RZvfv%2F%2FHxDF%2BO5021pAnSA%3D%3D&sprefix=cake%2Caps%2C70&sr=8-45,https://m.media-amazon.com/images/I/91o2grM3K5L._AC_UL320_.jpg
Fruitcake - Made From The Finest Fruits and Nuts - Individually Wrapped For Freshness - 1lb Fruit Cake - By Carli's Cakes,$14.95,https://www.amazon.com/Fruitcake-Finest-Individually-Wrapped-Freshness/dp/B09G47LLMC/ref=sr_1_46?crid=1ETD973V81N4Y&keywords=cake&qid=1670362056&sprefix=cake%2Caps%2C70&sr=8-46,https://m.media-amazon.com/images/I/81Nxxws22-L._AC_UL320_.jpg
"Bauducco Mini Panettone Vanilla, Moist & Fresh Traditional Italian Recipe, Italian Traditional Holiday Cake, 3.5oz",$6.43,https://www.amazon.com/Bauducco-Panettone-Vanilla-Traditional-Italian/dp/B09FZZMWXY/ref=sr_1_47?crid=1ETD973V81N4Y&keywords=cake&qid=1670362056&sprefix=cake%2Caps%2C70&sr=8-47,https://m.media-amazon.com/images/I/713wHBBlNSL._AC_UL320_.jpg
"Tastykake, Buttercream Iced Spice Cakes, 6pk, 12 Ounce",$11.99,https://www.amazon.com/Tastykake-8165613-WM-KAS/dp/B00IGHJDRA/ref=sr_1_48?crid=1ETD973V81N4Y&keywords=cake&qid=1670362056&sprefix=cake%2Caps%2C70&sr=8-48,https://m.media-amazon.com/images/I/71K1he8p0gL._AC_UL320_.jpg
