item_name,price,link_to_item,link_to_item_image
Atomic HAWX Prime XTD 130 Ski Boots,$469.99,https://www.amazon.com/gp/slredirect/picassoRedirect.html/ref=pa_sp_atf_aps_sr_pg1_1?ie=UTF8&adId=A05220162O99411RR2APR&qualifier=1670361998&id=5936885784413035&widgetName=sp_atf&url=%2FAtomic-HAWX-Prime-Boots-2021-27-5%2Fdp%2FB0891J8NKW%2Fref%3Dsr_1_1_sspa%3Fcrid%3D1ETD973V81N4Y%26keywords%3Dskis%26qid%3D1670361998%26sprefix%3Dskis%252Caps%252C70%26sr%3D8-1-spons%26psc%3D1,https://m.media-amazon.com/images/I/61lX1IszVsL._AC_UL320_.jpg
Atomic Bent 110 Skis Mens,$699.95,https://www.amazon.com/gp/slredirect/picassoRedirect.html/ref=pa_sp_atf_aps_sr_pg1_1?ie=UTF8&adId=A0898041FJH2A92CBJ6U&qualifier=1670361998&id=5936885784413035&widgetName=sp_atf&url=%2FAtomic-Bent-110-Ski-Metalic%2Fdp%2FB08HKH892X%2Fref%3Dsr_1_2_sspa%3Fcrid%3D1ETD973V81N4Y%26keywords%3Dskis%26qid%3D1670361998%26sprefix%3Dskis%252Caps%252C70%26sr%3D8-2-spons%26psc%3D1%26smid%3DAI815W1WMD729,https://m.media-amazon.com/images/I/81Bl4rLMBHL._AC_UL320_.jpg
2023 Armada ARV 106 Skis,$699.95,https://www.amazon.com/gp/slredirect/picassoRedirect.html/ref=pa_sp_atf_aps_sr_pg1_1?ie=UTF8&adId=A08458942DZ0WKIYJ3DJI&qualifier=1670361998&id=5936885784413035&widgetName=sp_atf&url=%2F2023-Armada-ARV-106-Skis%2Fdp%2FB0BGJPYKRZ%2Fref%3Dsr_1_3_sspa%3Fcrid%3D1ETD973V81N4Y%26keywords%3Dskis%26qid%3D1670361998%26sprefix%3Dskis%252Caps%252C70%26sr%3D8-3-spons%26psc%3D1%26smid%3DAI815W1WMD729,https://m.media-amazon.com/images/I/51y3p8sNRjL._AC_UL320_.jpg
Salomon S/Lab Shift MNC 13 Ski Bindings,$599.95,https://www.amazon.com/gp/slredirect/picassoRedirect.html/ref=pa_sp_atf_aps_sr_pg1_1?ie=UTF8&adId=A05861823AEEQXLIEOG35&qualifier=1670361998&id=5936885784413035&widgetName=sp_atf&url=%2FSalomon-Lab-Shift-MNC-Binding%2Fdp%2FB08H9KPPZ3%2Fref%3Dsr_1_4_sspa%3Fcrid%3D1ETD973V81N4Y%26keywords%3Dskis%26qid%3D1670361998%26sprefix%3Dskis%252Caps%252C70%26sr%3D8-4-spons%26psc%3D1%26smid%3DAI815W1WMD729,https://m.media-amazon.com/images/I/51c-6cXryUL._AC_UL320_.jpg
Rossignol React 2 Mens Skis W/Look Xpress 10 GW Bindings Mens Black,$291.74,https://www.amazon.com/Rossignol-React-Xpress-Bindings-Black/dp/B08GL15FQV/ref=sr_1_5?crid=1ETD973V81N4Y&keywords=skis&qid=1670361998&sprefix=skis%2Caps%2C70&sr=8-5,https://m.media-amazon.com/images/I/51FDuXP4DdL._AC_UL320_.jpg
"InduSKY Ski Bag, Waterproof Full Padded Ski Bag for Air Travel, 900D Polyester Adjustable Length Ski Bag Fit Skis Up to 200cm, Portable Snow Travel Ski Bag with Removable Padded Shoulder Strap",$42.99,https://www.amazon.com/InduSKY-Waterproof-Polyester-Adjustable-Removable/dp/B0BJ765WRS/ref=sr_1_6?crid=1ETD973V81N4Y&keywords=skis&qid=1670361998&sprefix=skis%2Caps%2C70&sr=8-6,https://m.media-amazon.com/images/I/61rKWxisxlL._AC_UL320_.jpg
Amazon Essentials Men's Waterproof Insulated Ski Pant,$23.50,https://www.amazon.com/Amazon-Essentials-Waterproof-Insulated-Color/dp/B08SM9ZZD1/ref=sr_1_7?crid=1ETD973V81N4Y&keywords=skis&qid=1670361998&sprefix=skis%2Caps%2C70&sr=8-7,https://m.media-amazon.com/images/I/71voVNjkwrL._AC_UL320_.jpg
"STAUBER Solstice All-Mountain Ski | Sizes 168cm, 178cm, 184cm",$194.00,https://www.amazon.com/STAUBER-Solstice-All-Mountain-Sizes-168cm/dp/B0BFBR7JWZ/ref=sr_1_8?crid=1ETD973V81N4Y&keywords=skis&qid=1670361998&sprefix=skis%2Caps%2C70&sr=8-8,https://m.media-amazon.com/images/I/81oXP+b2JlL._AC_UL320_.jpg
"Ski Socks 2-Pack Merino Wool, Over The Calf (OTC) Non-Slip Cuff for Men & Women",$29.99,https://www.amazon.com/OutdoorMaster-Adult-Ski-Socks-2-Pack/dp/B07WJS33G4/ref=sr_1_9?crid=1ETD973V81N4Y&keywords=skis&qid=1670361998&sprefix=skis%2Caps%2C70&sr=8-9,https://m.media-amazon.com/images/I/81qmRa24IrL._AC_UL320_.jpg
"Merino Wool Ski Socks, Cold Weather Socks for Snowboarding, Snow, Winter, Thermal Knee-high Warm Socks, Hunting",$29.99,https://www.amazon.com/Hylaea-Weather-Snowboarding-Thermal-Knee-high/dp/B0995QR5XB/ref=sr_1_10?crid=1ETD973V81N4Y&keywords=skis&qid=1670361998&sprefix=skis%2Caps%2C70&sr=8-10,https://m.media-amazon.com/images/I/81Md2E5kgrL._AC_UL320_.jpg
"YESLIFE 2 Pieces Ski Mask, Balaclava Face Mask for Men and Women – Skiing, Snowboarding, Motorcycle & UV Protection",$9.99,https://www.amazon.com/YESLIFE-Pieces-Black-Balaclava-Women/dp/B09ZTXL77Q/ref=sr_1_11?crid=1ETD973V81N4Y&keywords=skis&qid=1670361998&sprefix=skis%2Caps%2C70&sr=8-11,https://m.media-amazon.com/images/I/617jXNWxNvL._AC_UL320_.jpg
"Oliumt Balaclava Ski Mask, Warm, Breathable & Lightweight, Full Coverage Fleece Winter Face Mask for Men & Women",$11.99,https://www.amazon.com/Oliumt-Balaclava-Breathable-Lightweight-Coverage/dp/B0BF4TKTGB/ref=sr_1_12?crid=1ETD973V81N4Y&keywords=skis&qid=1670361998&sprefix=skis%2Caps%2C70&sr=8-12,https://m.media-amazon.com/images/I/61uQYm27gXL._AC_UL320_.jpg
MOERDENG Women's Waterproof Ski Jacket Warm Winter Snow Coat Mountain Windbreaker Hooded Raincoat Jacket,$42.49,https://www.amazon.com/MOERDENG-Waterproof-Mountain-Windbreaker-Raincoat/dp/B07W7D7FD9/ref=sr_1_13?crid=1ETD973V81N4Y&keywords=skis&qid=1670361998&sprefix=skis%2Caps%2C70&sr=8-13,https://m.media-amazon.com/images/I/61Sl5hKC5qL._AC_UL320_.jpg
3 Pieces 1-Hole Ski Mask Knitted Face Cover Adult Winter Balaclava Full Face Mask for Winter Outdoor Sports,$15.99,https://www.amazon.com/Pieces-Knitted-Balaclava-Winter-Outdoor/dp/B0B7RYXCJ5/ref=sr_1_14?crid=1ETD973V81N4Y&keywords=skis&qid=1670361998&sprefix=skis%2Caps%2C70&sr=8-14,https://m.media-amazon.com/images/I/71YK99p2R9L._AC_UL320_.jpg
"Odoland 4-in-1 Kid's Beginner Snow Skis with Poles, Training Harness and Ski Tip Connector, Low-Resistant Ski Boards for Age 4 and Under, Toddler Skiing Harness with Removable Leash",$69.99,https://www.amazon.com/Odoland-Beginner-Connector-Low-Resistant-Removable/dp/B0B5ZL68BW/ref=sr_1_15?crid=1ETD973V81N4Y&keywords=skis&qid=1670361998&sprefix=skis%2Caps%2C70&sr=8-15,https://m.media-amazon.com/images/I/71fC0CnNZwL._AC_UL320_.jpg
"WIBIMEN -10℉ Ski Gloves, Thinsulate Winter Waterproof Gloves for Men Women, Snow Gloves with Upgraded Fingertip Touch Screen, 5-Layer Thermal Warm Gloves for Skiing Snowbarding Riding",$29.99,https://www.amazon.com/WIBIMEN-Thinsulate-Waterproof-Fingertip-Snowbarding/dp/B0BBFJ866T/ref=sr_1_16?crid=1ETD973V81N4Y&keywords=skis&qid=1670361998&sprefix=skis%2Caps%2C70&sr=8-16,https://m.media-amazon.com/images/I/71z8PDsYkUL._AC_UL320_.jpg
Balaclava Face Mask for Men Women Head Covering Army Gear Windproof Breathable Protection for Motorcycle Riding Bike Cycling,$11.00,https://www.amazon.com/gp/slredirect/picassoRedirect.html/ref=pa_sp_mtf_aps_sr_pg1_1?ie=UTF8&adId=A00812731A0GD88ZO1MV7&qualifier=1670361998&id=5936885784413035&widgetName=sp_mtf&url=%2FBalaclava-Breathable-Windproof-Thermal-Motorcycle%2Fdp%2FB08NGV95K6%2Fref%3Dsr_1_17_sspa%3Fcrid%3D1ETD973V81N4Y%26keywords%3Dskis%26qid%3D1670361998%26sprefix%3Dskis%252Caps%252C70%26sr%3D8-17-spons%26psc%3D1,https://m.media-amazon.com/images/I/71TBov-08uL._AC_UL320_.jpg
Nordica Men Hf Pro 120 Boots (050K0600741),$749.99,https://www.amazon.com/gp/slredirect/picassoRedirect.html/ref=pa_sp_mtf_aps_sr_pg1_1?ie=UTF8&adId=A0642637YN1J4V3MSJ0C&qualifier=1670361998&id=5936885784413035&widgetName=sp_mtf&url=%2FNordica-Men-Pro-Boots-050K0600741%2Fdp%2FB09YMKVB4G%2Fref%3Dsr_1_18_sspa%3Fcrid%3D1ETD973V81N4Y%26keywords%3Dskis%26qid%3D1670361998%26sprefix%3Dskis%252Caps%252C70%26sr%3D8-18-spons%26psc%3D1%26smid%3DAI815W1WMD729,https://m.media-amazon.com/images/I/61LHQI9uJrL._AC_UL320_.jpg
Rossignol 2021 Experience 84 Ai Womens Skis,$349.95,https://www.amazon.com/gp/slredirect/picassoRedirect.html/ref=pa_sp_mtf_aps_sr_pg1_1?ie=UTF8&adId=A05975293S9UDWTLJVQYA&qualifier=1670361998&id=5936885784413035&widgetName=sp_mtf&url=%2FRossignol-2021-Experience-Womens-Skis%2Fdp%2FB08HZDLM8D%2Fref%3Dsr_1_19_sspa%3Fcrid%3D1ETD973V81N4Y%26keywords%3Dskis%26qid%3D1670361998%26sprefix%3Dskis%252Caps%252C70%26sr%3D8-19-spons%26psc%3D1,https://m.media-amazon.com/images/I/51RVSq03D4S._AC_UL320_.jpg
Rossignol 2021 Experience 88 TI Womens Skis,$369.95,https://www.amazon.com/gp/slredirect/picassoRedirect.html/ref=pa_sp_mtf_aps_sr_pg1_1?ie=UTF8&adId=A05979651BT8C4HLUZ8Z&qualifier=1670361998&id=5936885784413035&widgetName=sp_mtf&url=%2FRossignol-2021-Experience-Womens-Skis%2Fdp%2FB08HZD4B98%2Fref%3Dsr_1_20_sspa%3Fcrid%3D1ETD973V81N4Y%26keywords%3Dskis%26qid%3D1670361998%26sprefix%3Dskis%252Caps%252C70%26sr%3D8-20-spons%26psc%3D1,https://m.media-amazon.com/images/I/71Z4XgbN94L._AC_UL320_.jpg
"Sklon Ski Strap and Pole Carrier | Avoid the Struggle and Effortlessly Transport Your Ski Gear Everywhere You Go | Features Cushioned Shoulder Sling | Great for Families - Men, Women and Kids - Black",$18.97,https://www.amazon.com/Sklon-Effortlessly-Transport-Everywhere-Cushioned/dp/B0764DTD17/ref=sr_1_21?crid=1ETD973V81N4Y&keywords=skis&qid=1670361998&sprefix=skis%2Caps%2C70&sr=8-21,https://m.media-amazon.com/images/I/712dhVyjmhL._AC_UL320_.jpg
Volk Ski Strap and Pole Carrier - 2 Sets per Pack - Skiing Accessory for Easy Transportation of Your Ski Gear - Feel Comfortable Walking to and from The Mountain - Adjustable Size,$20.39,https://www.amazon.com/Volk-Strap-Pole-Carrier-Pack/dp/B07VLJ86HY/ref=sr_1_22?crid=1ETD973V81N4Y&keywords=skis&qid=1670361998&sprefix=skis%2Caps%2C70&sr=8-22,https://m.media-amazon.com/images/I/717JrNrAGML._AC_UL320_.jpg
"AstroAI Ski Mask Balaclava Face Mask-UV Protection Dustproof Windproof Face Cover for Men Women Skiing, Snowboarding, Cycling Hiking Black",$7.99,https://www.amazon.com/AstroAI-Windproof-Balaclava-Protection-Breathable/dp/B086QY6T8G/ref=sr_1_23?crid=1ETD973V81N4Y&keywords=skis&qid=1670361998&sprefix=skis%2Caps%2C70&sr=8-23,https://m.media-amazon.com/images/I/71fZ1tPeKSL._AC_UL320_.jpg
"5 Pack Ski Winter Hat and Gloves Set, Includes Winter Hat Scarf Warmer Gloves Outdoor Earmuffs Ear Warmer for Men Women",$14.99,https://www.amazon.com/Winter-Gloves-Warmer-Outdoor-Earmuffs/dp/B0BKQ5KB4B/ref=sr_1_24?crid=1ETD973V81N4Y&keywords=skis&qid=1670361998&sprefix=skis%2Caps%2C70&sr=8-24,https://m.media-amazon.com/images/I/81rkoIOeDLL._AC_UL320_.jpg
"Juli Ski Goggles,Snow Snowboard Goggles for Men Women Snowmobile Skiing Skating",$16.99,https://www.amazon.com/JULI-Goggles-Over-Glasses-Snowboard-Goggles/dp/B075HCP84N/ref=sr_1_25?crid=1ETD973V81N4Y&keywords=skis&qid=1670361998&sprefix=skis%2Caps%2C70&sr=8-25,https://m.media-amazon.com/images/I/517J-oDH6yL._AC_UL320_.jpg
Gash Hao Mens Snow Ski Waterproof Softshell Snowboard Pants Outdoor Hiking Fleece Lined Zipper Bottom Leg,$43.99,https://www.amazon.com/Gash-Hao-Waterproof-Softshell-Outdoor/dp/B07HMFFX3T/ref=sr_1_26?crid=1ETD973V81N4Y&keywords=skis&qid=1670361998&sprefix=skis%2Caps%2C70&sr=8-26,https://m.media-amazon.com/images/I/51ZC3B6YFoL._AC_UL320_.jpg
ZIONOR X Ski Goggles - OTG Snowboard Goggles Detachable Lens for Men Women Adult,$27.19,https://www.amazon.com/Zionor-Snowboard-Spherical-Detachable-Protection/dp/B00TD0W88U/ref=sr_1_27?crid=1ETD973V81N4Y&keywords=skis&qid=1670361998&sprefix=skis%2Caps%2C70&sr=8-27,https://m.media-amazon.com/images/I/71OcNI0wyVL._AC_UL320_.jpg
Ski Mask for Kids Balaclava Face Mask Kid Cold Weather Breathable Balaclava mask,$9.89,https://www.amazon.com/Balaclava-Breathable-Fleece-Weather-Girls/dp/B0BD4JYCXJ/ref=sr_1_28?crid=1ETD973V81N4Y&keywords=skis&qid=1670361998&sprefix=skis%2Caps%2C70&sr=8-28,https://m.media-amazon.com/images/I/71hvmLOGZbL._AC_UL320_.jpg
"AstroAI Balaclava Ski Mask Winter Fleece Thermal Face Mask Cover for Men Women Warmer Windproof Breathable, Cold Weather Gear for Skiing, Outdoor Gear, Riding Motorcycle & Snowboarding, Gray",$15.99,https://www.amazon.com/AstroAI-Balaclava-Windproof-Breathable-Superfine/dp/B07VHPC4SF/ref=sr_1_29?crid=1ETD973V81N4Y&keywords=skis&qid=1670361998&sprefix=skis%2Caps%2C70&sr=8-29,https://m.media-amazon.com/images/I/815Cfu5yjYL._AC_UL320_.jpg
"MATEIN Ski Bag and Boot Bag Combo, Unpadded Ski Travel Bag Fit Skis Up to 200cm, Adjustable Length Snow Ski Case for Air Travel Transport, Water Resistant Large Ski Boot Bag Gift for Men Women, Black",$38.99,https://www.amazon.com/Matein-Unpadded-Adjustable-Transport-Resistant/dp/B09BZCF4DS/ref=sr_1_30?crid=1ETD973V81N4Y&keywords=skis&qid=1670361998&sprefix=skis%2Caps%2C70&sr=8-30,https://m.media-amazon.com/images/I/61cUJWtSvsL._AC_UL320_.jpg
Smartwool Ski Full Cushion Mountain Snow Pattern OTC Sock - Women's,$29.00,https://www.amazon.com/Smartwool-Cushion-Mountain-Snowflake-Pattern/dp/B0B82J2YRV/ref=sr_1_31?crid=1ETD973V81N4Y&keywords=skis&qid=1670361998&sprefix=skis%2Caps%2C70&sr=8-31,https://m.media-amazon.com/images/I/7163WSnfbtL._AC_UL320_.jpg
MOERDENG Men's Waterproof Ski Jacket Warm Winter Snow Coat Mountain Windbreaker Hooded Raincoat,$40.99,https://www.amazon.com/MOERDENG-Waterproof-Mountain-Windbreaker-Raincoat/dp/B07W7DB4PQ/ref=sr_1_32?crid=1ETD973V81N4Y&keywords=skis&qid=1670361998&sprefix=skis%2Caps%2C70&sr=8-32,https://m.media-amazon.com/images/I/51aqP+WdDyL._AC_UL320_.jpg
"Snow Tube 47 Inch Snow Tube, Inflatable Snow Sled for Kids and Adults, Heavy Duty Snow Tube Made by Thickening Material of 0.6mm,Snow Toys for Kids Outdoor",$19.99,https://www.amazon.com/gp/slredirect/picassoRedirect.html/ref=pa_sp_mtf_aps_sr_pg1_1?ie=UTF8&adId=A03216582RI8IOWVTER5Z&qualifier=1670361998&id=5936885784413035&widgetName=sp_mtf&url=%2FInflatable-Adults-Thickening-Material-Outdoor%2Fdp%2FB0B9MPRD48%2Fref%3Dsr_1_33_sspa%3Fcrid%3D1ETD973V81N4Y%26keywords%3Dskis%26qid%3D1670361998%26sprefix%3Dskis%252Caps%252C70%26sr%3D8-33-spons%26psc%3D1,https://m.media-amazon.com/images/I/71HV0T+JYRL._AC_UL320_.jpg
"SAVIOR HEAT Heated Gloves for Men Women Electric Heated Winter Gloves Rechargeable Battery Hand Warmer, Touchscreen Thin Heated Ski Gloves for Hunting Hiking Riding Cycling Motorcycle Skiing",$109.99,https://www.amazon.com/gp/slredirect/picassoRedirect.html/ref=pa_sp_mtf_aps_sr_pg1_1?ie=UTF8&adId=A06701573G8MGW0AD7DSU&qualifier=1670361998&id=5936885784413035&widgetName=sp_mtf&url=%2FSAVIOR-HEAT-Rechargeable-Touchscreen-Motorcycle%2Fdp%2FB0B8HM6HT3%2Fref%3Dsr_1_34_sspa%3Fcrid%3D1ETD973V81N4Y%26keywords%3Dskis%26qid%3D1670361998%26sprefix%3Dskis%252Caps%252C70%26sr%3D8-34-spons%26psc%3D1,https://m.media-amazon.com/images/I/716u1boCtmL._AC_UL320_.jpg
Women Winter Onesies Ski Suit Fur Collar coat Ski Jumpsuit Snowsuit,$159.98,https://www.amazon.com/gp/slredirect/picassoRedirect.html/ref=pa_sp_mtf_aps_sr_pg1_1?ie=UTF8&adId=A07252312SLKRGGKNAUWG&qualifier=1670361998&id=5936885784413035&widgetName=sp_mtf&url=%2FOnesies-Jumpsuit-Outdoor-Snowsuit-Removable%2Fdp%2FB086G891MB%2Fref%3Dsr_1_35_sspa%3Fcrid%3D1ETD973V81N4Y%26keywords%3Dskis%26qid%3D1670361998%26sprefix%3Dskis%252Caps%252C70%26sr%3D8-35-spons%26psc%3D1%26smid%3DA39S8SRL7UWE0L,https://m.media-amazon.com/images/I/51i0BY5h5dL._AC_UL320_.jpg
BougeRV Hitch Ski Snowboard Rack with Security Lock Tilting for Trunk Access,$279.99,https://www.amazon.com/gp/slredirect/picassoRedirect.html/ref=pa_sp_mtf_aps_sr_pg1_1?ie=UTF8&adId=A101705525YBVUXR2EAVY&qualifier=1670361998&id=5936885784413035&widgetName=sp_mtf&url=%2FBougeRV-Snowboard-Security-Tilting-Access%2Fdp%2FB0BB2BM8RG%2Fref%3Dsr_1_36_sspa%3Fcrid%3D1ETD973V81N4Y%26keywords%3Dskis%26qid%3D1670361998%26sprefix%3Dskis%252Caps%252C70%26sr%3D8-36-spons%26psc%3D1,https://m.media-amazon.com/images/I/61rTERaPYIL._AC_UL320_.jpg
"Kids Balaclava Ski Mask 2 Pack, Winter Hat Face Cover Neck Warmer for 3-15 Boy Girl, Full Face Masks for Skiing Cycling",$19.99,https://www.amazon.com/Balaclava-Toddler-Children-Windproof-Football/dp/B0BJZ4Y45N/ref=sr_1_37?crid=1ETD973V81N4Y&keywords=skis&qid=1670361998&sprefix=skis%2Caps%2C70&sr=8-37,https://m.media-amazon.com/images/I/71fCJeL57JL._AC_UL320_.jpg
"Sukoa Ski and Snowboard Boot Carrier Strap - Men & Women - Shoulder Sling Tote Leash Also for Ice Skates & Rollerblades - Equipment Accessories for Bag, Kit and Gear Pack",$9.77,https://www.amazon.com/Sukoa-Snowboard-Boot-Carrier-Strap/dp/B075FLNHDB/ref=sr_1_38?crid=1ETD973V81N4Y&keywords=skis&qid=1670361998&sprefix=skis%2Caps%2C70&sr=8-38,https://m.media-amazon.com/images/I/81F8BPJyN5L._AC_UL320_.jpg
"WEIERYA Ski Socks 2 Pairs Pack for Skiing, Snowboarding, Outdoor Sports Performance Socks",$22.97,https://www.amazon.com/WEIERYA-Skiing-Snowboarding-Weather-Performance/dp/B07GXBQ3SB/ref=sr_1_39?crid=1ETD973V81N4Y&keywords=skis&qid=1670361998&sprefix=skis%2Caps%2C70&sr=8-39,https://m.media-amazon.com/images/I/81ePI6bHfWL._AC_UL320_.jpg
"FANELIK 3-Hole Knitted Full Face Cover Ski Mask, Winter Balaclava Warm Knit Full Face Mask for Outdoor Sports",$8.99,https://www.amazon.com/FANELIK-3-Hole-Knitted-Balaclava-Outdoor/dp/B09LHJNLHS/ref=sr_1_40?crid=1ETD973V81N4Y&keywords=skis&qid=1670361998&sprefix=skis%2Caps%2C70&sr=8-40,https://m.media-amazon.com/images/I/61yx-OgwAqL._AC_UL320_.jpg
5 Pcs Ski Mask Thermal Snow Face Cover Windproof Winter Hats for Men Full Face Warmers Cold Weather Balaclava Headwear Face Mask Bandanas for Men Women Snowboarding Skiing Cycling,$25.99,https://www.amazon.com/Windproof-Balaclava-Headwear-Bandanas-Snowboarding/dp/B0BLS6M4SJ/ref=sr_1_41?crid=1ETD973V81N4Y&keywords=skis&qid=1670361998&sprefix=skis%2Caps%2C70&sr=8-41,https://m.media-amazon.com/images/I/71nte6AQsOL._AC_UL320_.jpg
Ski Socks Kids 2 Pairs Warm Snowboard Socks for Boys Girls Child Winter Skiing Snow Socks for 5-15 Year Old Children,$18.98,https://www.amazon.com/Snowboard-Winter-Skiing-Children-Purple/dp/B0BD9G5FD7/ref=sr_1_42?crid=1ETD973V81N4Y&keywords=skis&qid=1670361998&sprefix=skis%2Caps%2C70&sr=8-42,https://m.media-amazon.com/images/I/81UeLRijTHL._AC_UL320_.jpg
Men's Waterproof Ski Jacket Warm Winter Snow Coat Hooded Raincoat,$59.99,https://www.amazon.com/Waterproof-Jacket-Winter-Hooded-Raincoat/dp/B08GHNMT2W/ref=sr_1_43?crid=1ETD973V81N4Y&keywords=skis&qid=1670361998&sprefix=skis%2Caps%2C70&sr=8-43,https://m.media-amazon.com/images/I/71thjTjl8PL._AC_UL320_.jpg
"Wool Ski Socks for Women & Men–Snowboarding Socks, OTC, Cushioned, Warm, Durable, Easy Care. 2 Pairs",$19.99,https://www.amazon.com/Socks-Women-Men-Snowboarding-Cushioned-Durable/dp/B0B9S8V6D1/ref=sr_1_44?crid=1ETD973V81N4Y&keywords=skis&qid=1670361998&sprefix=skis%2Caps%2C70&sr=8-44,https://m.media-amazon.com/images/I/91OW0EaPw0L._AC_UL320_.jpg
2 Pcs 3 Hole Ski Mask Winter Balaclava Warm Full Face Knit Mask Ski Hat Mask Knitted Full Face Cover for Men and Women,$15.98,https://www.amazon.com/Winter-Balaclava-Knitted-Cover-Women/dp/B0B87F9F6L/ref=sr_1_45?crid=1ETD973V81N4Y&keywords=skis&qid=1670361998&sprefix=skis%2Caps%2C70&sr=8-45,https://m.media-amazon.com/images/I/71HkHAUUJjL._AC_UL320_.jpg
COOPLUS 2 Pack Ski Socks for Women Men Compression Knee High Winter Warm Socks for Skiing Snowboarding Outdoor Sports Gift,$19.99,https://www.amazon.com/COOPLUS-Compression-Winter-Snowboarding-Outdoor/dp/B0BG77PTQH/ref=sr_1_46?crid=1ETD973V81N4Y&keywords=skis&qid=1670361998&sprefix=skis%2Caps%2C70&sr=8-46,https://m.media-amazon.com/images/I/81fQCs7AY7L._AC_UL320_.jpg
Smartwool Ski Zero Cushion Skication Print OTC Sock - Women's,$27.00,https://www.amazon.com/Smartwool-Zero-Cushion-Skication-Print/dp/B0B83561BG/ref=sr_1_47?crid=1ETD973V81N4Y&keywords=skis&qid=1670361998&sprefix=skis%2Caps%2C70&sr=8-47,https://m.media-amazon.com/images/I/61m9UaltWgL._AC_UL320_.jpg
Smartwool Men's Ski Zero Cushion Pow Print Otc,$27.00,https://www.amazon.com/Smartwool-Performance-Zero-Cushion-Print/dp/B0B4F9MDRQ/ref=sr_1_48?crid=1ETD973V81N4Y&keywords=skis&qid=1670361998&sprefix=skis%2Caps%2C70&sr=8-48,https://m.media-amazon.com/images/I/71-MDA151yL._AC_UL320_.jpg
"Ski Bag and Ski Boot Bag Combo for Air Travel Unpadded - Ski Luggage Bags for Snow Travel Gear - Ski Case for Cross Country, Downhill, Boots, Helmet, Poles, Clothes and Accessories",$53.87,https://www.amazon.com/Ski-Boot-Combo-Travel-Unpadded/dp/B0BCYJ8SJ2/ref=sr_1_49?crid=1ETD973V81N4Y&keywords=skis&qid=1670361998&sprefix=skis%2Caps%2C70&sr=8-49,https://m.media-amazon.com/images/I/816HpmyAS1L._AC_UL320_.jpg
American Trends Beanies Women Winter Hats for Women Satin Lined Slouchy Beanie with Pom Pom Warm Cable Knit Snow Ski Hat,$8.49,https://www.amazon.com/American-Trends-Beanies-Winter-Slouchy/dp/B0BL29FQN9/ref=sr_1_50?crid=1ETD973V81N4Y&keywords=skis&qid=1670361998&sprefix=skis%2Caps%2C70&sr=8-50,https://m.media-amazon.com/images/I/71vXu17AHSL._AC_UL320_.jpg
5.9 Inchx9.8 Ft Ski Skins-Black Ski Skins Protective Mesh for Prevent Snow and Ice from Sticking or Freezing The Skis,$10.99,https://www.amazon.com/Inchx9-8-Skins-Black-Protective-Sticking-Freezing/dp/B0BDLC3TQF/ref=sr_1_51?crid=1ETD973V81N4Y&keywords=skis&qid=1670361998&sprefix=skis%2Caps%2C70&sr=8-51,https://m.media-amazon.com/images/I/81cTUSPN4iL._AC_UL320_.jpg
Amazon Essentials Men's Water-Resistant Insulated Snow Pant,$19.70,https://www.amazon.com/Amazon-Essentials-Water-Resistant-Insulated-Light/dp/B08S7S1HG4/ref=sr_1_52?crid=1ETD973V81N4Y&keywords=skis&qid=1670361998&sprefix=skis%2Caps%2C70&sr=8-52,https://m.media-amazon.com/images/I/718inS8Kd7L._MCnd_AC_UL320_.jpg
"Jeereal Ski Wall Display Rack,Wall Ski Rack Ski Rack for Garage Wall , Timber Wall Mounted Ski Rack Skis Storage",$28.95,https://www.amazon.com/Jeereal-Display-Garage-Mounted-Storage/dp/B0B7WPBZ1M/ref=sr_1_53?crid=1ETD973V81N4Y&keywords=skis&qid=1670361998&sprefix=skis%2Caps%2C70&sr=8-53,https://m.media-amazon.com/images/I/610gNPwD0xL._AC_UL320_.jpg
"OutdoorMaster Kelvin Ski Helmet - Snowboard Helmet for Men, Women & Youth",$49.99,https://www.amazon.com/OutdoorMaster-Ski-Helmet-Certified-Different/dp/B074P2JB49/ref=sr_1_54?crid=1ETD973V81N4Y&keywords=skis&qid=1670361998&sprefix=skis%2Caps%2C70&sr=8-54,https://m.media-amazon.com/images/I/51HXt+H7XqL._AC_UL320_.jpg
"2/3 Pack Men's Ski Socks for Skiing, Snowboarding, Winter Performance Socks",$18.99,https://www.amazon.com/CelerSport-Skiing-Snowboarding-Weather-Performance/dp/B08HM1LDRT/ref=sr_1_55?crid=1ETD973V81N4Y&keywords=skis&qid=1670361998&sprefix=skis%2Caps%2C70&sr=8-55,https://m.media-amazon.com/images/I/819WAI887lL._AC_UL320_.jpg
Smartwool Ski Zero Cushion OTC Socks - Men's,$27.00,https://www.amazon.com/Smartwool-Mens-Zero-Cushion-Picante/dp/B0B4FCY836/ref=sr_1_56?crid=1ETD973V81N4Y&keywords=skis&qid=1670361998&sprefix=skis%2Caps%2C70&sr=8-56,https://m.media-amazon.com/images/I/51lWvoO5HRL._AC_UL320_.jpg
"Hikenture Ski Bag with Fully Padded, Water-Resistant Ski Bags for Air Travel, Foam Padded Ski Bag for Ski Gear, Durable Ski Travel Bag with Pockets, Large Capacity Ski Bag Fits Up To 188cm",$79.98,https://www.amazon.com/Hikenture-Water-Resistant-Durable-Pockets-Capacity/dp/B0B9ZLDXNJ/ref=sr_1_57?crid=1ETD973V81N4Y&keywords=skis&qid=1670361998&sprefix=skis%2Caps%2C70&sr=8-57,https://m.media-amazon.com/images/I/61QwFK48BmL._AC_UL320_.jpg
Women's Waterproof Ski Jacket Warm Winter Snow Coat Hooded Raincoat,$54.99,https://www.amazon.com/Womens-Waterproof-Jacket-Winter-Raincoat/dp/B08HGTCF8M/ref=sr_1_58?crid=1ETD973V81N4Y&keywords=skis&qid=1670361998&sprefix=skis%2Caps%2C70&sr=8-58,https://m.media-amazon.com/images/I/715wuxeTVjL._AC_UL320_.jpg
DARCHEN Kids Snow Gloves for Boys Girls Winter Waterproof Insulated Kids Ski Gloves Thickening Warm Windproof Outdoor Gloves,$14.99,https://www.amazon.com/DARCHEN-Waterproof-Insulated-Thickening-Windproof/dp/B0B8Z6QWHP/ref=sr_1_59?crid=1ETD973V81N4Y&keywords=skis&qid=1670361998&sprefix=skis%2Caps%2C70&sr=8-59,https://m.media-amazon.com/images/I/71zQxOS3WZL._AC_UL320_.jpg
"PENGDA Ski Boot Bag -Ski Boots Snowboard Boots Bag Waterproof Travel Boot Bag for Ski Helmets, Goggles, Gloves, Ski Apparel & Boot Storage(2 Separate Compartments)",$22.39,https://www.amazon.com/PENGDA-Snowboard-Excellent-Waterproof-Compartments/dp/B08MQ6DBVQ/ref=sr_1_60?crid=1ETD973V81N4Y&keywords=skis&qid=1670361998&sprefix=skis%2Caps%2C70&sr=8-60,https://m.media-amazon.com/images/I/71JS9lZN9lL._AC_UL320_.jpg
