item_name,price,link_to_item,link_to_item_image
"Birds of Prey Optics 10x42 Eagle Powerful Binoculars for Adults - Professional Clear HD BAK4 & FCM Prism Lens Binoculars for Bird Watching, Hunting, Travel, Sports, and Concert, with Carrying Bag",$289.94,https://www.amazon.com/gp/slredirect/picassoRedirect.html/ref=pa_sp_atf_aps_sr_pg1_1?ie=UTF8&adId=A10033323QNEU2I96EJB3&qualifier=1670361960&id=2847813717033291&widgetName=sp_atf&url=%2FBirds-Prey-Optics-Powerful-Binoculars%2Fdp%2FB0B9179HXW%2Fref%3Dsr_1_1_sspa%3Fcrid%3D1ETD973V81N4Y%26keywords%3Dbird%26qid%3D1670361960%26sprefix%3Dbird%252Caps%252C70%26sr%3D8-1-spons%26psc%3D1,https://m.media-amazon.com/images/I/51aa6YRkcML._AC_UL320_.jpg
"Mrcrafts Window Bird Feeder for Outside with Strong Suction Cups, Fits for Cardinals, Finches, Chickadees etc.",$24.95,https://www.amazon.com/Mrcrafts-Outside-Suction-Cardinals-Chickadees/dp/B08VGBZ43W/ref=sr_1_2?crid=1ETD973V81N4Y&keywords=bird&qid=1670361960&sprefix=bird%2Caps%2C70&sr=8-2,https://m.media-amazon.com/images/I/61ejzfPDewL._AC_UL320_.jpg
"Six Birds Cardinal Gifts Stained Metal Window Hangings, Multicolor Bird On A Wire Window Panel Decor Series Ornament Home Wall Garden Decoration Bird Love Gifts",$18.89,https://www.amazon.com/Cardinal-Hangings-Multicolor-Ornament-Decoration/dp/B094RC6R76/ref=sr_1_4?crid=1ETD973V81N4Y&keywords=bird&qid=1670361960&sprefix=bird%2Caps%2C70&sr=8-4,https://m.media-amazon.com/images/I/61HBo9CUseS._AC_UL320_.jpg
Easily Distracted By Birds Funny Bird T-Shirt,$13.07,https://www.amazon.com/Easily-Distracted-Birds-Bird-T-Shirt/dp/B0833H2MN1/ref=sr_1_5?crid=1ETD973V81N4Y&keywords=bird&qid=1670361960&sprefix=bird%2Caps%2C70&sr=8-5,https://m.media-amazon.com/images/I/71nnGGWDzpL._AC_UL320_.jpg
Birds on a Wire Heat Changing Mug - Add Coffee and Colorful Birds Appear,$17.95,https://www.amazon.com/Birds-Wire-Heat-Changing-Mug/dp/B071WMNYHZ/ref=sr_1_6?crid=1ETD973V81N4Y&keywords=bird&qid=1670361960&sprefix=bird%2Caps%2C70&sr=8-6,https://m.media-amazon.com/images/I/61R4BC46KHL._AC_UL320_.jpg
"ECHEN Clear Window Bird Feeder, Large Bird House for Outside with Strong Suction Cups and Removable Sliding Tray with Drain Holes, Great Bird Watching Gifts for Seniors, Wild Bird Feeders",$16.99,https://www.amazon.com/ECHEN-Outside-Suction-Removable-Watching/dp/B0B66N9TWR/ref=sr_1_7?crid=1ETD973V81N4Y&keywords=bird&qid=1670361960&sprefix=bird%2Caps%2C70&sr=8-7,https://m.media-amazon.com/images/I/81VYqjYeLbL._AC_UL320_.jpg
The Birds,$3.99,https://www.amazon.com/Birds-Tippi-Hedren/dp/B000I8H7RI/ref=sr_1_8?crid=1ETD973V81N4Y&keywords=bird&qid=1670361960&sprefix=bird%2Caps%2C70&sr=8-8,https://m.media-amazon.com/images/I/81qpMaI+UyL._AC_UL320_.jpg
Conversations with Birds,$28.00,https://www.amazon.com/Conversations-Birds-Priyanka-Kumar/dp/1571313990/ref=sr_1_9?crid=1ETD973V81N4Y&keywords=bird&qid=1670361960&sprefix=bird%2Caps%2C70&sr=8-9,https://m.media-amazon.com/images/I/81OCJZXbLCL._AC_UL320_.jpg
"COYMOS Hummingbird Nesting, Globe Hummingbird House with Soft White Fiber for Nesting (2 Pack)",$8.95,https://www.amazon.com/COYMOS-Hummingbird-Nesting-Globe-Cotton/dp/B084MLHL38/ref=sr_1_10?crid=1ETD973V81N4Y&keywords=bird&qid=1670361960&sprefix=bird%2Caps%2C70&sr=8-10,https://m.media-amazon.com/images/I/71+sbAMIX1L._AC_UL320_.jpg
Bird,$2.99,https://www.amazon.com/Bird-Charlie-Parker-Forest-Whitaker/dp/B0091X198O/ref=sr_1_11?crid=1ETD973V81N4Y&keywords=bird&qid=1670361960&sprefix=bird%2Caps%2C70&sr=8-11,https://m.media-amazon.com/images/I/717fgHuZecL._AC_UL320_.jpg
"FANTESTICRYAN Small Birds Statues Gold Home Decor Modern Style Figurine Decorative Ornaments for Living Room, Bedroom, Office Desktop, Cabinets",$15.98,https://www.amazon.com/Fantastic-Ryan-Decorative-Originality-Furnishing/dp/B07SPKC554/ref=sr_1_12?crid=1ETD973V81N4Y&keywords=bird&qid=1670361960&sprefix=bird%2Caps%2C70&sr=8-12,https://m.media-amazon.com/images/I/71SKqRaBtwL._AC_UL320_.jpg
I Like Birds Minimalist Funny T-Shirt,$17.99,https://www.amazon.com/Like-Birds-Minimalist-Funny-T-Shirt/dp/B07CKVPFSB/ref=sr_1_13?crid=1ETD973V81N4Y&keywords=bird&qid=1670361960&sprefix=bird%2Caps%2C70&sr=8-13,https://m.media-amazon.com/images/I/51Y37wb7l1L._AC_UL320_.jpg
"BINGLALA Multicolor Birds On-A-Wire, Metal Bird Series Art Ornaments Pendant Hanging for Windows or Doors Home Decoration, Gifts for Bird Lovers（7 Birds）",$16.99,https://www.amazon.com/Multicolor-Ornaments-Pendant-Decoration-Lovers%EF%BC%887/dp/B092ZPQXFR/ref=sr_1_15?crid=1ETD973V81N4Y&keywords=bird&qid=1670361960&sprefix=bird%2Caps%2C70&sr=8-15,https://m.media-amazon.com/images/I/61iCPU4enlL._AC_UL320_.jpg
Free Birds,$3.99,https://www.amazon.com/Free-Birds-Owen-Wilson/dp/B00HBCNIMM/ref=sr_1_16?crid=1ETD973V81N4Y&keywords=bird&qid=1670361960&sprefix=bird%2Caps%2C70&sr=8-16,https://m.media-amazon.com/images/I/71cX1aUkufL._AC_UL320_.jpg
Nature Anywhere Clear Plastic Window Bird Feeder for Outside - Clear Window Bird Feeders with Strong Suction Cups - Transparent Bird Feeder Window Mount Acrylic Bird House for Cat Window Perch,$23.90,https://www.amazon.com/gp/slredirect/picassoRedirect.html/ref=pa_sp_mtf_aps_sr_pg1_1?ie=UTF8&adId=A0515112316TM8S0XM1D1&qualifier=1670361960&id=2847813717033291&widgetName=sp_mtf&url=%2FWindow-Feeder-Nature-Anywhere-Sliding%2Fdp%2FB00TI7OPP2%2Fref%3Dsr_1_17_sspa%3Fcrid%3D1ETD973V81N4Y%26keywords%3Dbird%26qid%3D1670361960%26sprefix%3Dbird%252Caps%252C70%26sr%3D8-17-spons%26psc%3D1,https://m.media-amazon.com/images/I/71uxxwlpbxL._AC_UL320_.jpg
QIEGL Bird Spikes Stainless Steel for Pigeons Small Birds Anti Bird Spikes Bird Deterrent Spikes Sparrow Fence Spikes Cover 10 Feet (10 Pack Uninstalled),$19.99,https://www.amazon.com/gp/slredirect/picassoRedirect.html/ref=pa_sp_mtf_aps_sr_pg1_1?ie=UTF8&adId=A011721610E9WG1AHP2WM&qualifier=1670361960&id=2847813717033291&widgetName=sp_mtf&url=%2FQIEGL-Stainless-Deterrent-Repellent-Uninstalled%2Fdp%2FB087CKWB4B%2Fref%3Dsr_1_18_sspa%3Fcrid%3D1ETD973V81N4Y%26keywords%3Dbird%26qid%3D1670361960%26sprefix%3Dbird%252Caps%252C70%26sr%3D8-18-spons%26psc%3D1,https://m.media-amazon.com/images/I/81pWwn06+uL._AC_UL320_.jpg
ERYTLLY Bird Feeders Bird Feeding Station Kit Bird Feeding Pole Wild Bird Feeder Hanging Kit with Suet Cage Tube Bird Feeder Planter Hanger Multi Feeder for Attracting Wild Birds,$35.99,https://www.amazon.com/gp/slredirect/picassoRedirect.html/ref=pa_sp_mtf_aps_sr_pg1_1?ie=UTF8&adId=A04567962FCSB5WIONSML&qualifier=1670361960&id=2847813717033291&widgetName=sp_mtf&url=%2FERYTLLY-Feeders-Feeding-Squirrel-Attracting%2Fdp%2FB09NLMN4HK%2Fref%3Dsr_1_19_sspa%3Fcrid%3D1ETD973V81N4Y%26keywords%3Dbird%26qid%3D1670361960%26sprefix%3Dbird%252Caps%252C70%26sr%3D8-19-spons%26psc%3D1,https://m.media-amazon.com/images/I/61fadzx+yIL._AC_UL320_.jpg
"Ogioxam Bird Heater, Thermostatical Bird Warmer for Parakeets, IP67 Waterproof Bird Accessories and Supplies, 12V",$33.97,https://www.amazon.com/gp/slredirect/picassoRedirect.html/ref=pa_sp_mtf_aps_sr_pg1_1?ie=UTF8&adId=A0040210FO58CRXYFFWE&qualifier=1670361960&id=2847813717033291&widgetName=sp_mtf&url=%2FOgioxam-Thermostatical-Parakeets-Waterproof-Accessories%2Fdp%2FB09NL4KMYP%2Fref%3Dsr_1_20_sspa%3Fcrid%3D1ETD973V81N4Y%26keywords%3Dbird%26qid%3D1670361960%26sprefix%3Dbird%252Caps%252C70%26sr%3D8-20-spons%26psc%3D1,https://m.media-amazon.com/images/I/716bMGJveQL._AC_UL320_.jpg
Solar Bird Feeder for Outside Hanging Outdoor - Solar Powered Garden Lantern Light Outside Bird House Wild Hanging Birdfeeder Waterproof Unique Retro Mosaic Copper Bird Feeder Gift Idea,$44.99,https://www.amazon.com/XDW-GIFTS-Bird-Feeder-Outside-Hanging-Outdoor/dp/B07VBKN7HP/ref=sr_1_21?crid=1ETD973V81N4Y&keywords=bird&qid=1670361960&sprefix=bird%2Caps%2C70&sr=8-21,https://m.media-amazon.com/images/I/81RggcbgDWL._AC_UL320_.jpg
"The Field Guide to Dumb Birds of North America (Bird Books, Books for Bird Lovers, Humor Books)",$11.81,https://www.amazon.com/Field-Guide-Birds-North-America/dp/1452174032/ref=sr_1_22?crid=1ETD973V81N4Y&keywords=bird&qid=1670361960&sprefix=bird%2Caps%2C70&sr=8-22,https://m.media-amazon.com/images/I/71Yq96HGKlL._AC_UL320_.jpg
"Gray Bunny Deluxe Clear Window Bird Feeder with Extra-Strong Suction Cups - Outdoor Bird Feeder with Drain Holes, Removable Tray, Large Seed Capacity, & Rubber Perch!",$23.99,https://www.amazon.com/Gray-Bunny-GB-6850-Birdfeeder-Transparent/dp/B01MECM153/ref=sr_1_23?crid=1ETD973V81N4Y&keywords=bird&qid=1670361960&sprefix=bird%2Caps%2C70&sr=8-23,https://m.media-amazon.com/images/I/81x12mDQYIL._AC_UL320_.jpg
"WDEFUN Humming Bird Houses for Outdoor Hanging, Natural Grass Bird Hut,Hand Woven Hummingbird Nest,Wren Finch Bird House for Garden Window Outdoor Home 3 Pack",$18.99,https://www.amazon.com/Humming-Outdoor-Hanging-Natural-Hummingbird/dp/B098BHMRCL/ref=sr_1_24?crid=1ETD973V81N4Y&keywords=bird&qid=1670361960&sprefix=bird%2Caps%2C70&sr=8-24,https://m.media-amazon.com/images/I/81yjvr+XM-L._AC_UL320_.jpg
"Wagner's 13008 Deluxe Wild Bird Food, 10 lb Bag",$14.99,https://www.amazon.com/Wagners-13008-Deluxe-Wild-10-Pound/dp/B00310210I/ref=sr_1_25?crid=1ETD973V81N4Y&keywords=bird&qid=1670361960&sprefix=bird%2Caps%2C70&sr=8-25,https://m.media-amazon.com/images/I/612RC6H3yuL._AC_UL320_.jpg
Clear Window Bird Feeders with Strong Suction Cups - Big Bird House for Outside - Suction Cup Bird Feeder - Window Clear Bird Feeders for Window - Acrylic Bird Feeder for Viewing - Nature's Hangout,$31.95,https://www.amazon.com/Window-Bird-Feeder-Removable-Guaranteed/dp/B078Z7VTCF/ref=sr_1_26?crid=1ETD973V81N4Y&keywords=bird&qid=1670361960&sprefix=bird%2Caps%2C70&sr=8-26,https://m.media-amazon.com/images/I/81j6pFiRxiL._AC_UL320_.jpg
"4-Pack of Mr. Bird Bugs, Nuts, Fruit Wild Bird Seed Bell 12.5 oz.",$30.11,https://www.amazon.com/4-Pack-Mr-Bird-Bugs-Fruit/dp/B07G4G5VHW/ref=sr_1_27?crid=1ETD973V81N4Y&keywords=bird&qid=1670361960&sprefix=bird%2Caps%2C70&sr=8-27,https://m.media-amazon.com/images/I/71JDdJHmsoL._AC_UL320_.jpg
"Lyric Fine Tunes Wild Bird Seed, No Waste Bird Food Mix, 15 lb. Bag",$41.99,https://www.amazon.com/Lyric-2647440-Fine-Tunes-Waste/dp/B008SBKE0Y/ref=sr_1_28?crid=1ETD973V81N4Y&keywords=bird&qid=1670361960&sprefix=bird%2Caps%2C70&sr=8-28,https://m.media-amazon.com/images/I/813s26tfY3L._AC_UL320_.jpg
Clear Window Bird Feeders with Strong Suction Cups - Big Bird House for Outside - Suction Cup Bird Feeder - Window Clear Bird Feeders for Window - Acrylic Bird Feeder for Viewing - Nature's Hangout,$31.95,https://www.amazon.com/gp/slredirect/picassoRedirect.html/ref=pa_sp_mtf_aps_sr_pg1_1?ie=UTF8&adId=A096896531SWMMZBOJPG&qualifier=1670361960&id=2847813717033291&widgetName=sp_mtf&url=%2FWindow-Bird-Feeder-Removable-Guaranteed%2Fdp%2FB078Z7VTCF%2Fref%3Dsr_1_29_sspa%3Fcrid%3D1ETD973V81N4Y%26keywords%3Dbird%26qid%3D1670361960%26sprefix%3Dbird%252Caps%252C70%26sr%3D8-29-spons%26psc%3D1,https://m.media-amazon.com/images/I/81j6pFiRxiL._AC_UL320_.jpg
"D.F. Omer Window Bird Feeder Weatherproof Outdoor Suction Cup Hanger Acrylic Plastic Window Bird Feeder with 3 Section Tray and Roof Cover, Clear",$19.90,https://www.amazon.com/gp/slredirect/picassoRedirect.html/ref=pa_sp_mtf_aps_sr_pg1_1?ie=UTF8&adId=A005118431P7T36RZ8AIP&qualifier=1670361960&id=2847813717033291&widgetName=sp_mtf&url=%2FD-F-Omer-Weatherproof-Outdoor-Suction%2Fdp%2FB083WDKLBF%2Fref%3Dsr_1_30_sspa%3Fcrid%3D1ETD973V81N4Y%26keywords%3Dbird%26qid%3D1670361960%26sprefix%3Dbird%252Caps%252C70%26sr%3D8-30-spons%26psc%3D1,https://m.media-amazon.com/images/I/81HwuwVmaGL._AC_UL320_.jpg
WEAUSUP Handmade Wooden Carved Bird Decor Sculpted Hand-Painted Bird Figurines Small Home Decor Bird Statue Shelf Decor BFF Gifts for Bird Lovers(Leptopoecile sophiae),$19.99,https://www.amazon.com/gp/slredirect/picassoRedirect.html/ref=pa_sp_mtf_aps_sr_pg1_1?ie=UTF8&adId=A09469162P855ETJWPQRY&qualifier=1670361960&id=2847813717033291&widgetName=sp_mtf&url=%2FWEAUSUP-Handmade-Hand-Painted-Figurines-Leptopoecile%2Fdp%2FB09PTWWX91%2Fref%3Dsr_1_31_sspa%3Fcrid%3D1ETD973V81N4Y%26keywords%3Dbird%26qid%3D1670361960%26sprefix%3Dbird%252Caps%252C70%26sr%3D8-31-spons%26psc%3D1,https://m.media-amazon.com/images/I/41vrX5+-NxL._AC_UL320_.jpg
Zaer Ltd. Copper Color Bird House Garden Stake with Ornate Style Roof (Cylinder House),$129.95,https://www.amazon.com/gp/slredirect/picassoRedirect.html/ref=pa_sp_mtf_aps_sr_pg1_1?ie=UTF8&adId=A029552134KYMRFFTYHVR&qualifier=1670361960&id=2847813717033291&widgetName=sp_mtf&url=%2FZaer-Ltd-House-Stake-Cylinder%2Fdp%2FB0881XJPCJ%2Fref%3Dsr_1_32_sspa%3Fcrid%3D1ETD973V81N4Y%26keywords%3Dbird%26qid%3D1670361960%26sprefix%3Dbird%252Caps%252C70%26sr%3D8-32-spons%26psc%3D1,https://m.media-amazon.com/images/I/51SGaOJS5aL._AC_UL320_.jpg
The Field Guide to Dumb Birds of the Whole Stupid World,$12.89,https://www.amazon.com/Field-Guide-Birds-Whole-Stupid/dp/1797212273/ref=sr_1_33?crid=1ETD973V81N4Y&keywords=bird&qid=1670361960&sprefix=bird%2Caps%2C70&sr=8-33,https://m.media-amazon.com/images/I/61TDCSmpvLL._AC_UL320_.jpg
"Toysmith Beetle & Bee Build & Paint A Bird Bistro - DIY Kid Art Craft Outdoor Birdhouse Kit, 5.25"" x 7"" x 6.5"", Fully Assembled to Decorate- 4 Paints, 1 Brush, Chain for Tree Hanging, Age 3+",$12.56,https://www.amazon.com/Toysmith-Paint-A-Bird-Bistro/dp/B07LDBC5NM/ref=sr_1_34?crid=1ETD973V81N4Y&keywords=bird&qid=1670361960&sprefix=bird%2Caps%2C70&sr=8-34,https://m.media-amazon.com/images/I/71UB9I7pInL._AC_UL320_.jpg
Wild North,$1.99,https://www.amazon.com/Wild-North-The-Coast/dp/B074TY66M8/ref=sr_1_37?crid=1ETD973V81N4Y&keywords=bird&qid=1670361960&sprefix=bird%2Caps%2C70&sr=8-37,https://m.media-amazon.com/images/I/81zZUuQSKEL._AC_UL320_.jpg
"Bird Bath with Trellis Outdoor, Antique Garden Iron Plant Trellis with Decorative Butterflies Detachable Bird Bath Bowl Metal Potted Plants Support for Climbing Flowers",$25.99,https://www.amazon.com/Trellis-Decorative-Butterflies-Detachable-Climbing/dp/B09JKKBSD1/ref=sr_1_38?crid=1ETD973V81N4Y&keywords=bird&qid=1670361960&sprefix=bird%2Caps%2C70&sr=8-38,https://m.media-amazon.com/images/I/81tNYzMWrzL._AC_UL320_.jpg
Birds Kitchen Towels Birds On Branch Dish Towels Set of 4 Cardinal Hummingbird Bluejay Fall Absorbent Hand Towels Tea Towels Gifts for Bird Lovers Women for Cleaning Drying Towels Cooking Baking,$23.99,https://www.amazon.com/Watercolor-Cardinal-Hummingbird-Absorbent-Cleaning/dp/B09Q82RFYR/ref=sr_1_39?crid=1ETD973V81N4Y&keywords=bird&qid=1670361960&sprefix=bird%2Caps%2C70&sr=8-39,https://m.media-amazon.com/images/I/71QWUeC-jdL._AC_UL320_.jpg
"St. Albans Bay Suet Plus High Energy Suet Cakes, 20 Pack of 11 oz. Suet Cakes for Wild Birds",$27.19,https://www.amazon.com/Albans-Suet-Energy-Cakes-Birds/dp/B07VKGRZ58/ref=sr_1_40?crid=1ETD973V81N4Y&keywords=bird&qid=1670361960&sprefix=bird%2Caps%2C70&sr=8-40,https://m.media-amazon.com/images/I/81uo+Bo-Z7L._AC_UL320_.jpg
"50Pcs Bird Stickers, Aesthetic Vinyl Waterproof Stickers for Water Bottle, Laptop, MacBook, Phone, Hydro Flask",$5.99,https://www.amazon.com/Stickers-Aesthetic-Waterproof-Bottle-MacBook/dp/B0B1HLNK1W/ref=sr_1_42?crid=1ETD973V81N4Y&keywords=bird&qid=1670361960&sprefix=bird%2Caps%2C70&sr=8-42,https://m.media-amazon.com/images/I/81jI87BVUpL._AC_UL320_.jpg
Go Birds Definition T-Shirt,$19.99,https://www.amazon.com/Go-Birds-Definition-T-Shirt/dp/B0BJ16MMJH/ref=sr_1_43?crid=1ETD973V81N4Y&keywords=bird&qid=1670361960&sprefix=bird%2Caps%2C70&sr=8-43,https://m.media-amazon.com/images/I/617OtRYFvAL._AC_UL320_.jpg
The Angry Birds Movie 2,$2.99,https://www.amazon.com/Angry-Birds-Movie-2/dp/B07VYW3CX1/ref=sr_1_44?crid=1ETD973V81N4Y&keywords=bird&qid=1670361960&sprefix=bird%2Caps%2C70&sr=8-44,https://m.media-amazon.com/images/I/81B1Ac8iXZL._AC_UL320_.jpg
Birds and Blooms,$0.00,https://www.amazon.com/Birds-and-Blooms/dp/B00629NIMK/ref=sr_1_45?crid=1ETD973V81N4Y&keywords=bird&qid=1670361960&sprefix=bird%2Caps%2C70&sr=8-45,https://m.media-amazon.com/images/I/616e3aYI42L._AC_UL320_.jpg
Bird Feeders for Outdoors Hanging Solar Bird Feeder Garden Lantern for Outside Patio Decoration Gift for Wild Bird Lovers Metal Easy to Clean and Fill,$9.99,https://www.amazon.com/Feeders-Outdoors-Hanging-Lantern-Decoration/dp/B0B5TWPJXG/ref=sr_1_46?crid=1ETD973V81N4Y&keywords=bird&qid=1670361960&sprefix=bird%2Caps%2C70&sr=8-46,https://m.media-amazon.com/images/I/71qlYAkDU+L._AC_UL320_.jpg
"Decflow Bird Feeders for Outdoors Hanging, Squirrel Proof Wild Bird Feeders for Outside, Metal Bird Seed Feeder for Small Birds, 4 lbs Large Capacity for Cardinal, Finch, Sparrow, Blue Jay.",$29.99,https://www.amazon.com/Decflow-Outdoors-Squirrel-Capacity-Cardinal/dp/B0B5SQ4ZNH/ref=sr_1_47?crid=1ETD973V81N4Y&keywords=bird&qid=1670361960&sprefix=bird%2Caps%2C70&sr=8-47,https://m.media-amazon.com/images/I/71UwNWYjpBL._AC_UL320_.jpg
"FreshCutPaper Pop Up Winter Tree, 15 inch Fall & Holiday Tree Decoration & Centerpiece with Removable Bird Ornaments, 3D Popup Tree with Blank Christmas Card & Envelope for Christmas Party Decoration",$20.00,https://www.amazon.com/FreshCutPaper-Decoration-Centerpiece-Removable-Ornaments/dp/B0BBPVVWG8/ref=sr_1_48?crid=1ETD973V81N4Y&keywords=bird&qid=1670361960&sprefix=bird%2Caps%2C70&sr=8-48,https://m.media-amazon.com/images/I/81y2+ii01pL._AC_UL320_.jpg
Looney Tunes Tweety Bird Jewelry Necklace and Earrings Set,$16.99,https://www.amazon.com/Looney-Tweety-Jewelry-Necklace-Earrings/dp/B07BBY8P5H/ref=sr_1_49?crid=1ETD973V81N4Y&keywords=bird&qid=1670361960&sprefix=bird%2Caps%2C70&sr=8-49,https://m.media-amazon.com/images/I/61HY2oqzHqL._AC_UL320_.jpg
"More Birds Quick Release Seed Scoop, Seed Dispenser, 1.33 lb Seed Capacity",$3.39,https://www.amazon.com/More-Birds-38095-Seed-Scoop/dp/B004I3X66U/ref=sr_1_50?crid=1ETD973V81N4Y&keywords=bird&qid=1670361960&sprefix=bird%2Caps%2C70&sr=8-50,https://m.media-amazon.com/images/I/61cx3SKZcML._AC_UL320_.jpg
"Wagner's 82072 Gourmet Nut & Fruit Wild Bird Food, 5-Pound Bag",$13.98,https://www.amazon.com/Wagners-82072-Gourmet-Fruit-5-Pound/dp/B07DBC9JF8/ref=sr_1_51?crid=1ETD973V81N4Y&keywords=bird&qid=1670361960&sprefix=bird%2Caps%2C70&sr=8-51,https://m.media-amazon.com/images/I/913gt9wC6oL._AC_UL320_.jpg
"Wagner's 57075 Safflower Seed Wild Bird Food, 5-Pound Bag",$11.98,https://www.amazon.com/Wagners-57075-Safflower-Seed-5-Pound/dp/B004477AOO/ref=sr_1_53?crid=1ETD973V81N4Y&keywords=bird&qid=1670361960&sprefix=bird%2Caps%2C70&sr=8-53,https://m.media-amazon.com/images/I/9142TTyKo5L._AC_UL320_.jpg
One Ugly Ass Bird: Memorable moments from time spent with Mother Nature,$14.99,https://www.amazon.com/One-Ugly-Ass-Bird-Memorable/dp/B0BM3L1297/ref=sr_1_54?crid=1ETD973V81N4Y&keywords=bird&qid=1670361960&sprefix=bird%2Caps%2C70&sr=8-54,https://m.media-amazon.com/images/I/618Fcgg+ABL._AC_UL320_.jpg
Kaytee Corn On A Cob Wild Pet Food,$8.82,https://www.amazon.com/Kaytee-Squirrels-Chipmunks-Backyard-Wildlife/dp/B0002DGNQK/ref=sr_1_55?crid=1ETD973V81N4Y&keywords=bird&qid=1670361960&sprefix=bird%2Caps%2C70&sr=8-55,https://m.media-amazon.com/images/I/81V++n+eCtL._AC_UL320_.jpg
"Window Bird Feeder, eWonLife Window Bird Feeders with Strong Suction Cups for Outside, Height Adjustable to 9.5 Inch, Removable Tray with 4 Compartments, Easy Clean and Fill, Clear Acrylic Bird House",$19.99,https://www.amazon.com/eWonLife-Feeders-Adjustable-Removable-Compartments/dp/B0B6H9Q9M2/ref=sr_1_56?crid=1ETD973V81N4Y&keywords=bird&qid=1670361960&sprefix=bird%2Caps%2C70&sr=8-56,https://m.media-amazon.com/images/I/81Bnt-68nsL._AC_UL320_.jpg
"Clear Window Bird Feeder for Outside - Window Bird Feeders with Strong Suction Cups, Transparent Bird House, Balcony Glass Mount, Acrylic Cat, Kids & Elderly Viewing Clear Bird Feeder for Window Perch",$31.95,https://www.amazon.com/Clear-Window-Bird-Feeder-Outside/dp/B00YSU3WG2/ref=sr_1_57?crid=1ETD973V81N4Y&keywords=bird&qid=1670361960&sprefix=bird%2Caps%2C70&sr=8-57,https://m.media-amazon.com/images/I/81FiY8AGhNL._AC_UL320_.jpg
"Six Birds Cardinal Gifts Stained Metal Window Hangings, Multicolor Bird On A Wire Window Panel Decor Series Ornament Home Wall Garden Decoration Bird Love Gifts",$18.89,https://www.amazon.com/gp/slredirect/picassoRedirect.html/ref=pa_sp_btf_aps_sr_pg1_1?ie=UTF8&adId=A04528522J90X570G7O5J&qualifier=1670361960&id=2847813717033291&widgetName=sp_btf&url=%2FCardinal-Hangings-Multicolor-Ornament-Decoration%2Fdp%2FB094RC6R76%2Fref%3Dsr_1_58_sspa%3Fcrid%3D1ETD973V81N4Y%26keywords%3Dbird%26qid%3D1670361960%26sprefix%3Dbird%252Caps%252C70%26sr%3D8-58-spons%26psc%3D1,https://m.media-amazon.com/images/I/61HBo9CUseS._AC_UL320_.jpg
Vintage Peacock Bird Watercolor bird lover gift T-Shirt,$18.99,https://www.amazon.com/gp/slredirect/picassoRedirect.html/ref=pa_sp_btf_aps_sr_pg1_1?ie=UTF8&adId=A0581977BBNV37Y9BN2X&qualifier=1670361960&id=2847813717033291&widgetName=sp_btf&url=%2FVintage-Peacock-Watercolor-bird-T-Shirt%2Fdp%2FB08CBYGBH5%2Fref%3Dsr_1_59_sspa%3Fcrid%3D1ETD973V81N4Y%26keywords%3Dbird%26qid%3D1670361960%26sprefix%3Dbird%252Caps%252C70%26sr%3D8-59-spons%26psc%3D1,https://m.media-amazon.com/images/I/71VbV+4Zc0L._AC_UL320_.jpg
"48 Pcs Artificial Simulation Birds Feather Mini Bird Decorative Fake Birds for Craft Home Ornaments Garden Wedding Decoration Embellishing, Random Color",$11.99,https://www.amazon.com/gp/slredirect/picassoRedirect.html/ref=pa_sp_btf_aps_sr_pg1_1?ie=UTF8&adId=A060008726PAROJSOH7FL&qualifier=1670361960&id=2847813717033291&widgetName=sp_btf&url=%2FArtificial-Simulation-Decorative-Decoration-Embellishing%2Fdp%2FB0923RXNFF%2Fref%3Dsr_1_60_sspa%3Fcrid%3D1ETD973V81N4Y%26keywords%3Dbird%26qid%3D1670361960%26sprefix%3Dbird%252Caps%252C70%26sr%3D8-60-spons%26psc%3D1,https://m.media-amazon.com/images/I/71Tp5v34VsS._AC_UL320_.jpg
