item_name,price,link_to_item,link_to_item_image
LZV White Ceramic Vase Nordic Circular Matte ​Hollow Donut Flower Vases for Dinner，Office，Bedroom，Table，Party，Living Room（WhiteMedium）,$19.99,https://www.amazon.com/gp/slredirect/picassoRedirect.html/ref=pa_sp_atf_aps_sr_pg1_1?ie=UTF8&adId=A06494452M0IE6HJ7T465&qualifier=1670362101&id=711049687867290&widgetName=sp_atf&url=%2FLZV-Ceramic-Circular-Dinner%25EF%25BC%258COffice%25EF%25BC%258CBedroom%25EF%25BC%258CTable%25EF%25BC%258CParty%25EF%25BC%258CLiving-Room%25EF%25BC%2588WhiteMedium%25EF%25BC%2589%2Fdp%2FB0BCV9RFF7%2Fref%3Dsr_1_1_sspa%3Fcrid%3D1ETD973V81N4Y%26keywords%3Dvase%26qid%3D1670362101%26sprefix%3Dvase%252Caps%252C70%26sr%3D8-1-spons%26psc%3D1,https://m.media-amazon.com/images/I/61njIuvzqvL._AC_UL320_.jpg
Aoderun Flower Glass Vase for Decor Home Handmade Modern Large Flower Vases for Centerpieces Living Room Kitchen Office Wedding 8.7 Inch ( Iridescent Clear ),$16.99,https://www.amazon.com/Aoderun-Handmade-Centerpieces-Kitchen-Wedding/dp/B08SGC6BFZ/ref=sr_1_2?crid=1ETD973V81N4Y&keywords=vase&qid=1670362101&sprefix=vase%2Caps%2C70&sr=8-2,https://m.media-amazon.com/images/I/61CHK6romKS._AC_UL320_.jpg
Ins Modern Glass Vase Irised Crystal Clear Glass Vase for Home Office Decor (Crystal Grey),$16.99,https://www.amazon.com/Fantastic-Ryan-Modern-Irised-Crystal/dp/B07XP56HBS/ref=sr_1_3?crid=1ETD973V81N4Y&keywords=vase&qid=1670362101&sprefix=vase%2Caps%2C70&sr=8-3,https://m.media-amazon.com/images/I/71eU-rFS3eL._AC_UL320_.jpg
"Ceramic Vase - Flower Vase Minimalism Style for Modern Table Shelf Home Decor, Fit for Fireplace Bedroom Kitchen Living Room Centerpieces Office Desk",$15.95,https://www.amazon.com/Ceramic-Vase-Minimalism-Fireplace-Centerpieces/dp/B08N195LB3/ref=sr_1_4?crid=1ETD973V81N4Y&keywords=vase&qid=1670362101&sprefix=vase%2Caps%2C70&sr=8-4,https://m.media-amazon.com/images/I/61bdMt8y29L._AC_UL320_.jpg
"Premium Quality Vase - Clear Flower Vase, Crystal Glass Vase for Rustic Home Decor, Decorative Vases for Flowers for Modern Farmhouse, Ideal for Shelf, Mantle, Table & Entryway Decor",$11.99,https://www.amazon.com/Clear-Glass-Vase-Decorative-Farmhouse/dp/B098P5QL1B/ref=sr_1_5?crid=1ETD973V81N4Y&keywords=vase&qid=1670362101&sprefix=vase%2Caps%2C70&sr=8-5,https://m.media-amazon.com/images/I/41lbmM10s4L._AC_UL320_.jpg
"Magicpro Flower Vase Large Size11.8 inch Phoenix Tail Shape Thickened Crystal Glass for Home Decor, Wedding or Gift",$32.99,https://www.amazon.com/MagicPro-Phoenix-Thickened-Crystal-Wedding/dp/B07MP831KL/ref=sr_1_6?crid=1ETD973V81N4Y&keywords=vase&qid=1670362101&sprefix=vase%2Caps%2C70&sr=8-6,https://m.media-amazon.com/images/I/71Tz6r3kXtL._AC_UL320_.jpg
"CYS Excel Clear Glass Cylinder Vase (H:12"" D:4"") | Multiple Size Choices Glass Flower Vase Centerpieces | Hurricane Floating Candle Holder Vase",$15.99,https://www.amazon.com/CYS-Glass-Cylinder-Vase-H-12/dp/B01CDI77U2/ref=sr_1_7?crid=1ETD973V81N4Y&keywords=vase&qid=1670362101&sprefix=vase%2Caps%2C70&sr=8-7,https://m.media-amazon.com/images/I/61ZSAaIBsuL._AC_UL320_.jpg
"Ceramic Vase for Home Decor,Ceramic Vase, Dried Flower Vase, Living Room Decoration, Flower Arrangement Decoration Shooting Props,The Best Gift (White)",$9.99,https://www.amazon.com/Ceramic-Flower-Decoration-Arrangement-Shooting/dp/B08RCF1XLJ/ref=sr_1_8?crid=1ETD973V81N4Y&keywords=vase&qid=1670362101&sprefix=vase%2Caps%2C70&sr=8-8,https://m.media-amazon.com/images/I/71MFc0pnJfL._AC_UL320_.jpg
"Tenforie Flower Vase Ceramic Vases for Decor, Flower Vase for Home Decor Living Room, Home, Office, Centerpiece,Table and Wedding",$24.99,https://www.amazon.com/Tenforie-Flower-Ceramic-Centerpiece-Wedding/dp/B08LFZ3MJ5/ref=sr_1_9?crid=1ETD973V81N4Y&keywords=vase&qid=1670362101&sprefix=vase%2Caps%2C70&sr=8-9,https://m.media-amazon.com/images/I/61D-MJHEN6L._AC_UL320_.jpg
"Flower Vase for Decor, Glass Table Vase Set for Flowers Plants , Clear Vase with Black Stand, Modern Decorative with Timer LED Lights Battery Operated ,Centerpiece/Wedding/Party(Set of 2)",$37.99,https://www.amazon.com/Flowers-Decorative-Battery-Operated-Centerpiece/dp/B08T9C1X6P/ref=sr_1_10?crid=1ETD973V81N4Y&keywords=vase&qid=1670362101&sprefix=vase%2Caps%2C70&sr=8-10,https://m.media-amazon.com/images/I/81igaUDtvSS._AC_UL320_.jpg
Ceramic Vase Set of 3 - Boho Pampas Grass Vase Set for Home or Living Room Decor - Rustic Farmhouse Decorations - Waterproof Table Flower Vases for Dried or Fresh Flowers,$31.99,https://www.amazon.com/Ceramic-Vase-Set-Decorations-Waterproof/dp/B0B2KPG6WD/ref=sr_1_11?crid=1ETD973V81N4Y&keywords=vase&qid=1670362101&sprefix=vase%2Caps%2C70&sr=8-11,https://m.media-amazon.com/images/I/61kkhAs-jmL._AC_UL320_.jpg
"DECORPIA Vase for Pampas Grass | Ceramic Flower Vase | Vases for Flowers for Home Decor, Farmhouse Decor, Desk Decor, Modern Decor, Aesthetic Room Decor, White Vase for Bohemian Decor",$9.99,https://www.amazon.com/DECORPIA-Ceramic-Farmhouse-Aesthetic-Bohemian/dp/B0B68QG7CN/ref=sr_1_12?crid=1ETD973V81N4Y&keywords=vase&qid=1670362101&sprefix=vase%2Caps%2C70&sr=8-12,https://m.media-amazon.com/images/I/41UhOSXjOiL._AC_UL320_.jpg
"Simple White Ceramic Vase, Modern Home Decoration Porcelain Vase Flower Vase Origami Design, Flower Arrangement Decoration Shooting Props,, The Best Gift (White)",$18.88,https://www.amazon.com/Ceramic-Decoration-Porcelain-Arrangement-Shooting/dp/B08ZM52DKK/ref=sr_1_13?crid=1ETD973V81N4Y&keywords=vase&qid=1670362101&sprefix=vase%2Caps%2C70&sr=8-13,https://m.media-amazon.com/images/I/61l4rX+Qy7L._AC_UL320_.jpg
"White Ceramic Vase - for Modern Home Decor,Round Matte Pampas Flower Vases Minimalist Nordic Boho Ins Style for Wedding Dinner Table Party Living Room Office Bedroom, Vase - Decorative Gift",$20.00,https://www.amazon.com/White-Ceramic-Vase-Minimalist-Decorative/dp/B09TTBQ1QV/ref=sr_1_14?crid=1ETD973V81N4Y&keywords=vase&qid=1670362101&sprefix=vase%2Caps%2C70&sr=8-14,https://m.media-amazon.com/images/I/61GPrKBBC1L._AC_UL320_.jpg
"Slymeay Flower Vase Glass Thickening Design for Home Decor,Wedding vase or Gift - 7.5"" High x4 Wide ,Clear,with Color Box",$12.77,https://www.amazon.com/Slymeay-Flower-Thickness-Design-Wedding/dp/B06Y36M2PR/ref=sr_1_15?crid=1ETD973V81N4Y&keywords=vase&qid=1670362101&sprefix=vase%2Caps%2C70&sr=8-15,https://m.media-amazon.com/images/I/611L2uVWntL._AC_UL320_.jpg
Glass Cylinder Vases Set of 3 Decorative Centerpieces for Home or Wedding by Royal Imports,$27.99,https://www.amazon.com/Royal-Imports-Cylinder-Decorative-Centerpieces/dp/B07254V73Y/ref=sr_1_16?crid=1ETD973V81N4Y&keywords=vase&qid=1670362101&sprefix=vase%2Caps%2C70&sr=8-16,https://m.media-amazon.com/images/I/61I-3wXgIRL._AC_UL320_.jpg
"ANDIFY 50Pcs 17.7"" Dried Bunny Tails Dried Flowers Boho Decor, 100% Natural Bunny Tail Dried Flowers for Vase…",$9.99,https://www.amazon.com/gp/slredirect/picassoRedirect.html/ref=pa_sp_mtf_aps_sr_pg1_1?ie=UTF8&adId=A02601192X9Z8KABICV91&qualifier=1670362101&id=711049687867290&widgetName=sp_mtf&url=%2FANDIFY-50Pcs-Dried-Flowers-Natural%2Fdp%2FB09SFXR4GB%2Fref%3Dsr_1_17_sspa%3Fcrid%3D1ETD973V81N4Y%26keywords%3Dvase%26qid%3D1670362101%26sprefix%3Dvase%252Caps%252C70%26sr%3D8-17-spons%26psc%3D1,https://m.media-amazon.com/images/I/61-kZHEQw+L._AC_UL320_.jpg
"Leicofay Ceramic Hollow Donut Vase Set of 2, Off White Vases for Decor Nordic Minimalism Style Decor for Wedding Dinner Table Party Living Room Office Bedroom (L9”*W8” Bottle Mouth 1 inch)",$35.99,https://www.amazon.com/gp/slredirect/picassoRedirect.html/ref=pa_sp_mtf_aps_sr_pg1_1?ie=UTF8&adId=A021791527QC5496KU49Z&qualifier=1670362101&id=711049687867290&widgetName=sp_mtf&url=%2FLeicofay-Ceramic-Minimalism-Wedding-Bedroom%2Fdp%2FB09SGGJ3VF%2Fref%3Dsr_1_18_sspa%3Fcrid%3D1ETD973V81N4Y%26keywords%3Dvase%26qid%3D1670362101%26sprefix%3Dvase%252Caps%252C70%26sr%3D8-18-spons%26psc%3D1,https://m.media-amazon.com/images/I/61lRkA4GtDL._AC_UL320_.jpg
"ZRLWIVE White Ceramic Vase for Flowers, Jingdezhen Porcelain Small Shelf Decor Accents Living Room Boho Modern Rustic, Table Fireplace Farmhouse Dining Objects Rose Long Egg-Shell Jar.",$23.99,https://www.amazon.com/gp/slredirect/picassoRedirect.html/ref=pa_sp_mtf_aps_sr_pg1_1?ie=UTF8&adId=A06068453IJ0C5YWIU5NR&qualifier=1670362101&id=711049687867290&widgetName=sp_mtf&url=%2FZRLWIVE-Jingdezhen-Porcelain-Fireplace-Farmhouse%2Fdp%2FB0B6HJ8QVN%2Fref%3Dsr_1_19_sspa%3Fcrid%3D1ETD973V81N4Y%26keywords%3Dvase%26qid%3D1670362101%26sprefix%3Dvase%252Caps%252C70%26sr%3D8-19-spons%26psc%3D1,https://m.media-amazon.com/images/I/61bDjWRjmBL._AC_UL320_.jpg
"Linmaya Beige Ceramic Vases, Small Flower Vases for Home Decor Set of 3, Small Cute Vases for Shelf, Bookshelf, Table, Mantel, Entryway, Living Room, Rustic Modern Farmhouse Decor",$29.99,https://www.amazon.com/gp/slredirect/picassoRedirect.html/ref=pa_sp_mtf_aps_sr_pg1_1?ie=UTF8&adId=A01734808FW76KT5DX72&qualifier=1670362101&id=711049687867290&widgetName=sp_mtf&url=%2FLinmaya-Ceramic-Bookshelf-Entryway-Farmhouse%2Fdp%2FB0B4SG45P1%2Fref%3Dsr_1_20_sspa%3Fcrid%3D1ETD973V81N4Y%26keywords%3Dvase%26qid%3D1670362101%26sprefix%3Dvase%252Caps%252C70%26sr%3D8-20-spons%26psc%3D1,https://m.media-amazon.com/images/I/611qoE5FTJL._AC_UL320_.jpg
"Simple Vase for Flowers Plants, Matte Vases for Modern Table Shelf Home Decor Wedding Boho Decor, 6"" H Frosted Elegant Ceramic Vase for Pampas Grass Fluffy Stem Bouquet Lavender Flowers (Black, 1)",$11.96,https://www.amazon.com/Ceramic-Flower-Minimalism-Frosted-Elegant/dp/B08YJN4VPS/ref=sr_1_21?crid=1ETD973V81N4Y&keywords=vase&qid=1670362101&sprefix=vase%2Caps%2C70&sr=8-21,https://m.media-amazon.com/images/I/61vpE9qpDwL._AC_UL320_.jpg
"DHYXZCA White Ceramic Face Vase, Female Form Head Half Body Bust Vases Boho Feminist Minimalism Decorative Modern Nordic Style Flower Vase for Home Living Room Office Decor (W 5.5"" x H 4.5"")",$20.98,https://www.amazon.com/DHYXZCA-Ceramic-Feminist-Minimalism-Decorative/dp/B09ZY8TRSX/ref=sr_1_22?crid=1ETD973V81N4Y&keywords=vase&qid=1670362101&sprefix=vase%2Caps%2C70&sr=8-22,https://m.media-amazon.com/images/I/51F8pnx3IXL._AC_UL320_.jpg
"DEANGSHI Irised Clear Glass Tall Flower Vase,Thick Bottom Large Glass Vases for Centerpieces Flowers Decor,10 Inch Big Glass Decorative Vase for Living Room Kitchen Office Home Wedding(Irised Clear)",$16.99,https://www.amazon.com/DEANGSHI-Centerpieces-Flowers-Decorative-Kitchen/dp/B09N3S5JQB/ref=sr_1_23?crid=1ETD973V81N4Y&keywords=vase&qid=1670362101&sprefix=vase%2Caps%2C70&sr=8-23,https://m.media-amazon.com/images/I/61pmF2NvOnL._AC_UL320_.jpg
"Kimisty Ceramic Hollow Donut Vase Set 2, Off White Pampas Vases for Decor, Nordic Minimalist Decor for Weddings, Dinner Table, Party, Living Room, Bedroom",$29.99,https://www.amazon.com/Kimisty-Ceramic-Minimalist-Weddings-Bedroom/dp/B0BC1CBX2C/ref=sr_1_24?crid=1ETD973V81N4Y&keywords=vase&qid=1670362101&sprefix=vase%2Caps%2C70&sr=8-24,https://m.media-amazon.com/images/I/71BtWY7sGJL._AC_UL320_.jpg
"Ceramic Vases - Nordic Minimalism Style Decoration, Elegant Vase for Mantel, Table, Living Room Decoration, White Modern Geometric Decorative Flowers Vases for Home Decor",$21.99,https://www.amazon.com/Ceramic-Vases-Minimalism-Decoration-Decorative/dp/B09DZ3BVXM/ref=sr_1_25?crid=1ETD973V81N4Y&keywords=vase&qid=1670362101&sprefix=vase%2Caps%2C70&sr=8-25,https://m.media-amazon.com/images/I/41p+Gv5gCdL._AC_UL320_.jpg
"Pink Ceramic Flower Vase for Home Decor - Unique Gift Vase for Friends and Colleagues, 7 Inch Modern Vase for Classroom & Bathroom & Bedroom & Kitchen & Living Room Decor",$13.99,https://www.amazon.com/Pink-Ceramic-Flower-Vase-Decor/dp/B0BC4J4DHF/ref=sr_1_26?crid=1ETD973V81N4Y&keywords=vase&qid=1670362101&sprefix=vase%2Caps%2C70&sr=8-26,https://m.media-amazon.com/images/I/61VY0-6LcHL._AC_UL320_.jpg
"LiteViso 10 Inch Ceramic White Vases for Flowers, Boho Flower Vase for Home Decor, Beige Off-White Farmhouse Distressed Decorative Vases for Pampas Grass, Mantel, Shelf, Living Room, Table Decoration",$18.99,https://www.amazon.com/LiteViso-Farmhouse-Distressed-Decorative-Decoration/dp/B09QKMHRYM/ref=sr_1_27?crid=1ETD973V81N4Y&keywords=vase&qid=1670362101&sprefix=vase%2Caps%2C70&sr=8-27,https://m.media-amazon.com/images/I/61WbJYkT8ZL._AC_UL320_.jpg
"Muyan 7.5"" Glass Vase for Flowers Vertical Striped Flower Vase Modern Desktop Decor Flower Arrangement Dried Flower Hydroponic Plant Home Office Dining Living Room Wedding (Green)",$22.70,https://www.amazon.com/Muyan-Flowers-Vertical-Arrangement-Hydroponic/dp/B095LQWBRQ/ref=sr_1_28?crid=1ETD973V81N4Y&keywords=vase&qid=1670362101&sprefix=vase%2Caps%2C70&sr=8-28,https://m.media-amazon.com/images/I/61WPbO2KpRS._AC_UL320_.jpg
"Kimdio Ceramic Vase for Home Decor, Abstract Irregular Design Flower Vase, Minimalist Decorative Vases for Pampas Grass",$26.99,https://www.amazon.com/Kimdio-Ceramic-Irregular-Decorative-Centerpiece/dp/B083NSV2LX/ref=sr_1_29?crid=1ETD973V81N4Y&keywords=vase&qid=1670362101&sprefix=vase%2Caps%2C70&sr=8-29,https://m.media-amazon.com/images/I/71oQWt+d0BL._AC_UL320_.jpg
"Ceramic Vases Set of 3 for Home Decor, Chinese Classical and Gorgeous Pottery Vase , Flower",$17.90,https://www.amazon.com/Ceramic-Chinese-Classical-Gorgeous-Pottery/dp/B09NZVXPD5/ref=sr_1_30?crid=1ETD973V81N4Y&keywords=vase&qid=1670362101&sprefix=vase%2Caps%2C70&sr=8-30,https://m.media-amazon.com/images/I/518-7yG94tL._AC_UL320_.jpg
"FSyueyun Gold Flower Vase Decorations for Living Room Glass Vase with Metal Holder, Modern Large Vases for Flowers as Wedding Home Office Centerpiece (11Inch)",$24.95,https://www.amazon.com/FSyueyun-Decorations-Flowers-Wedding-Centerpiece/dp/B08ZDKDHRS/ref=sr_1_31?crid=1ETD973V81N4Y&keywords=vase&qid=1670362101&sprefix=vase%2Caps%2C70&sr=8-31,https://m.media-amazon.com/images/I/71xExM5zbXS._AC_UL320_.jpg
"Ceramic Rustic Farmhouse Vase, Sand Glaze Finish Boho Vase, Pottery Decorative Flower Vase for Home Decor, Table, Living Room Decoration, Shelf Decor, Mantel, 7 Inch, Beige",$28.99,https://www.amazon.com/Ceramic-Farmhouse-Pottery-Decorative-Decoration/dp/B0B5XJZ9TX/ref=sr_1_32?crid=1ETD973V81N4Y&keywords=vase&qid=1670362101&sprefix=vase%2Caps%2C70&sr=8-32,https://m.media-amazon.com/images/I/71rr5M+oBsL._AC_UL320_.jpg
"3Pcs Ceramic Vases, Rustic Decorative Flower Vases Set for Modern Farmhouse Decoration, Living Room Centerpieces and Events, Table, Bookshelf, Mantel and Entryway Decor (White)",$29.99,https://www.amazon.com/gp/slredirect/picassoRedirect.html/ref=pa_sp_mtf_aps_sr_pg1_1?ie=UTF8&adId=A054952638I0QLJSOKCK&qualifier=1670362101&id=711049687867290&widgetName=sp_mtf&url=%2FDecorative-Farmhouse-Decoration-Centerpieces-Bookshelf%2Fdp%2FB09JMZQ7YT%2Fref%3Dsr_1_33_sspa%3Fcrid%3D1ETD973V81N4Y%26keywords%3Dvase%26qid%3D1670362101%26sprefix%3Dvase%252Caps%252C70%26sr%3D8-33-spons%26psc%3D1,https://m.media-amazon.com/images/I/61YLbfg4-rL._AC_UL320_.jpg
"Glass Bud Vase Set of 22, Small Vases for Flowers, Clear Glass Vases for Centerpieces, Mini Bud Vases in Bulk Rustic Wedding Decorations, Centerpieces, Vintage Look Home Table Flower Decor",$56.99,https://www.amazon.com/gp/slredirect/picassoRedirect.html/ref=pa_sp_mtf_aps_sr_pg1_1?ie=UTF8&adId=A03998611OQNMEY53RTQF&qualifier=1670362101&id=711049687867290&widgetName=sp_mtf&url=%2FFlowers-Centerpieces-Wedding-Decorations-Vintage%2Fdp%2FB09V59HKWY%2Fref%3Dsr_1_34_sspa%3Fcrid%3D1ETD973V81N4Y%26keywords%3Dvase%26qid%3D1670362101%26sprefix%3Dvase%252Caps%252C70%26sr%3D8-34-spons%26psc%3D1,https://m.media-amazon.com/images/I/71sx3UXbh7L._AC_UL320_.jpg
"Vietri Italian Hibiscus Mouthblown Glassware Vase Collection (Bud, Clear)",$59.00,https://www.amazon.com/gp/slredirect/picassoRedirect.html/ref=pa_sp_mtf_aps_sr_pg1_1?ie=UTF8&adId=A03876892L742X3DH7TN9&qualifier=1670362101&id=711049687867290&widgetName=sp_mtf&url=%2FVietri-Hibiscus-Glass-Clear-Vase%2Fdp%2FB072QBZMFH%2Fref%3Dsr_1_35_sspa%3Fcrid%3D1ETD973V81N4Y%26keywords%3Dvase%26qid%3D1670362101%26sprefix%3Dvase%252Caps%252C70%26sr%3D8-35-spons%26psc%3D1%26smid%3DA3I9C9BZPK2NA7,https://m.media-amazon.com/images/I/61XIIUWoKXL._AC_UL320_.jpg
"Large Colorful Vase with Thickened Clear Crystal Glass, Home Centerpieces Décor for Living Room/Office, Flower Vases Gift for Women, Wedding,11.8"" Tall×5.5"" Opening×4.3"" Wide",$23.99,https://www.amazon.com/gp/slredirect/picassoRedirect.html/ref=pa_sp_mtf_aps_sr_pg1_1?ie=UTF8&adId=A07881423B5FR2YOG37IS&qualifier=1670362101&id=711049687867290&widgetName=sp_mtf&url=%2FColorful-Thickened-Centerpieces-Tall%25C3%25975-5-Opening%25C3%25974-3%2Fdp%2FB09ZYFR7M6%2Fref%3Dsr_1_36_sspa%3Fcrid%3D1ETD973V81N4Y%26keywords%3Dvase%26qid%3D1670362101%26sprefix%3Dvase%252Caps%252C70%26sr%3D8-36-spons%26psc%3D1,https://m.media-amazon.com/images/I/715flHdhJFL._AC_UL320_.jpg
"Yundu White Ceramics Vases for Home Decor, Flower Vase, Modern Farmhouse Table Décor Vase",$16.90,https://www.amazon.com/Yundu-Ceramics-Flower-Modern-Farmhouse/dp/B0B1TKD6QJ/ref=sr_1_37?crid=1ETD973V81N4Y&keywords=vase&qid=1670362101&sprefix=vase%2Caps%2C70&sr=8-37,https://m.media-amazon.com/images/I/61G9a0mFMOL._AC_UL320_.jpg
"Ceramic Vases for Home Decor, Circle Vase with Hole, Donut Vase, Boho Vase, Ceramic Vase, Vases for Flowers, Decorative Vase, White Ceramic Vase, Pampas Grass Vase, Circular Vase, White Vase 7 inches",$17.99,https://www.amazon.com/Ceramic-Circle-Flowers-Decorative-Circular/dp/B09ZXXRHCF/ref=sr_1_38?crid=1ETD973V81N4Y&keywords=vase&qid=1670362101&sprefix=vase%2Caps%2C70&sr=8-38,https://m.media-amazon.com/images/I/61XpjYwIJoL._AC_UL320_.jpg
"WILDMOS Glass Bud Vase Set of 6, Small Flower Vases for Decorative, Gradient Glass and Embossed Style Mini Glass Bottles for Home Decor, Vintage Glass Bottles for Centerpiece 3.3""-5.2''H. (Clear+Gray)",$25.55,https://www.amazon.com/WILDMOS-Decorative-Gradient-Embossed-Centerpiece/dp/B0962R36CY/ref=sr_1_39?crid=1ETD973V81N4Y&keywords=vase&qid=1670362101&sprefix=vase%2Caps%2C70&sr=8-39,https://m.media-amazon.com/images/I/71r1J+dazHS._AC_UL320_.jpg
"Willowy White Ceramic Vase - 10 Inch Tall Vase for Flowers - White Vase for Pampas Grass (White vases Decor, Centerpiece Flower vase, Boho vase, Large vase, Modern Decorative vase Home Decor)",$29.99,https://www.amazon.com/Willowy-White-Ceramic-Vase-Centerpiece/dp/B0BFGBH187/ref=sr_1_40?crid=1ETD973V81N4Y&keywords=vase&qid=1670362101&sprefix=vase%2Caps%2C70&sr=8-40,https://m.media-amazon.com/images/I/81Sz8jlnVOL._AC_UL320_.jpg
"HIDERLYS 7.5"" High Green Decorative Vase with Heart-Shaped, Galvanized Metal Milk Can Country Jug for Living Room, Bedroom, Kitchen",$13.99,https://www.amazon.com/HIDERLYS-Decorative-Heart-Shaped-Galvanized-Country/dp/B0BHXCDVG8/ref=sr_1_41?crid=1ETD973V81N4Y&keywords=vase&qid=1670362101&sprefix=vase%2Caps%2C70&sr=8-41,https://m.media-amazon.com/images/I/61DfNKUP1zL._AC_UL320_.jpg
"Female Body Vase - Women's Anatomical Form Planter for Flowers, Plants - Decorative Modern Indoor Pot for Home, Office, Bedroom, Bathroom - Boho Chic Feminist Decor & Statue Sculpture",$13.99,https://www.amazon.com/Female-Form-Body-Vase-Ceramic/dp/B08T763QKY/ref=sr_1_42?crid=1ETD973V81N4Y&keywords=vase&qid=1670362101&sprefix=vase%2Caps%2C70&sr=8-42,https://m.media-amazon.com/images/I/71FYRu4GkGS._AC_UL320_.jpg
White Ceramic Flower Vase Decorative for CenterpiecesFlowers Living Room Art Decor Farmhouse Bud Vases Home Accents Modern-Meisitai,$25.99,https://www.amazon.com/Ceramic-Decorative-CenterpiecesFlowers-Farmhouse-Modern-Meisitai/dp/B09DS96JV2/ref=sr_1_43?crid=1ETD973V81N4Y&keywords=vase&qid=1670362101&sprefix=vase%2Caps%2C70&sr=8-43,https://m.media-amazon.com/images/I/51QpcdVnDsL._AC_UL320_.jpg
"JSPYFITS Hydroponic Flower Vase, Three Balls 6.5” Tall Transparent Plant Glass Pots, Suitable Weddings/Party/Events/Decorating Home Office or Dinning/Living Room(Pink)",$14.98,https://www.amazon.com/JSPYFITS-Hydroponic-Transparent-Suitable-Decorating/dp/B091H4JTT2/ref=sr_1_44?crid=1ETD973V81N4Y&keywords=vase&qid=1670362101&sprefix=vase%2Caps%2C70&sr=8-44,https://m.media-amazon.com/images/I/51EXcCo5FGL._AC_UL320_.jpg
KatoonX Ceramic Female Form Body Shape Flower Vase for Home Decor White,$23.99,https://www.amazon.com/KatoonX-Ceramic-Female-Shape-Flower/dp/B0B38NL3BT/ref=sr_1_46?crid=1ETD973V81N4Y&keywords=vase&qid=1670362101&sprefix=vase%2Caps%2C70&sr=8-46,https://m.media-amazon.com/images/I/6176qGA+ZmL._AC_UL320_.jpg
BYBOUS Glass Flower Vase with Metal Frame Modern Creative Geometric Gold Vase Decorative Vase Wedding Home Decoration or Office-Gold,$17.99,https://www.amazon.com/BERUNDOM-Hydroponic-Decorative-Arrangement-Office-Gold/dp/B09FZ686XM/ref=sr_1_47?crid=1ETD973V81N4Y&keywords=vase&qid=1670362101&sprefix=vase%2Caps%2C70&sr=8-47,https://m.media-amazon.com/images/I/61KHykCDIOL._AC_UL320_.jpg
Colorful Ceramic Vase Set of 3 - Small Vases Minimalism Style for Modern Home Farmhouse Living Room Shelf Table Bookshelf Mantel Entryway Decor,$29.99,https://www.amazon.com/Colorful-Ceramic-Vase-Set-Minimalism/dp/B0B5Q7PGWG/ref=sr_1_48?crid=1ETD973V81N4Y&keywords=vase&qid=1670362101&sprefix=vase%2Caps%2C70&sr=8-48,https://m.media-amazon.com/images/I/51OcG7CnvgL._AC_UL320_.jpg
"YISHENGRONG Flower Vase Large Size Phoenix Tail Shape Thickened Crystal Glass for Home Decor, Wedding or Gift - 9.5"" High x4.5 Wide ,with Color Box",$16.97,https://www.amazon.com/Slymeay-Phoenix-Thickened-Crystal-Wedding/dp/B0797QJHKX/ref=sr_1_49?crid=1ETD973V81N4Y&keywords=vase&qid=1670362101&sprefix=vase%2Caps%2C70&sr=8-49,https://m.media-amazon.com/images/I/51XB+N73LpL._AC_UL320_.jpg
"9 Inch Modern Art Ceramic Flower Vase Hand Holding Plants Flower Container, Tabletop White Arm vase for Home Office Decoration",$22.99,https://www.amazon.com/Ceramic-Holding-Container-Tabletop-Decoration/dp/B08YNPPD6N/ref=sr_1_50?crid=1ETD973V81N4Y&keywords=vase&qid=1670362101&sprefix=vase%2Caps%2C70&sr=8-50,https://m.media-amazon.com/images/I/61dK7kuOg2S._AC_UL320_.jpg
"FJS Ceramic Face Vases, White Flower Vases for Decor, 3.5"" W x 7"" H Modern Decorative Vase Centerpiece for Table Shelf Living Room Office Bedroom",$22.99,https://www.amazon.com/FJS-Ceramic-Decorative-Centerpiece-Bedroom/dp/B09W8QFXVL/ref=sr_1_51?crid=1ETD973V81N4Y&keywords=vase&qid=1670362101&sprefix=vase%2Caps%2C70&sr=8-51,https://m.media-amazon.com/images/I/71KV3Y5QhDL._AC_UL320_.jpg
"Abbittar Ceramic Vase Set of 2, 10.7"" and 9"" H Large Flower Vases for Rustic Home Decor, Modern Farmhouse Decor, Living Room Decor, Table, Counter, Mantel and Entryway Decor (Beige)",$39.99,https://www.amazon.com/Abbittar-Ceramic-Farmhouse-Counter-Entryway/dp/B0B74Y9L1H/ref=sr_1_52?crid=1ETD973V81N4Y&keywords=vase&qid=1670362101&sprefix=vase%2Caps%2C70&sr=8-52,https://m.media-amazon.com/images/I/61k-PyXl0hL._AC_UL320_.jpg
"TIMEFOTO Flower Vase 7.5 inch Grey Thickened Hand Blow Glass Vase Round Vintage Striped Bottles for Bookshelf ,Dinner Table,Indoor Office Desktop,Meeting Room,Bathroom,Countertop,Home",$14.99,https://www.amazon.com/TIMEFOTO-Thickened-Bookshelf-Bathroom-Countertop/dp/B096LYS3K1/ref=sr_1_53?crid=1ETD973V81N4Y&keywords=vase&qid=1670362101&sprefix=vase%2Caps%2C70&sr=8-53,https://m.media-amazon.com/images/I/61osvEb0xzL._AC_UL320_.jpg
"Rhapsody Studio Ceramic Vase - Yellow Vases Home Decor, Unique Vase, Decorative Vases for Home Decor, Boho Vase Modern Decor, Home Decorations for Living Room, Aesthetic Room Decor Table Centerpiece",$39.00,https://www.amazon.com/Rhapsody-Studio-Ceramic-Vase-Decorations/dp/B09KZDY8L8/ref=sr_1_54?crid=1ETD973V81N4Y&keywords=vase&qid=1670362101&sprefix=vase%2Caps%2C70&sr=8-54,https://m.media-amazon.com/images/I/81fVyHKe2AL._AC_UL320_.jpg
"Ceramic Vase 10.2+7.6 Inch Set of 2, Handmade Modern Decorative Vase Black Unique Rustic Flower Vase Table Mantel Living Room Décor",$19.99,https://www.amazon.com/Ceramic-Handmade-Modern-Decorative-Unique/dp/B0B821QHWH/ref=sr_1_55?crid=1ETD973V81N4Y&keywords=vase&qid=1670362101&sprefix=vase%2Caps%2C70&sr=8-55,https://m.media-amazon.com/images/I/617VJsEJuwL._AC_UL320_.jpg
"Diamond Star Tall Square Vase Home Decorative Flower Glass Vase Wedding Party Table Centerpieces(4""×4""×10"")",$19.99,https://www.amazon.com/Diamond-Star-Decorative-Wedding-Centerpieces/dp/B08LFZHYGN/ref=sr_1_56?crid=1ETD973V81N4Y&keywords=vase&qid=1670362101&sprefix=vase%2Caps%2C70&sr=8-56,https://m.media-amazon.com/images/I/61zKwLNJTdL._AC_UL320_.jpg
Minimalist Ceramic Flower Vase - Home Decor for Modern Table Shelf Fireplace Bedroom Kitchen Living Room Centerpieces or Office Desk - 1 pc… (White),$14.99,https://www.amazon.com/Minimalist-Ceramic-Flower-Vase-Centerpieces/dp/B0B4CDYJZ1/ref=sr_1_57?crid=1ETD973V81N4Y&keywords=vase&qid=1670362101&sprefix=vase%2Caps%2C70&sr=8-57,https://m.media-amazon.com/images/I/919pPPMhdAL._AC_UL320_.jpg
"Ceramic Hollow Donut Vase - Nordic Minimalism Style Decoration, Modern Geometric Vase Suitable for Home Living Room Office Kitchen Dining Table Mantel Decoration",$13.99,https://www.amazon.com/gp/slredirect/picassoRedirect.html/ref=pa_sp_btf_aps_sr_pg1_1?ie=UTF8&adId=A018790834AEZC28ZW6QK&qualifier=1670362101&id=711049687867290&widgetName=sp_btf&url=%2FCeramic-Hollow-Donut-Vase-Minimalism%2Fdp%2FB0B4GN7QLW%2Fref%3Dsr_1_58_sspa%3Fcrid%3D1ETD973V81N4Y%26keywords%3Dvase%26qid%3D1670362101%26sprefix%3Dvase%252Caps%252C70%26sr%3D8-58-spons%26psc%3D1,https://m.media-amazon.com/images/I/51TnG2EQDZL._AC_UL320_.jpg
"TIMEFOTO Flower Vase 7.5 inch Amber Thickened Hand Blow Glass Vase Round Vintage Striped Bottles for Bookshelf ,Dinner Table,Indoor Office Desktop,Meeting Room,Bathroom,Countertop,Home",$19.99,https://www.amazon.com/gp/slredirect/picassoRedirect.html/ref=pa_sp_btf_aps_sr_pg1_1?ie=UTF8&adId=A0114169273VEP38125OO&qualifier=1670362101&id=711049687867290&widgetName=sp_btf&url=%2FTIMEFOTO-Thickened-Bookshelf-Bathroom-Countertop%2Fdp%2FB096LYGPX4%2Fref%3Dsr_1_59_sspa%3Fcrid%3D1ETD973V81N4Y%26keywords%3Dvase%26qid%3D1670362101%26sprefix%3Dvase%252Caps%252C70%26sr%3D8-59-spons%26psc%3D1,https://m.media-amazon.com/images/I/713XgvC0b8L._AC_UL320_.jpg
"SUGUTEE Small Ceramic Vase for Home Decor, Modern Boho Donut Vase for Coffee Table Shelf Decor, Decorative Vase Gift, 7.48'' H",$18.99,https://www.amazon.com/gp/slredirect/picassoRedirect.html/ref=pa_sp_btf_aps_sr_pg1_1?ie=UTF8&adId=A042623233MSDJKQ4SLWM&qualifier=1670362101&id=711049687867290&widgetName=sp_btf&url=%2FSUGUTEE-Section-Ceramic-Flowers-Decorative%2Fdp%2FB0B1XDSVX6%2Fref%3Dsr_1_60_sspa%3Fcrid%3D1ETD973V81N4Y%26keywords%3Dvase%26qid%3D1670362101%26sprefix%3Dvase%252Caps%252C70%26sr%3D8-60-spons%26psc%3D1,https://m.media-amazon.com/images/I/61hlFQv5IOL._AC_UL320_.jpg
