item_name,price,link_to_item,link_to_item_image
TANGPOET Giraffe Gifts for Women Graduation Gifts Adult Family Giraffe Necklace for Mother Daughter Pendant Necklace 925 Sterling Silver Jewelry Birthday Mom Gifts for Mom Grandma …,$29.99,https://www.amazon.com/gp/slredirect/picassoRedirect.html/ref=pa_sp_atf_aps_sr_pg1_1?ie=UTF8&adId=A0333988Z1EHFV2PY9AD&qualifier=1670361981&id=4298832777145981&widgetName=sp_atf&url=%2FTANGPOET-Graduation-Necklace-Daughter-Sterling%2Fdp%2FB0915Q1T3K%2Fref%3Dsr_1_1_sspa%3Fcrid%3D1ETD973V81N4Y%26keywords%3Dgiraffe%26qid%3D1670361981%26sprefix%3Dgiraffe%252Caps%252C70%26sr%3D8-1-spons%26psc%3D1,https://m.media-amazon.com/images/I/61laJbHVEJL._AC_UL320_.jpg
LANLEO Fuzzy Socks For Women Slipper Socks Fluffy Winter Warm Soft Cozy Plush Cute Animal Sleeping Christmas Socks,$12.99,https://www.amazon.com/LANLEO-Womens-Sleeping-Slipper-Giraffe/dp/B07DW1T9FM/ref=sr_1_2?crid=1ETD973V81N4Y&keywords=giraffe&qid=1670361981&sprefix=giraffe%2Caps%2C70&sr=8-2,https://m.media-amazon.com/images/I/81jNF3CtIJL._AC_UL320_.jpg
Melissa & Doug Giant Giraffe - Lifelike Stuffed Animal (over 4 feet tall),$83.99,https://www.amazon.com/Melissa-Doug-Giant-Giraffe-Lifelike/dp/B00009YEGL/ref=sr_1_3?crid=1ETD973V81N4Y&keywords=giraffe&qid=1670361981&sprefix=giraffe%2Caps%2C70&sr=8-3,https://m.media-amazon.com/images/I/71ZHcNumyJL._AC_UL320_.jpg
"Snoozies Pairable Slipper Socks – Cozy and Fun House Slippers for Women, Fuzzy Slipper Socks with Unique Designs, Non-Slip",$15.99,https://www.amazon.com/Snoozies-Slippers-Women-Pairables-Giraffe/dp/B08HCM9PNR/ref=sr_1_4?crid=1ETD973V81N4Y&keywords=giraffe&qid=1670361981&sprefix=giraffe%2Caps%2C70&sr=8-4,https://m.media-amazon.com/images/I/91FTxb0k8cL._AC_UL320_.jpg
"MicroMink / Sherpa Luxurious Soft 50-Inch by 60-Inch Blanket Throw, Giraffe",$17.99,https://www.amazon.com/MicroMink-Luxurious-50-Inch-60-Inch-Blanket/dp/B00HOKSZBU/ref=sr_1_5?crid=1ETD973V81N4Y&keywords=giraffe&qid=1670361981&sprefix=giraffe%2Caps%2C70&sr=8-5,https://m.media-amazon.com/images/I/81Lddntd0ZL._AC_UL320_.jpg
Spooktacular Creations Unisex Adult Giraffe Onesie Pajama Plush Giraffe Costume with Hat and Tail for Dress Up Party Role Playing Themed Parties Halloween Costume (Small) Yellow,$24.99,https://www.amazon.com/Spooktacular-Creations-Unisex-Giraffe-Costume/dp/B07WXMSH5V/ref=sr_1_6?crid=1ETD973V81N4Y&keywords=giraffe&qid=1670361981&sprefix=giraffe%2Caps%2C70&sr=8-6,https://m.media-amazon.com/images/I/81bUHql1LzL._AC_UL320_.jpg
"Vulli Sophie The Giraffe New Box, Polka Dots, One Size, 1 Count (Pack of 1)",$25.34,https://www.amazon.com/Vulli-Sophie-Giraffe-Polka-Dots/dp/B06XHNCJHV/ref=sr_1_7?crid=1ETD973V81N4Y&keywords=giraffe&qid=1670361981&sprefix=giraffe%2Caps%2C70&sr=8-7,https://m.media-amazon.com/images/I/51vl2w0mVVL._AC_UL320_.jpg
Giraffes Make Me Happy You Not So Much T-Shirt,$13.99,https://www.amazon.com/Giraffes-Make-Happy-Much-T-Shirt/dp/B0969N7SG1/ref=sr_1_8?crid=1ETD973V81N4Y&keywords=giraffe&qid=1670361981&sprefix=giraffe%2Caps%2C70&sr=8-8,https://m.media-amazon.com/images/I/71HrqZUiTFL._AC_UL320_.jpg
"Aurora World 5"" GIMINY Giraffe",$8.80,https://www.amazon.com/Aurora-World-Rolly-Giminy-Giraffe/dp/B01N6WRXR7/ref=sr_1_9?crid=1ETD973V81N4Y&keywords=giraffe&qid=1670361981&sprefix=giraffe%2Caps%2C70&sr=8-9,https://m.media-amazon.com/images/I/81o57UJU4SL._AC_UL320_.jpg
Women's Novelty Casual Cute Colorful Funny Patterned Cotton Crew Dress Socks,$12.99,https://www.amazon.com/Grils-Novelty-Giraffe-Animal-Casual/dp/B08K385JFL/ref=sr_1_10?crid=1ETD973V81N4Y&keywords=giraffe&qid=1670361981&sprefix=giraffe%2Caps%2C70&sr=8-10,https://m.media-amazon.com/images/I/812CopMoqoL._AC_UL320_.jpg
"LA JOLIE MUSE Ceramic Giraffe Succulent Planter Animal Plant Pots - 11.4 + 4.9 Inch Tall Cute Rough Pottery Indoor Flower Pots, Home Decor",$36.99,https://www.amazon.com/Ceramic-Giraffe-Succulent-Planter-Pots/dp/B08HN1H95V/ref=sr_1_11?crid=1ETD973V81N4Y&keywords=giraffe&qid=1670361981&sprefix=giraffe%2Caps%2C70&sr=8-11,https://m.media-amazon.com/images/I/61syiatjSeL._AC_UL320_.jpg
Chala Crossbody Cell Phone Purse-Women Canvas and PU Leather Multicolor Handbag with Adjustable Strap,$34.00,https://www.amazon.com/Chala-Crossbody-Cell-Phone-Purse/dp/B01L96QNAE/ref=sr_1_12?crid=1ETD973V81N4Y&keywords=giraffe&qid=1670361981&sprefix=giraffe%2Caps%2C70&sr=8-12,https://m.media-amazon.com/images/I/71d2hnv7EtL._AC_UL320_.jpg
Wassmin Giraffe Gifts For Women Girl Personalized Giraffe Tumbler Coffee Travel Mug Cup 20oz 30oz Jewelry Drawing Style Custom Stainless Steel Tumblers Customized Gift Stuff Xmas Presents,$24.95,https://www.amazon.com/gp/slredirect/picassoRedirect.html/ref=pa_sp_mtf_aps_sr_pg1_1?ie=UTF8&adId=A0277083YH6TCTW7B8LH&qualifier=1670361981&id=4298832777145981&widgetName=sp_mtf&url=%2FWassmin-Personalized-Stainless-Tumblers-Customized%2Fdp%2FB0BC3SH8S1%2Fref%3Dsr_1_13_sspa%3Fcrid%3D1ETD973V81N4Y%26keywords%3Dgiraffe%26qid%3D1670361981%26sprefix%3Dgiraffe%252Caps%252C70%26sr%3D8-13-spons%26psc%3D1,https://m.media-amazon.com/images/I/61YKikF-SVL._AC_UL320_.jpg
"NULYDO 100% Handmade Wood Carved Animal Gel Pen | Giraffe, Cute Stationary School Supply Office Supply, Fun Pen Novelty Writing Pen, Unique Gift Pen for Animal Lovers",$14.99,https://www.amazon.com/gp/slredirect/picassoRedirect.html/ref=pa_sp_mtf_aps_sr_pg1_1?ie=UTF8&adId=A04819762WYUP7621W68Q&qualifier=1670361981&id=4298832777145981&widgetName=sp_mtf&url=%2FNULYDO-Handmade-Giraffe-Stationary-Novelty%2Fdp%2FB08SQKQ8VQ%2Fref%3Dsr_1_14_sspa%3Fcrid%3D1ETD973V81N4Y%26keywords%3Dgiraffe%26qid%3D1670361981%26sprefix%3Dgiraffe%252Caps%252C70%26sr%3D8-14-spons%26psc%3D1,https://m.media-amazon.com/images/I/71wKbaf34+L._AC_UL320_.jpg
Giraffe Gifts Make Up Bag Giraffe Lover Female Gifts Best Friend Birthday Gift Just A Girl Who Loves Giraffes Zipper Pouch Cosmetic Bag Animal Lover Gift for Kids Girls Women (Giraffe),$9.99,https://www.amazon.com/gp/slredirect/picassoRedirect.html/ref=pa_sp_mtf_aps_sr_pg1_1?ie=UTF8&adId=A0146625VPWFIOB8VB5G&qualifier=1670361981&id=4298832777145981&widgetName=sp_mtf&url=%2FGiraffe-Female-Birthday-Giraffes-Cosmetic%2Fdp%2FB0B3CLB93F%2Fref%3Dsr_1_15_sspa%3Fcrid%3D1ETD973V81N4Y%26keywords%3Dgiraffe%26qid%3D1670361981%26sprefix%3Dgiraffe%252Caps%252C70%26sr%3D8-15-spons%26psc%3D1,https://m.media-amazon.com/images/I/61wy3E+nqDL._AC_UL320_.jpg
Funny Giraffe Lover Quote Animals I Love Giraffes Gifts T-Shirt,$18.99,https://www.amazon.com/gp/slredirect/picassoRedirect.html/ref=pa_sp_mtf_aps_sr_pg1_1?ie=UTF8&adId=A08003433S0DRY4MNSA83&qualifier=1670361981&id=4298832777145981&widgetName=sp_mtf&url=%2FFunny-Giraffe-Animals-Giraffes-T-Shirt%2Fdp%2FB09N44YTT8%2Fref%3Dsr_1_16_sspa%3Fcrid%3D1ETD973V81N4Y%26keywords%3Dgiraffe%26qid%3D1670361981%26sprefix%3Dgiraffe%252Caps%252C70%26sr%3D8-16-spons%26psc%3D1,https://m.media-amazon.com/images/I/61Aa-XO3zZL._AC_UL320_.jpg
Jocelyn The Giraffe - 22 Inch Tall Stuffed Animal Plush - by Tiger Tale Toys,$24.99,https://www.amazon.com/VIAHART-Jocelyn-Giraffe-Almost-Stuffed/dp/B06XJCJ1LY/ref=sr_1_17?crid=1ETD973V81N4Y&keywords=giraffe&qid=1670361981&sprefix=giraffe%2Caps%2C70&sr=8-17,https://m.media-amazon.com/images/I/81i7yY8fb0L._AC_UL320_.jpg
"Gaolinci Cartoon Giraffe Cotton Slippers, Winter Indoor Outdoor Slippers for Women",$23.99,https://www.amazon.com/Gaolinci-Cartoon-Giraffe-Slippers-Outdoor/dp/B09MK6XJTC/ref=sr_1_18?crid=1ETD973V81N4Y&keywords=giraffe&qid=1670361981&sprefix=giraffe%2Caps%2C70&sr=8-18,https://m.media-amazon.com/images/I/61O+zCCU3ZL._AC_UL320_.jpg
Wine Glass Goblet I Just Freaking Love Giraffes Funny (17 oz Stemless),$14.99,https://www.amazon.com/Glass-Goblet-Freaking-Giraffes-Stemless/dp/B07X3MPBV4/ref=sr_1_19?crid=1ETD973V81N4Y&keywords=giraffe&qid=1670361981&sprefix=giraffe%2Caps%2C70&sr=8-19,https://m.media-amazon.com/images/I/41bBhNnKX5L._AC_UL320_.jpg
Beopjesk Womens Summer Giraffe Printed T-Shirt Funny Cute Animal Graphic Tees Tops,$14.99,https://www.amazon.com/Beopjesk-Giraffe-Printed-T-Shirt-Graphic/dp/B0886JVF14/ref=sr_1_20?crid=1ETD973V81N4Y&keywords=giraffe&qid=1670361981&sprefix=giraffe%2Caps%2C70&sr=8-20,https://m.media-amazon.com/images/I/71HY89Y8ciL._AC_UL320_.jpg
"50 Pieces Giraffe Stickers, Vinyl Decal Waterproof Stickers for Bottle, Refrigerator, Computer, Luggage, Skate,Guitar, Stickers for Kids, Teens, Boys, Girls (Not Repeating)",$5.99,https://www.amazon.com/Stickers-Waterproof-Refrigerator-Computer-Repeating/dp/B0963N46L6/ref=sr_1_21?crid=1ETD973V81N4Y&keywords=giraffe&qid=1670361981&sprefix=giraffe%2Caps%2C70&sr=8-21,https://m.media-amazon.com/images/I/61P+GvAwC4S._AC_UL320_.jpg
DIDK Women's Cute Cartoon Print Tee and Shorts Pajama Set,$22.99,https://www.amazon.com/DIDK-Womens-Cartoon-Shorts-Giraffe/dp/B09J1Y79Y1/ref=sr_1_22?crid=1ETD973V81N4Y&keywords=giraffe&qid=1670361981&sprefix=giraffe%2Caps%2C70&sr=8-22,https://m.media-amazon.com/images/I/61H6J85KjoL._AC_UL320_.jpg
"2023 Giraffes Wall Calendar by Bright Day, 12x12 Inch, Beautiful Nature Kids Zoo Animals Wildlife Photography",$14.99,https://www.amazon.com/Giraffes-Calendar-Bright-Day-Collection/dp/B09PQD59Z7/ref=sr_1_23?crid=1ETD973V81N4Y&keywords=giraffe&qid=1670361981&sprefix=giraffe%2Caps%2C70&sr=8-23,https://m.media-amazon.com/images/I/61Q+iJWp4IL._AC_UL320_.jpg
"Giraffe Gift Key Chain Let Your Faith Be Taller Than Your Fears Spiritual Themed Keychain Gift for Religious, Inspirational Gift Keyring Giraffe Jewelry for Women Giraffe Lovers Friend",$10.79,https://www.amazon.com/Giraffe-Spiritual-Keychain-Religious-Inspirational/dp/B07X4W2VBC/ref=sr_1_24?crid=1ETD973V81N4Y&keywords=giraffe&qid=1670361981&sprefix=giraffe%2Caps%2C70&sr=8-24,https://m.media-amazon.com/images/I/51kG9PHpfCL._AC_UL320_.jpg
"Giraffe's are Awesome I am Awesome, Therefore I am a Giraffe T-Shirt",$19.99,https://www.amazon.com/gp/slredirect/picassoRedirect.html/ref=pa_sp_mtf_aps_sr_pg1_1?ie=UTF8&adId=A09803152HTSXBKVMODNE&qualifier=1670361981&id=4298832777145981&widgetName=sp_mtf&url=%2FGiraffes-Awesome-Therefore-Giraffe-T-Shirt%2Fdp%2FB0B6GR5C21%2Fref%3Dsr_1_25_sspa%3Fcrid%3D1ETD973V81N4Y%26keywords%3Dgiraffe%26qid%3D1670361981%26sprefix%3Dgiraffe%252Caps%252C70%26sr%3D8-25-spons%26psc%3D1,https://m.media-amazon.com/images/I/61i4A5pmu7L._AC_UL320_.jpg
"Giraffe Gifts, Giraffe Décor, Giraffe Lover Gift, Funny Cosmetic Bag Animal Lover Gift for Women Girls Friend Sister Daughter Bestie Travel Toiletry Makeup Organizer Zipper Pouch-Just a Girl Who Loves",$11.99,https://www.amazon.com/gp/slredirect/picassoRedirect.html/ref=pa_sp_mtf_aps_sr_pg1_1?ie=UTF8&adId=A03807053JQVM0REUY3PQ&qualifier=1670361981&id=4298832777145981&widgetName=sp_mtf&url=%2FCosmetic-Daughter-Toiletry-Organizer-Pouch-Just%2Fdp%2FB0B6BFFTJD%2Fref%3Dsr_1_26_sspa%3Fcrid%3D1ETD973V81N4Y%26keywords%3Dgiraffe%26qid%3D1670361981%26sprefix%3Dgiraffe%252Caps%252C70%26sr%3D8-26-spons%26psc%3D1,https://m.media-amazon.com/images/I/91g7ledqQPL._AC_UL320_.jpg
Venicor Giraffe Sign Decor - 9 x 14 Inches - Aluminum - Cute Giraffe Gifts for Women Men,$13.99,https://www.amazon.com/gp/slredirect/picassoRedirect.html/ref=pa_sp_mtf_aps_sr_pg1_1?ie=UTF8&adId=A0386797UCQT6ACJT454&qualifier=1670361981&id=4298832777145981&widgetName=sp_mtf&url=%2FVenicor-Giraffe-Sign-Decor-Aluminum%2Fdp%2FB09NN1FH9J%2Fref%3Dsr_1_27_sspa%3Fcrid%3D1ETD973V81N4Y%26keywords%3Dgiraffe%26qid%3D1670361981%26sprefix%3Dgiraffe%252Caps%252C70%26sr%3D8-27-spons%26psc%3D1,https://m.media-amazon.com/images/I/718rwRWQzrL._AC_UL320_.jpg
"Giraffe Gifts, Giraffe Night Light, 3D Illusion lamp with Remote + Touch 16 Color Flashing Changing + Timer Desk Lamps Kids Room Decor Best Festival Birthday Gifts",$19.99,https://www.amazon.com/gp/slredirect/picassoRedirect.html/ref=pa_sp_mtf_aps_sr_pg1_1?ie=UTF8&adId=A06520122DU6RWT673OXR&qualifier=1670361981&id=4298832777145981&widgetName=sp_mtf&url=%2FIllusion-Flashing-Changing-Festival-Birthday%2Fdp%2FB09TFBMYLK%2Fref%3Dsr_1_28_sspa%3Fcrid%3D1ETD973V81N4Y%26keywords%3Dgiraffe%26qid%3D1670361981%26sprefix%3Dgiraffe%252Caps%252C70%26sr%3D8-28-spons%26psc%3D1,https://m.media-amazon.com/images/I/81wQuzH183L._AC_UL320_.jpg
"Aurora World Aurora - Destination - 15"" Giraffe, 19265, Brown",$18.90,https://www.amazon.com/Aurora-World-Destination-Nation-Giraffe/dp/B00B90OP38/ref=sr_1_29?crid=1ETD973V81N4Y&keywords=giraffe&qid=1670361981&sprefix=giraffe%2Caps%2C70&sr=8-29,https://m.media-amazon.com/images/I/81KRf3IsQ2L._AC_UL320_.jpg
LEVLO Funny Giraffe Cosmetic Bag Animal Lover Gift Just A Girl Who Loves Giraffes Makeup Zipper Pouch Bag Giraffe Lover Gift For Women Girls (Who Loves Giraffes),$13.89,https://www.amazon.com/LEVLO-Giraffe-Cosmetic-Animal-Giraffes/dp/B096DNJGDH/ref=sr_1_30?crid=1ETD973V81N4Y&keywords=giraffe&qid=1670361981&sprefix=giraffe%2Caps%2C70&sr=8-30,https://m.media-amazon.com/images/I/71TWdh12OkL._AC_UL320_.jpg
"BRINJOY Giant Giraffe Stuffed Animal Set, 47 Inch Large Plush Giraffe Toy with Bird&Basket&Leaves&Card, Big Lifelike Standing Giraffe for Girls Boys",$59.99,https://www.amazon.com/BRINJOY-Giraffe-Stuffed-Lifelike-Standing/dp/B09LY4FG1M/ref=sr_1_31?crid=1ETD973V81N4Y&keywords=giraffe&qid=1670361981&sprefix=giraffe%2Caps%2C70&sr=8-31,https://m.media-amazon.com/images/I/71emU8UEVHL._AC_UL320_.jpg
"50 Pieces Cartoon Giraffe Stickers Vinyl Giraffe Decals Cute Giraffe Laptop Stickers Waterproof Decorative Stickers for Computer, Luggage, Guitar, Bottle, Refrigerator (Giraffe)",$6.99,https://www.amazon.com/Stickers-Waterproof-Decorative-Computer-Refrigerator/dp/B096ZZJNT8/ref=sr_1_32?crid=1ETD973V81N4Y&keywords=giraffe&qid=1670361981&sprefix=giraffe%2Caps%2C70&sr=8-32,https://m.media-amazon.com/images/I/81Hhp7hRvjS._AC_UL320_.jpg
"Hudson Baby Unisex Baby Plush Animal Face Robe, Giraffe, One Size, 0-9 Months",$9.99,https://www.amazon.com/Hudson-Baby-Animal-Bathrobe-Giraffe/dp/B00X22M8J4/ref=sr_1_33?crid=1ETD973V81N4Y&keywords=giraffe&qid=1670361981&sprefix=giraffe%2Caps%2C70&sr=8-33,https://m.media-amazon.com/images/I/811hnybYUDL._AC_UL320_.jpg
MYMISOR Giraffe Tumbler For Women Stainless Steel Mug 20oz You Are Amazing Gifts For Daughter Cute Animal Coffee Cup With Inspirational Saying Giraffe Gifts For Giraffe Lovers,$24.95,https://www.amazon.com/MYMISOR-Giraffe-Stainless-Daughter-Inspirational/dp/B0B187TYR6/ref=sr_1_34?crid=1ETD973V81N4Y&keywords=giraffe&qid=1670361981&sprefix=giraffe%2Caps%2C70&sr=8-34,https://m.media-amazon.com/images/I/812jBouN51L._AC_UL320_.jpg
Chala Crossbody Cell Phone Purse-Women Canvas Multicolor Handbag with Adjustable Strap,$36.00,https://www.amazon.com/Chala-Crossbody-Cell-Phone-Purse/dp/B07GKW3YHQ/ref=sr_1_35?crid=1ETD973V81N4Y&keywords=giraffe&qid=1670361981&sprefix=giraffe%2Caps%2C70&sr=8-35,https://m.media-amazon.com/images/I/61tbpLnqPbL._AC_UL320_.jpg
Pippins Pocket Pets (Giraffe),$9.95,https://www.amazon.com/Deluxe-Paws-Pippins-Pocket-Giraffe/dp/B09RVZ7JS6/ref=sr_1_36?crid=1ETD973V81N4Y&keywords=giraffe&qid=1670361981&sprefix=giraffe%2Caps%2C70&sr=8-36,https://m.media-amazon.com/images/I/81HDz7Xc6OL._AC_UL320_.jpg
This Is My Human Costume I'm Really A Giraffe Funny T-Shirt,$13.07,https://www.amazon.com/Human-Costume-Really-Giraffe-T-Shirt/dp/B07HSJLL4T/ref=sr_1_37?crid=1ETD973V81N4Y&keywords=giraffe&qid=1670361981&sprefix=giraffe%2Caps%2C70&sr=8-37,https://m.media-amazon.com/images/I/61dkQPPXmBL._AC_UL320_.jpg
"TOYMANY 4PCS Realistic Giraffe Figurines with Giraffe Cub, 2-7"" Plastic Jungle Animals Figures Family Playset Includes Baby, Educational Toy Cake Toppers Christmas Birthday Gift for Kids Toddlers",$15.99,https://www.amazon.com/TOYMANY-Realistic-Figurines-Educational-Christmas/dp/B07KFBBSDC/ref=sr_1_38?crid=1ETD973V81N4Y&keywords=giraffe&qid=1670361981&sprefix=giraffe%2Caps%2C70&sr=8-38,https://m.media-amazon.com/images/I/71jW0ITTqJL._AC_UL320_.jpg
"Giraffe Coloring Book for Kids: Over 50 Fun Coloring and Activity Pages with Cute Giraffes, Baby Giraffes, Giraffe Friends and More! for Kids, Toddlers and Preschoolers (Great Gift for Kids)",$6.99,https://www.amazon.com/Giraffe-Coloring-Book-Kids-Preschoolers/dp/B0924124BL/ref=sr_1_39?crid=1ETD973V81N4Y&keywords=giraffe&qid=1670361981&sprefix=giraffe%2Caps%2C70&sr=8-39,https://m.media-amazon.com/images/I/71NxoagN1YL._AC_UL320_.jpg
"Succulent Pots,Cute Animal Giraffe Shaped Air Plant Holder Flower Planters-Plants Not in Included",$9.99,https://www.amazon.com/Cuteforyou-Animal-Cartoon-Decoration-Succulent/dp/B071R449RF/ref=sr_1_40?crid=1ETD973V81N4Y&keywords=giraffe&qid=1670361981&sprefix=giraffe%2Caps%2C70&sr=8-40,https://m.media-amazon.com/images/I/41jqbf79qwL._AC_UL320_.jpg
Giraffe Friend Couple 100MM Musical Snow Globe Plays Tune Born Free,$27.95,https://www.amazon.com/Elanze-Designs-Giraffe-Friend-Musical/dp/B07RN239C3/ref=sr_1_41?crid=1ETD973V81N4Y&keywords=giraffe&qid=1670361981&sprefix=giraffe%2Caps%2C70&sr=8-41,https://m.media-amazon.com/images/I/71-dX1xS1hL._AC_UL320_.jpg
vvfelixl Women's Pajama Pants Sleepwear Lounge Pajama Bottoms Multicolor XS-XL,$22.99,https://www.amazon.com/vvfelixl-Giraffe-Womens-Pajama-Lounge/dp/B088LSRCS6/ref=sr_1_42?crid=1ETD973V81N4Y&keywords=giraffe&qid=1670361981&sprefix=giraffe%2Caps%2C70&sr=8-42,https://m.media-amazon.com/images/I/71aNPBskcIL._AC_UL320_.jpg
wodealmug Women's Giraffe Travel Coffee Mug Thermal Insulated Tumbler Cup With Lid 20 OZ,$25.99,https://www.amazon.com/wodealmug-Giraffe-Thermal-Insulated-Tumbler/dp/B0B67YPQR2/ref=sr_1_43?crid=1ETD973V81N4Y&keywords=giraffe&qid=1670361981&sprefix=giraffe%2Caps%2C70&sr=8-43,https://m.media-amazon.com/images/I/61weBlBa8vL._AC_UL320_.jpg
ENJOYNIGHT Sleepwear Women's Nightgown Printed Sleep Shirt Short Sleeve Sleep Tee Cotton Nightshirt,$15.99,https://www.amazon.com/ENJOYNIGHT-Sleepwear-Sleeves-Sleepshirt-XX-Large/dp/B08J4F1WJF/ref=sr_1_44?crid=1ETD973V81N4Y&keywords=giraffe&qid=1670361981&sprefix=giraffe%2Caps%2C70&sr=8-44,https://m.media-amazon.com/images/I/61g0jYbiI-L._AC_UL320_.jpg
Squishmallows Official Kellytoy Plush 8 Inch Squishy Soft Plush Toy Animals (Gary Giraffe),$24.98,https://www.amazon.com/Squishmallows-Official-Kellytoy-Squishy-Animals/dp/B09NFHFTRB/ref=sr_1_45?crid=1ETD973V81N4Y&keywords=giraffe&qid=1670361981&sprefix=giraffe%2Caps%2C70&sr=8-45,https://m.media-amazon.com/images/I/51qEZh5HbpL._AC_UL320_.jpg
Yebing Fuzzy Socks For Women Slipper Socks Winter Warm Fluffy Cozy Plush Microfiber Home Sleeping Socks,$11.99,https://www.amazon.com/YEBING-Animal-Cartoon-Slipper-Giraffe/dp/B07HGRTGG6/ref=sr_1_46?crid=1ETD973V81N4Y&keywords=giraffe&qid=1670361981&sprefix=giraffe%2Caps%2C70&sr=8-46,https://m.media-amazon.com/images/I/812siQ8he0L._AC_UL320_.jpg
"StealStreet SS-G-41016, Wind Chime Round Top Giraffe with Baby Garden Decoration Windchime",$31.78,https://www.amazon.com/StealStreet-SS-G-41016-Giraffe-Decoration-Windchime/dp/B003F2U1HW/ref=sr_1_47?crid=1ETD973V81N4Y&keywords=giraffe&qid=1670361981&sprefix=giraffe%2Caps%2C70&sr=8-47,https://m.media-amazon.com/images/I/51SqPNpRYQL._AC_UL320_.jpg
George S. Chen Imports SS-G-54300 2 Silver Giraffes Heart Shaped Figurines,$24.99,https://www.amazon.com/George-S-Chen-Imports-SS-G-54300/dp/B00AESR4CA/ref=sr_1_48?crid=1ETD973V81N4Y&keywords=giraffe&qid=1670361981&sprefix=giraffe%2Caps%2C70&sr=8-48,https://m.media-amazon.com/images/I/41hqAmmL4zL._AC_UL320_.jpg
"Lampeez Giraffe 3D Lamp Night Light 3D Illusion lamp for Kids, 16 Colors Changing with Remote, Kids Bedroom Decor as Xmas Holiday Birthday Gifts for Boys Girls",$20.99,https://www.amazon.com/Lampeez-Giraffe-Illusion-Changing-Birthday/dp/B08CK26G1D/ref=sr_1_49?crid=1ETD973V81N4Y&keywords=giraffe&qid=1670361981&sprefix=giraffe%2Caps%2C70&sr=8-49,https://m.media-amazon.com/images/I/81cmkcBKJ3L._AC_UL320_.jpg
Giraffe Gifts for Kids Giraffe Night Light with Remote & Smart Touch 7 Colors Changing Dimmable Giraffe Lamp Cool Room Decor Giraffe Bedside Lamp for Bedroom Boys Girls,$18.99,https://www.amazon.com/Giraffe-Changing-Dimmable-Bedside-Bedroom/dp/B09Y5NRH58/ref=sr_1_50?crid=1ETD973V81N4Y&keywords=giraffe&qid=1670361981&sprefix=giraffe%2Caps%2C70&sr=8-50,https://m.media-amazon.com/images/I/817RVpNpylL._AC_UL320_.jpg
"Hudson Baby Unisex Baby Fleece Jumpsuits, Coveralls, and Playsuits",$12.99,https://www.amazon.com/Hudson-Baby-Jumpsuits-Coveralls-Playsuits/dp/B07YT7Z1ZY/ref=sr_1_51?crid=1ETD973V81N4Y&keywords=giraffe&qid=1670361981&sprefix=giraffe%2Caps%2C70&sr=8-51,https://m.media-amazon.com/images/I/71g5qFq2FqL._AC_UL320_.jpg
Giraffes Make Me Happy Socks Women's Funny Birthday Gifts Animals Designs,$14.99,https://www.amazon.com/Giraffes-Happy-Socks-Womens-Birthday/dp/B07NQQC82N/ref=sr_1_52?crid=1ETD973V81N4Y&keywords=giraffe&qid=1670361981&sprefix=giraffe%2Caps%2C70&sr=8-52,https://m.media-amazon.com/images/I/71ilJcmluML._AC_UL320_.jpg
Jeasona Women's Cute Animal Socks Cat Dog Frog Cow Owl Fox Horse Gifts for Women,$14.99,https://www.amazon.com/Jeasona-Womens-Giraffe-Socks-Animals/dp/B0B49RQWWL/ref=sr_1_53?crid=1ETD973V81N4Y&keywords=giraffe&qid=1670361981&sprefix=giraffe%2Caps%2C70&sr=8-53,https://m.media-amazon.com/images/I/81b+eWCJBJL._AC_UL320_.jpg
"TriPro Giraffe 3D Illusion LED Table Animals Lamp Decor Room Night Light with Greeting Card 16 Colors Remote Bedroom Decorations Toy Gifts for Fathers,Mothers,Dad,Girls,Men,Women,Kids,Boys,Teens",$18.99,https://www.amazon.com/Giraffe-Illusion-Animals-Greeting-Decorations/dp/B08YD4DJMB/ref=sr_1_54?crid=1ETD973V81N4Y&keywords=giraffe&qid=1670361981&sprefix=giraffe%2Caps%2C70&sr=8-54,https://m.media-amazon.com/images/I/71EUPuS7MTL._AC_UL320_.jpg
Belloxis Corgi Horse Gifts for Women Girls Nurse Sea Turtle Panda Animal Cotton Socks 5 Pairs,$15.99,https://www.amazon.com/Belloxis-Giraffe-Gifts-Women-Novelty/dp/B09VXV5RY3/ref=sr_1_55?crid=1ETD973V81N4Y&keywords=giraffe&qid=1670361981&sprefix=giraffe%2Caps%2C70&sr=8-55,https://m.media-amazon.com/images/I/91Jwn17xWPL._AC_UL320_.jpg
"The Petting Zoo Giraffe Stuffed Animal Plushie, Gifts for Kids, Wild Onez Babiez Zoo Animals, Giraffe Plush Toy, 6 inches",$9.99,https://www.amazon.com/Petting-Zoo-Giraffe-Stuffed-Plushie/dp/B09X6S6258/ref=sr_1_56?crid=1ETD973V81N4Y&keywords=giraffe&qid=1670361981&sprefix=giraffe%2Caps%2C70&sr=8-56,https://m.media-amazon.com/images/I/71eMymw1D9L._AC_UL320_.jpg
ENSIANTH Giraffe Keychain Giraffe Lover Gift Inspirational Gift for Friend Giraffe Jewelry for Woman,$14.89,https://www.amazon.com/ENSIANTH-Giraffe-Keychain-Inspirational-Jewelry/dp/B08TWYWMY4/ref=sr_1_57?crid=1ETD973V81N4Y&keywords=giraffe&qid=1670361981&sprefix=giraffe%2Caps%2C70&sr=8-57,https://m.media-amazon.com/images/I/71V5RRrh4-L._AC_UL320_.jpg
"Custom Blanket with Name Text,Personalized Watercolor Giraffe Super Soft Fleece Throw Blanket for Couch Sofa Bed (50 X 60 inches)",$25.70,https://www.amazon.com/gp/slredirect/picassoRedirect.html/ref=pa_sp_btf_aps_sr_pg1_1?ie=UTF8&adId=A06995973BJLSXWLFTT3A&qualifier=1670361981&id=4298832777145981&widgetName=sp_btf&url=%2FCustom-Blanket-Personalized-Watercolor-Giraffe%2Fdp%2FB08LH6HB7V%2Fref%3Dsr_1_58_sspa%3Fcrid%3D1ETD973V81N4Y%26keywords%3Dgiraffe%26qid%3D1670361981%26sprefix%3Dgiraffe%252Caps%252C70%26sr%3D8-58-spons%26psc%3D1,https://m.media-amazon.com/images/I/61SsBjQIPdL._AC_UL320_.jpg
"Lampeez Giraffe 3D Lamp Night Light 3D Illusion lamp for Kids, 16 Colors Changing with Remote, Kids Bedroom Decor as Xmas Holiday Birthday Gifts for Boys Girls",$20.99,https://www.amazon.com/gp/slredirect/picassoRedirect.html/ref=pa_sp_btf_aps_sr_pg1_1?ie=UTF8&adId=A042498438ADO6KSROQEJ&qualifier=1670361981&id=4298832777145981&widgetName=sp_btf&url=%2FLampeez-Giraffe-Illusion-Changing-Birthday%2Fdp%2FB08CK26G1D%2Fref%3Dsr_1_59_sspa%3Fcrid%3D1ETD973V81N4Y%26keywords%3Dgiraffe%26qid%3D1670361981%26sprefix%3Dgiraffe%252Caps%252C70%26sr%3D8-59-spons%26psc%3D1,https://m.media-amazon.com/images/I/81cmkcBKJ3L._AC_UL320_.jpg
925 Sterling Silver Celtic Knot Giraffe Head Pendant Necklace Giraffe Gifts for Women Girlfriend Birthday,$29.99,https://www.amazon.com/gp/slredirect/picassoRedirect.html/ref=pa_sp_btf_aps_sr_pg1_1?ie=UTF8&adId=A07159893JDGRNQBNHBDO&qualifier=1670361981&id=4298832777145981&widgetName=sp_btf&url=%2FNecklace-Giraffe-Sterling-Daughter-Graduation%2Fdp%2FB089YFKKKZ%2Fref%3Dsr_1_60_sspa%3Fcrid%3D1ETD973V81N4Y%26keywords%3Dgiraffe%26qid%3D1670361981%26sprefix%3Dgiraffe%252Caps%252C70%26sr%3D8-60-spons%26psc%3D1,https://m.media-amazon.com/images/I/61h4wFwRXQL._AC_UL320_.jpg
