item_name,price,link_to_item,link_to_item_image
"Amazon Basics Padded Office Desk Chair with Armrests, Adjustable Height/Tilt, 360-Degree Swivel, 275Lb Capacity - White",$81.28,https://www.amazon.com/gp/slredirect/picassoRedirect.html/ref=pa_sp_atf_aps_sr_pg1_1?ie=UTF8&adId=A044744711O2LMGRIQBH6&qualifier=1670362058&id=1609954057894874&widgetName=sp_atf&url=%2FAmazon-Basics-Ergonomic-Adjustable-360-Degree%2Fdp%2FB0735X2M1J%2Fref%3Dsr_1_1_sspa%3Fcrid%3D1ETD973V81N4Y%26keywords%3Dchair%26qid%3D1670362058%26sprefix%3Dchair%252Caps%252C70%26sr%3D8-1-spons%26psc%3D1,https://m.media-amazon.com/images/I/71luRCL1SDL._AC_UL320_.jpg
"NOBLEWELL Office Chair Ergonomic Office Chair High Back Mesh Computer Chair with Lumbar Support Adjustable Armrest, Backrest and Headrest",$139.99,https://www.amazon.com/gp/slredirect/picassoRedirect.html/ref=pa_sp_atf_aps_sr_pg1_1?ie=UTF8&adId=A00221111A9YQIM6VX302&qualifier=1670362058&id=1609954057894874&widgetName=sp_atf&url=%2FNOBLEWELL-Ergonomic-Computer-Adjustable-Certified%2Fdp%2FB08D6HGS7T%2Fref%3Dsr_1_2_sspa%3Fcrid%3D1ETD973V81N4Y%26keywords%3Dchair%26qid%3D1670362058%26sprefix%3Dchair%252Caps%252C70%26sr%3D8-2-spons%26psc%3D1,https://m.media-amazon.com/images/I/71MzaFpWjwL._AC_UL320_.jpg
"WYNDEL Recliner with Heating and Massage, Coffee Microfiber",$399.00,https://www.amazon.com/gp/slredirect/picassoRedirect.html/ref=pa_sp_atf_aps_sr_pg1_1?ie=UTF8&adId=A042203732SPHA73QBKX7&qualifier=1670362058&id=1609954057894874&widgetName=sp_atf&url=%2FWYNDEL-Recliner-Heating-Massage-Microfiber%2Fdp%2FB0BNT637TH%2Fref%3Dsr_1_3_sspa%3Fcrid%3D1ETD973V81N4Y%26keywords%3Dchair%26qid%3D1670362058%26sprefix%3Dchair%252Caps%252C70%26sr%3D8-3-spons%26psc%3D1,https://m.media-amazon.com/images/I/51Aek+GaWRL._AC_UL320_.jpg
"SAIBFARST Ergonomic Office Chair, Big and Tall Desk Chair, High Back Computer Chair - Adjustable Headrest with Flip-Up Arms and Lumbar Support Tilt Function Swivel Home Office Chairs",$249.99,https://www.amazon.com/gp/slredirect/picassoRedirect.html/ref=pa_sp_atf_aps_sr_pg1_1?ie=UTF8&adId=A07280552TPZ8A2CZSFO0&qualifier=1670362058&id=1609954057894874&widgetName=sp_atf&url=%2FSAIBFARST-Office-Chair-High-Ergonomic%2Fdp%2FB09ZV2D819%2Fref%3Dsr_1_4_sspa%3Fcrid%3D1ETD973V81N4Y%26keywords%3Dchair%26qid%3D1670362058%26sprefix%3Dchair%252Caps%252C70%26sr%3D8-4-spons%26psc%3D1,https://m.media-amazon.com/images/I/71inPMNxwyL._AC_UL320_.jpg
Amazon Basics Classic Puresoft Padded Mid-Back Office Computer Desk Chair with Armrest - Black,$75.04,https://www.amazon.com/AmazonBasics-Puresoft-PU-Padded-Mid-Back-Computer/dp/B081H3Y5NW/ref=sr_1_5?crid=1ETD973V81N4Y&keywords=chair&qid=1670362058&sprefix=chair%2Caps%2C70&sr=8-5,https://m.media-amazon.com/images/I/71i08qnZeDL._AC_UL320_.jpg
"High-Back Gaming Chair PC Office Chair Computer Racing Chair PU Desk Task Chair Ergonomic Executive Swivel Rolling Chair with Lumbar Support for Back Pain Women, Men (White)",$92.88,https://www.amazon.com/High-Back-Chair-Office-Ergonomic-Executive/dp/B07KJYY9BD/ref=sr_1_6?crid=1ETD973V81N4Y&keywords=chair&qid=1670362058&sprefix=chair%2Caps%2C70&sr=8-6,https://m.media-amazon.com/images/I/61t4mpabO+L._AC_UL320_.jpg
"Furmax Office Chair Mid Back Swivel Lumbar Support Desk Chair, Computer Ergonomic Mesh Chair with Armrest (Black)",$29.97,https://www.amazon.com/Furmax-Support-Computer-Ergonomic-Armrest/dp/B07B7K7N3P/ref=sr_1_7?crid=1ETD973V81N4Y&keywords=chair&qid=1670362058&sprefix=chair%2Caps%2C70&sr=8-7,https://m.media-amazon.com/images/I/71ohGSWApfL._AC_UL320_.jpg
"Office Chair Ergonomic Cheap Desk Chair Mesh Computer Chair Lumbar Support Modern Executive Adjustable Stool Rolling Swivel Chair for Back Pain, Black",$51.99,https://www.amazon.com/Ergonomic-Computer-Office-Midback-Chair/dp/B0147WIC7E/ref=sr_1_8?crid=1ETD973V81N4Y&keywords=chair&qid=1670362058&sprefix=chair%2Caps%2C70&sr=8-8,https://m.media-amazon.com/images/I/61v2Wcz3VpL._AC_UL320_.jpg
"Home Office Chair Ergonomic Desk Chair Mesh Computer Chair with Lumbar Support Armrest Executive Rolling Swivel Adjustable Mid Back Task Chair for Women Adults, Black",$29.88,https://www.amazon.com/Black-Office-Chair-Computer-Adjustable/dp/B00FS3VJAO/ref=sr_1_9?crid=1ETD973V81N4Y&keywords=chair&qid=1670362058&sprefix=chair%2Caps%2C70&sr=8-9,https://m.media-amazon.com/images/I/716tq9Y8WOL._AC_UL320_.jpg
Home Office Desk Chairs - Bonded Leather Computer Gaming Chair High Back Ergonomic Executive Chair with Comfortable Padded Armrest and Adjustable Height for Teens Adults,$79.62,https://www.amazon.com/Home-Office-Desk-Chairs-Comfortable/dp/B0BKSVSQDW/ref=sr_1_10?crid=1ETD973V81N4Y&keywords=chair&qid=1670362058&sprefix=chair%2Caps%2C70&sr=8-10,https://m.media-amazon.com/images/I/61AgJTE7F8L._AC_UL320_.jpg
"Home Office Desk Chair, Vanity Chair, Modern Adjustable Low Back Rolling Chair, Twill Upholstered Cute Office Chair, Desk Chairs with Wheels for Bedroom, Classroom, Vanity Room (Yellow)",$80.98,https://www.amazon.com/Adjustable-Rolling-Upholstered-Armless-Classroom/dp/B09FTBB7DR/ref=sr_1_11?crid=1ETD973V81N4Y&keywords=chair&qid=1670362058&sprefix=chair%2Caps%2C70&sr=8-11,https://m.media-amazon.com/images/I/71ceK+L7DSL._AC_UL320_.jpg
"Karl home Accent Chair Mid-Century Modern Chair with Pillow Upholstered Lounge Arm Chair with Solid Wood Frame & Soft Cushion for Living Room, Bedroom, Belcony, Beige",$159.99,https://www.amazon.com/Karl-home-Mid-Century-Upholstered-Cushion/dp/B0BLP4W97Y/ref=sr_1_12?crid=1ETD973V81N4Y&keywords=chair&qid=1670362058&sprefix=chair%2Caps%2C70&sr=8-12,https://m.media-amazon.com/images/I/81U11HwKtIL._AC_UL320_.jpg
Neo Chair Office Computer Desk Chair Gaming-Ergonomic Mid Back Cushion Lumbar Support with Wheels Comfortable Blue Mesh Racing Seat Adjustable Swivel Rolling Home Executive (Black),$57.98,https://www.amazon.com/CHAIR-Office-Chair-Computer-Gaming/dp/B08KSCDM47/ref=sr_1_13?crid=1ETD973V81N4Y&keywords=chair&qid=1670362058&sprefix=chair%2Caps%2C70&sr=8-13,https://m.media-amazon.com/images/I/71EgGUGVrrL._AC_UL320_.jpg
N-GEN Gaming Chair with Footrest Levelled Seat Style PU Leather Adjustable Ergonomic Lumbar Support High Back Office Swivel Computer Desk Headrest Design E-Sports PC Gamer Height Reclining (3. Red),$149.98,https://www.amazon.com/Footrest-Levelled-Adjustable-Ergonomic-Reclining/dp/B097QXQ6TK/ref=sr_1_14?crid=1ETD973V81N4Y&keywords=chair&qid=1670362058&sprefix=chair%2Caps%2C70&sr=8-14,https://m.media-amazon.com/images/I/71lqJU7tskL._AC_UL320_.jpg
"Urban Shop Swivel Mesh Desk Chair, Blue",$39.99,https://www.amazon.com/Urban-Shop-Swivel-Mesh-Chair/dp/B07PVPTRS5/ref=sr_1_15?crid=1ETD973V81N4Y&keywords=chair&qid=1670362058&sprefix=chair%2Caps%2C70&sr=8-15,https://m.media-amazon.com/images/I/81rwEvgqAhL._AC_UL320_.jpg
"GTPLAYER Gaming Chair, Computer with Footrest and Lumbar Support Height Adjustable with 360°-Swivel Seat and Headrest for Office or Gaming (White)",$109.98,https://www.amazon.com/GTPLAYER-Computer-Footrest-Adjustable-360%C2%B0-Swivel/dp/B0BBPRZHRX/ref=sr_1_16?crid=1ETD973V81N4Y&keywords=chair&qid=1670362058&sprefix=chair%2Caps%2C70&sr=8-16,https://m.media-amazon.com/images/I/61D57mRs3tL._AC_UL320_.jpg
Amazon Basics Classic Puresoft Padded Mid-Back Office Computer Desk Chair with Armrest - Black,$75.04,https://www.amazon.com/gp/slredirect/picassoRedirect.html/ref=pa_sp_mtf_aps_sr_pg1_1?ie=UTF8&adId=A033751225Q1QCADXI8YQ&qualifier=1670362058&id=1609954057894874&widgetName=sp_mtf&url=%2FAmazonBasics-Puresoft-PU-Padded-Mid-Back-Computer%2Fdp%2FB081H3Y5NW%2Fref%3Dsr_1_17_sspa%3Fcrid%3D1ETD973V81N4Y%26keywords%3Dchair%26qid%3D1670362058%26sprefix%3Dchair%252Caps%252C70%26sr%3D8-17-spons%26psc%3D1,https://m.media-amazon.com/images/I/71i08qnZeDL._AC_UL320_.jpg
Ergonomic Office Chair Computer Desk Chairs - Mesh Home Office Desk Chairs with Lumbar Support & 3D Adjustable Armrests (High Back),$189.99,https://www.amazon.com/gp/slredirect/picassoRedirect.html/ref=pa_sp_mtf_aps_sr_pg1_1?ie=UTF8&adId=A03848441STR2KA8PGQU5&qualifier=1670362058&id=1609954057894874&widgetName=sp_mtf&url=%2FErgonomic-Office-Chair-Computer-Chairs%2Fdp%2FB09WHHWT5F%2Fref%3Dsr_1_18_sspa%3Fcrid%3D1ETD973V81N4Y%26keywords%3Dchair%26qid%3D1670362058%26sprefix%3Dchair%252Caps%252C70%26sr%3D8-18-spons%26psc%3D1,https://m.media-amazon.com/images/I/71F3gO7vWqL._AC_UL320_.jpg
"Modern Faux Fur Home Office Chair, Fluffy Chair Makeup Vanity Chair for Girl Teen Girls, Desk Chair with Armrest, Dining Chair Cute Armchair with Wood Finish Metal Legs, White",$79.90,https://www.amazon.com/gp/slredirect/picassoRedirect.html/ref=pa_sp_mtf_aps_sr_pg1_1?ie=UTF8&adId=A02588361E76X2IZ05J3G&qualifier=1670362058&id=1609954057894874&widgetName=sp_mtf&url=%2FModern-Office-Fluffy-Armrest-Armchair%2Fdp%2FB09K7K1RP7%2Fref%3Dsr_1_19_sspa%3Fcrid%3D1ETD973V81N4Y%26keywords%3Dchair%26qid%3D1670362058%26sprefix%3Dchair%252Caps%252C70%26sr%3D8-19-spons%26psc%3D1,https://m.media-amazon.com/images/I/81TPhwqoNuL._AC_UL320_.jpg
"Ergonomic Office Chair, Season wind Home Office Desk Chairs Flip Up Arms with Wheels Mesh High Back Lumbar Support Pillow Adjustable Armrest Headrest Adult Swivel Big Tall Executive Heavy People, Grey",$279.90,https://www.amazon.com/gp/slredirect/picassoRedirect.html/ref=pa_sp_mtf_aps_sr_pg1_1?ie=UTF8&adId=A08928211T65MVUUOQHNM&qualifier=1670362058&id=1609954057894874&widgetName=sp_mtf&url=%2FErgonomic-Season-wind-Adjustable-Executive%2Fdp%2FB0BC6J8H1W%2Fref%3Dsr_1_20_sspa%3Fcrid%3D1ETD973V81N4Y%26keywords%3Dchair%26qid%3D1670362058%26sprefix%3Dchair%252Caps%252C70%26sr%3D8-20-spons%26psc%3D1,https://m.media-amazon.com/images/I/61PaFCob4ZL._AC_UL320_.jpg
"Home Office Chair, Mid-Back Armless Twill Fabric Adjustable Swivel Task Chair for Small Space, Living Room, Make-up, Studying",$89.99,https://www.amazon.com/Mid-Back-Armless-Adjustable-Make-up-Studying/dp/B097K7Y4G3/ref=sr_1_21?crid=1ETD973V81N4Y&keywords=chair&qid=1670362058&sprefix=chair%2Caps%2C70&sr=8-21,https://m.media-amazon.com/images/I/61+abewE2LL._AC_UL320_.jpg
"Amazon Basics Padded Office Desk Chair with Armrests, Adjustable Height/Tilt, 360-Degree Swivel, 275Lb Capacity - Black",$81.28,https://www.amazon.com/Amazon-Basics-Ergonomic-Adjustable-360-Degree/dp/B00IFHPVEU/ref=sr_1_22?crid=1ETD973V81N4Y&keywords=chair&qid=1670362058&sprefix=chair%2Caps%2C70&sr=8-22,https://m.media-amazon.com/images/I/71mKwaKglhL._AC_UL320_.jpg
"CangLong Mid Century Modern DSW Side Chair with Wood Legs for Kitchen, Living Dining Room, Pack of 1, White",$91.22,https://www.amazon.com/CangLong-Century-Modern-Kitchen-Living/dp/B082FGQKVL/ref=sr_1_23?crid=1ETD973V81N4Y&keywords=chair&qid=1670362058&sprefix=chair%2Caps%2C70&sr=8-23,https://m.media-amazon.com/images/I/51yifZpYZUL._AC_UL320_.jpg
Homall Gaming Chair Office Chair High Back Computer Chair Leather Desk Chair Racing Executive Ergonomic Adjustable Swivel Task Chair with Headrest and Lumbar Support (White),$109.99,https://www.amazon.com/Homall-Computer-Executive-Ergonomic-Adjustable/dp/B01MRZ02TL/ref=sr_1_24?crid=1ETD973V81N4Y&keywords=chair&qid=1670362058&sprefix=chair%2Caps%2C70&sr=8-24,https://m.media-amazon.com/images/I/61HEqHMkRhL._AC_UL320_.jpg
"Yaheetech Office Chair Ergonomic Computer Chair Mid Back Adjustable Desk Chair with Lumbar Support Armrest, Swivel Mesh Task Gaming Chair for Home Office Study, Black",$29.99,https://www.amazon.com/Yaheetech-Ergonomic-Computer-Executive-Adjustable/dp/B07SS4GMLW/ref=sr_1_25?crid=1ETD973V81N4Y&keywords=chair&qid=1670362058&sprefix=chair%2Caps%2C70&sr=8-25,https://m.media-amazon.com/images/I/81NCctrvntL._AC_UL320_.jpg
"Ergonomic Home Office Desk Chair, Adjustable Armless Computer Chair with Lumbar Support, Small Mesh Task Chair with Backrest Swivel Rolling for Study, Office, Conference Room",$49.99,https://www.amazon.com/Ergonomic-Adjustable-Computer-Backrest-Conference/dp/B09YQSW5Y4/ref=sr_1_26?crid=1ETD973V81N4Y&keywords=chair&qid=1670362058&sprefix=chair%2Caps%2C70&sr=8-26,https://m.media-amazon.com/images/I/61IBtC9ZqcL._AC_UL320_.jpg
"KROFEM Macrame Hammock Hanging Swinging Chair, Perfect for Bedroom, Porch, Kids, Adults, Balcony with Thick Cushion Beige (Ceiling Mounting Hardware Not Included)",$44.99,https://www.amazon.com/KROFEM-Macrame-Hammock-Hanging-Swinging-Perfect/dp/B0BN5WZD6L/ref=sr_1_27?crid=1ETD973V81N4Y&keywords=chair&qid=1670362058&sprefix=chair%2Caps%2C70&sr=8-27,https://m.media-amazon.com/images/I/61vVP0dbdgL._AC_UL320_.jpg
neo chair Office Chair Adjustable Desk Chair Mid Back Executive Desk Comfortable PU Leather Chair Ergonomic Gaming Chair Back Support Home Computer Desk with Flip-up Armrest Swivel Wheels (Jet Black),$89.98,https://www.amazon.com/neo-chair-Adjustable-Executive-Comfortable/dp/B0BHY5C5PC/ref=sr_1_28?crid=1ETD973V81N4Y&keywords=chair&qid=1670362058&sprefix=chair%2Caps%2C70&sr=8-28,https://m.media-amazon.com/images/I/61tsiiOvWzL._AC_UL320_.jpg
"Lucky Theory Humble Crew Lightweight Desk Chair, White",$40.00,https://www.amazon.com/Lucky-Theory-White-Lightweight-Chair/dp/B076FFKP8C/ref=sr_1_29?crid=1ETD973V81N4Y&keywords=chair&qid=1670362058&sprefix=chair%2Caps%2C70&sr=8-29,https://m.media-amazon.com/images/I/71R9AmtUYbL._AC_UL320_.jpg
"Ergonomic Office Chair, KERDOM Breathable Mesh Desk Chair, Lumbar Support Computer Chair with Headrest and Flip-up Arms, Swivel Task Chair, Adjustable Height Gaming Chair(Black)",$179.99,https://www.amazon.com/Ergonomic-KERDOM-Breathable-Computer-Adjustable/dp/B0B42MH6YR/ref=sr_1_30?crid=1ETD973V81N4Y&keywords=chair&qid=1670362058&sprefix=chair%2Caps%2C70&sr=8-30,https://m.media-amazon.com/images/I/81iKmmqtq5L._AC_UL320_.jpg
"NOBLEWELL Office Chair Ergonomic Office Chair High Back Mesh Computer Chair with Lumbar Support Adjustable Armrest, Backrest and Headrest",$139.99,https://www.amazon.com/NOBLEWELL-Ergonomic-Computer-Adjustable-Certified/dp/B08D6HGS7T/ref=sr_1_31?crid=1ETD973V81N4Y&keywords=chair&qid=1670362058&sprefix=chair%2Caps%2C70&sr=8-31,https://m.media-amazon.com/images/I/71MzaFpWjwL._AC_UL320_.jpg
YSSOA Backrest and Seat Height Adjustable Swivel Recliner Racing Office Computer Ergonomic Video Game Chair,$115.99,https://www.amazon.com/YSSOA-Gaming-Office-Adjustable-Chair/dp/B0978NWH8P/ref=sr_1_32?crid=1ETD973V81N4Y&keywords=chair&qid=1670362058&sprefix=chair%2Caps%2C70&sr=8-32,https://m.media-amazon.com/images/I/61gmXNWdZML._AC_UL320_.jpg
"BROBRIYO Ergonomic Office Chair with Footrest, High Back Desk Chair with Separate Height Adjustable Backrest & Lumbar Support, 4D Armrest Computer Chair for Home Office(Grey)",$799.99,https://www.amazon.com/gp/slredirect/picassoRedirect.html/ref=pa_sp_mtf_aps_sr_pg1_1?ie=UTF8&adId=A00161221ZSTBHMAB37CU&qualifier=1670362058&id=1609954057894874&widgetName=sp_mtf&url=%2FBROBRIYO-Ergonomic-Footrest-Separate-Adjustable%2Fdp%2FB0B97LWCBM%2Fref%3Dsr_1_33_sspa%3Fcrid%3D1ETD973V81N4Y%26keywords%3Dchair%26qid%3D1670362058%26sprefix%3Dchair%252Caps%252C70%26sr%3D8-33-spons%26psc%3D1,https://m.media-amazon.com/images/I/91F-dR3OQwL._AC_UL320_.jpg
"Wayaon Office Chair Ergonomic Home Desk Office Mesh Chair with Adjustable Headrest and Lumbar Support, Flip-Up Arms, Wheel High Back 360 Degree Swivel Computer Chair",$169.99,https://www.amazon.com/gp/slredirect/picassoRedirect.html/ref=pa_sp_mtf_aps_sr_pg1_1?ie=UTF8&adId=A04361091XWQHI6ES4577&qualifier=1670362058&id=1609954057894874&widgetName=sp_mtf&url=%2FWayaon-Ergonomic-Comfortable-Computer-Reversible%2Fdp%2FB09V7K5HCM%2Fref%3Dsr_1_34_sspa%3Fcrid%3D1ETD973V81N4Y%26keywords%3Dchair%26qid%3D1670362058%26sprefix%3Dchair%252Caps%252C70%26sr%3D8-34-spons%26psc%3D1,https://m.media-amazon.com/images/I/71y1nIwJRiL._AC_UL320_.jpg
Ergonomic Mesh Office Chair with Adaptive Lumbar Support | High Back Computer Desk Chair with Footrest | Adjustable Arms Headrest Backrest | Tilt Function 4D Armrest Recliner for Home Office…,$549.00,https://www.amazon.com/gp/slredirect/picassoRedirect.html/ref=pa_sp_mtf_aps_sr_pg1_1?ie=UTF8&adId=A00311623SQCQ846MVMIQ&qualifier=1670362058&id=1609954057894874&widgetName=sp_mtf&url=%2FErgonomic-Adaptive-Computer-Footrest-Adjustable%2Fdp%2FB0B8YSSWW9%2Fref%3Dsr_1_35_sspa%3Fcrid%3D1ETD973V81N4Y%26keywords%3Dchair%26qid%3D1670362058%26sprefix%3Dchair%252Caps%252C70%26sr%3D8-35-spons%26psc%3D1,https://m.media-amazon.com/images/I/61Q8FJv9BNL._AC_UL320_.jpg
Ficmax Big and Tall Office Chair Ergonomic Executive Chair PU Leather Chair Lumbar Support Modern Computer Desk Chair Comfy Work Chair - with Flip-up Armrests Spring Cushion (H1-Black),$229.99,https://www.amazon.com/gp/slredirect/picassoRedirect.html/ref=pa_sp_mtf_aps_sr_pg1_1?ie=UTF8&adId=A01978431P4QO7XC9H0EC&qualifier=1670362058&id=1609954057894874&widgetName=sp_mtf&url=%2FErgonomic-Executive-Leather-Support-Computer%2Fdp%2FB0B9MF1XJ1%2Fref%3Dsr_1_36_sspa%3Fcrid%3D1ETD973V81N4Y%26keywords%3Dchair%26qid%3D1670362058%26sprefix%3Dchair%252Caps%252C70%26sr%3D8-36-spons%26psc%3D1,https://m.media-amazon.com/images/I/51gSl+MaeCL._AC_UL320_.jpg
N-GEN Gaming Chair Ergonomic Office Chair PC Desk Chair with Lumbar Support Flip Up Arms Levelled Seat Style Headrest PU Leather Executive High Back Computer Chair for Adults Women Men (4. Black),$124.98,https://www.amazon.com/Ergonomic-Levelled-Headrest-Executive-Computer/dp/B097QWL85B/ref=sr_1_37?crid=1ETD973V81N4Y&keywords=chair&qid=1670362058&sprefix=chair%2Caps%2C70&sr=8-37,https://m.media-amazon.com/images/I/71LM3m3TESL._AC_UL320_.jpg
JUMMICO Recliner Chair Adjustable Home Theater Single Fabric Recliner Sofa Furniture with Thick Seat Cushion and Backrest Modern Living Room Recliners (Aurora Grey),$159.99,https://www.amazon.com/JUMMICO-Adjustable-Recliner-Furniture-Recliners/dp/B07DNTT8MR/ref=sr_1_38?crid=1ETD973V81N4Y&keywords=chair&qid=1670362058&sprefix=chair%2Caps%2C70&sr=8-38,https://m.media-amazon.com/images/I/91zS5wUr+rL._AC_UL320_.jpg
Amazon Basics Classic Faux Leather Office Desk Guest Chair with Metal Frame - Black,$102.34,https://www.amazon.com/AmazonBasics-Classic-Leather-Office-Guest/dp/B072Y5MZQH/ref=sr_1_39?crid=1ETD973V81N4Y&keywords=chair&qid=1670362058&sprefix=chair%2Caps%2C70&sr=8-39,https://m.media-amazon.com/images/I/71b431kv7XL._AC_UL320_.jpg
neo chair Office Desk Chair Computer Gaming Chair with Executive Ergonomic Lumbar Back Support Flip-up Padded Armrest Adjustable Height and Wheels for Home or Office (Black),$89.98,https://www.amazon.com/neo-chair-Executive-Ergonomic-Adjustable/dp/B0BGXH8F67/ref=sr_1_40?crid=1ETD973V81N4Y&keywords=chair&qid=1670362058&sprefix=chair%2Caps%2C70&sr=8-40,https://m.media-amazon.com/images/I/712VZnkENPL._AC_UL320_.jpg
"Armen Living Summer Chair in Charcoal Fabric and Walnut Wood Finish, 31"" x 25"" x 22""",$105.99,https://www.amazon.com/Armen-Living-LCSUCHWACH-Summer-Charcoal/dp/B015ETINHS/ref=sr_1_41?crid=1ETD973V81N4Y&keywords=chair&qid=1670362058&sprefix=chair%2Caps%2C70&sr=8-41,https://m.media-amazon.com/images/I/61+TPTvw-+L._AC_UL320_.jpg
"LEMBERI Fabric Padded Desk Chair No Wheels, Armless Wide Swivel Home Office Desk Chair,120°Rocking Mid Back Ergonomic Computer Task Vanity Chair for Office, Home, Make Up,Small Space, Bed Room",$139.00,https://www.amazon.com/LEMBERI-Armless-120%C2%B0Rocking-Ergonomic-Computer/dp/B0B8MRJCLS/ref=sr_1_42?crid=1ETD973V81N4Y&keywords=chair&qid=1670362058&sprefix=chair%2Caps%2C70&sr=8-42,https://m.media-amazon.com/images/I/71-E5m4Uk9L._AC_UL320_.jpg
"Karl home Accent Rocking Chair Modern Upholstered Nursery Rocker Creamy-White Glider Armchair with Side Pocket Hige Back Lounge Chair for Living Room, Bedroom, Nursery",$119.99,https://www.amazon.com/Karl-home-Upholstered-Creamy-White-Armchair/dp/B0BMG2WJ5Y/ref=sr_1_44?crid=1ETD973V81N4Y&keywords=chair&qid=1670362058&sprefix=chair%2Caps%2C70&sr=8-44,https://m.media-amazon.com/images/I/71LduDRuudL._AC_UL320_.jpg
Furmax Office Chair Desk Chair Leather Gaming Chair Computer Chair Racing Style Ergonomic Adjustable Swivel Task Chair with Lumbar Support and Arms (Black),$62.98,https://www.amazon.com/Furmax-Ergonomic-Adjustable-Executive-Computer/dp/B01LXXM5EK/ref=sr_1_45?crid=1ETD973V81N4Y&keywords=chair&qid=1670362058&sprefix=chair%2Caps%2C70&sr=8-45,https://m.media-amazon.com/images/I/716HKNxVRML._AC_UL320_.jpg
OUTFINE Office Chair Executive Office Chair Desk Chair Computer Chair with Ergonomic Support Tilting Function Upholstered in Leather,$149.99,https://www.amazon.com/OUTFINE-Executive-Computer-Ergonomic-Upholstered/dp/B08MTN8SR4/ref=sr_1_46?crid=1ETD973V81N4Y&keywords=chair&qid=1670362058&sprefix=chair%2Caps%2C70&sr=8-46,https://m.media-amazon.com/images/I/61xQhx1WMMS._AC_UL320_.jpg
neo chair Office Chair Computer Desk Chair Gaming - Ergonomic High Back Cushion Lumbar Support with Wheels Comfortable Brown Leather Racing Seat Adjustable Swivel Rolling Home Executive,$119.98,https://www.amazon.com/neo-chair-Office-Computer-Gaming/dp/B0BKG9LLDN/ref=sr_1_47?crid=1ETD973V81N4Y&keywords=chair&qid=1670362058&sprefix=chair%2Caps%2C70&sr=8-47,https://m.media-amazon.com/images/I/61LaBZIxyAL._AC_UL320_.jpg
ALLLUCK Ergonomic Office Chair Office Chair with Lumbar Support & Headrest & Flip Up Arms Black Mesh Home Desk Chair Height Adjustable Computer Chair Swivel 360° Rockable Study Chair,$79.88,https://www.amazon.com/Ergonomic-ALLLUCK-Adjustable-Headrest-Computer/dp/B09XB2CSX7/ref=sr_1_48?crid=1ETD973V81N4Y&keywords=chair&qid=1670362058&sprefix=chair%2Caps%2C70&sr=8-48,https://m.media-amazon.com/images/I/810oXnXv1TL._AC_UL320_.jpg
Modway EEI-757-BLK Articulate Ergonomic Mesh Office Chair in Black,$150.99,https://www.amazon.com/Modway-Articulate-Ergonomic-Office-Chair/dp/B006IY89ZA/ref=sr_1_49?crid=1ETD973V81N4Y&keywords=chair&qid=1670362058&sprefix=chair%2Caps%2C70&sr=8-49,https://m.media-amazon.com/images/I/81swx3e+b2L._AC_UL320_.jpg
Yongqiang Accent Chairs for Living Room Set of 2 Upholstered Bedroom Chairs Curved Armless Side Chairs with Wood Legs Cream Fabric,$299.99,https://www.amazon.com/YongQiang-Living-Bedroom-Upholstered-Backrest/dp/B07W3VFFC8/ref=sr_1_50?crid=1ETD973V81N4Y&keywords=chair&qid=1670362058&sprefix=chair%2Caps%2C70&sr=8-50,https://m.media-amazon.com/images/I/71xiZ7VIH2L._AC_UL320_.jpg
"CangLong Washable PU Cushion Seat Back, Mid Century Metal Legs for Kitchen Dining Room Side Chair, Set of 4, Brown",$224.43,https://www.amazon.com/CangLong-Washable-Cushion-Century-Kitchen/dp/B082C24Y23/ref=sr_1_51?crid=1ETD973V81N4Y&keywords=chair&qid=1670362058&sprefix=chair%2Caps%2C70&sr=8-51,https://m.media-amazon.com/images/I/61bSPQ5zxqL._AC_UL320_.jpg
"Office Chair, Ergonomic Desk Chair with Adjustable Lumbar Support, High Back Mesh Computer Chair with Flip-up Armrests-BIFMA Passed Task Chairs, Executive Chair for Home Office",$149.99,https://www.amazon.com/Ergonomic-Adjustable-Computer-Armrests-BIFMA-Executive/dp/B09JWFHX3Z/ref=sr_1_52?crid=1ETD973V81N4Y&keywords=chair&qid=1670362058&sprefix=chair%2Caps%2C70&sr=8-52,https://m.media-amazon.com/images/I/71EV9SycG2L._AC_UL320_.jpg
"Homall Office Chair High Back Computer Chair Ergonomic Desk Chair, PU Leather Adjustable Height Modern Executive Swivel Task Chair with Padded Armrests and Lumbar Support (Black)",$102.98,https://www.amazon.com/Homall-Computer-Ergonomic-Adjustable-Executive/dp/B09W5LLQXL/ref=sr_1_53?crid=1ETD973V81N4Y&keywords=chair&qid=1670362058&sprefix=chair%2Caps%2C70&sr=8-53,https://m.media-amazon.com/images/I/61R8L39ps9L._AC_UL320_.jpg
"Amazon Basics Upholstered, Low-Back, Adjustable, Swivel Office Desk Chair, Black",$76.99,https://www.amazon.com/AmazonBasics-GF-60044-Low-Back-Task-Chair/dp/B00XBC3J84/ref=sr_1_54?crid=1ETD973V81N4Y&keywords=chair&qid=1670362058&sprefix=chair%2Caps%2C70&sr=8-54,https://m.media-amazon.com/images/I/712TjvLdJQL._AC_UL320_.jpg
"Amazon Basics Low-Back, Upholstered Mesh, Adjustable, Swivel Computer Office Desk Chair, Black",$72.00,https://www.amazon.com/AmazonBasics-Low-Back-Computer-Chair-Black/dp/B01D7P5BFS/ref=sr_1_55?crid=1ETD973V81N4Y&keywords=chair&qid=1670362058&sprefix=chair%2Caps%2C70&sr=8-55,https://m.media-amazon.com/images/I/71yxAKCrQrL._AC_UL320_.jpg
"Furmax Office Chair Ergonomic Desk Chair Mesh Computer Chair, Mid Back Swivel Task Chair Executive Chair with Lumbar Support and Armrests (Black)",$29.98,https://www.amazon.com/Furmax-Computer-Swivel-Ergonomic-Support/dp/B08F9Q285H/ref=sr_1_56?crid=1ETD973V81N4Y&keywords=chair&qid=1670362058&sprefix=chair%2Caps%2C70&sr=8-56,https://m.media-amazon.com/images/I/717JbOTHyBL._AC_UL320_.jpg
"Sytas home office chair ergonomic, mesh desk chair lumbar support, ergonomic computer chair adjustable armrest",$129.99,https://www.amazon.com/Sytas-Ergonomic-Comfortable-Computer-Adjustable/dp/B09BB5SWN2/ref=sr_1_57?crid=1ETD973V81N4Y&keywords=chair&qid=1670362058&sprefix=chair%2Caps%2C70&sr=8-57,https://m.media-amazon.com/images/I/61+2Wte9r-L._AC_UL320_.jpg
"Office Chair, Desk Chair Mid Back Computer Chair Ergonomic Office Chair Mesh Computer Desk Chair with Lumbar Support Armrest, Executive Height Adjustable Swivel Task Chair for Women Adults",$55.90,https://www.amazon.com/Computer-Ergonomic-Support-Executive-Adjustable/dp/B0BKNZT1PC/ref=sr_1_58?crid=1ETD973V81N4Y&keywords=chair&qid=1670362058&sprefix=chair%2Caps%2C70&sr=8-58,https://m.media-amazon.com/images/I/71IM6ln5SoL._AC_UL320_.jpg
AbunHeri Plush Flower Bean Bags Chairs(NO Filler) Grey Storage Beanbag Chair Cover Living Room Furniture 31x31x20 Inches Soft Washable Plush Fiber Bean Bag Chair Fuzzy Fur Cover Without Filling,$45.90,https://www.amazon.com/Storage-Beanbag-Furniture-31x31x20-Washable/dp/B09YJ71VZC/ref=sr_1_59?crid=1ETD973V81N4Y&keywords=chair&qid=1670362058&sprefix=chair%2Caps%2C70&sr=8-59,https://m.media-amazon.com/images/I/719BcryAbUL._AC_UL320_.jpg
"Qtivii Velvet Home Office Chair, Modern Office Chair with Gold Base, Home Office Desk Chair for Living Room, Bedroom, Vanity, Study (Off White)",$139.99,https://www.amazon.com/Qtivii-Velvet-Office-Modern-Bedroom/dp/B0BL3485YD/ref=sr_1_60?crid=1ETD973V81N4Y&keywords=chair&qid=1670362058&sprefix=chair%2Caps%2C70&sr=8-60,https://m.media-amazon.com/images/I/51Iw+NJXjOL._AC_UL320_.jpg
