item_name,price,link_to_item,link_to_item_image
"Amazon Brand – Stone & Beam Hillman Mid-Century Sofa Couch with Wood Base and Legs, 78""W, Ivory",$943.80,https://www.amazon.com/gp/slredirect/picassoRedirect.html/ref=pa_sp_atf_aps_sr_pg1_1?ie=UTF8&adId=A02021552GXEKJXEKJVH2&qualifier=1670362061&id=6936361904954493&widgetName=sp_atf&url=%2FStone-Beam-Mid-Century-Removable-Cushions%2Fdp%2FB07QHYD995%2Fref%3Dsr_1_1_sspa%3Fcrid%3D1ETD973V81N4Y%26keywords%3Dcouch%26qid%3D1670362061%26sprefix%3Dcouch%252Caps%252C70%26sr%3D8-1-spons%26psc%3D1,https://m.media-amazon.com/images/I/81TXnI63eQL._AC_UL320_.jpg
Devion Furniture Contemporary Reversible Sectional Sleeper Sectional Sofa with Storage Chaise in Light Gray Fabric,$499.00,https://www.amazon.com/gp/slredirect/picassoRedirect.html/ref=pa_sp_atf_aps_sr_pg1_1?ie=UTF8&adId=A07049887IKW36ZA4RQR&qualifier=1670362061&id=6936361904954493&widgetName=sp_atf&url=%2FDevion-Furniture-Polyester-Reversible-Sectional%2Fdp%2FB093X8BVWD%2Fref%3Dsr_1_2_sspa%3Fcrid%3D1ETD973V81N4Y%26keywords%3Dcouch%26qid%3D1670362061%26sprefix%3Dcouch%252Caps%252C70%26sr%3D8-2-spons%26psc%3D1,https://m.media-amazon.com/images/I/41rQAmH3hvS._AC_UL320_.jpg
"HONBAY Modular Sectional Sofa U Shaped Couch Reversible Sofa Couch with Storage Seat, Bluish Grey","$1,459.99",https://www.amazon.com/gp/slredirect/picassoRedirect.html/ref=pa_sp_atf_aps_sr_pg1_1?ie=UTF8&adId=A029775528625N7882NCW&qualifier=1670362061&id=6936361904954493&widgetName=sp_atf&url=%2FHONBAY-Modular-Sectional-Reversible-Storage%2Fdp%2FB094HYTHX1%2Fref%3Dsr_1_3_sspa%3Fcrid%3D1ETD973V81N4Y%26keywords%3Dcouch%26qid%3D1670362061%26sprefix%3Dcouch%252Caps%252C70%26sr%3D8-3-spons%26psc%3D1,https://m.media-amazon.com/images/I/711R-ZB95fS._AC_UL320_.jpg
"Casa Andrea Milano LLC 3 Piece Modern Tufted Micro Suede L Shaped Sectional Sofa Couch with Reversible Chaise & Ottoman, Large, Fossil",$729.99,https://www.amazon.com/gp/slredirect/picassoRedirect.html/ref=pa_sp_atf_aps_sr_pg1_1?ie=UTF8&adId=A10285433VV6SJHQV7WI9&qualifier=1670362061&id=6936361904954493&widgetName=sp_atf&url=%2FCasa-Andrea-Milano-Sectional-Reversible%2Fdp%2FB09ZQ3Q55W%2Fref%3Dsr_1_4_sspa%3Fcrid%3D1ETD973V81N4Y%26keywords%3Dcouch%26qid%3D1670362061%26sprefix%3Dcouch%252Caps%252C70%26sr%3D8-4-spons%26psc%3D1,https://m.media-amazon.com/images/I/61OA+q2LgIS._AC_UL320_.jpg
ZAFLY Convertible Sectional Couch Modular L Shape Sofa with Storage Ottoman Living Room Sets 3-Seat Sectional Couch for Small Space Living Room Bedroom,$219.99,https://www.amazon.com/ZAFLY-Convertible-Sectional-Modular-Storage/dp/B0BM5TZ84R/ref=sr_1_5?crid=1ETD973V81N4Y&keywords=couch&qid=1670362061&sprefix=couch%2Caps%2C70&sr=8-5,https://m.media-amazon.com/images/I/71U7oz-e5dL._AC_UL320_.jpg
"Lilola Home Lucca Reversible Sectional Sofa Couch, Storage Chaise, Pull Out Sleeper, L-Shape Lounge, Steel Gray, Linen",$464.63,https://www.amazon.com/LILOLA-Lucca-Reversible-Sleeper-Sectional/dp/B07NXT3C4P/ref=sr_1_6?crid=1ETD973V81N4Y&keywords=couch&qid=1670362061&sprefix=couch%2Caps%2C70&sr=8-6,https://m.media-amazon.com/images/I/71JuzKHWtnL._AC_UL320_.jpg
"Shintenchi Convertible Sectional Sofa Couch, Modern Linen Fabric L-Shaped Couch 3-Seat Sofa Sectional with Reversible Chaise for Small Living Room, Apartment and Small Space (Dark Grey)",$369.99,https://www.amazon.com/Shintenchi-Convertible-Sectional-Reversible-Apartment/dp/B08GX586TD/ref=sr_1_7?crid=1ETD973V81N4Y&keywords=couch&qid=1670362061&sprefix=couch%2Caps%2C70&sr=8-7,https://m.media-amazon.com/images/I/71ziYfdkMrL._AC_UL320_.jpg
"VINGLI Mid-Century Modern Sofa,71"" Sofa Couch for Living Room,Small 3 Seater Loveseat Sofa for Small Space,Bedroom,Apartment,Studio",$229.99,https://www.amazon.com/VINGLI-Mid-Century-Loveseat-Bedroom-Apartment/dp/B0BHW8T7PL/ref=sr_1_8?crid=1ETD973V81N4Y&keywords=couch&qid=1670362061&sprefix=couch%2Caps%2C70&sr=8-8,https://m.media-amazon.com/images/I/81EMiynL5zL._AC_UL320_.jpg
"Lifestyle Solutions HRFKS3BK Grayson Sofa, 78.7"" W x 31.5"" D x 32.7"" H, Black",$299.87,https://www.amazon.com/Lifestyle-Solutions-HRFKS3BK-Grayson-Black/dp/B07KN1RPBB/ref=sr_1_9?crid=1ETD973V81N4Y&keywords=couch&qid=1670362061&sprefix=couch%2Caps%2C70&sr=8-9,https://m.media-amazon.com/images/I/41u6uR2TC4L._AC_UL320_.jpg
"mopio Chloe Futon Sofa Bed, Convertible Sleeper Sofa with Tapered Wood Legs, 77.5"" W, Small Splitback Sofa for Living Room",$368.99,https://www.amazon.com/Convertible-Sleeper-Tapered-Splitback-Living/dp/B08CVJY658/ref=sr_1_10?crid=1ETD973V81N4Y&keywords=couch&qid=1670362061&sprefix=couch%2Caps%2C70&sr=8-10,https://m.media-amazon.com/images/I/71hGOJjfu5L._AC_UL320_.jpg
Merluxy Sofa Bed Sleeper Sofa with Storage Chaise 2 in 1 Pull Out Couch Bed for Living Room Sectional Couch with Pull Out Bed Gray,$549.99,https://www.amazon.com/Merluxy-Sleeper-Storage-Chaise-Sectional/dp/B0BLCR73NZ/ref=sr_1_11?crid=1ETD973V81N4Y&keywords=couch&qid=1670362061&sprefix=couch%2Caps%2C70&sr=8-11,https://m.media-amazon.com/images/I/A10qKT8-VzL._AC_UL320_.jpg
"Best Choice Products Linen Upholstered Modern Convertible Folding Futon Sofa Bed for Compact Living Space, Apartment, Dorm, Bonus Room w/Removable Armrests, Metal Legs, 2 Cupholders - Gray",$229.99,https://www.amazon.com/Best-Choice-Products-Convertible-Cupholders/dp/B07Y4QCDXC/ref=sr_1_12?crid=1ETD973V81N4Y&keywords=couch&qid=1670362061&sprefix=couch%2Caps%2C70&sr=8-12,https://m.media-amazon.com/images/I/81XBJZaNqcL._AC_UL320_.jpg
"HONBAY Sectional Sofa, Convertible L Shaped Couch with Reversible Chaise, Sectional Couch for Small Space Apartment, Grey",$359.97,https://www.amazon.com/HONBAY-Convertible-Sectional-Modern-L-Shape/dp/B07ZDBPFL7/ref=sr_1_13?crid=1ETD973V81N4Y&keywords=couch&qid=1670362061&sprefix=couch%2Caps%2C70&sr=8-13,https://m.media-amazon.com/images/I/814KV4df+WL._AC_UL320_.jpg
"MELLCOM Modern U Shaped 6-seat Sectional Sofa Couch, Convertible Chenille Modular Sofa, Reversible Sleeper Couch with Chaise Lounge and Ottman for Living Room, Grey","$1,299.99",https://www.amazon.com/MELLCOM-Sectional-Convertible-Chenille-Reversible/dp/B0BNBHT937/ref=sr_1_14?crid=1ETD973V81N4Y&keywords=couch&qid=1670362061&sprefix=couch%2Caps%2C70&sr=8-14,https://m.media-amazon.com/images/I/71H6F7002nL._AC_UL320_.jpg
"POULEII Sectional Sofa,Modern U-Shape Modular Sectional Sofa Sleeper Couch with Chenille Fabric and Gold-Plated Feet for Living Room, Apartment, Office,Grey-Blue",$599.99,https://www.amazon.com/POULEII-Sectional-Gold-Plated-Apartment-Grey-Blue/dp/B0BNQ46V15/ref=sr_1_15?crid=1ETD973V81N4Y&keywords=couch&qid=1670362061&sprefix=couch%2Caps%2C70&sr=8-15,https://m.media-amazon.com/images/I/81p45NVC-AL._AC_UL320_.jpg
"Merluxy Sofa, Deep Seat Sofa-Contemporary Chenille Sofa Couch, 3 Seater Sofa for Living Room-97 Wide Oversized Sofa, Beige Comfy Sofa",$599.99,https://www.amazon.com/Merluxy-Sofa-Sofa-Contemporary-Chenille-Oversized/dp/B0BMQNRKSP/ref=sr_1_16?crid=1ETD973V81N4Y&keywords=couch&qid=1670362061&sprefix=couch%2Caps%2C70&sr=8-16,https://m.media-amazon.com/images/I/91rrKMwq8KL._AC_UL320_.jpg
"Amazon Brand – Rivet Modern Leather Sofa Couch with Wood Base, 84""W, Gray",$950.10,https://www.amazon.com/gp/slredirect/picassoRedirect.html/ref=pa_sp_mtf_aps_sr_pg1_1?ie=UTF8&adId=A05271352DR4D3JVAB8U0&qualifier=1670362061&id=6936361904954493&widgetName=sp_mtf&url=%2FAmazon-Brand-Rivet-Modern-Leather%2Fdp%2FB08LNWKC7F%2Fref%3Dsr_1_17_sspa%3Fcrid%3D1ETD973V81N4Y%26keywords%3Dcouch%26qid%3D1670362061%26sprefix%3Dcouch%252Caps%252C70%26sr%3D8-17-spons%26psc%3D1,https://m.media-amazon.com/images/I/61wfdgKvl5L._AC_UL320_.jpg
"HONBAY Convertible Modular Sectional Sofa with Ottomans Polyester Fabric Sleeper Sectional Couch with Chaise and Storage 6 Seat Sectional Sofa for Living Room, Grey","$1,359.99",https://www.amazon.com/gp/slredirect/picassoRedirect.html/ref=pa_sp_mtf_aps_sr_pg1_1?ie=UTF8&adId=A0528266122GHLBPX3A8R&qualifier=1670362061&id=6936361904954493&widgetName=sp_mtf&url=%2FHONBAY-Convertible-Modular-Sectional-Sofa%2Fdp%2FB09ZV27W2N%2Fref%3Dsr_1_18_sspa%3Fcrid%3D1ETD973V81N4Y%26keywords%3Dcouch%26qid%3D1670362061%26sprefix%3Dcouch%252Caps%252C70%26sr%3D8-18-spons%26psc%3D1,https://m.media-amazon.com/images/I/91naNUAq2AL._AC_UL320_.jpg
"Diophros Sofa Bed, Convertible Couch Chair 4 in 1 Multi-Function Modern Folding Ottoman Guest Sleeper Bed with Adjustable Backrest for Small Room Apartment",$349.99,https://www.amazon.com/gp/slredirect/picassoRedirect.html/ref=pa_sp_mtf_aps_sr_pg1_1?ie=UTF8&adId=A00600113DOPAT2FX1QNR&qualifier=1670362061&id=6936361904954493&widgetName=sp_mtf&url=%2FDiophros-Ottoman-Convertible-Multi-Function-Apartment%2Fdp%2FB08GXYJMF9%2Fref%3Dsr_1_19_sspa%3Fcrid%3D1ETD973V81N4Y%26keywords%3Dcouch%26qid%3D1670362061%26sprefix%3Dcouch%252Caps%252C70%26sr%3D8-19-spons%26psc%3D1,https://m.media-amazon.com/images/I/919BNKbvhlL._AC_UL320_.jpg
"HONBAY Convertible Sectional Sofa, L Shaped Couch with Linen Fabric, Reversible Sectional Sofa Couch for Small Space, Light Grey",$359.98,https://www.amazon.com/gp/slredirect/picassoRedirect.html/ref=pa_sp_mtf_aps_sr_pg1_1?ie=UTF8&adId=A0801215BGUNESMNJKM2&qualifier=1670362061&id=6936361904954493&widgetName=sp_mtf&url=%2FHONBAY-Convertible-Sectional-L-Shaped-Modern%2Fdp%2FB07LC9RSDS%2Fref%3Dsr_1_20_sspa%3Fcrid%3D1ETD973V81N4Y%26keywords%3Dcouch%26qid%3D1670362061%26sprefix%3Dcouch%252Caps%252C70%26sr%3D8-20-spons%26psc%3D1,https://m.media-amazon.com/images/I/81kp80ueuiL._AC_UL320_.jpg
"mopio Aaron Futon Convertible Sofa Sleeper Futon Twin Size with Arms Split Back Design 77.5"" (Fabric, Light Gray)",$358.99,https://www.amazon.com/Mopio-Convertible-Sleeper-Design-Fabric/dp/B09F36JTF7/ref=sr_1_21?crid=1ETD973V81N4Y&keywords=couch&qid=1670362061&sprefix=couch%2Caps%2C70&sr=8-21,https://m.media-amazon.com/images/I/81GnNvvnTUL._AC_UL320_.jpg
"STHOUYN 72"" W Sectional Sofa 3 Seat Couch, Mid Century Modern Sofa with 2 USB, Couches Sofas for Living Room Apartment Bedroom, Comfortable Small Couches for Small Spaces (Light Grey (3-Seater))",$194.99,https://www.amazon.com/STHOUYN-Sectional-Apartment-Comfortable-3-Seater/dp/B09TTGV58T/ref=sr_1_22?crid=1ETD973V81N4Y&keywords=couch&qid=1670362061&sprefix=couch%2Caps%2C70&sr=8-22,https://m.media-amazon.com/images/I/61NcVko76AL._AC_UL320_.jpg
"ACMEASE 69” Velvet Futon Sofa Bed w/Adjustable Backrests and Armrests, Convertible Futon Couch with Two Pillows, Modern Tufted Sleeper Bed for Living Room, Bedroom, Blue",$304.99,https://www.amazon.com/ACMEASE-Adjustable-Backrests-Armrests-Convertible/dp/B0BJ2CSS5W/ref=sr_1_23?crid=1ETD973V81N4Y&keywords=couch&qid=1670362061&sprefix=couch%2Caps%2C70&sr=8-23,https://m.media-amazon.com/images/I/71VUn2HEfHL._AC_UL320_.jpg
"Karl home Convertible Sectional Sofa 71"" L-Shape Sectional Couches with Chaise Modern Linen Fabric Sofa Modular Couch Reversible for Living Room, Apartment, Office, Dark Gray",$339.99,https://www.amazon.com/Karl-home-Convertible-Sectional-Reversible/dp/B0B5QZGQC3/ref=sr_1_24?crid=1ETD973V81N4Y&keywords=couch&qid=1670362061&sprefix=couch%2Caps%2C70&sr=8-24,https://m.media-amazon.com/images/I/81FpE0BCSTL._AC_UL320_.jpg
"Amazon Brand – Rivet Aiden Mid-Century Modern Reversible Sectional Sofa (86"") - Dark Gray","$1,159.29",https://www.amazon.com/Rivet-Aiden-Mid-Century-Sectional-Tapered/dp/B07QDL46GB/ref=sr_1_25?crid=1ETD973V81N4Y&keywords=couch&qid=1670362061&sprefix=couch%2Caps%2C70&sr=8-25,https://m.media-amazon.com/images/I/81qtS3WBXfL._AC_UL320_.jpg
"Mixoy Linen Fabric Sectional Sofa with Storage Ottoman, Free Combination L Shaped Sofa with Movable Ottoman, Modern Small Sectional Couch (Beige)",$209.99,https://www.amazon.com/Mixoy-Sectional-Storage-Ottoman-Combination/dp/B0BM4TJF57/ref=sr_1_26?crid=1ETD973V81N4Y&keywords=couch&qid=1670362061&sprefix=couch%2Caps%2C70&sr=8-26,https://m.media-amazon.com/images/I/71k456KwfEL._AC_UL320_.jpg
"Tool-Free Assembly Convertible Futon Sofa Bed, Modern Linen Split-Back Folding Sleeper Sofa Couches with Adjustable Backrest, Armrest, Wooden Frame & Leg for Living Room, Apartment (Grey)-Dark Grey",$100.00,https://www.amazon.com/Tool-Free-Convertible-Split-Back-Adjustable-Apartment/dp/B0BLVPMFQZ/ref=sr_1_27?crid=1ETD973V81N4Y&keywords=couch&qid=1670362061&sprefix=couch%2Caps%2C70&sr=8-27,https://m.media-amazon.com/images/I/51PeTXx7G6L._AC_UL320_.jpg
"Vesgantti Green Couches for Living Room 69 inch, Mid Century Modern Velvet Love Seats Sofa with 2 Bolster Pillows, Upholstered 3-Seater Loveseat w/Armrest for Bedroom, Apartment, Home Office",$299.99,https://www.amazon.com/Vesgantti-Green-Upholstered-3-Seater-Apartment/dp/B0BKGLNWMS/ref=sr_1_28?crid=1ETD973V81N4Y&keywords=couch&qid=1670362061&sprefix=couch%2Caps%2C70&sr=8-28,https://m.media-amazon.com/images/I/61kZDqwcl3L._AC_UL320_.jpg
"MGH Modern Velvet Sofa,Collection Contemporary Velvet Upholstered Sofa Couch with Stainless Steel Base,83.86“ Lx 30.70“ Wx 30.51“ H(Beige)",$659.99,https://www.amazon.com/gp/slredirect/picassoRedirect.html/ref=pa_sp_mtf_aps_sr_pg1_1?ie=UTF8&adId=A06968483128CPH7JOFQ2&qualifier=1670362061&id=6936361904954493&widgetName=sp_mtf&url=%2FMGH-Collection-Contemporary-Upholstered-Stainless%2Fdp%2FB09B7MVKTZ%2Fref%3Dsr_1_29_sspa%3Fcrid%3D1ETD973V81N4Y%26keywords%3Dcouch%26qid%3D1670362061%26sprefix%3Dcouch%252Caps%252C70%26sr%3D8-29-spons%26psc%3D1,https://m.media-amazon.com/images/I/81LpDpHh1FL._AC_UL320_.jpg
Nolany Reversible Sectional Sofa Couch for Small Apartment L Shape Sofa Couch 3-seat Sectional Couch (Dusty Grey),$433.99,https://www.amazon.com/gp/slredirect/picassoRedirect.html/ref=pa_sp_mtf_aps_sr_pg1_1?ie=UTF8&adId=A00527672PMIETTPVRLSA&qualifier=1670362061&id=6936361904954493&widgetName=sp_mtf&url=%2FNolany-Reversible-Sectional-Apartment-3-seat%2Fdp%2FB085DRM3GL%2Fref%3Dsr_1_30_sspa%3Fcrid%3D1ETD973V81N4Y%26keywords%3Dcouch%26qid%3D1670362061%26sprefix%3Dcouch%252Caps%252C70%26sr%3D8-30-spons%26psc%3D1,https://m.media-amazon.com/images/I/91WSeoikR8L._AC_UL320_.jpg
"Tbfit 65"" W Loveseat Sofa, Mid Century Modern Decor Love Seat Couches for Living Room, Button Tufted Upholstered Small Couch for Bedroom, Solid and Easy to Install Love Seats Furniture, Beige",$389.99,https://www.amazon.com/gp/slredirect/picassoRedirect.html/ref=pa_sp_mtf_aps_sr_pg1_1?ie=UTF8&adId=A05703941PCQH024KY6QL&qualifier=1670362061&id=6936361904954493&widgetName=sp_mtf&url=%2FTbfit-Loveseat-Century-Upholstered-Furniture%2Fdp%2FB09ZXWVLG4%2Fref%3Dsr_1_31_sspa%3Fcrid%3D1ETD973V81N4Y%26keywords%3Dcouch%26qid%3D1670362061%26sprefix%3Dcouch%252Caps%252C70%26sr%3D8-31-spons%26psc%3D1,https://m.media-amazon.com/images/I/91kJf9C0Z5L._AC_UL320_.jpg
"HONBAY Oversized Sectional Sofa with Wide Chaise Reversible Sectional Modular Sofa Couch with Ottomans U Shaped Corner Sectional with Storage for Living Room, Office, Spacious Space, Bluish Grey","$2,099.99",https://www.amazon.com/gp/slredirect/picassoRedirect.html/ref=pa_sp_mtf_aps_sr_pg1_1?ie=UTF8&adId=A07392153MQRFFCPHBMSA&qualifier=1670362061&id=6936361904954493&widgetName=sp_mtf&url=%2FHONBAY-Oversized-Sofa-Reversible-Modular%2Fdp%2FB09Z6RFB43%2Fref%3Dsr_1_32_sspa%3Fcrid%3D1ETD973V81N4Y%26keywords%3Dcouch%26qid%3D1670362061%26sprefix%3Dcouch%252Caps%252C70%26sr%3D8-32-spons%26psc%3D1,https://m.media-amazon.com/images/I/81NM6mAE92L._AC_UL320_.jpg
"Grepatio Convertible Sectional Sofa Couch, L-Shaped Couch with Modern Linen Fabric for Small Living Room, Apartment and Small Space (Grey)",$219.99,https://www.amazon.com/Grepatio-Convertible-Sectional-L-Shaped-Apartment/dp/B09YCC3SYH/ref=sr_1_33?crid=1ETD973V81N4Y&keywords=couch&qid=1670362061&sprefix=couch%2Caps%2C70&sr=8-33,https://m.media-amazon.com/images/I/81LYk9D8uoL._AC_UL320_.jpg
"Karl home Convertible Sectional Sofa 110"" L-Shape Sofa Couch 4-Seat Couch with Chaise Fabric Upholstered for Living Room, Apartment, Office, Black",$629.99,https://www.amazon.com/Karl-home-Convertible-Sectional-Upholstered/dp/B0BKPW6DHM/ref=sr_1_34?crid=1ETD973V81N4Y&keywords=couch&qid=1670362061&sprefix=couch%2Caps%2C70&sr=8-34,https://m.media-amazon.com/images/I/71600aN27dL._AC_UL320_.jpg
"VERYKE L-Shaped Sectional Sofa Couch,85'' Modern Sectional Sofa with Golden Legs and Chenille Fabric for Living Room",$399.99,https://www.amazon.com/VERYKE-L-Shaped-Sectional-Modern-Chenille/dp/B0BND63JRS/ref=sr_1_35?crid=1ETD973V81N4Y&keywords=couch&qid=1670362061&sprefix=couch%2Caps%2C70&sr=8-35,https://m.media-amazon.com/images/I/7116m9O7n5L._AC_UL320_.jpg
"Serta Rane Convertible Sofa Bed, 66.1"" W x 33.1"" D x 29.5"" H, Charcoal",$205.99,https://www.amazon.com/Serta-RNE-3S-CC-SET-Collection-Convertible-Charcoal/dp/B07KD6VRK3/ref=sr_1_36?crid=1ETD973V81N4Y&keywords=couch&qid=1670362061&sprefix=couch%2Caps%2C70&sr=8-36,https://m.media-amazon.com/images/I/61Fi9EVqM5L._AC_UL320_.jpg
Devion Furniture Contemporary Reversible Sectional Sleeper Sectional Sofa with Storage Chaise in Dark Gray Fabric,$499.00,https://www.amazon.com/Devion-Furniture-Contemporary-Reversible-Sectional/dp/B093WWWWST/ref=sr_1_37?crid=1ETD973V81N4Y&keywords=couch&qid=1670362061&sprefix=couch%2Caps%2C70&sr=8-37,https://m.media-amazon.com/images/I/41rwdcR-zWS._AC_UL320_.jpg
"HONBAY Modular Sectional Sofa U Shaped Modular Couch with Ottoman Sectional Sleeper Sofa for Living Room, Bluish Grey","$1,899.99",https://www.amazon.com/HONBAY-Modular-Sectional-Ottoman-Sleeper/dp/B0BMKL3N8H/ref=sr_1_38?crid=1ETD973V81N4Y&keywords=couch&qid=1670362061&sprefix=couch%2Caps%2C70&sr=8-38,https://m.media-amazon.com/images/I/81HoEuL2daL._AC_UL320_.jpg
"Yaheetech Sectional Sofa L-Shaped Sofa Couch Bed w/Chaise, Reversible Couch Sleeper w/Pull Out Bed & Storage Space, 4-seat Fabric Convertible Sofa, Pull Out Couch, Suitable for Living Room Black",$619.99,https://www.amazon.com/Yaheetech-Sectional-L-Shaped-Reversible-Convertible/dp/B0BL13LHN7/ref=sr_1_39?crid=1ETD973V81N4Y&keywords=couch&qid=1670362061&sprefix=couch%2Caps%2C70&sr=8-39,https://m.media-amazon.com/images/I/81saCNIhGPL._AC_UL320_.jpg
"Easy-Going Sofa Slipcover Oversized Sofa Cover Waterproof Couch Cover Furniture Protector Cover Pets Covers Washable Non-Slip Fabric Pets Kids Children Dog Cat (Oversized Sofa, Wine)",$51.92,https://www.amazon.com/Easy-Going-Waterproof-Slipcover-Furniture-Protector/dp/B07J669H65/ref=sr_1_43?crid=1ETD973V81N4Y&keywords=couch&qid=1670362061&sprefix=couch%2Caps%2C70&sr=8-43,https://m.media-amazon.com/images/I/61RMR7sX-WL._AC_UL320_.jpg
"MCombo Power Reclining Sofa with Heat and Massage,USB Ports, Cup Holders,3-Seat Dual Recliner Sofa for Living Room 6015 (Without Console, Gray)","$1,349.99",https://www.amazon.com/MCombo-Reclining-Massage-Holders-Recliner/dp/B0BB293KRF/ref=sr_1_45?crid=1ETD973V81N4Y&keywords=couch&qid=1670362061&sprefix=couch%2Caps%2C70&sr=8-45,https://m.media-amazon.com/images/I/81Vd6D+5TcL._AC_UL320_.jpg
"CECER U Shaped Modular Sectional Sofa, Convertible L Shaped Couch Sofa, Queen Sleeper Sofa, Variable Modular Oversized Couches for Living Room, Light Grey",$799.99,https://www.amazon.com/CECER-Sectional-Convertible-Variable-Oversized/dp/B0BM6997J3/ref=sr_1_46?crid=1ETD973V81N4Y&keywords=couch&qid=1670362061&sprefix=couch%2Caps%2C70&sr=8-46,https://m.media-amazon.com/images/I/71WPJqQ7RhL._AC_UL320_.jpg
"SHUIBAOBAO Loveseat Sofa, Upholstered Love Seat Couch Living Room Furniture Modern Sofa Couch Polyester Fabric Two Seater Comfy Couch Tool-Free Assembly for Bedroom, Apartment Small Spaces (Purple)",$186.99,https://www.amazon.com/SHUIBAOBAO-Upholstered-Furniture-Polyester-Tool-Free/dp/B0BFGRHC4Q/ref=sr_1_47?crid=1ETD973V81N4Y&keywords=couch&qid=1670362061&sprefix=couch%2Caps%2C70&sr=8-47,https://m.media-amazon.com/images/I/51KAEVpHTHL._AC_UL320_.jpg
"YODOLLA  84.2”Tufted Leather Sofa Couch with 2 Bolster Pillows, Mid-Century Modern Couches for Living Room, Apartment, Office (Brown)",$499.99,https://www.amazon.com/YODOLLA-84-2-Tufted-Leather-Sofa-Couch-Bolster-Pillows-Mid-Century-Modern-Couches-Living-Room/dp/B0BJZXZJ4P/ref=sr_1_48?crid=1ETD973V81N4Y&keywords=couch&qid=1670362061&sprefix=couch%2Caps%2C70&sr=8-48,https://m.media-amazon.com/images/I/81c8iKxjOSL._AC_UL320_.jpg
"Esright Right Facing Sectional Sofa with Ottoman,Convertible Corner Couches with Armrest Storage, Sectional Couch for Living Room & Apartment, Right Chaise & Gray",$469.99,https://www.amazon.com/Esright-Convertible-Sectional-Function-Apartment/dp/B08FX9W7T3/ref=sr_1_49?crid=1ETD973V81N4Y&keywords=couch&qid=1670362061&sprefix=couch%2Caps%2C70&sr=8-49,https://m.media-amazon.com/images/I/71cLIlv+LmL._AC_UL320_.jpg
"MIERES Convertible Futon Sofa Bed, Folding Upholstered Couch 73"" Tufted Velvet Loveseat Sleeper with 2 Pillows, Armrest and Metal Legs Support for Small Space,Living Room,Apartment, Office,Light Grey",$225.99,https://www.amazon.com/MIERES-Convertible-Futon-Sofa-Bed/dp/B0BJF4M3SM/ref=sr_1_50?crid=1ETD973V81N4Y&keywords=couch&qid=1670362061&sprefix=couch%2Caps%2C70&sr=8-50,https://m.media-amazon.com/images/I/91RgdX2flyL._AC_UL320_.jpg
"Lifestyle Solutions Harrington Sofa in Grey, Dark Grey",$308.99,https://www.amazon.com/LifeStyle-Solutions-Harrington-Sofa-Grey/dp/B06XGK1JD8/ref=sr_1_51?crid=1ETD973V81N4Y&keywords=couch&qid=1670362061&sprefix=couch%2Caps%2C70&sr=8-51,https://m.media-amazon.com/images/I/81x2EIULpTL._AC_UL320_.jpg
"JULYFOX Emerald Green Velvet Fabric Sofa Couch, 70 inch Wide Mid Century Modern Living Room Couch 700lb Heavy Duty with 2 Throw Pillows",$499.98,https://www.amazon.com/Emerald-Velvet-JULYFOX-Century-Pillows/dp/B083FWXS1B/ref=sr_1_52?crid=1ETD973V81N4Y&keywords=couch&qid=1670362061&sprefix=couch%2Caps%2C70&sr=8-52,https://m.media-amazon.com/images/I/81MUooSgfQL._AC_UL320_.jpg
"Best Choice Products Linen Sectional Sofa for Home, Apartment, Dorm, Bonus Room, Compact Spaces w/Chaise Lounge, 3-Seat, L-Shape Design, Reversible Ottoman Bench, 680lb Capacity - Blue/Gray",$379.99,https://www.amazon.com/Best-Choice-Products-Sectional-Reversible/dp/B08LJVMZD8/ref=sr_1_53?crid=1ETD973V81N4Y&keywords=couch&qid=1670362061&sprefix=couch%2Caps%2C70&sr=8-53,https://m.media-amazon.com/images/I/71m+LxORpfL._AC_UL320_.jpg
"Signature Design by Ashley Party Time Faux Leather Power Reclining Loveseat with LED -Lighting, Black","$1,282.85",https://www.amazon.com/Signature-Design-bye-Ashley-Party/dp/B07R4TPCXF/ref=sr_1_54?crid=1ETD973V81N4Y&keywords=couch&qid=1670362061&sprefix=couch%2Caps%2C70&sr=8-54,https://m.media-amazon.com/images/I/51uz6f4Zl6L._AC_UL320_.jpg
"Novogratz Brittany Futon, Convertible Sofa & Couch, Camel Faux Leather Sofas, Width: 81.5"",Depth: 34.5"",Height: 31.5""",$328.00,https://www.amazon.com/Novogratz-Brittany-Futon-Convertible-Leather/dp/B08G3BP7VL/ref=sr_1_55?crid=1ETD973V81N4Y&keywords=couch&qid=1670362061&sprefix=couch%2Caps%2C70&sr=8-55,https://m.media-amazon.com/images/I/81d8FFw0Z8L._AC_UL320_.jpg
"3 in 1 Convertible Sleeper Sofa Bed, Modern Velvet Loveseat Futon Sofa Couch w/Pullout Bed, Small Love Seat Lounge Sofa w/Reclining Backrest, Toss Pillows, Pockets, Furniture for Living Room, Grey",$379.99,https://www.amazon.com/Convertible-Loveseat-Reclining-Backrest-Furniture/dp/B0BB77RQBR/ref=sr_1_57?crid=1ETD973V81N4Y&keywords=couch&qid=1670362061&sprefix=couch%2Caps%2C70&sr=8-57,https://m.media-amazon.com/images/I/81-Z0W59-VL._AC_UL320_.jpg
"ZINUS Josh Sofa Couch / Easy, Tool-Free Assembly, Beige",$367.00,https://www.amazon.com/ZINUS-Couch-Tool-Free-Assembly-Beige/dp/B07GGF5RFF/ref=sr_1_58?crid=1ETD973V81N4Y&keywords=couch&qid=1670362061&sprefix=couch%2Caps%2C70&sr=8-58,https://m.media-amazon.com/images/I/71-BstR497L._AC_UL320_.jpg
Bamboo Sofa Arm Tray Table Arm Rest Protector Universal Drink Holder Side Table Couch Remote Caddy,$25.51,https://www.amazon.com/Protector-Universal-Placemat-Flexible-Foldable/dp/B081D6P5FB/ref=sr_1_59?crid=1ETD973V81N4Y&keywords=couch&qid=1670362061&sprefix=couch%2Caps%2C70&sr=8-59,https://m.media-amazon.com/images/I/61nlsEasr1L._AC_UL320_.jpg
"Lifestyle Solutions Watford Love Seats, 78.8"" W x 31.5"" D x 33.9"" H, Coffee",$325.00,https://www.amazon.com/Lifestyle-Solutions-Watford-Sofa-Coffee/dp/B06XHZJSSS/ref=sr_1_60?crid=1ETD973V81N4Y&keywords=couch&qid=1670362061&sprefix=couch%2Caps%2C70&sr=8-60,https://m.media-amazon.com/images/I/91snfKRDgNL._AC_UL320_.jpg
