item_name,price,link_to_item,link_to_item_image
"Logitech G203 Wired Gaming Mouse, 8,000 DPI, Rainbow Optical Effect LIGHTSYNC RGB, 6 Programmable Buttons, On-Board Memory, Screen Mapping, PC/Mac Computer and Laptop Compatible - Black",$19.88,https://www.amazon.com/gp/slredirect/picassoRedirect.html/ref=pa_sp_atf_aps_sr_pg1_1?ie=UTF8&adId=A019891125VY9X6EAXD6H&qualifier=1670362078&id=2788962446630804&widgetName=sp_atf&url=%2FLogitech-LIGHTSYNC-Wired-Gaming-Mouse%2Fdp%2FB07YN82X3B%2Fref%3Dsr_1_1_sspa%3Fcrid%3D1ETD973V81N4Y%26keywords%3Dmouse%26qid%3D1670362078%26sprefix%3Dmouse%252Caps%252C70%26sr%3D8-1-spons%26psc%3D1,https://m.media-amazon.com/images/I/61UxfXTUyvL._AC_UY218_.jpg
"TECKNET Wireless Mouse, Pro 2.4G Ergonomic Wireless Optical Mouse with USB Nano Receiver for Laptop,PC,Computer,Chromebook,Notebook,6 Buttons,24 Months Battery Life, 2600 DPI, 5 Adjustment Levels",$11.99,https://www.amazon.com/gp/slredirect/picassoRedirect.html/ref=pa_sp_atf_aps_sr_pg1_1?ie=UTF8&adId=A05136781JBFHXR4BD7CX&qualifier=1670362078&id=2788962446630804&widgetName=sp_atf&url=%2FTeckNet-Ergonomic-Wireless-Chromebook-Adjustment%2Fdp%2FB015NBTMMC%2Fref%3Dsr_1_2_sspa%3Fcrid%3D1ETD973V81N4Y%26keywords%3Dmouse%26qid%3D1670362078%26sprefix%3Dmouse%252Caps%252C70%26sr%3D8-2-spons%26psc%3D1%26smid%3DA2B0XX6670RA4T,https://m.media-amazon.com/images/I/61Xl9zQcfBL._AC_UY218_.jpg
"Uiosmuph LED Wireless Mouse, G12 Slim Rechargeable Wireless Silent Mouse, 2.4G Portable USB Optical Wireless Computer Mice with USB Receiver and Type C Adapter (Matte Black)",$12.99,https://www.amazon.com/Wireless-Uiosmuph-Rechargeable-Portable-Computer/dp/B0836GXKKB/ref=sr_1_3?crid=1ETD973V81N4Y&keywords=mouse&qid=1670362078&sprefix=mouse%2Caps%2C70&sr=8-3,https://m.media-amazon.com/images/I/51KCV2cdDsS._AC_UY218_.jpg
"TECKNET Wireless Mouse, Pro 2.4G Ergonomic Wireless Optical Mouse with USB Nano Receiver for Laptop,PC,Computer,Chromebook,Notebook,6 Buttons,24 Months Battery Life, 2600 DPI, 5 Adjustment Levels",$11.99,https://www.amazon.com/TeckNet-Ergonomic-Wireless-Chromebook-Adjustment/dp/B015NBTMMC/ref=sr_1_4?crid=1ETD973V81N4Y&keywords=mouse&qid=1670362078&sprefix=mouse%2Caps%2C70&sr=8-4,https://m.media-amazon.com/images/I/61Xl9zQcfBL._AC_UY218_.jpg
Logitech M510 Wireless Computer Mouse for PC with USB Unifying Receiver - Graphite,$19.99,https://www.amazon.com/Logitech-Wireless-Computer-Unifying-Receiver/dp/B087Z5WDJ2/ref=sr_1_5?crid=1ETD973V81N4Y&keywords=mouse&qid=1670362078&sprefix=mouse%2Caps%2C70&sr=8-5,https://m.media-amazon.com/images/I/61xgpXecLML._AC_UY218_.jpg
"Logitech G502 HERO High Performance Wired Gaming Mouse, HERO 25K Sensor, 25,600 DPI, RGB, Adjustable Weights, 11 Programmable Buttons, On-Board Memory, PC / Mac",$33.98,https://www.amazon.com/Logitech-G502-Performance-Gaming-Mouse/dp/B07GBZ4Q68/ref=sr_1_6?crid=1ETD973V81N4Y&keywords=mouse&qid=1670362078&sprefix=mouse%2Caps%2C70&sr=8-6,https://m.media-amazon.com/images/I/61mpMH5TzkL._AC_UY218_.jpg
"LeadsaiL Wireless Computer Mouse, 2.4G Portable Slim Cordless Mouse Less Noise for Laptop Optical Mouse with 4 Buttons, AA Battery Used, USB Mouse for Laptop, Desktop, MacBook",$9.99,https://www.amazon.com/gp/slredirect/picassoRedirect.html/ref=pa_sp_mtf_aps_sr_pg1_1?ie=UTF8&adId=A10479021BJD43XXJC78W&qualifier=1670362078&id=2788962446630804&widgetName=sp_mtf&url=%2FLeadsaiL-Wireless-Computer-Portable-Cordless%2Fdp%2FB08HLRQZHX%2Fref%3Dsr_1_7_sspa%3Fcrid%3D1ETD973V81N4Y%26keywords%3Dmouse%26qid%3D1670362078%26sprefix%3Dmouse%252Caps%252C70%26sr%3D8-7-spons%26psc%3D1,https://m.media-amazon.com/images/I/71cNFCpxlXL._AC_UY218_.jpg
"【Upgrade】 LED Wireless Mouse, Rechargeable Slim Silent Mouse 2.4G Portable Mobile Optical Office Mouse with USB & Type-c Receiver, 3 Adjustable DPI for Notebook, PC, Laptop, Computer, Desktop (Black)",$10.98,https://www.amazon.com/%E3%80%90Upgrade%E3%80%91-Wireless-Rechargeable-Portable-Adjustable/dp/B088NDL2G1/ref=sr_1_8?crid=1ETD973V81N4Y&keywords=mouse&qid=1670362078&sprefix=mouse%2Caps%2C70&sr=8-8,https://m.media-amazon.com/images/I/6144nG08-iL._AC_UY218_.jpg
"Logitech M317 Wireless Mouse, 2.4 GHz with USB Receiver, 1000 DPI Optical Tracking, 12 Month Battery, Compatible with PC, Mac, Laptop, Chromebook - Black",$12.99,https://www.amazon.com/Wireless-Mouse-M317-Unifying-Receiver/dp/B00M55BIXG/ref=sr_1_9?crid=1ETD973V81N4Y&keywords=mouse&qid=1670362078&sprefix=mouse%2Caps%2C70&sr=8-9,https://m.media-amazon.com/images/I/71aeNguWgrL._AC_UY218_.jpg
"HP Wireless Mouse X3000 G2 (28Y30AA, Black) up to 15-month battery,scroll wheel, side grips for control, travel-friendly, Blue LED, powerful 1600 DPI optical sensor, Win XP,8, 11 compatible",$10.95,https://www.amazon.com/HP-Wireless-Mouse-X3000-28Y30AA/dp/B08NM2GF2V/ref=sr_1_10_mod_primary_new?crid=1ETD973V81N4Y&keywords=mouse&qid=1670362078&sbo=RZvfv%2F%2FHxDF%2BO5021pAnSA%3D%3D&sprefix=mouse%2Caps%2C70&sr=8-10,https://m.media-amazon.com/images/I/61hOgYUbUyL._AC_UY218_.jpg
"Anker 2.4G Wireless Vertical Ergonomic Optical Mouse, 800 / 1200 /1600 DPI, 5 Buttons for Laptop, Desktop, PC, Macbook - Black",$25.00,https://www.amazon.com/Anker-Wireless-Vertical-Ergonomic-Optical/dp/B00BIFNTMC/ref=sr_1_11?crid=1ETD973V81N4Y&keywords=mouse&qid=1670362078&sprefix=mouse%2Caps%2C70&sr=8-11,https://m.media-amazon.com/images/I/51j0zidX0VL._AC_UY218_.jpg
"TENMOS T21 Bluetooth Mouse, 2.4G LED Dual Mode (Bluetooth 5.1+ USB) Bluetooth Wireless Mouse, Rechargeable Silent Computer Gaming Mice for Laptop, iPad, MacOS, PC, Windows, Android (Silver)",$16.99,https://www.amazon.com/gp/slredirect/picassoRedirect.html/ref=pa_sp_mtf_aps_sr_pg1_1?ie=UTF8&adId=A090847610EDONZEOYMPE&qualifier=1670362078&id=2788962446630804&widgetName=sp_mtf&url=%2FTENMOS-Bluetooth-Wireless-Rechargeable-Computer%2Fdp%2FB08XBTW2WB%2Fref%3Dsr_1_12_sspa%3Fcrid%3D1ETD973V81N4Y%26keywords%3Dmouse%26qid%3D1670362078%26sprefix%3Dmouse%252Caps%252C70%26sr%3D8-12-spons%26psc%3D1,https://m.media-amazon.com/images/I/61lFxhHsVdL._AC_UY218_.jpg
"Amazon Basics 3-Button Wired USB Computer Mouse, Black",$6.38,https://www.amazon.com/AmazonBasics-3-Button-Wired-Computer-1-Pack/dp/B005EJH6RW/ref=sr_1_13?crid=1ETD973V81N4Y&keywords=mouse&qid=1670362078&sprefix=mouse%2Caps%2C70&sr=8-13,https://m.media-amazon.com/images/I/61i0CV-tKpL._AC_UY218_.jpg
Razer Viper Ultimate Hyperspeed Lightweight Wireless Gaming Mouse & RGB Charging Dock: Fastest Gaming Mouse Switch - 20K DPI Optical Sensor - Chroma Lighting - 8 Programmable Buttons - 70 Hr Battery,$59.99,https://www.amazon.com/Razer-Ultimate-Hyperspeed-Lightest-Wireless/dp/B07YPC3BQC/ref=sr_1_14?crid=1ETD973V81N4Y&keywords=mouse&qid=1670362078&sprefix=mouse%2Caps%2C70&sr=8-14,https://m.media-amazon.com/images/I/61M7B24YNEL._AC_UY218_.jpg
"Verbatim Wired USB Computer Mouse - Corded USB Mouse for Laptops and PCs - Right or Left Hand Use, Black 98106",$5.99,https://www.amazon.com/Verbatim-Optical-Mouse-Accessibility-Compatible/dp/B00LPC3O3M/ref=sr_1_15?crid=1ETD973V81N4Y&keywords=mouse&qid=1670362078&sprefix=mouse%2Caps%2C70&sr=8-15,https://m.media-amazon.com/images/I/61BTJc43aWL._AC_UY218_.jpg
"Wireless Mouse, Vssoplor 2.4G Slim Portable Computer Mice with Nano Receiver for Notebook, PC, Laptop, Computer-Black and Gold",$10.98,https://www.amazon.com/Wireless-Vssoplor-Portable-Computer-Computer-Black/dp/B098S48QWM/ref=sr_1_16?crid=1ETD973V81N4Y&keywords=mouse&qid=1670362078&sprefix=mouse%2Caps%2C70&sr=8-16,https://m.media-amazon.com/images/I/51dsuumz6HL._AC_UY218_.jpg
"Ergonomic Mouse,Unique 33 Degree Vertical Wireless Mouse - 2.4GHz Optical Vertical Mice : 3 Adjustable DPI 800/1200/1600 Levels, for Laptop, PC, Computer, Desktop, Notebook etc, Right Hand( Large)",$27.99,https://www.amazon.com/gp/slredirect/picassoRedirect.html/ref=pa_sp_mtf_aps_sr_pg1_1?ie=UTF8&adId=A04280791ARPJ6UADKNCZ&qualifier=1670362078&id=2788962446630804&widgetName=sp_mtf&url=%2FWireless-Ergonomic-Mouse-Right-Large%2Fdp%2FB08NDTDXL7%2Fref%3Dsr_1_17_sspa%3Fcrid%3D1ETD973V81N4Y%26keywords%3Dmouse%26qid%3D1670362078%26sprefix%3Dmouse%252Caps%252C70%26sr%3D8-17-spons%26psc%3D1%26smid%3DA7JEG2MFOZAKM,https://m.media-amazon.com/images/I/61We7Mpgm5L._AC_UY218_.jpg
Razer DeathAdder Essential Gaming Mouse: 6400 DPI Optical Sensor - 5 Programmable Buttons - Mechanical Switches - Rubber Side Grips - Classic Black,$19.99,https://www.amazon.com/Razer-DeathAdder-Essential-Gaming-Mouse/dp/B094PS5RZQ/ref=sr_1_18?crid=1ETD973V81N4Y&keywords=mouse&qid=1670362078&sprefix=mouse%2Caps%2C70&sr=8-18,https://m.media-amazon.com/images/I/8189uwDnMkL._AC_UY218_.jpg
"Logitech G203 Wired Gaming Mouse, 8,000 DPI, Rainbow Optical Effect LIGHTSYNC RGB, 6 Programmable Buttons, On-Board Memory, Screen Mapping, PC/Mac Computer and Laptop Compatible - Black",$19.88,https://www.amazon.com/Logitech-LIGHTSYNC-Wired-Gaming-Mouse/dp/B07YN82X3B/ref=sr_1_19?crid=1ETD973V81N4Y&keywords=mouse&qid=1670362078&sprefix=mouse%2Caps%2C70&sr=8-19,https://m.media-amazon.com/images/I/61UxfXTUyvL._AC_UY218_.jpg
"LED Wireless Mouse, Slim Rechargeable Silent Bluetooth Mouse, Portable USB Optical 2.4G Wireless Bluetooth Two Mode Computer Mice with USB Receiver and Type C Adapter (Black)",$11.99,https://www.amazon.com/Wireless-Rechargeable-Bluetooth-Portable-Computer/dp/B08SMQB6TF/ref=sr_1_20?crid=1ETD973V81N4Y&keywords=mouse&qid=1670362078&sprefix=mouse%2Caps%2C70&sr=8-20,https://m.media-amazon.com/images/I/61U4Qj2jqmL._AC_UY218_.jpg
"Logitech M185 Wireless Mouse, 2.4GHz with USB Mini Receiver, 12-Month Battery Life, 1000 DPI Optical Tracking, Ambidextrous, Compatible with PC, Mac, Laptop - Black",$14.63,https://www.amazon.com/Logitech-M185-Wireless-Mouse-910-003888/dp/B00P43PCI8/ref=sr_1_21?crid=1ETD973V81N4Y&keywords=mouse&qid=1670362078&sprefix=mouse%2Caps%2C70&sr=8-21,https://m.media-amazon.com/images/I/61N+CzcA8vL._AC_UY218_.jpg
"HP Wireless Mouse Z3700 (26V63AA#ABL, Black)",$13.99,https://www.amazon.com/gp/slredirect/picassoRedirect.html/ref=pa_sp_btf_aps_sr_pg1_1?ie=UTF8&adId=A09653883JEVDL9G3NBGJ&qualifier=1670362078&id=2788962446630804&widgetName=sp_btf&url=%2FHP-Wireless-Mouse-Z3700-26V63AA%2Fdp%2FB08ML8RTC8%2Fref%3Dsr_1_22_sspa%3Fcrid%3D1ETD973V81N4Y%26keywords%3Dmouse%26qid%3D1670362078%26sprefix%3Dmouse%252Caps%252C70%26sr%3D8-22-spons%26psc%3D1,https://m.media-amazon.com/images/I/61FukdEzRML._AC_UY218_.jpg
