item_name,price,link_to_item,link_to_item_image
"DBIO Ski Helmet, Snow Sports Helmet Goggles Compatible Removable Liner，Snowboard Helmet for Men Women and Youth.",$49.99,https://www.amazon.com/gp/slredirect/picassoRedirect.html/ref=pa_sp_atf_aps_sr_pg1_1?ie=UTF8&adId=A01045091WNWZRBL1GDXV&qualifier=1670362000&id=8514689032758025&widgetName=sp_atf&url=%2FGoggles-Compatible-Removable-Snowboard-Electric%2Fdp%2FB0B6VVK1T7%2Fref%3Dsr_1_1_sspa%3Fcrid%3D1ETD973V81N4Y%26keywords%3Dsnowboard%26qid%3D1670362000%26sprefix%3Dsnowboard%252Caps%252C70%26sr%3D8-1-spons%26psc%3D1,https://m.media-amazon.com/images/I/61T7B2ijK8L._AC_UL320_.jpg
"SportsStuff Snow Ryder Hardwood Snowboard with Velcro Bindings, Multiple",$57.99,https://www.amazon.com/AIRHEAD-RYDER-Hardwood-Snowboard-130cm/dp/B01L0KATT0/ref=sr_1_2?crid=1ETD973V81N4Y&keywords=snowboard&qid=1670362000&sprefix=snowboard%2Caps%2C70&sr=8-2,https://m.media-amazon.com/images/I/71PeTiNaOCL._AC_UL320_.jpg
Sledsterz The Original Kids' Snowboard by Geospace,$50.99,https://www.amazon.com/Sledsterz-Original-Snowboard-Geospace-Purple/dp/B07YF3Y39W/ref=sr_1_3?crid=1ETD973V81N4Y&keywords=snowboard&qid=1670362000&sprefix=snowboard%2Caps%2C70&sr=8-3,https://m.media-amazon.com/images/I/81XkRqHzHmL._AC_UL320_.jpg
2023 System MTN and APX Complete Men's Snowboard Package,$389.95,https://www.amazon.com/System-Complete-Mens-Snowboard-Package/dp/B00NMSRLP4/ref=sr_1_4?crid=1ETD973V81N4Y&keywords=snowboard&qid=1670362000&sprefix=snowboard%2Caps%2C70&sr=8-4,https://m.media-amazon.com/images/I/71zgvCiN+JL._AC_UL320_.jpg
"STAUBER Summit Snowboard & Binding Package Size 128, 133, 138, 143, 148,153,158,161- Best All-Terrain, Twin Directional, Hybrid Profile Snowboard & Bindings for All Levels",$314.83,https://www.amazon.com/STAUBER-Summit-Snowboard-Binding-Package/dp/B079F45WNW/ref=sr_1_5?crid=1ETD973V81N4Y&keywords=snowboard&qid=1670362000&sprefix=snowboard%2Caps%2C70&sr=8-5,https://m.media-amazon.com/images/I/71IJSP7S8WL._AC_UL320_.jpg
DAFENGEA Kids Snow Ski Pants Hiking Boys Girls Outdoor Waterproof Windproof Fleece Warm Snowboard Pants,$35.99,https://www.amazon.com/DAFENGEA-Waterproof-Windproof-Snowboard-KZ2068-Black-9Y/dp/B09BF7H3GB/ref=sr_1_6?crid=1ETD973V81N4Y&keywords=snowboard&qid=1670362000&sprefix=snowboard%2Caps%2C70&sr=8-6,https://m.media-amazon.com/images/I/61aVT5oV7bL._AC_UL320_.jpg
"MOUNTALK Ski Helmet/Snowboard Helmets for Men,Women & Youth",$29.99,https://www.amazon.com/Helmet-Snowboard-Helmets-Obsidian-Meduim/dp/B0BKG5XRYJ/ref=sr_1_7?crid=1ETD973V81N4Y&keywords=snowboard&qid=1670362000&sprefix=snowboard%2Caps%2C70&sr=8-7,https://m.media-amazon.com/images/I/611qeYCnwBL._AC_UL320_.jpg
ZIONOR X4 Ski Goggles Magnetic Lens - Snowboard Snow Goggles for Men Women Adult,$42.99,https://www.amazon.com/ZIONOR-Ski-Goggles-Magnetic-Lens/dp/B01LF3ZNHU/ref=sr_1_8?crid=1ETD973V81N4Y&keywords=snowboard&qid=1670362000&sprefix=snowboard%2Caps%2C70&sr=8-8,https://m.media-amazon.com/images/I/71YIWc5jNyL._AC_UL320_.jpg
BURTON Process Smalls Kids Snowboard,$294.95,https://www.amazon.com/BURTON-Process-Smalls-Snowboard-138cm/dp/B08Y5HSRF7/ref=sr_1_9_mod_primary_new?crid=1ETD973V81N4Y&keywords=snowboard&qid=1670362000&sbo=RZvfv%2F%2FHxDF%2BO5021pAnSA%3D%3D&sprefix=snowboard%2Caps%2C70&sr=8-9,https://m.media-amazon.com/images/I/71BNkdXLXMS._AC_UL320_.jpg
Nitro Prime Raw Snowboard - Men's,$329.95,https://www.amazon.com/Nitro-Prime-Wide-Snowboard-2022-163cm/dp/B0982CPJPW/ref=sr_1_10?crid=1ETD973V81N4Y&keywords=snowboard&qid=1670362000&sprefix=snowboard%2Caps%2C70&sr=8-10,https://m.media-amazon.com/images/I/71chpdJZKwL._AC_UL320_.jpg
Emsco Group – Graffiti Snowboard – Great for Beginners – for Kids Ages 5-15 – Design Your Own Board Graphic – Solid Core Construction – Adjustable Step-in Bindings,$69.99,https://www.amazon.com/EMSCO-Group-Construction-Adjustable-Step/dp/B0040Y33CO/ref=sr_1_11?crid=1ETD973V81N4Y&keywords=snowboard&qid=1670362000&sprefix=snowboard%2Caps%2C70&sr=8-11,https://m.media-amazon.com/images/I/81+9ZXOYEIL._AC_UL320_.jpg
"Sportsstuff Sooper Dooper Winter Rider Snowboard, Multiple Sizes Available",$79.99,https://www.amazon.com/SportsStuff-Sooper-Dooper-Winter-Snowboard/dp/B096WLGN7B/ref=sr_1_12?crid=1ETD973V81N4Y&keywords=snowboard&qid=1670362000&sprefix=snowboard%2Caps%2C70&sr=8-12,https://m.media-amazon.com/images/I/6118iohcMwL._AC_UL320_.jpg
System 2023 MTN Snowboard with Summit Bindings Men's Snowboard Package…,$279.95,https://www.amazon.com/System-Snowboard-Summit-Bindings-Package/dp/B00O3MIR1U/ref=sr_1_13?crid=1ETD973V81N4Y&keywords=snowboard&qid=1670362000&sprefix=snowboard%2Caps%2C70&sr=8-13,https://m.media-amazon.com/images/I/414awJb4V4L._AC_UL320_.jpg
"Emsco Group ESP 110 cm Freeride Snowboard - Adjustable Bindings - for Beginners and Experienced Riders, Graphic",$57.44,https://www.amazon.com/Emsco-Group-ESP-Freeride-Snowboard/dp/B002DREG5I/ref=sr_1_14?crid=1ETD973V81N4Y&keywords=snowboard&qid=1670362000&sprefix=snowboard%2Caps%2C70&sr=8-14,https://m.media-amazon.com/images/I/71GoMcQZ1RL._AC_UL320_.jpg
Arctic Hero Kids' Snow Bib – Unisex Boys' and Girls' Insulated Waterproof Snow Pants Ski/Snowboard Overalls (4-18),$39.99,https://www.amazon.com/Arctic-Hero-Kids-Snow-Bib/dp/B0B8B6GHDW/ref=sr_1_15?crid=1ETD973V81N4Y&keywords=snowboard&qid=1670362000&sprefix=snowboard%2Caps%2C70&sr=8-15,https://m.media-amazon.com/images/I/61PNCnkZoJL._AC_UL320_.jpg
"The Original LED Ski Skooter, Fold-up Snowboard Kick-Scooter for Use on Snow & Grass, Snow Sled, Winter Toys",$55.99,https://www.amazon.com/Original-LED-Ski-Skooter-GeoSpace/dp/B00P8J6AQG/ref=sr_1_16?crid=1ETD973V81N4Y&keywords=snowboard&qid=1670362000&sprefix=snowboard%2Caps%2C70&sr=8-16,https://m.media-amazon.com/images/I/71pv5aV9gVL._AC_UL320_.jpg
Rossignol Alias Kids Snowboard,$319.95,https://www.amazon.com/gp/slredirect/picassoRedirect.html/ref=pa_sp_mtf_aps_sr_pg1_1?ie=UTF8&adId=A10119723BCB0CKSRIL69&qualifier=1670362000&id=8514689032758025&widgetName=sp_mtf&url=%2FRossignol-Alias-Kids-Snowboard-130cm%2Fdp%2FB097FDW4NV%2Fref%3Dsr_1_17_sspa%3Fcrid%3D1ETD973V81N4Y%26keywords%3Dsnowboard%26qid%3D1670362000%26sprefix%3Dsnowboard%252Caps%252C70%26sr%3D8-17-spons%26psc%3D1,https://m.media-amazon.com/images/I/61jTk7KejVL._AC_UL320_.jpg
2022 FLOW Men's Gap Snowboard Package Alpha Bindings - 159 cm,$379.95,https://www.amazon.com/gp/slredirect/picassoRedirect.html/ref=pa_sp_mtf_aps_sr_pg1_1?ie=UTF8&adId=A097286828HHNFD36OP4J&qualifier=1670362000&id=8514689032758025&widgetName=sp_mtf&url=%2F2022-Snowboard-Package-Alpha-Bindings%2Fdp%2FB09M2RLBR5%2Fref%3Dsr_1_18_sspa%3Fcrid%3D1ETD973V81N4Y%26keywords%3Dsnowboard%26qid%3D1670362000%26sprefix%3Dsnowboard%252Caps%252C70%26sr%3D8-18-spons%26psc%3D1,https://m.media-amazon.com/images/I/61aG8tXlt9L._AC_UL320_.jpg
Ski Goggles for Men Women - OTG Snowboard Goggles with Framless Anti-Fog Spherical Lens,$22.09,https://www.amazon.com/gp/slredirect/picassoRedirect.html/ref=pa_sp_mtf_aps_sr_pg1_1?ie=UTF8&adId=A02420153GTF35KWS5VIB&qualifier=1670362000&id=8514689032758025&widgetName=sp_mtf&url=%2FFrameless-Goggles-Snowboard-Anti-Fog-Spherical%2Fdp%2FB08HRZJQNX%2Fref%3Dsr_1_19_sspa%3Fcrid%3D1ETD973V81N4Y%26keywords%3Dsnowboard%26qid%3D1670362000%26sprefix%3Dsnowboard%252Caps%252C70%26sr%3D8-19-spons%26psc%3D1,https://m.media-amazon.com/images/I/7137oR16g1L._AC_UL320_.jpg
"Salomon Dancehaul Snowboard, 157",$479.95,https://www.amazon.com/gp/slredirect/picassoRedirect.html/ref=pa_sp_mtf_aps_sr_pg1_1?ie=UTF8&adId=A07901231RVN4335ZM09Y&qualifier=1670362000&id=8514689032758025&widgetName=sp_mtf&url=%2FSalomon-L47017800-Dancehaul-Snowboard-157%2Fdp%2FB0B3J3P245%2Fref%3Dsr_1_20_sspa%3Fcrid%3D1ETD973V81N4Y%26keywords%3Dsnowboard%26qid%3D1670362000%26sprefix%3Dsnowboard%252Caps%252C70%26sr%3D8-20-spons%26psc%3D1,https://m.media-amazon.com/images/I/717uSnXvWRL._AC_UL320_.jpg
American Trends Kids Snow Gloves Waterproof Winter Gloves Ski Gloves for Boys Girls Cold Weather Outdoor Sports Snowboard Gloves,$12.99,https://www.amazon.com/American-Trends-Waterproof-Weather-Snowboard/dp/B0BKJXSCVY/ref=sr_1_21?crid=1ETD973V81N4Y&keywords=snowboard&qid=1670362000&sprefix=snowboard%2Caps%2C70&sr=8-21,https://m.media-amazon.com/images/I/71PGwUzqRyL._AC_UL320_.jpg
2023 System Juno and Mystic Complete Women's Snowboard Package,$379.95,https://www.amazon.com/System-Mystic-Complete-Snowboard-Package/dp/B07576XYFY/ref=sr_1_22?crid=1ETD973V81N4Y&keywords=snowboard&qid=1670362000&sprefix=snowboard%2Caps%2C70&sr=8-22,https://m.media-amazon.com/images/I/51ccJqiJJxL._AC_UL320_.jpg
ROCKBROS Ski Mask Balaclava for Men Cold Weather Scarf Windproof Thermal Winter Women Neck Warmer Hood for Cycling Hiking,$14.99,https://www.amazon.com/ROCKBROS-Balaclava-Cycling-Snowboard-Motorcycle/dp/B09H4KJZ32/ref=sr_1_23?crid=1ETD973V81N4Y&keywords=snowboard&qid=1670362000&sprefix=snowboard%2Caps%2C70&sr=8-23,https://m.media-amazon.com/images/I/61MRQl7N-RL._AC_UL320_.jpg
Chamonix Tread Lightly Snowboard Womens,$144.95,https://www.amazon.com/Chamonix-Tread-Lightly-Womens-Snowboard/dp/B0BFC6KWY2/ref=sr_1_24?crid=1ETD973V81N4Y&keywords=snowboard&qid=1670362000&sprefix=snowboard%2Caps%2C70&sr=8-24,https://m.media-amazon.com/images/I/619rJBV20SL._AC_UL320_.jpg
"Merino Wool Ski Socks, Cold Weather Socks for Snowboarding, Snow, Winter, Thermal Knee-high Warm Socks, Hunting",$20.99,https://www.amazon.com/Merino-Socks-Snowboarding-Weather-Winter/dp/B08JTZR5HR/ref=sr_1_25?crid=1ETD973V81N4Y&keywords=snowboard&qid=1670362000&sprefix=snowboard%2Caps%2C70&sr=8-25,https://m.media-amazon.com/images/I/81WqtkkSphL._AC_UL320_.jpg
MOERDENG Men's Waterproof Ski Jacket Warm Winter Snow Coat Mountain Windbreaker Hooded Raincoat,$45.09,https://www.amazon.com/MOERDENG-Waterproof-Mountain-Windbreaker-Raincoat/dp/B07W43NVYB/ref=sr_1_26?crid=1ETD973V81N4Y&keywords=snowboard&qid=1670362000&sprefix=snowboard%2Caps%2C70&sr=8-26,https://m.media-amazon.com/images/I/61uibwqiLyL._AC_UL320_.jpg
Pooluly Men's Ski Jacket Warm Winter Waterproof Windbreaker Hooded Raincoat Snowboarding Jackets,$49.99,https://www.amazon.com/Pooluly-Waterproof-Windbreaker-Raincoat-Snowboarding/dp/B08GK2FGRH/ref=sr_1_27?crid=1ETD973V81N4Y&keywords=snowboard&qid=1670362000&sprefix=snowboard%2Caps%2C70&sr=8-27,https://m.media-amazon.com/images/I/71CjCmvTIWS._AC_UL320_.jpg
"Extremus Snow Bound Ski Helmet - Impact Resistance Ventilation Snowboard Helmets with Removable Fleece Liners, Safety-Certified Snow Helmet for Adults",$36.79,https://www.amazon.com/Extremus-Snow-Bound-Helmet-Safety-Certified/dp/B09CL3TQ1P/ref=sr_1_28?crid=1ETD973V81N4Y&keywords=snowboard&qid=1670362000&sprefix=snowboard%2Caps%2C70&sr=8-28,https://m.media-amazon.com/images/I/61d+3wbX6ZL._AC_UL320_.jpg
"Bodyprox Protective Padded Shorts for Snowboard,Skate and Ski,3D Protection for Hip,Butt and Tailbone",$34.99,https://www.amazon.com/Bodyprox-Protective-Snowboard-Protection-Tailbone/dp/B07KJH6JK7/ref=sr_1_29?crid=1ETD973V81N4Y&keywords=snowboard&qid=1670362000&sprefix=snowboard%2Caps%2C70&sr=8-29,https://m.media-amazon.com/images/I/71U3Q4ofe1L._AC_UL320_.jpg
Trusiel SKi Goggles—OTG Snow Goggles Anti Fog Snowboard Goggles UV400 Protection Winter Goggles for Men Women Adult & Youth,$34.99,https://www.amazon.com/Trusiel-Goggles-OTG-Goggles-Snowboard-Protection/dp/B0BBRK3W1J/ref=sr_1_30?crid=1ETD973V81N4Y&keywords=snowboard&qid=1670362000&sprefix=snowboard%2Caps%2C70&sr=8-30,https://m.media-amazon.com/images/I/71jvbZjFEaL._AC_UL320_.jpg
"Ski Gloves, Waterproof Snow Gloves -30℉ Winter Gloves for Cold Weather Touchscreen Snowboard Gloves Warm for Men Women",$17.99,https://www.amazon.com/Gloves-Waterproof-Weather-Touchscreen-Snowboard/dp/B08LSSRK6B/ref=sr_1_31?crid=1ETD973V81N4Y&keywords=snowboard&qid=1670362000&sprefix=snowboard%2Caps%2C70&sr=8-31,https://m.media-amazon.com/images/I/713zhTtU-nL._AC_UL320_.jpg
"Odoland Ski Helmet, Snowboard Helmet with Ski Goggles, Shockproof, Windproof, Safety Snow Sports Helmet and Protective Glasses for Men Women Youth",$79.99,https://www.amazon.com/Odoland-Helmet-Goggles-Multi-Options-Snowboard/dp/B0B4C3139S/ref=sr_1_32?crid=1ETD973V81N4Y&keywords=snowboard&qid=1670362000&sprefix=snowboard%2Caps%2C70&sr=8-32,https://m.media-amazon.com/images/I/61WMUKkhAXL._AC_UL320_.jpg
2023 FLOW Men's Burst Complete Snowboard Package Alpha Bindings BOA Boots,$499.95,https://www.amazon.com/gp/slredirect/picassoRedirect.html/ref=pa_sp_mtf_aps_sr_pg1_1?ie=UTF8&adId=A035206510GGKSK47M70D&qualifier=1670362000&id=8514689032758025&widgetName=sp_mtf&url=%2FFlow-Complete-Snowboard-Package-Bindings%2Fdp%2FB08P122TBL%2Fref%3Dsr_1_33_sspa%3Fcrid%3D1ETD973V81N4Y%26keywords%3Dsnowboard%26qid%3D1670362000%26sprefix%3Dsnowboard%252Caps%252C70%26sr%3D8-33-spons%26psc%3D1,https://m.media-amazon.com/images/I/71TJmlpIDuL._AC_UL320_.jpg
"SportsStuff Snow Ryder PRO Hardwood Snowboard, 130cm, Black, one Size",$85.70,https://www.amazon.com/gp/slredirect/picassoRedirect.html/ref=pa_sp_mtf_aps_sr_pg1_1?ie=UTF8&adId=A081259131WLJVM8X8XE1&qualifier=1670362000&id=8514689032758025&widgetName=sp_mtf&url=%2FSportsStuff-Ryder-Hardwood-Snowboard-130cm%2Fdp%2FB08BG99H2H%2Fref%3Dsr_1_34_sspa%3Fcrid%3D1ETD973V81N4Y%26keywords%3Dsnowboard%26qid%3D1670362000%26sprefix%3Dsnowboard%252Caps%252C70%26sr%3D8-34-spons%26psc%3D1,https://m.media-amazon.com/images/I/51t6kYmrDrL._AC_UL320_.jpg
Flow 2021 Men's Burst Snowboard Package Mix Alpha Bindings BOA Boots,$499.95,https://www.amazon.com/gp/slredirect/picassoRedirect.html/ref=pa_sp_mtf_aps_sr_pg1_1?ie=UTF8&adId=A06916808QP37LC4EGN1&qualifier=1670362000&id=8514689032758025&widgetName=sp_mtf&url=%2FFlow-Burst-Snowboard-Package-Bindings%2Fdp%2FB08P2P1KZ5%2Fref%3Dsr_1_35_sspa%3Fcrid%3D1ETD973V81N4Y%26keywords%3Dsnowboard%26qid%3D1670362000%26sprefix%3Dsnowboard%252Caps%252C70%26sr%3D8-35-spons%26psc%3D1%26smid%3DA15T9VMDWOREJO,https://m.media-amazon.com/images/I/61G6Z1GPTEL._AC_UL320_.jpg
DLGJPA Men's Mountain Waterproof Ski Jacket Hooded Windbreakers Windproof Raincoat Winter Warm Snow Coat,$49.99,https://www.amazon.com/gp/slredirect/picassoRedirect.html/ref=pa_sp_mtf_aps_sr_pg1_1?ie=UTF8&adId=A09067123B19GA5VH07KC&qualifier=1670362000&id=8514689032758025&widgetName=sp_mtf&url=%2FDLGJPA-Mountain-Waterproof-Detachable-Windproof%2Fdp%2FB097GTD1DB%2Fref%3Dsr_1_36_sspa%3Fcrid%3D1ETD973V81N4Y%26keywords%3Dsnowboard%26qid%3D1670362000%26sprefix%3Dsnowboard%252Caps%252C70%26sr%3D8-36-spons%26psc%3D1,https://m.media-amazon.com/images/I/71IX2TEnkDS._AC_UL320_.jpg
"Affordura Snowboard Bag Fits 2-Piece Ski and Boot Bag Padded Ski Bag, 155/165cm Ski Bags and Boot Bags Waterproof Snowboard Bag for Air Travel with Removable Shoulder Strap, Ski Travel Bags for Flying",$64.99,https://www.amazon.com/Affordura-Snowboard-2-Piece-Waterproof-Removable/dp/B0B8BVCS8Z/ref=sr_1_37?crid=1ETD973V81N4Y&keywords=snowboard&qid=1670362000&sprefix=snowboard%2Caps%2C70&sr=8-37,https://m.media-amazon.com/images/I/51f+TcjBM6L._AC_UL320_.jpg
"Ski Socks 2-Pack Merino Wool, Over The Calf (OTC) Non-Slip Cuff for Men & Women",$29.99,https://www.amazon.com/OutdoorMaster-Adult-Ski-Socks-2-Pack/dp/B07WMM3LKK/ref=sr_1_38?crid=1ETD973V81N4Y&keywords=snowboard&qid=1670362000&sprefix=snowboard%2Caps%2C70&sr=8-38,https://m.media-amazon.com/images/I/81qmRa24IrL._AC_UL320_.jpg
"Burton Men's Insulated, Warm, and Waterproof Profile Mitten with Touchscreen",$30.24,https://www.amazon.com/Burton-Insulated-Waterproof-Profile-Touchscreen/dp/B019X5TR4M/ref=sr_1_39?crid=1ETD973V81N4Y&keywords=snowboard&qid=1670362000&sprefix=snowboard%2Caps%2C70&sr=8-39,https://m.media-amazon.com/images/I/71Bi7QjmxCL._AC_UL320_.jpg
3-Pack Ski Goggles Snow Snowboard Goggles for Adult Men Women Youth Teens Kids Boys & Girls Winter Snow Sports Goggles,$10.99,https://www.amazon.com/Reseldda-3-Pack-Goggles-Snowboard-Winter/dp/B0B9YRPC4R/ref=sr_1_40?crid=1ETD973V81N4Y&keywords=snowboard&qid=1670362000&sprefix=snowboard%2Caps%2C70&sr=8-40,https://m.media-amazon.com/images/I/61YU0TB+BpL._AC_UL320_.jpg
ZIONOR X Ski Goggles - OTG Snowboard Goggles Detachable Lens for Men Women Adult,$27.19,https://www.amazon.com/Zionor-Snowboard-Spherical-Detachable-Protection/dp/B00TD0W88U/ref=sr_1_41?crid=1ETD973V81N4Y&keywords=snowboard&qid=1670362000&sprefix=snowboard%2Caps%2C70&sr=8-41,https://m.media-amazon.com/images/I/71OcNI0wyVL._AC_UL320_.jpg
"SNOVA SNOWPRO Ski Gloves, Snowboard Gloves, Waterproof & Windproof for Kids, Men and Women,-30°F, Touch Screen, Winter Gloves for Skiing, Snowboarding",$20.88,https://www.amazon.com/SNOVA-SNOWPRO-Waterproof-Snowboarding-CHENGMICAI/dp/B0BCX4SG4C/ref=sr_1_42?crid=1ETD973V81N4Y&keywords=snowboard&qid=1670362000&sprefix=snowboard%2Caps%2C70&sr=8-42,https://m.media-amazon.com/images/I/719L6IJiRrL._AC_UL320_.jpg
Airhead Scoot Youth Snow Scooter,$39.99,https://www.amazon.com/Airhead-AHPS-15-AIRHEAD-SCOOT-Scooter/dp/B01M119PTN/ref=sr_1_43?crid=1ETD973V81N4Y&keywords=snowboard&qid=1670362000&sprefix=snowboard%2Caps%2C70&sr=8-43,https://m.media-amazon.com/images/I/61bPCjZYIgL._AC_UL320_.jpg
ZIONOR Lagopus Ski Snowboard Goggles UV Protection Anti fog Snow Goggles for Men Women Adult Youth,$17.62,https://www.amazon.com/Zionor-Lagopus-Snowboard-Goggles-Protection/dp/B077GQQQPS/ref=sr_1_44?crid=1ETD973V81N4Y&keywords=snowboard&qid=1670362000&sprefix=snowboard%2Caps%2C70&sr=8-44,https://m.media-amazon.com/images/I/710BJCqYUdL._AC_UL320_.jpg
"kemimoto Snowboard Wax Kit Ski Tuning Kit with Waxing Iron, Training Wax, Edge Tuner, Apron, Brush",$99.99,https://www.amazon.com/kemimoto-Snowboard-Tuning-Waxing-Training/dp/B0B7JJ7JG5/ref=sr_1_45?crid=1ETD973V81N4Y&keywords=snowboard&qid=1670362000&sprefix=snowboard%2Caps%2C70&sr=8-45,https://m.media-amazon.com/images/I/71Mpt9D8WHL._AC_UL320_.jpg
AstroAI Winter Snow Ski Gloves Mens Womens Waterproof & Windproof Touchscreen Gloves for Cold Weather Running Cycling Snowboarding Driving Outdoor Work,$18.99,https://www.amazon.com/AstroAI-Waterproof-Windproof-Snowboard-Touchscreen/dp/B097PX6TC7/ref=sr_1_46?crid=1ETD973V81N4Y&keywords=snowboard&qid=1670362000&sprefix=snowboard%2Caps%2C70&sr=8-46,https://m.media-amazon.com/images/I/8108cnpflaL._AC_UL320_.jpg
"Andiker Women Winter Ski Gloves, Waterproof Touchscreen Snowboard Gloves, Windproof Warm Snow Gloves for Skiing Running and Cycling",$14.99,https://www.amazon.com/Andiker-Waterproof-Touchscreen-Snowboard-Windproof/dp/B09G9QDX2K/ref=sr_1_47?crid=1ETD973V81N4Y&keywords=snowboard&qid=1670362000&sprefix=snowboard%2Caps%2C70&sr=8-47,https://m.media-amazon.com/images/I/61r9xaCPCUL._AC_UL320_.jpg
"Retrospec Comstock Ski & Snowboard Helmet for Adults - Durable ABS Shell, Protective EPS Foam & 10 Cooling Vents - Adjustable Fit for Men & Women",$42.99,https://www.amazon.com/Retrospec-Comstock-Snowboard-Helmet-Adults/dp/B09G8NK77T/ref=sr_1_48?crid=1ETD973V81N4Y&keywords=snowboard&qid=1670362000&sprefix=snowboard%2Caps%2C70&sr=8-48,https://m.media-amazon.com/images/I/61TZ6j89AcL._AC_UL320_.jpg
Ski Socks Merino Wool High Performance Warmth Snowboard Socks for Winter Outdoor Men Women Kids,$23.99,https://www.amazon.com/Merino-Performance-Warmth-Snowboard-Outdoor/dp/B081Q2V5CJ/ref=sr_1_49?crid=1ETD973V81N4Y&keywords=snowboard&qid=1670362000&sprefix=snowboard%2Caps%2C70&sr=8-49,https://m.media-amazon.com/images/I/61oHqhA5gfL._AC_UL320_.jpg
Kathfly Cute Protection Hip Butt Pad Turtle Tortoise Protective Gear for Skiing Snowboarding Padded Skating Pads Turtle Hip Protection for Kids Adults,$40.99,https://www.amazon.com/Protection-Tortoise-Protective-Snowboarding-Skating/dp/B0BBZP45J8/ref=sr_1_50?crid=1ETD973V81N4Y&keywords=snowboard&qid=1670362000&sprefix=snowboard%2Caps%2C70&sr=8-50,https://m.media-amazon.com/images/I/61yGh2xgsjL._AC_UL320_.jpg
ZIONOR X11 Ski Goggles Magnetic Cylindrical Snowboard Snow Goggles for Men Women,$59.99,https://www.amazon.com/ZIONOR-Snowboard-Interchangeable-Cylindrical-Protection/dp/B08KVSD25H/ref=sr_1_51?crid=1ETD973V81N4Y&keywords=snowboard&qid=1670362000&sprefix=snowboard%2Caps%2C70&sr=8-51,https://m.media-amazon.com/images/I/71UB92fRPQL._AC_UL320_.jpg
IUGA Snow Ski Pants Womens Waterproof Outdoor Cargo Hiking Insulated Softshell Fleece Lined Snowboard Pants Zipper Pockets,$41.99,https://www.amazon.com/IUGA-Waterproof-Insulated-Softshell-Snowboard/dp/B0B6PDPPTJ/ref=sr_1_52?crid=1ETD973V81N4Y&keywords=snowboard&qid=1670362000&sprefix=snowboard%2Caps%2C70&sr=8-52,https://m.media-amazon.com/images/I/71aNDP+Y5YL._AC_UL320_.jpg
StoreYourBoard Ski and Snowboard Storage Rack,$22.99,https://www.amazon.com/Ski-Snowboard-Storage-Rack-StoreYourBoard/dp/B00FN04ZAS/ref=sr_1_53_mod_primary_new?crid=1ETD973V81N4Y&keywords=snowboard&qid=1670362000&sbo=RZvfv%2F%2FHxDF%2BO5021pAnSA%3D%3D&sprefix=snowboard%2Caps%2C70&sr=8-53,https://m.media-amazon.com/images/I/61C+NuiBEaL._AC_UL320_.jpg
System 2022 Timeless CRCX Men's Snowboard,$199.95,https://www.amazon.com/System-Timeless-CRCX-Mens-Snowboard/dp/B01L9U2QPG/ref=sr_1_54?crid=1ETD973V81N4Y&keywords=snowboard&qid=1670362000&sprefix=snowboard%2Caps%2C70&sr=8-54,https://m.media-amazon.com/images/I/615vGlixNPL._AC_UL320_.jpg
"COOLOO Ski Goggles, Motorcycle Goggles, Snowboard Goggles for Men Women Kids - UV Protection Foam Anti-Scratch Dustproof",$14.99,https://www.amazon.com/COOLOO-Goggles-Protection-Resistance-Anti-Glare/dp/B01MU9XZ88/ref=sr_1_55?crid=1ETD973V81N4Y&keywords=snowboard&qid=1670362000&sprefix=snowboard%2Caps%2C70&sr=8-55,https://m.media-amazon.com/images/I/7172qpz3BiL._AC_UL320_.jpg
Smartwool Snowboard Full Cushion Vans Classic Checker OTC Socks - Men's,$29.00,https://www.amazon.com/Smartwool-Snowboard-Cushion-Classic-Checker/dp/B0B82FXJR7/ref=sr_1_56?crid=1ETD973V81N4Y&keywords=snowboard&qid=1670362000&sprefix=snowboard%2Caps%2C70&sr=8-56,https://m.media-amazon.com/images/I/71JoU4ZeIcL._AC_UL320_.jpg
Sportneer Snow Pants Womens Insulated Ski Pants Women Snowboard Pants,$44.99,https://www.amazon.com/Sportneer-Womens-Pants-Insulated-Snowboard/dp/B096SR5CWG/ref=sr_1_57?crid=1ETD973V81N4Y&keywords=snowboard&qid=1670362000&sprefix=snowboard%2Caps%2C70&sr=8-57,https://m.media-amazon.com/images/I/61TUuyE6b1L._AC_UL320_.jpg
BURTON Skeleton Key Snowboard,$439.96,https://www.amazon.com/gp/slredirect/picassoRedirect.html/ref=pa_sp_btf_aps_sr_pg1_1?ie=UTF8&adId=A09921243W0ZP6DEPTZEF&qualifier=1670362000&id=8514689032758025&widgetName=sp_btf&url=%2FBurton-Skeleton-Key-Snowboard-Mens%2Fdp%2FB08Y76C1Z5%2Fref%3Dsr_1_58_sspa%3Fcrid%3D1ETD973V81N4Y%26keywords%3Dsnowboard%26qid%3D1670362000%26sprefix%3Dsnowboard%252Caps%252C70%26sr%3D8-58-spons%26psc%3D1,https://m.media-amazon.com/images/I/61BOFab3TkS._AC_UL320_.jpg
"OutdoorMaster Ski Goggles PRO - Frameless, Interchangeable Lens 100% UV400 Protection Snow Goggles for Men & Women",$39.99,https://www.amazon.com/gp/slredirect/picassoRedirect.html/ref=pa_sp_btf_aps_sr_pg1_1?ie=UTF8&adId=A00176851SQYRPJSK2CHR&qualifier=1670362000&id=8514689032758025&widgetName=sp_btf&url=%2FOutdoorMaster-Ski-Goggles-PRO-Interchangeable%2Fdp%2FB014XKTFI0%2Fref%3Dsr_1_59_sspa%3Fcrid%3D1ETD973V81N4Y%26keywords%3Dsnowboard%26qid%3D1670362000%26sprefix%3Dsnowboard%252Caps%252C70%26sr%3D8-59-spons%26psc%3D1,https://m.media-amazon.com/images/I/71LMTi7PeQL._AC_UL320_.jpg
Gnu GWO Mens Snowboard,$459.99,https://www.amazon.com/gp/slredirect/picassoRedirect.html/ref=pa_sp_btf_aps_sr_pg1_1?ie=UTF8&adId=A08013112ASEZI1U7C22A&qualifier=1670362000&id=8514689032758025&widgetName=sp_btf&url=%2FGnu-GWO-Mens-Snowboard-159cm%2Fdp%2FB0B3Y8F8BD%2Fref%3Dsr_1_60_sspa%3Fcrid%3D1ETD973V81N4Y%26keywords%3Dsnowboard%26qid%3D1670362000%26sprefix%3Dsnowboard%252Caps%252C70%26sr%3D8-60-spons%26psc%3D1%26smid%3DAI815W1WMD729,https://m.media-amazon.com/images/I/61bH32nOqKL._AC_UL320_.jpg
